{"textures":{"0":"modelengine:entity/ghastling_2","particle":"#0"},"elements":[{"from":[12.0,9.735109,-1.8048525],"to":[12.0,17.23511,10.1951475],"faces":{"east":{"uv":[2.0,7.25,3.0,7.875],"tintindex":0,"rotation":0,"texture":"#0"},"west":{"uv":[3.0,7.25,4.0,7.875],"tintindex":0,"rotation":0,"texture":"#0"}}},{"from":[0.0,3.3095226,0.51606655],"to":[12.0,6.3095226,12.516067],"faces":{"east":{"uv":[10.0,1.375,11.0,1.625],"tintindex":0,"rotation":0,"texture":"#0"},"south":{"uv":[10.125,2.125,11.125,2.375],"tintindex":0,"rotation":0,"texture":"#0"},"north":{"uv":[10.875,4.5,11.875,4.75],"tintindex":0,"rotation":0,"texture":"#0"},"west":{"uv":[10.0,3.25,11.0,3.5],"tintindex":0,"rotation":0,"texture":"#0"},"up":{"uv":[5.0,7.25,4.0,6.25],"tintindex":0,"rotation":0,"texture":"#0"},"down":{"uv":[6.0,6.25,5.0,7.25],"tintindex":0,"rotation":0,"texture":"#0"}},"rotation":{"origin":[6.0,2.9345226,6.5160666],"angle":-22.5,"axis":"x"}},{"from":[0.0,9.735109,-1.8048525],"to":[12.0,17.23511,-1.8048525],"faces":{"south":{"uv":[1.0,6.5,2.0,7.125],"tintindex":0,"rotation":0,"texture":"#0"},"north":{"uv":[0.0,6.5,1.0,7.125],"tintindex":0,"rotation":0,"texture":"#0"}}},{"from":[0.0,3.3095226,0.51606655],"to":[12.0,10.809523,0.51606655],"faces":{"south":{"uv":[7.0,7.0,8.0,7.625],"tintindex":0,"rotation":0,"texture":"#0"},"north":{"uv":[6.0,7.0,7.0,7.625],"tintindex":0,"rotation":0,"texture":"#0"}},"rotation":{"origin":[6.0,2.9345226,6.5160666],"angle":-22.5,"axis":"x"}},{"from":[0.0,3.3095226,12.516067],"to":[12.0,10.809523,12.516067],"faces":{"south":{"uv":[7.0,7.625,8.0,8.25],"tintindex":0,"rotation":0,"texture":"#0"},"north":{"uv":[6.0,7.625,7.0,8.25],"tintindex":0,"rotation":0,"texture":"#0"}},"rotation":{"origin":[6.0,2.9345226,6.5160666],"angle":-22.5,"axis":"x"}},{"from":[0.0,9.735109,-1.8048525],"to":[0.0,17.23511,10.1951475],"faces":{"east":{"uv":[4.0,7.25,5.0,7.875],"tintindex":0,"rotation":0,"texture":"#0"},"west":{"uv":[5.0,7.25,6.0,7.875],"tintindex":0,"rotation":0,"texture":"#0"}}},{"from":[0.0,3.3095226,0.51606655],"to":[0.0,10.809523,12.516067],"faces":{"east":{"uv":[2.0,7.875,3.0,8.5],"tintindex":0,"rotation":0,"texture":"#0"},"west":{"uv":[3.0,7.875,4.0,8.5],"tintindex":0,"rotation":0,"texture":"#0"}},"rotation":{"origin":[6.0,2.9345226,6.5160666],"angle":-22.5,"axis":"x"}},{"from":[0.0,14.235109,-1.8048525],"to":[12.0,17.23511,10.1951475],"faces":{"east":{"uv":[10.75,4.5,11.75,4.75],"tintindex":0,"rotation":0,"texture":"#0"},"south":{"uv":[10.125,2.5,11.125,2.75],"tintindex":0,"rotation":0,"texture":"#0"},"north":{"uv":[10.5,2.875,11.5,3.125],"tintindex":0,"rotation":0,"texture":"#0"},"west":{"uv":[10.0,1.25,11.0,1.5],"tintindex":0,"rotation":0,"texture":"#0"},"up":{"uv":[3.0,7.25,2.0,6.25],"tintindex":0,"rotation":0,"texture":"#0"},"down":{"uv":[4.0,6.25,3.0,7.25],"tintindex":0,"rotation":0,"texture":"#0"}}},{"from":[0.0,9.735109,10.1951475],"to":[12.0,17.23511,10.1951475],"faces":{"south":{"uv":[1.0,7.125,2.0,7.75],"tintindex":0,"rotation":0,"texture":"#0"},"north":{"uv":[0.0,7.125,1.0,7.75],"tintindex":0,"rotation":0,"texture":"#0"}}},{"from":[12.0,3.3095226,0.51606655],"to":[12.0,10.809523,12.516067],"faces":{"east":{"uv":[0.0,7.75,1.0,8.375],"tintindex":0,"rotation":0,"texture":"#0"},"west":{"uv":[1.0,7.75,2.0,8.375],"tintindex":0,"rotation":0,"texture":"#0"}},"rotation":{"origin":[6.0,2.9345226,6.5160666],"angle":-22.5,"axis":"x"}}],"display":{"head":{"rotation":[0.0,0.0,0.0]},"firstperson_righthand":{"rotation":[0.0,0.0,0.0]},"thirdperson_lefthand":{"rotation":[0.0,-0.0,-0.0]},"firstperson_lefthand":{"rotation":[0.0,-0.0,-0.0]},"fixed":{"rotation":[0.0,0.0,0.0]},"ground":{"rotation":[0.0,0.0,0.0]},"thirdperson_righthand":{"rotation":[0.0,0.0,0.0]},"gui":{"rotation":[-150.0,-45.0,180.0]}}}