{"textures":{"0":"modelengine:entity/ghastling_2","particle":"#0"},"elements":[{"from":[8.5,-7.0,8.0],"to":[13.0,12.5,12.5],"faces":{"east":{"uv":[4.375,7.875,4.75,9.5],"tintindex":0,"rotation":0,"texture":"#0"},"south":{"uv":[4.75,7.875,5.125,9.5],"tintindex":0,"rotation":0,"texture":"#0"},"north":{"uv":[4.0,7.875,4.375,9.5],"tintindex":0,"rotation":0,"texture":"#0"},"west":{"uv":[5.125,7.875,5.5,9.5],"tintindex":0,"rotation":0,"texture":"#0"},"up":{"uv":[5.875,8.25,5.5,7.875],"tintindex":0,"rotation":0,"texture":"#0"},"down":{"uv":[8.375,0.0,8.0,0.375],"tintindex":0,"rotation":0,"texture":"#0"}}}],"display":{"head":{"rotation":[0.0,0.0,0.0]},"firstperson_righthand":{"rotation":[0.0,0.0,0.0]},"thirdperson_lefthand":{"rotation":[0.0,-0.0,-0.0]},"firstperson_lefthand":{"rotation":[0.0,-0.0,-0.0]},"fixed":{"rotation":[0.0,0.0,0.0]},"ground":{"rotation":[0.0,0.0,0.0]},"thirdperson_righthand":{"rotation":[0.0,0.0,0.0]},"gui":{"rotation":[-150.0,-45.0,180.0]}}}