{"textures":{"0":"modelengine:entity/ghastling_2","particle":"#0"},"elements":[{"from":[-1.5,11.0,-12.0],"to":[22.5,23.0,-12.0],"faces":{"south":{"uv":[6.0,0.0,8.0,1.0],"tintindex":0,"rotation":0,"texture":"#0"},"north":{"uv":[2.0,5.25,4.0,6.25],"tintindex":0,"rotation":0,"texture":"#0"}}},{"from":[22.5,11.0,-12.0],"to":[22.5,23.0,12.0],"faces":{"east":{"uv":[6.0,3.0,8.0,4.0],"tintindex":0,"rotation":0,"texture":"#0"},"west":{"uv":[6.0,4.0,8.0,5.0],"tintindex":0,"rotation":0,"texture":"#0"}}},{"from":[-1.5,11.0,-12.0],"to":[-1.5,23.0,12.0],"faces":{"east":{"uv":[6.0,5.0,8.0,6.0],"tintindex":0,"rotation":0,"texture":"#0"},"west":{"uv":[6.0,6.0,8.0,7.0],"tintindex":0,"rotation":0,"texture":"#0"}}},{"from":[-1.5,11.0,12.0],"to":[22.5,23.0,12.0],"faces":{"south":{"uv":[6.0,2.0,8.0,3.0],"tintindex":0,"rotation":0,"texture":"#0"},"north":{"uv":[6.0,1.0,8.0,2.0],"tintindex":0,"rotation":0,"texture":"#0"}}},{"from":[-1.5,17.0,-12.0],"to":[22.5,23.0,12.0],"faces":{"east":{"uv":[14.0,2.125,16.0,2.5],"tintindex":0,"rotation":0,"texture":"#0"},"south":{"uv":[9.0,1.625,11.0,2.125],"tintindex":0,"rotation":0,"texture":"#0"},"north":{"uv":[8.625,0.0,10.625,0.5],"tintindex":0,"rotation":0,"texture":"#0"},"west":{"uv":[8.625,0.0,10.625,0.5],"tintindex":0,"rotation":0,"texture":"#0"},"up":{"uv":[4.0,2.0,2.0,0.0],"tintindex":0,"rotation":0,"texture":"#0"},"down":{"uv":[4.0,2.0,2.0,4.0],"tintindex":0,"rotation":0,"texture":"#0"}}}],"display":{"head":{"rotation":[0.0,0.0,0.0]},"firstperson_righthand":{"rotation":[0.0,0.0,0.0]},"thirdperson_lefthand":{"rotation":[0.0,-0.0,-0.0]},"firstperson_lefthand":{"rotation":[0.0,-0.0,-0.0]},"fixed":{"rotation":[0.0,0.0,0.0]},"ground":{"rotation":[0.0,0.0,0.0]},"thirdperson_righthand":{"rotation":[0.0,0.0,0.0]},"gui":{"rotation":[-150.0,-45.0,180.0]}}}