{"textures":{"0":"modelengine:entity/chameleon","particle":"#0"},"elements":[{"from":[6.5,7.0,4.0],"to":[9.5,10.0,8.0],"faces":{"east":{"uv":[8.0,0.0,10.0,1.5],"tintindex":0,"rotation":0,"texture":"#0"},"south":{"uv":[10.0,0.0,11.5,1.5],"tintindex":0,"rotation":0,"texture":"#0"},"north":{"uv":[2.0,9.5,3.5,11.0],"tintindex":0,"rotation":0,"texture":"#0"},"west":{"uv":[8.0,2.0,10.0,3.5],"tintindex":0,"rotation":0,"texture":"#0"},"up":{"uv":[11.5,4.0,10.0,2.0],"tintindex":0,"rotation":0,"texture":"#0"},"down":{"uv":[11.5,7.0,10.0,9.0],"tintindex":0,"rotation":0,"texture":"#0"}}},{"from":[8.5,6.5,4.5],"to":[10.5,9.5,7.5],"faces":{"east":{"uv":[7.5,11.0,6.0,12.5],"tintindex":0,"rotation":0,"texture":"#0"},"south":{"uv":[13.0,11.0,12.0,12.5],"tintindex":0,"rotation":0,"texture":"#0"},"north":{"uv":[13.0,9.5,12.0,11.0],"tintindex":0,"rotation":0,"texture":"#0"},"west":{"uv":[6.0,11.0,4.5,12.5],"tintindex":0,"rotation":0,"texture":"#0"},"up":{"uv":[12.5,1.5,13.5,0.0],"tintindex":0,"rotation":0,"texture":"#0"},"down":{"uv":[12.5,1.5,13.5,3.0],"tintindex":0,"rotation":0,"texture":"#0"}}},{"from":[5.5,6.5,4.5],"to":[7.5,9.5,7.5],"faces":{"east":{"uv":[4.5,11.0,6.0,12.5],"tintindex":0,"rotation":0,"texture":"#0"},"south":{"uv":[12.0,11.0,13.0,12.5],"tintindex":0,"rotation":0,"texture":"#0"},"north":{"uv":[12.0,9.5,13.0,11.0],"tintindex":0,"rotation":0,"texture":"#0"},"west":{"uv":[6.0,11.0,7.5,12.5],"tintindex":0,"rotation":0,"texture":"#0"},"up":{"uv":[13.5,1.5,12.5,0.0],"tintindex":0,"rotation":0,"texture":"#0"},"down":{"uv":[13.5,1.5,12.5,3.0],"tintindex":0,"rotation":0,"texture":"#0"}}},{"from":[7.5,10.0,4.0],"to":[8.5,13.0,8.0],"faces":{"east":{"uv":[8.0,4.0,10.0,5.5],"tintindex":0,"rotation":0,"texture":"#0"},"south":{"uv":[10.5,13.0,11.0,14.5],"tintindex":0,"rotation":0,"texture":"#0"},"north":{"uv":[9.5,7.0,10.0,8.5],"tintindex":0,"rotation":0,"texture":"#0"},"west":{"uv":[9.5,5.5,11.5,7.0],"tintindex":0,"rotation":0,"texture":"#0"},"up":{"uv":[3.5,13.5,3.0,11.5],"tintindex":0,"rotation":0,"texture":"#0"},"down":{"uv":[11.5,12.5,11.0,14.5],"tintindex":0,"rotation":0,"texture":"#0"}}},{"from":[6.5,7.0,3.0],"to":[9.5,8.0,4.0],"faces":{"east":{"uv":[7.5,11.0,8.0,11.5],"tintindex":0,"rotation":0,"texture":"#0"},"south":{"uv":[12.0,8.5,13.5,9.0],"tintindex":0,"rotation":0,"texture":"#0"},"north":{"uv":[8.5,12.0,10.0,12.5],"tintindex":0,"rotation":0,"texture":"#0"},"west":{"uv":[0.0,13.5,0.5,14.0],"tintindex":0,"rotation":0,"texture":"#0"},"up":{"uv":[9.5,6.0,8.0,5.5],"tintindex":0,"rotation":0,"texture":"#0"},"down":{"uv":[14.5,5.0,13.0,5.5],"tintindex":0,"rotation":0,"texture":"#0"}}},{"from":[6.5,5.0,3.0],"to":[9.5,6.0,7.0],"faces":{"east":{"uv":[2.0,14.0,4.0,14.5],"tintindex":0,"rotation":0,"texture":"#0"},"south":{"uv":[12.0,8.5,13.5,9.0],"tintindex":0,"rotation":0,"texture":"#0"},"north":{"uv":[8.5,12.5,10.0,13.0],"tintindex":0,"rotation":0,"texture":"#0"},"west":{"uv":[2.0,14.0,4.0,14.5],"tintindex":0,"rotation":0,"texture":"#0"},"up":{"uv":[9.5,7.5,8.0,5.5],"tintindex":0,"rotation":0,"texture":"#0"},"down":{"uv":[14.5,5.0,13.0,7.0],"tintindex":0,"rotation":0,"texture":"#0"}},"rotation":{"origin":[8.0,6.5,5.0],"angle":-45.0,"axis":"x"}}],"display":{"head":{"rotation":[0.0,0.0,0.0]},"firstperson_righthand":{"rotation":[0.0,0.0,0.0]},"thirdperson_lefthand":{"rotation":[0.0,-0.0,-0.0]},"firstperson_lefthand":{"rotation":[0.0,-0.0,-0.0]},"fixed":{"rotation":[0.0,0.0,0.0]},"ground":{"rotation":[0.0,0.0,0.0]},"thirdperson_righthand":{"rotation":[0.0,0.0,0.0]},"gui":{"rotation":[-150.0,-45.0,180.0]}}}