{
	"credit": "Made with Blockbench",
	"textures": {
		"2": "fishing_rod/dark_blue_animated_rod",
		"3": "fishing_rod/dark_blue_rod"
	},
	"elements": [
		{
			"from": [6, 1.5, 8.275],
			"to": [7.5, 2, 8.775],
			"rotation": {"angle": -45, "axis": "x", "origin": [7.625, 1.375, 8.9]},
			"faces": {
				"north": {"uv": [13, 5, 14.5, 5.5], "texture": "#3"},
				"east": {"uv": [11, 14, 11.5, 14.5], "texture": "#3"},
				"south": {"uv": [13, 6, 14.5, 6.5], "texture": "#3"},
				"west": {"uv": [12, 14, 12.5, 14.5], "texture": "#3"},
				"up": {"uv": [14.5, 7.5, 13, 7], "texture": "#3"},
				"down": {"uv": [14.5, 8, 13, 8.5], "texture": "#3"}
			}
		},
		{
			"from": [8, 2, 9.25],
			"to": [9, 5, 10.25],
			"rotation": {"angle": 0, "axis": "y", "origin": [8.5, 15, 9.75]},
			"faces": {
				"north": {"uv": [10, 0, 11, 3], "texture": "#3"},
				"east": {"uv": [10, 3, 11, 6], "texture": "#3"},
				"south": {"uv": [4, 10, 5, 13], "texture": "#3"},
				"west": {"uv": [5, 10, 6, 13], "texture": "#3"},
				"up": {"uv": [14, 1, 13, 0], "texture": "#3"},
				"down": {"uv": [2, 13, 1, 14], "texture": "#3"}
			}
		},
		{
			"from": [8.25, 5, 9.5],
			"to": [8.75, 13, 10],
			"rotation": {"angle": 0, "axis": "y", "origin": [8.5, 15, 9.75]},
			"faces": {
				"north": {"uv": [0, 0, 0.5, 8], "texture": "#2"},
				"east": {"uv": [0, 0, 0.5, 8], "texture": "#2"},
				"south": {"uv": [0, 0, 0.5, 8], "texture": "#2"},
				"west": {"uv": [0, 0, 0.5, 8], "texture": "#2"},
				"up": {"uv": [0, 0, 0.5, 0.5], "texture": "#2"},
				"down": {"uv": [0, 0, 0.5, 8], "texture": "#2"}
			}
		},
		{
			"from": [8, 10.21644, 6.62181],
			"to": [9, 11.21644, 7.62181],
			"rotation": {"angle": -22.5, "axis": "x", "origin": [8.05, 9.56644, 4.12181]},
			"faces": {
				"north": {"uv": [6, 13, 5, 14], "rotation": 180, "texture": "#3"},
				"east": {"uv": [2, 13, 3, 14], "rotation": 270, "texture": "#3"},
				"south": {"uv": [14, 5, 13, 4], "texture": "#3"},
				"west": {"uv": [4, 13, 5, 14], "rotation": 90, "texture": "#3"},
				"up": {"uv": [13, 1, 14, 2], "rotation": 180, "texture": "#3"},
				"down": {"uv": [3, 13, 4, 14], "texture": "#3"}
			}
		},
		{
			"from": [8.5, 10.46644, 5.62181],
			"to": [8.5, 10.96644, 6.62181],
			"rotation": {"angle": -22.5, "axis": "x", "origin": [8.05, 9.56644, 4.12181]},
			"faces": {
				"north": {"uv": [0, 0, 0, 0.5], "rotation": 180, "texture": "#3"},
				"east": {"uv": [8, 14, 8.5, 15], "rotation": 270, "texture": "#3"},
				"south": {"uv": [0, 0.5, 0, 0], "texture": "#3"},
				"west": {"uv": [9, 14, 9.5, 15], "rotation": 90, "texture": "#3"},
				"up": {"uv": [0, 0, 0, 1], "rotation": 180, "texture": "#3"},
				"down": {"uv": [0, 0, 0, 1], "texture": "#3"}
			}
		},
		{
			"from": [8.5, 10.96644, 5.12181],
			"to": [8.5, 11.46644, 5.62181],
			"rotation": {"angle": -22.5, "axis": "x", "origin": [8.05, 9.56644, 4.12181]},
			"faces": {
				"north": {"uv": [0, 0, 0, 0.5], "rotation": 180, "texture": "#3"},
				"east": {"uv": [15, 9, 15.5, 9.5], "rotation": 270, "texture": "#3"},
				"south": {"uv": [0, 0.5, 0, 0], "texture": "#3"},
				"west": {"uv": [10, 15, 10.5, 15.5], "rotation": 90, "texture": "#3"},
				"up": {"uv": [0, 0, 0, 0.5], "rotation": 180, "texture": "#3"},
				"down": {"uv": [0, 0, 0, 0.5], "texture": "#3"}
			}
		},
		{
			"from": [8.5, 11.46644, 5.62181],
			"to": [8.5, 11.96644, 6.12181],
			"rotation": {"angle": -22.5, "axis": "x", "origin": [8.05, 9.56644, 4.12181]},
			"faces": {
				"north": {"uv": [0, 0, 0, 0.5], "rotation": 180, "texture": "#3"},
				"east": {"uv": [15, 10, 15.5, 10.5], "rotation": 270, "texture": "#3"},
				"south": {"uv": [0, 0.5, 0, 0], "texture": "#3"},
				"west": {"uv": [11, 15, 11.5, 15.5], "rotation": 90, "texture": "#3"},
				"up": {"uv": [0, 0, 0, 0.5], "rotation": 180, "texture": "#3"},
				"down": {"uv": [0, 0, 0, 0.5], "texture": "#3"}
			}
		},
		{
			"from": [8.25, 10.9, 8.975],
			"to": [8.75, 10.9, 9.475],
			"rotation": {"angle": -22.5, "axis": "x", "origin": [8.5, 11, 9.25]},
			"faces": {
				"north": {"uv": [0, 0, 0.5, 0], "texture": "#3"},
				"east": {"uv": [0, 0, 0.5, 0], "texture": "#3"},
				"south": {"uv": [0, 0, 0.5, 0], "texture": "#3"},
				"west": {"uv": [0, 0, 0.5, 0], "texture": "#3"},
				"up": {"uv": [2.5, 15.5, 2, 15], "texture": "#3"},
				"down": {"uv": [3.5, 15, 3, 15.5], "texture": "#3"}
			}
		},
		{
			"from": [8.25, 8.9, 8.975],
			"to": [8.75, 8.9, 9.475],
			"rotation": {"angle": -22.5, "axis": "x", "origin": [8.5, 9, 9.25]},
			"faces": {
				"north": {"uv": [0, 0, 0.5, 0], "texture": "#3"},
				"east": {"uv": [0, 0, 0.5, 0], "texture": "#3"},
				"south": {"uv": [0, 0, 0.5, 0], "texture": "#3"},
				"west": {"uv": [0, 0, 0.5, 0], "texture": "#3"},
				"up": {"uv": [15.5, 3.5, 15, 3], "texture": "#3"},
				"down": {"uv": [4.5, 15, 4, 15.5], "texture": "#3"}
			}
		},
		{
			"from": [8.25, 6.9, 8.975],
			"to": [8.75, 6.9, 9.475],
			"rotation": {"angle": -22.5, "axis": "x", "origin": [8.5, 7, 9.25]},
			"faces": {
				"north": {"uv": [0, 0, 0.5, 0], "texture": "#3"},
				"east": {"uv": [0, 0, 0.5, 0], "texture": "#3"},
				"south": {"uv": [0, 0, 0.5, 0], "texture": "#3"},
				"west": {"uv": [0, 0, 0.5, 0], "texture": "#3"},
				"up": {"uv": [15.5, 4.5, 15, 4], "texture": "#3"},
				"down": {"uv": [5.5, 15, 5, 15.5], "texture": "#3"}
			}
		},
		{
			"from": [8.25, 12.90341, 9.01941],
			"to": [8.75, 12.90341, 9.51941],
			"rotation": {"angle": -22.5, "axis": "x", "origin": [8.5, 12.90341, 9.26941]},
			"faces": {
				"north": {"uv": [0, 0, 0.5, 0], "texture": "#3"},
				"east": {"uv": [0, 0, 0.5, 0], "texture": "#3"},
				"south": {"uv": [0, 0, 0.5, 0], "texture": "#3"},
				"west": {"uv": [0, 0, 0.5, 0], "texture": "#3"},
				"up": {"uv": [15.5, 5.5, 15, 5], "texture": "#3"},
				"down": {"uv": [15.5, 6, 15, 6.5], "texture": "#3"}
			}
		},
		{
			"from": [8, -4, 9.25],
			"to": [9, 1, 10.25],
			"faces": {
				"north": {"uv": [4, 0, 5, 5], "texture": "#3"},
				"east": {"uv": [5, 0, 6, 5], "texture": "#3"},
				"south": {"uv": [4, 5, 5, 10], "texture": "#3"},
				"west": {"uv": [5, 5, 6, 10], "texture": "#3"},
				"up": {"uv": [13, 12, 12, 11], "texture": "#3"},
				"down": {"uv": [1, 13, 0, 14], "texture": "#3"}
			}
		},
		{
			"from": [7.5, 0, 8.275],
			"to": [9.5, 2, 10.275],
			"rotation": {"angle": -45, "axis": "x", "origin": [7.625, 1.375, 8.9]},
			"faces": {
				"north": {"uv": [6, 0, 8, 2], "texture": "#3"},
				"east": {"uv": [6, 2, 8, 4], "texture": "#3"},
				"south": {"uv": [6, 4, 8, 6], "texture": "#3"},
				"west": {"uv": [6, 6, 8, 8], "texture": "#3"},
				"up": {"uv": [10, 2, 8, 0], "texture": "#3"},
				"down": {"uv": [10, 2, 8, 4], "texture": "#3"}
			}
		},
		{
			"from": [8.475, 2, 9.2],
			"to": [8.525, 12.95, 9.25],
			"faces": {
				"north": {"uv": [0, 0, 0.5, 11], "texture": "#3"},
				"east": {"uv": [1, 0, 1.5, 11], "texture": "#3"},
				"south": {"uv": [2, 0, 2.5, 11], "texture": "#3"},
				"west": {"uv": [3, 0, 3.5, 11], "texture": "#3"},
				"up": {"uv": [13.5, 14.5, 13, 14], "texture": "#3"},
				"down": {"uv": [14.5, 14, 14, 14.5], "texture": "#3"}
			}
		},
		{
			"from": [8.475, 12.9, 6.725],
			"to": [8.525, 12.95, 9.225],
			"rotation": {"angle": -22.5, "axis": "x", "origin": [8.5, 12.925, 9.225]},
			"faces": {
				"north": {"uv": [15, 8, 15.5, 8.5], "texture": "#3"},
				"east": {"uv": [14, 3, 15, 3.5], "texture": "#3"},
				"south": {"uv": [9, 15, 9.5, 15.5], "texture": "#3"},
				"west": {"uv": [4, 14, 5, 14.5], "texture": "#3"},
				"up": {"uv": [14.5, 5, 14, 4], "texture": "#3"},
				"down": {"uv": [5.5, 14, 5, 15], "texture": "#3"}
			}
		},
		{
			"from": [7.75, -4.5, 9],
			"to": [9.25, -4, 10.5],
			"faces": {
				"north": {"uv": [13, 9, 14.5, 9.5], "texture": "#3"},
				"east": {"uv": [11, 13, 12.5, 13.5], "texture": "#3"},
				"south": {"uv": [13, 11, 14.5, 11.5], "texture": "#3"},
				"west": {"uv": [13, 12, 14.5, 12.5], "texture": "#3"},
				"up": {"uv": [11.5, 7.5, 10, 6], "texture": "#3"},
				"down": {"uv": [11.5, 8, 10, 9.5], "texture": "#3"}
			}
		},
		{
			"from": [7.75, -3.5, 9],
			"to": [9.25, -3, 10.5],
			"faces": {
				"north": {"uv": [14, 0, 15.5, 0.5], "texture": "#3"},
				"east": {"uv": [14, 1, 15.5, 1.5], "texture": "#3"},
				"south": {"uv": [2, 14, 3.5, 14.5], "texture": "#3"},
				"west": {"uv": [14, 2, 15.5, 2.5], "texture": "#3"},
				"up": {"uv": [12.5, 1.5, 11, 0], "texture": "#3"},
				"down": {"uv": [3.5, 11, 2, 12.5], "texture": "#3"}
			}
		},
		{
			"from": [7.75, 2, 9.5],
			"to": [9.25, 2.5, 10.5],
			"faces": {
				"north": {"uv": [13, 13, 14.5, 13.5], "texture": "#3"},
				"east": {"uv": [10, 14, 11, 14.5], "texture": "#3"},
				"south": {"uv": [0, 14, 1.5, 14.5], "texture": "#3"},
				"west": {"uv": [14, 10, 15, 10.5], "texture": "#3"},
				"up": {"uv": [13.5, 11, 12, 10], "texture": "#3"},
				"down": {"uv": [12.5, 12, 11, 13], "texture": "#3"}
			}
		},
		{
			"from": [8.001, -5.81321, 8.651],
			"to": [8.999, -4.31521, 10.149],
			"rotation": {"angle": 45, "axis": "x", "origin": [8.5, -5.41421, 9.75]},
			"faces": {
				"north": {"uv": [11, 4, 12, 5.5], "texture": "#3"},
				"east": {"uv": [10, 10, 11.5, 11.5], "texture": "#3"},
				"south": {"uv": [8, 12, 9, 13.5], "texture": "#3"},
				"west": {"uv": [0, 11, 1.5, 12.5], "texture": "#3"},
				"up": {"uv": [10, 13.5, 9, 12], "texture": "#3"},
				"down": {"uv": [11, 12, 10, 13.5], "texture": "#3"}
			}
		}
	],
	"display": {
		"thirdperson_righthand": {
			"rotation": [15, 0, 0],
			"translation": [-0.5, 7.75, 0.75]
		},
		"thirdperson_lefthand": {
			"rotation": [15, 0, 0],
			"translation": [0, 7.75, 0.75]
		},
		"firstperson_righthand": {
			"rotation": [-68.38, -4.21, -10.44],
			"translation": [-0.5, 5.25, 0.25],
			"scale": [0.6, 0.6, 0.6]
		},
		"firstperson_lefthand": {
			"rotation": [-68.38, -4.21, -10.44],
			"translation": [-0.5, 5.25, 0.25],
			"scale": [0.6, 0.6, 0.6]
		},
		"ground": {
			"rotation": [-45, 0, 0],
			"translation": [0, 6, 0]
		},
		"gui": {
			"rotation": [-90, -45, -90],
			"translation": [3.5, 1.75, -3.5]
		},
		"fixed": {
			"rotation": [-65.75, 0, 0],
			"translation": [-1, 7.25, -25.5],
			"scale": [2, 2, 2]
		}
	}
}