{
	"credit": "Made with Blockbench",
	"texture_size": [32, 32],
	"textures": {
		"2": "fishing_rod/fish_rod",
		"6": "fishing_rod/water_animation",
		"particle": "fishing_rod/fish_rod"
	},
	"elements": [
		{
			"from": [6.5, 0.9, 4.15],
			"to": [9, 3.4, 6.65],
			"rotation": {"angle": 45, "axis": "x", "origin": [7.75, 2, 5.25]},
			"faces": {
				"north": {"uv": [0, 0, 1.25, 1.25], "texture": "#2"},
				"east": {"uv": [0, 1.5, 1.25, 2.75], "texture": "#2"},
				"south": {"uv": [1.5, 0, 2.75, 1.25], "texture": "#2"},
				"west": {"uv": [1.5, 1.5, 2.75, 2.75], "texture": "#2"},
				"up": {"uv": [1.25, 4.25, 0, 3], "texture": "#2"},
				"down": {"uv": [4.25, 0, 3, 1.25], "texture": "#2"}
			}
		},
		{
			"from": [7, -0.1, 6.65],
			"to": [8.5, 2.9, 7.15],
			"rotation": {"angle": 45, "axis": "x", "origin": [7.75, 2, 5.25]},
			"faces": {
				"north": {"uv": [0, 4.5, 0.75, 6], "texture": "#2"},
				"east": {"uv": [1.5, 8, 1.75, 9.5], "texture": "#2"},
				"south": {"uv": [4.5, 0, 5.25, 1.5], "texture": "#2"},
				"west": {"uv": [8, 1.5, 8.25, 3], "texture": "#2"},
				"up": {"uv": [4.25, 9.25, 3.5, 9], "texture": "#2"},
				"down": {"uv": [9.75, 3.5, 9, 3.75], "texture": "#2"}
			}
		},
		{
			"from": [7.749, -2.425, -1.71789],
			"to": [7.749, 3.075, 6.28211],
			"rotation": {"angle": -22.5, "axis": "x", "origin": [8.999, 2, 5.95711]},
			"faces": {
				"north": {"uv": [0, 0, 11, 16], "rotation": 90, "texture": "#6"},
				"east": {"uv": [0, 16, 11, 0], "rotation": 90, "texture": "#6"},
				"south": {"uv": [0, 0, 11, 16], "rotation": 90, "texture": "#6"},
				"west": {"uv": [0, 0, 11, 16], "rotation": 90, "texture": "#6"},
				"up": {"uv": [0, 0, 11, 16], "rotation": 90, "texture": "#6"},
				"down": {"uv": [0, 0, 11, 16], "rotation": 90, "texture": "#6"}
			}
		},
		{
			"from": [7, 0.4, 7.15],
			"to": [8.5, 2.4, 7.65],
			"rotation": {"angle": 45, "axis": "x", "origin": [7.75, 2, 5.25]},
			"faces": {
				"north": {"uv": [6, 6, 6.75, 7], "texture": "#2"},
				"east": {"uv": [8.5, 2, 8.75, 3], "texture": "#2"},
				"south": {"uv": [7, 0, 7.75, 1], "texture": "#2"},
				"west": {"uv": [8.5, 3, 8.75, 4], "texture": "#2"},
				"up": {"uv": [9.75, 4.25, 9, 4], "texture": "#2"},
				"down": {"uv": [5.25, 9, 4.5, 9.25], "texture": "#2"}
			}
		},
		{
			"from": [7, 0.4, 6.15],
			"to": [8.5, 0.9, 6.65],
			"rotation": {"angle": 45, "axis": "x", "origin": [7.75, 2, 5.25]},
			"faces": {
				"north": {"uv": [9, 4.5, 9.75, 4.75], "texture": "#2"},
				"east": {"uv": [9.5, 9.5, 9.75, 9.75], "texture": "#2"},
				"south": {"uv": [9, 5, 9.75, 5.25], "texture": "#2"},
				"west": {"uv": [10, 0, 10.25, 0.25], "texture": "#2"},
				"up": {"uv": [6.25, 9.25, 5.5, 9], "texture": "#2"},
				"down": {"uv": [9.75, 5.5, 9, 5.75], "texture": "#2"}
			}
		},
		{
			"from": [7, -0.6, 5.65],
			"to": [8.5, 0.9, 6.15],
			"rotation": {"angle": 45, "axis": "x", "origin": [7.75, 2, 5.25]},
			"faces": {
				"north": {"uv": [0.5, 7, 1.25, 7.75], "texture": "#2"},
				"east": {"uv": [9, 6, 9.25, 6.75], "texture": "#2"},
				"south": {"uv": [7, 1, 7.75, 1.75], "texture": "#2"},
				"west": {"uv": [9, 7, 9.25, 7.75], "texture": "#2"},
				"up": {"uv": [9.75, 8.25, 9, 8], "texture": "#2"},
				"down": {"uv": [9.25, 9, 8.5, 9.25], "texture": "#2"}
			}
		},
		{
			"from": [5, 0.9, 4.15],
			"to": [6.5, 1.4, 4.65],
			"rotation": {"angle": 45, "axis": "x", "origin": [7.75, 2, 5.25]},
			"faces": {
				"north": {"uv": [9, 8.5, 9.75, 8.75], "texture": "#2"},
				"east": {"uv": [0.5, 10, 0.75, 10.25], "texture": "#2"},
				"south": {"uv": [9.5, 1, 10.25, 1.25], "texture": "#2"},
				"west": {"uv": [10, 0.5, 10.25, 0.75], "texture": "#2"},
				"up": {"uv": [2.25, 9.75, 1.5, 9.5], "texture": "#2"},
				"down": {"uv": [10.25, 1.5, 9.5, 1.75], "texture": "#2"}
			}
		},
		{
			"from": [7.25, -2.5, 6.25],
			"to": [8.25, 2, 7.25],
			"rotation": {"angle": 0, "axis": "y", "origin": [8, 0.5, 7]},
			"faces": {
				"north": {"uv": [1, 4.5, 1.5, 6.75], "texture": "#2"},
				"east": {"uv": [1.5, 4.5, 2, 6.75], "texture": "#2"},
				"south": {"uv": [2, 4.5, 2.5, 6.75], "texture": "#2"},
				"west": {"uv": [2.5, 4.5, 3, 6.75], "texture": "#2"},
				"up": {"uv": [9, 4.5, 8.5, 4], "texture": "#2"},
				"down": {"uv": [9, 4.5, 8.5, 5], "texture": "#2"}
			}
		},
		{
			"from": [7.5, -3.5, 7],
			"to": [8, -1.5, 8],
			"rotation": {"angle": -22.5, "axis": "x", "origin": [7.75, -3.25, 6.75]},
			"faces": {
				"north": {"uv": [8.5, 5, 8.75, 6], "texture": "#2"},
				"east": {"uv": [4.5, 1.5, 5, 2.5], "texture": "#2"},
				"south": {"uv": [8.5, 6, 8.75, 7], "texture": "#2"},
				"west": {"uv": [0.5, 6, 1, 7], "texture": "#2"},
				"up": {"uv": [6.75, 10, 6.5, 9.5], "texture": "#2"},
				"down": {"uv": [9.75, 6.5, 9.5, 7], "texture": "#2"}
			}
		},
		{
			"from": [7.5, -4.45, 5.675],
			"to": [8, -2.45, 6.675],
			"rotation": {"angle": 22.5, "axis": "x", "origin": [7.75, -3.25, 9.25]},
			"faces": {
				"north": {"uv": [6.5, 8.5, 6.75, 9.5], "texture": "#2"},
				"east": {"uv": [5, 6, 5.5, 7], "texture": "#2"},
				"south": {"uv": [7, 8.5, 7.25, 9.5], "texture": "#2"},
				"west": {"uv": [2.5, 7, 3, 8], "texture": "#2"},
				"up": {"uv": [7.25, 10, 7, 9.5], "texture": "#2"},
				"down": {"uv": [9.75, 7, 9.5, 7.5], "texture": "#2"}
			}
		},
		{
			"from": [7, -2, 6],
			"to": [8.5, -1.5, 7.5],
			"rotation": {"angle": 0, "axis": "y", "origin": [8, 0.5, 7]},
			"faces": {
				"north": {"uv": [9.5, 2, 10.25, 2.25], "texture": "#2"},
				"east": {"uv": [2.5, 9.5, 3.25, 9.75], "texture": "#2"},
				"south": {"uv": [9.5, 2.5, 10.25, 2.75], "texture": "#2"},
				"west": {"uv": [9.5, 3, 10.25, 3.25], "texture": "#2"},
				"up": {"uv": [2.25, 7.75, 1.5, 7], "texture": "#2"},
				"down": {"uv": [7.75, 2, 7, 2.75], "texture": "#2"}
			}
		},
		{
			"from": [7.249, -3.88488, 6.32222],
			"to": [8.251, -2.38288, 7.82422],
			"rotation": {"angle": -45, "axis": "x", "origin": [7.75, -3.38388, 6.57322]},
			"faces": {
				"north": {"uv": [2, 8, 2.5, 8.75], "texture": "#2"},
				"east": {"uv": [7, 3, 7.75, 3.75], "texture": "#2"},
				"south": {"uv": [2.5, 8, 3, 8.75], "texture": "#2"},
				"west": {"uv": [7, 4, 7.75, 4.75], "texture": "#2"},
				"up": {"uv": [8.5, 3.75, 8, 3], "texture": "#2"},
				"down": {"uv": [8.5, 4, 8, 4.75], "texture": "#2"}
			}
		},
		{
			"from": [7, 2, 5.75],
			"to": [8.5, 4.5, 8.25],
			"rotation": {"angle": 0, "axis": "y", "origin": [8, 0.5, 7]},
			"faces": {
				"north": {"uv": [6, 0, 6.75, 1.25], "texture": "#2"},
				"east": {"uv": [1.5, 3, 2.75, 4.25], "texture": "#2"},
				"south": {"uv": [6, 1.5, 6.75, 2.75], "texture": "#2"},
				"west": {"uv": [3, 1.5, 4.25, 2.75], "texture": "#2"},
				"up": {"uv": [6.75, 4.25, 6, 3], "texture": "#2"},
				"down": {"uv": [6.75, 4.5, 6, 5.75], "texture": "#2"}
			}
		},
		{
			"from": [7.251, 3.751, 6.101],
			"to": [8.249, 5.249, 7.599],
			"rotation": {"angle": -22.5, "axis": "x", "origin": [7.75, 5.25, 7.1]},
			"faces": {
				"north": {"uv": [5, 8, 5.5, 8.75], "texture": "#2"},
				"east": {"uv": [7, 5, 7.75, 5.75], "texture": "#2"},
				"south": {"uv": [8, 5, 8.5, 5.75], "texture": "#2"},
				"west": {"uv": [6, 7, 6.75, 7.75], "texture": "#2"},
				"up": {"uv": [6.5, 8.75, 6, 8], "texture": "#2"},
				"down": {"uv": [8.5, 6, 8, 6.75], "texture": "#2"}
			}
		},
		{
			"from": [7.25, 4.25, 5.85],
			"to": [8.25, 6.25, 6.35],
			"rotation": {"angle": -22.5, "axis": "x", "origin": [7.75, 5.25, 7.1]},
			"faces": {
				"north": {"uv": [5, 7, 5.5, 8], "texture": "#2"},
				"east": {"uv": [7.5, 8.5, 7.75, 9.5], "texture": "#2"},
				"south": {"uv": [8, 0, 8.5, 1], "texture": "#2"},
				"west": {"uv": [8, 8.5, 8.25, 9.5], "texture": "#2"},
				"up": {"uv": [8, 9.75, 7.5, 9.5], "texture": "#2"},
				"down": {"uv": [10, 7.5, 9.5, 7.75], "texture": "#2"}
			}
		},
		{
			"from": [7.5, 0.5, 6.25],
			"to": [8, 2, 7.75],
			"rotation": {"angle": 0, "axis": "y", "origin": [8.5, -1, 4.5]},
			"faces": {
				"north": {"uv": [3.5, 9.5, 3.75, 10.25], "texture": "#2"},
				"east": {"uv": [7, 6, 7.75, 6.75], "texture": "#2"},
				"south": {"uv": [4, 9.5, 4.25, 10.25], "texture": "#2"},
				"west": {"uv": [7, 7, 7.75, 7.75], "texture": "#2"},
				"up": {"uv": [4.75, 10.25, 4.5, 9.5], "texture": "#2"},
				"down": {"uv": [5.25, 9.5, 5, 10.25], "texture": "#2"}
			}
		},
		{
			"from": [7.75, -0.26822, 7.05821],
			"to": [7.75, 0.73178, 9.05821],
			"rotation": {"angle": 45, "axis": "x", "origin": [7.75, 0.48178, 9.85821]},
			"faces": {
				"north": {"uv": [0, 0, 0, 0.5], "texture": "#2"},
				"east": {"uv": [0.5, 8, 1.5, 8.5], "texture": "#2"},
				"south": {"uv": [0, 0, 0, 0.5], "texture": "#2"},
				"west": {"uv": [8, 1, 9, 1.5], "texture": "#2"},
				"up": {"uv": [0, 1, 0, 0], "texture": "#2"},
				"down": {"uv": [0, 0, 0, 1], "texture": "#2"}
			}
		},
		{
			"from": [7.75, -2.76822, 7.55821],
			"to": [7.75, -0.26822, 9.55821],
			"rotation": {"angle": 45, "axis": "x", "origin": [7.75, 0.48178, 9.85821]},
			"faces": {
				"north": {"uv": [0, 0, 0, 1.25], "texture": "#2"},
				"east": {"uv": [3, 3, 4, 4.25], "texture": "#2"},
				"south": {"uv": [0, 0, 0, 1.25], "texture": "#2"},
				"west": {"uv": [4, 3, 5, 4.25], "texture": "#2"},
				"up": {"uv": [0, 1, 0, 0], "texture": "#2"},
				"down": {"uv": [0, 0, 0, 1], "texture": "#2"}
			}
		},
		{
			"from": [7.749, 1.63482, 8.22303],
			"to": [7.751, 2.63682, 9.72503],
			"rotation": {"angle": 22.5, "axis": "x", "origin": [7.75, 3.13582, 9.27403]},
			"faces": {
				"north": {"uv": [0, 0, 0, 0.5], "texture": "#2"},
				"east": {"uv": [6.5, 8, 7.25, 8.5], "texture": "#2"},
				"south": {"uv": [0, 0, 0, 0.5], "texture": "#2"},
				"west": {"uv": [8, 7, 8.75, 7.5], "texture": "#2"},
				"up": {"uv": [0, 0.75, 0, 0], "texture": "#2"},
				"down": {"uv": [0, 0, 0, 0.75], "texture": "#2"}
			}
		},
		{
			"from": [7.75, 2.63582, 7.72403],
			"to": [7.75, 3.63582, 9.22403],
			"rotation": {"angle": 22.5, "axis": "x", "origin": [7.75, 3.13582, 9.27403]},
			"faces": {
				"north": {"uv": [0, 0, 0, 0.5], "texture": "#2"},
				"east": {"uv": [7.5, 8, 8.25, 8.5], "texture": "#2"},
				"south": {"uv": [0, 0, 0, 0.5], "texture": "#2"},
				"west": {"uv": [8, 7.5, 8.75, 8], "texture": "#2"},
				"up": {"uv": [0, 0.75, 0, 0], "texture": "#2"},
				"down": {"uv": [0, 0, 0, 0.75], "texture": "#2"}
			}
		},
		{
			"from": [7.75, 3.63582, 7.22403],
			"to": [7.75, 4.13582, 8.72403],
			"rotation": {"angle": 22.5, "axis": "x", "origin": [7.75, 3.13582, 9.27403]},
			"faces": {
				"north": {"uv": [0, 0, 0, 0.25], "texture": "#2"},
				"east": {"uv": [5.5, 9.5, 6.25, 9.75], "texture": "#2"},
				"south": {"uv": [0, 0, 0, 0.25], "texture": "#2"},
				"west": {"uv": [9.5, 6, 10.25, 6.25], "texture": "#2"},
				"up": {"uv": [0, 0.75, 0, 0], "texture": "#2"},
				"down": {"uv": [0, 0, 0, 0.75], "texture": "#2"}
			}
		},
		{
			"from": [7.5, 4.5, 6.5],
			"to": [8, 13, 7],
			"rotation": {"angle": 0, "axis": "y", "origin": [8, 0.5, 7]},
			"faces": {
				"north": {"uv": [3, 4.5, 3.25, 8.75], "texture": "#2"},
				"east": {"uv": [3.5, 4.5, 3.75, 8.75], "texture": "#2"},
				"south": {"uv": [4, 4.5, 4.25, 8.75], "texture": "#2"},
				"west": {"uv": [4.5, 4.5, 4.75, 8.75], "texture": "#2"},
				"up": {"uv": [1.25, 10.25, 1, 10], "texture": "#2"},
				"down": {"uv": [1.75, 10, 1.5, 10.25], "texture": "#2"}
			}
		},
		{
			"from": [7.04497, 12.974, 5.29289],
			"to": [8.04497, 12.974, 6.29289],
			"rotation": {"angle": 45, "axis": "y", "origin": [8.24497, 5.999, 5.79289]},
			"faces": {
				"north": {"uv": [0, 0, 0.5, 0], "texture": "#2"},
				"east": {"uv": [0, 0, 0.5, 0], "texture": "#2"},
				"south": {"uv": [0, 0, 0.5, 0], "texture": "#2"},
				"west": {"uv": [0, 0, 0.5, 0], "texture": "#2"},
				"up": {"uv": [5, 3, 4.5, 2.5], "texture": "#2"},
				"down": {"uv": [9, 1.5, 8.5, 2], "texture": "#2"}
			}
		},
		{
			"from": [7.04497, 9.999, 5.29289],
			"to": [8.04497, 9.999, 6.29289],
			"rotation": {"angle": 45, "axis": "y", "origin": [8.24497, 5.999, 5.79289]},
			"faces": {
				"north": {"uv": [0, 0, 0.5, 0], "texture": "#2"},
				"east": {"uv": [0, 0, 0.5, 0], "texture": "#2"},
				"south": {"uv": [0, 0, 0.5, 0], "texture": "#2"},
				"west": {"uv": [0, 0, 0.5, 0], "texture": "#2"},
				"up": {"uv": [9, 8.5, 8.5, 8], "texture": "#2"},
				"down": {"uv": [9, 8.5, 8.5, 9], "texture": "#2"}
			}
		},
		{
			"from": [7.04497, 6.999, 5.29289],
			"to": [8.04497, 6.999, 6.29289],
			"rotation": {"angle": 45, "axis": "y", "origin": [8.24497, 5.999, 5.79289]},
			"faces": {
				"north": {"uv": [0, 0, 0.5, 0], "texture": "#2"},
				"east": {"uv": [0, 0, 0.5, 0], "texture": "#2"},
				"south": {"uv": [0, 0, 0.5, 0], "texture": "#2"},
				"west": {"uv": [0, 0, 0.5, 0], "texture": "#2"},
				"up": {"uv": [9.5, 1.5, 9, 1], "texture": "#2"},
				"down": {"uv": [9.5, 1.5, 9, 2], "texture": "#2"}
			}
		},
		{
			"from": [6.79497, 6.999, 6.04289],
			"to": [7.29497, 6.999, 6.54289],
			"rotation": {"angle": 45, "axis": "y", "origin": [8.24497, 5.999, 5.79289]},
			"faces": {
				"north": {"uv": [0, 0, 0.25, 0], "texture": "#2"},
				"east": {"uv": [0, 0, 0.25, 0], "texture": "#2"},
				"south": {"uv": [0, 0, 0.25, 0], "texture": "#2"},
				"west": {"uv": [0, 0, 0.25, 0], "texture": "#2"},
				"up": {"uv": [2.25, 10.25, 2, 10], "texture": "#2"},
				"down": {"uv": [2.75, 10, 2.5, 10.25], "texture": "#2"}
			}
		},
		{
			"from": [6.79497, 9.999, 6.04289],
			"to": [7.29497, 9.999, 6.54289],
			"rotation": {"angle": 45, "axis": "y", "origin": [8.24497, 5.999, 5.79289]},
			"faces": {
				"north": {"uv": [0, 0, 0.25, 0], "texture": "#2"},
				"east": {"uv": [0, 0, 0.25, 0], "texture": "#2"},
				"south": {"uv": [0, 0, 0.25, 0], "texture": "#2"},
				"west": {"uv": [0, 0, 0.25, 0], "texture": "#2"},
				"up": {"uv": [3.25, 10.25, 3, 10], "texture": "#2"},
				"down": {"uv": [10.25, 3.5, 10, 3.75], "texture": "#2"}
			}
		},
		{
			"from": [6.79497, 12.974, 6.04289],
			"to": [7.29497, 12.974, 6.54289],
			"rotation": {"angle": 45, "axis": "y", "origin": [8.24497, 5.999, 5.79289]},
			"faces": {
				"north": {"uv": [0, 0, 0.25, 0], "texture": "#2"},
				"east": {"uv": [0, 0, 0.25, 0], "texture": "#2"},
				"south": {"uv": [0, 0, 0.25, 0], "texture": "#2"},
				"west": {"uv": [0, 0, 0.25, 0], "texture": "#2"},
				"up": {"uv": [9.25, 9.75, 9, 9.5], "texture": "#2"},
				"down": {"uv": [9.75, 9, 9.5, 9.25], "texture": "#2"}
			}
		},
		{
			"from": [7.725, 4.5, 6.35],
			"to": [7.775, 13, 6.4],
			"rotation": {"angle": 0, "axis": "y", "origin": [-1, -3.5, -2.25]},
			"faces": {
				"north": {"uv": [5, 1.5, 5.25, 5.75], "texture": "#2"},
				"east": {"uv": [5.5, 0, 5.75, 4.25], "texture": "#2"},
				"south": {"uv": [5.5, 4.5, 5.75, 8.75], "texture": "#2"},
				"west": {"uv": [0, 6, 0.25, 10.25], "texture": "#2"},
				"up": {"uv": [10.25, 4.25, 10, 4], "texture": "#2"},
				"down": {"uv": [10.25, 4.5, 10, 4.75], "texture": "#2"}
			}
		}
	],
	"display": {
		"thirdperson_righthand": {
			"rotation": [13, 0, 0],
			"translation": [0, 5, 5]
		},
		"thirdperson_lefthand": {
			"rotation": [13, 0, 0],
			"translation": [0, 5, 5]
		},
		"firstperson_righthand": {
			"rotation": [-70.63, -5.77, -11.22],
			"translation": [-2.25, 7.25, 3.5],
			"scale": [0.5, 0.5, 0.5]
		},
		"firstperson_lefthand": {
			"rotation": [-70.63, -5.77, -11.22],
			"translation": [-2.25, 7.25, 3.5],
			"scale": [0.5, 0.5, 0.5]
		},
		"ground": {
			"rotation": [-67, 0, 0],
			"translation": [0, 1, 0]
		},
		"gui": {
			"rotation": [-90, -42.75, -90],
			"translation": [1, 5.25, 0],
			"scale": [0.92, 0.92, 0.92]
		},
		"head": {
			"rotation": [-58, 0, 0],
			"translation": [0, 35, -41],
			"scale": [4, 4, 4]
		},
		"fixed": {
			"rotation": [-67.25, 0, 0],
			"translation": [0.25, 10.25, -18.75],
			"scale": [2, 2, 2]
		}
	}
}