{
	"credit": "Made with Blockbench",
	"texture_size": [32, 32],
	"textures": {
		"4": "fishing_rod/fungus_rod"
	},
	"elements": [
		{
			"from": [6, 1.5, 8.275],
			"to": [7.5, 2, 8.775],
			"rotation": {"angle": -45, "axis": "x", "origin": [7.625, 1.375, 8.9]},
			"faces": {
				"north": {"uv": [7, 1.5, 7.75, 1.75], "texture": "#4"},
				"east": {"uv": [4.5, 7.5, 4.75, 7.75], "texture": "#4"},
				"south": {"uv": [7, 2, 7.75, 2.25], "texture": "#4"},
				"west": {"uv": [7.5, 4.5, 7.75, 4.75], "texture": "#4"},
				"up": {"uv": [7.75, 2.75, 7, 2.5], "texture": "#4"},
				"down": {"uv": [7.75, 3, 7, 3.25], "texture": "#4"}
			}
		},
		{
			"from": [8, 2, 9.25],
			"to": [9, 5, 10.25],
			"rotation": {"angle": 0, "axis": "y", "origin": [8.5, 15, 9.75]},
			"faces": {
				"north": {"uv": [4.5, 5, 5, 6.5], "texture": "#4"},
				"east": {"uv": [5, 5, 5.5, 6.5], "texture": "#4"},
				"south": {"uv": [0, 5.5, 0.5, 7], "texture": "#4"},
				"west": {"uv": [5.5, 0, 6, 1.5], "texture": "#4"},
				"up": {"uv": [1, 7, 0.5, 6.5], "texture": "#4"},
				"down": {"uv": [1.5, 6.5, 1, 7], "texture": "#4"}
			}
		},
		{
			"from": [8.25, 5, 9.5],
			"to": [8.75, 13, 10],
			"rotation": {"angle": 0, "axis": "y", "origin": [8.5, 15, 9.75]},
			"faces": {
				"north": {"uv": [3, 0, 3.25, 4], "texture": "#4"},
				"east": {"uv": [3.5, 0, 3.75, 4], "texture": "#4"},
				"south": {"uv": [4, 0, 4.25, 4], "texture": "#4"},
				"west": {"uv": [3, 4, 3.25, 8], "texture": "#4"},
				"up": {"uv": [5.25, 7.75, 5, 7.5], "texture": "#4"},
				"down": {"uv": [5.75, 7.5, 5.5, 7.75], "texture": "#4"}
			}
		},
		{
			"from": [8.25, 10.9, 8.975],
			"to": [8.75, 10.9, 9.475],
			"rotation": {"angle": -22.5, "axis": "x", "origin": [8.5, 11, 9.25]},
			"faces": {
				"north": {"uv": [0, 0, 0.25, 0], "texture": "#4"},
				"east": {"uv": [0, 0, 0.25, 0], "texture": "#4"},
				"south": {"uv": [0, 0, 0.25, 0], "texture": "#4"},
				"west": {"uv": [0, 0, 0.25, 0], "texture": "#4"},
				"up": {"uv": [7.75, 5.75, 7.5, 5.5], "texture": "#4"},
				"down": {"uv": [6.25, 7.5, 6, 7.75], "texture": "#4"}
			}
		},
		{
			"from": [8.25, 8.9, 8.975],
			"to": [8.75, 8.9, 9.475],
			"rotation": {"angle": -22.5, "axis": "x", "origin": [8.5, 9, 9.25]},
			"faces": {
				"north": {"uv": [0, 0, 0.25, 0], "texture": "#4"},
				"east": {"uv": [0, 0, 0.25, 0], "texture": "#4"},
				"south": {"uv": [0, 0, 0.25, 0], "texture": "#4"},
				"west": {"uv": [0, 0, 0.25, 0], "texture": "#4"},
				"up": {"uv": [7.75, 6.25, 7.5, 6], "texture": "#4"},
				"down": {"uv": [6.75, 7.5, 6.5, 7.75], "texture": "#4"}
			}
		},
		{
			"from": [8.25, 6.9, 8.975],
			"to": [8.75, 6.9, 9.475],
			"rotation": {"angle": -22.5, "axis": "x", "origin": [8.5, 7, 9.25]},
			"faces": {
				"north": {"uv": [0, 0, 0.25, 0], "texture": "#4"},
				"east": {"uv": [0, 0, 0.25, 0], "texture": "#4"},
				"south": {"uv": [0, 0, 0.25, 0], "texture": "#4"},
				"west": {"uv": [0, 0, 0.25, 0], "texture": "#4"},
				"up": {"uv": [7.75, 6.75, 7.5, 6.5], "texture": "#4"},
				"down": {"uv": [7.25, 7.5, 7, 7.75], "texture": "#4"}
			}
		},
		{
			"from": [8.25, 12.90341, 9.01941],
			"to": [8.75, 12.90341, 9.51941],
			"rotation": {"angle": -22.5, "axis": "x", "origin": [8.5, 12.90341, 9.26941]},
			"faces": {
				"north": {"uv": [0, 0, 0.25, 0], "texture": "#4"},
				"east": {"uv": [0, 0, 0.25, 0], "texture": "#4"},
				"south": {"uv": [0, 0, 0.25, 0], "texture": "#4"},
				"west": {"uv": [0, 0, 0.25, 0], "texture": "#4"},
				"up": {"uv": [7.75, 7.25, 7.5, 7], "texture": "#4"},
				"down": {"uv": [7.75, 7.5, 7.5, 7.75], "texture": "#4"}
			}
		},
		{
			"from": [8, -4, 9.25],
			"to": [9, 1, 10.25],
			"faces": {
				"north": {"uv": [2, 0, 2.5, 2.5], "texture": "#4"},
				"east": {"uv": [2.5, 0, 3, 2.5], "texture": "#4"},
				"south": {"uv": [2, 2.5, 2.5, 5], "texture": "#4"},
				"west": {"uv": [2.5, 2.5, 3, 5], "texture": "#4"},
				"up": {"uv": [2, 7, 1.5, 6.5], "texture": "#4"},
				"down": {"uv": [7, 1.5, 6.5, 2], "texture": "#4"}
			}
		},
		{
			"from": [7.5, 0, 8.275],
			"to": [9.5, 2, 10.275],
			"rotation": {"angle": -45, "axis": "x", "origin": [7.625, 1.375, 8.9]},
			"faces": {
				"north": {"uv": [3.5, 4, 4.5, 5], "texture": "#4"},
				"east": {"uv": [4.5, 0, 5.5, 1], "texture": "#4"},
				"south": {"uv": [4.5, 1, 5.5, 2], "texture": "#4"},
				"west": {"uv": [4.5, 2, 5.5, 3], "texture": "#4"},
				"up": {"uv": [5.5, 4, 4.5, 3], "texture": "#4"},
				"down": {"uv": [5.5, 4, 4.5, 5], "texture": "#4"}
			}
		},
		{
			"from": [8.475, 2, 9.2],
			"to": [8.525, 12.95, 9.25],
			"faces": {
				"north": {"uv": [0, 0, 0.25, 5.5], "texture": "#4"},
				"east": {"uv": [0.5, 0, 0.75, 5.5], "texture": "#4"},
				"south": {"uv": [1, 0, 1.25, 5.5], "texture": "#4"},
				"west": {"uv": [1.5, 0, 1.75, 5.5], "texture": "#4"},
				"up": {"uv": [0.25, 8.25, 0, 8], "texture": "#4"},
				"down": {"uv": [8.25, 0, 8, 0.25], "texture": "#4"}
			}
		},
		{
			"from": [8.475, 12.9, 6.725],
			"to": [8.525, 12.95, 9.225],
			"rotation": {"angle": -22.5, "axis": "x", "origin": [8.5, 12.925, 9.225]},
			"faces": {
				"north": {"uv": [0.5, 8, 0.75, 8.25], "texture": "#4"},
				"east": {"uv": [6, 1, 7.25, 1.25], "texture": "#4"},
				"south": {"uv": [8, 0.5, 8.25, 0.75], "texture": "#4"},
				"west": {"uv": [6, 4.5, 7.25, 4.75], "texture": "#4"},
				"up": {"uv": [2.25, 7.25, 2, 6], "texture": "#4"},
				"down": {"uv": [2.75, 6, 2.5, 7.25], "texture": "#4"}
			}
		},
		{
			"from": [7.75, -4.5, 9],
			"to": [9.25, -4, 10.5],
			"faces": {
				"north": {"uv": [7, 3.5, 7.75, 3.75], "texture": "#4"},
				"east": {"uv": [4, 7, 4.75, 7.25], "texture": "#4"},
				"south": {"uv": [5, 7, 5.75, 7.25], "texture": "#4"},
				"west": {"uv": [7, 5, 7.75, 5.25], "texture": "#4"},
				"up": {"uv": [6.25, 3.25, 5.5, 2.5], "texture": "#4"},
				"down": {"uv": [6.25, 3.5, 5.5, 4.25], "texture": "#4"}
			}
		},
		{
			"from": [8.001, -5.81321, 8.651],
			"to": [8.999, -4.31521, 10.149],
			"rotation": {"angle": 45, "axis": "x", "origin": [8.5, -5.41421, 9.75]},
			"faces": {
				"north": {"uv": [1.5, 5.5, 2, 6.25], "texture": "#4"},
				"east": {"uv": [0.5, 5.5, 1.25, 6.25], "texture": "#4"},
				"south": {"uv": [5.5, 4.5, 6, 5.25], "texture": "#4"},
				"west": {"uv": [5.5, 1.5, 6.25, 2.25], "texture": "#4"},
				"up": {"uv": [6, 6.25, 5.5, 5.5], "texture": "#4"},
				"down": {"uv": [6.5, 0, 6, 0.75], "texture": "#4"}
			}
		},
		{
			"from": [8, 11.24079, 6.27159],
			"to": [9, 12.24079, 6.77159],
			"rotation": {"angle": -22.5, "axis": "x", "origin": [8.975, 12.21579, 6.27159]},
			"faces": {
				"north": {"uv": [6.5, 2, 7, 2.5], "texture": "#4"},
				"east": {"uv": [6, 7, 6.25, 7.5], "texture": "#4"},
				"south": {"uv": [6.5, 2.5, 7, 3], "texture": "#4"},
				"west": {"uv": [6.5, 7, 6.75, 7.5], "texture": "#4"},
				"up": {"uv": [7.5, 6.75, 7, 6.5], "texture": "#4"},
				"down": {"uv": [7.5, 7, 7, 7.25], "texture": "#4"}
			}
		},
		{
			"from": [8.25, 11.49079, 3.77159],
			"to": [8.75, 11.99079, 5.77159],
			"rotation": {"angle": -22.5, "axis": "x", "origin": [8.975, 12.21579, 6.27159]},
			"faces": {
				"north": {"uv": [4, 7.5, 4.25, 7.75], "texture": "#4"},
				"east": {"uv": [3.5, 6, 4.5, 6.25], "texture": "#4"},
				"south": {"uv": [7.5, 4, 7.75, 4.25], "texture": "#4"},
				"west": {"uv": [6, 5, 7, 5.25], "texture": "#4"},
				"up": {"uv": [6.25, 6.5, 6, 5.5], "texture": "#4"},
				"down": {"uv": [6.75, 0, 6.5, 1], "texture": "#4"}
			}
		},
		{
			"from": [7.5, 10.74079, 5.77159],
			"to": [9.5, 12.74079, 6.27159],
			"rotation": {"angle": -22.5, "axis": "x", "origin": [8.975, 12.21579, 6.27159]},
			"faces": {
				"north": {"uv": [2, 5, 3, 6], "texture": "#4"},
				"east": {"uv": [6.5, 3, 6.75, 4], "texture": "#4"},
				"south": {"uv": [3.5, 5, 4.5, 6], "texture": "#4"},
				"west": {"uv": [3.5, 6.5, 3.75, 7.5], "texture": "#4"},
				"up": {"uv": [5, 6.75, 4, 6.5], "texture": "#4"},
				"down": {"uv": [7.5, 4, 6.5, 4.25], "texture": "#4"}
			}
		},
		{
			"from": [7.5, 12.24079, 5.27159],
			"to": [9.5, 12.74079, 5.77159],
			"rotation": {"angle": -22.5, "axis": "x", "origin": [8.975, 12.21579, 6.27159]},
			"faces": {
				"north": {"uv": [5, 6.5, 6, 6.75], "texture": "#4"},
				"east": {"uv": [1, 8, 1.25, 8.25], "texture": "#4"},
				"south": {"uv": [6.5, 5.5, 7.5, 5.75], "texture": "#4"},
				"west": {"uv": [8, 1, 8.25, 1.25], "texture": "#4"},
				"up": {"uv": [7, 6.75, 6, 6.5], "texture": "#4"},
				"down": {"uv": [7.5, 6, 6.5, 6.25], "texture": "#4"}
			}
		},
		{
			"from": [7.5, 10.74079, 5.27159],
			"to": [9.5, 11.24079, 5.77159],
			"rotation": {"angle": -22.5, "axis": "x", "origin": [8.975, 12.21579, 6.27159]},
			"faces": {
				"north": {"uv": [0, 7, 1, 7.25], "texture": "#4"},
				"east": {"uv": [1.5, 8, 1.75, 8.25], "texture": "#4"},
				"south": {"uv": [7, 0, 8, 0.25], "texture": "#4"},
				"west": {"uv": [8, 1.5, 8.25, 1.75], "texture": "#4"},
				"up": {"uv": [8, 0.75, 7, 0.5], "texture": "#4"},
				"down": {"uv": [2, 7, 1, 7.25], "texture": "#4"}
			}
		},
		{
			"from": [9, 11.24079, 5.27159],
			"to": [9.5, 12.24079, 5.77159],
			"rotation": {"angle": -22.5, "axis": "x", "origin": [8.975, 12.21579, 6.27159]},
			"faces": {
				"north": {"uv": [0, 7.5, 0.25, 8], "texture": "#4"},
				"east": {"uv": [0.5, 7.5, 0.75, 8], "texture": "#4"},
				"south": {"uv": [1, 7.5, 1.25, 8], "texture": "#4"},
				"west": {"uv": [7.5, 1, 7.75, 1.5], "texture": "#4"},
				"up": {"uv": [2.25, 8.25, 2, 8], "texture": "#4"},
				"down": {"uv": [8.25, 2, 8, 2.25], "texture": "#4"}
			}
		},
		{
			"from": [7.5, 11.24079, 5.27159],
			"to": [8, 12.24079, 5.77159],
			"rotation": {"angle": -22.5, "axis": "x", "origin": [8.975, 12.21579, 6.27159]},
			"faces": {
				"north": {"uv": [1.5, 7.5, 1.75, 8], "texture": "#4"},
				"east": {"uv": [2, 7.5, 2.25, 8], "texture": "#4"},
				"south": {"uv": [2.5, 7.5, 2.75, 8], "texture": "#4"},
				"west": {"uv": [3.5, 7.5, 3.75, 8], "texture": "#4"},
				"up": {"uv": [2.75, 8.25, 2.5, 8], "texture": "#4"},
				"down": {"uv": [8.25, 2.5, 8, 2.75], "texture": "#4"}
			}
		}
	],
	"display": {
		"thirdperson_righthand": {
			"rotation": [15, 0, 0],
			"translation": [-0.5, 7.75, 0.75]
		},
		"thirdperson_lefthand": {
			"rotation": [15, 0, 0],
			"translation": [0, 7.75, 0.75]
		},
		"firstperson_righthand": {
			"rotation": [-68.38, -4.21, -10.44],
			"translation": [-0.5, 5.25, 0.25],
			"scale": [0.6, 0.6, 0.6]
		},
		"firstperson_lefthand": {
			"rotation": [-68.38, -4.21, -10.44],
			"translation": [-0.5, 5.25, 0.25],
			"scale": [0.6, 0.6, 0.6]
		},
		"ground": {
			"rotation": [-45, 0, 0],
			"translation": [0, 6, 0]
		},
		"gui": {
			"rotation": [-90, -45, -90],
			"translation": [3.5, 1.75, -3.5]
		},
		"fixed": {
			"rotation": [-65.75, 0, 0],
			"translation": [-1, 7.25, -25.5],
			"scale": [2, 2, 2]
		}
	}
}