{
	"credit": "Made with Blockbench",
	"texture_size": [32, 32],
	"textures": {
		"9": "fishing_rod/lucky_hat_rod"
	},
	"elements": [
		{
			"from": [3.5, -1, 3.5],
			"to": [8, -1, 8],
			"faces": {
				"north": {"uv": [0, 0, 2.25, 0], "texture": "#9"},
				"east": {"uv": [0, 0, 2.25, 0], "texture": "#9"},
				"south": {"uv": [0, 0, 2.25, 0], "texture": "#9"},
				"west": {"uv": [0, 0, 2.25, 0], "texture": "#9"},
				"up": {"uv": [7.25, 7.25, 5, 5], "texture": "#9"},
				"down": {"uv": [2.25, 7.5, 0, 9.75], "texture": "#9"}
			}
		},
		{
			"from": [3.5, 3.5, 3.5],
			"to": [8, 3.5, 8],
			"faces": {
				"north": {"uv": [0, 0, 2.25, 0], "texture": "#9"},
				"east": {"uv": [0, 0, 2.25, 0], "texture": "#9"},
				"south": {"uv": [0, 0, 2.25, 0], "texture": "#9"},
				"west": {"uv": [0, 0, 2.25, 0], "texture": "#9"},
				"up": {"uv": [2.25, 12.25, 0, 10], "texture": "#9"},
				"down": {"uv": [12.25, 0, 10, 2.25], "texture": "#9"}
			}
		},
		{
			"from": [8, -1, 3.5],
			"to": [8, 4, 8],
			"faces": {
				"north": {"uv": [0, 0, 0, 2.5], "texture": "#9"},
				"east": {"uv": [2.5, 5, 4.75, 7.5], "texture": "#9"},
				"south": {"uv": [0, 0, 0, 2.5], "texture": "#9"},
				"west": {"uv": [5, 2.5, 7.25, 5], "texture": "#9"},
				"up": {"uv": [0, 2.25, 0, 0], "texture": "#9"},
				"down": {"uv": [0, 0, 0, 2.25], "texture": "#9"}
			}
		},
		{
			"from": [3.5, -1, 3.5],
			"to": [3.5, 4, 8],
			"faces": {
				"north": {"uv": [0, 0, 0, 2.5], "texture": "#9"},
				"east": {"uv": [0, 0, 2.25, 2.5], "texture": "#9"},
				"south": {"uv": [0, 0, 0, 2.5], "texture": "#9"},
				"west": {"uv": [0, 2.5, 2.25, 5], "texture": "#9"},
				"up": {"uv": [0, 2.25, 0, 0], "texture": "#9"},
				"down": {"uv": [0, 0, 0, 2.25], "texture": "#9"}
			}
		},
		{
			"from": [3.5, -1, 8],
			"to": [8, 4, 8],
			"faces": {
				"north": {"uv": [0, 5, 2.25, 7.5], "texture": "#9"},
				"east": {"uv": [0, 0, 0, 2.5], "texture": "#9"},
				"south": {"uv": [5, 0, 7.25, 2.5], "texture": "#9"},
				"west": {"uv": [0, 0, 0, 2.5], "texture": "#9"},
				"up": {"uv": [2.25, 0, 0, 0], "texture": "#9"},
				"down": {"uv": [2.25, 0, 0, 0], "texture": "#9"}
			}
		},
		{
			"from": [3.5, -1, 3.5],
			"to": [8, 4, 3.5],
			"faces": {
				"north": {"uv": [2.5, 0, 4.75, 2.5], "texture": "#9"},
				"east": {"uv": [0, 0, 0, 2.5], "texture": "#9"},
				"south": {"uv": [2.5, 2.5, 4.75, 5], "texture": "#9"},
				"west": {"uv": [0, 0, 0, 2.5], "texture": "#9"},
				"up": {"uv": [2.25, 0, 0, 0], "texture": "#9"},
				"down": {"uv": [2.25, 0, 0, 0], "texture": "#9"}
			}
		},
		{
			"from": [8, 4, 2],
			"to": [9.5, 4.5, 8],
			"faces": {
				"north": {"uv": [12.5, 12.5, 13.25, 12.75], "texture": "#9"},
				"east": {"uv": [11, 9, 14, 9.25], "texture": "#9"},
				"south": {"uv": [13, 0, 13.75, 0.25], "texture": "#9"},
				"west": {"uv": [11, 9.5, 14, 9.75], "texture": "#9"},
				"up": {"uv": [5.75, 13, 5, 10], "texture": "#9"},
				"down": {"uv": [10.75, 5, 10, 8], "texture": "#9"}
			}
		},
		{
			"from": [2, 4, 2],
			"to": [8, 4.5, 3.5],
			"faces": {
				"north": {"uv": [11, 10, 14, 10.25], "texture": "#9"},
				"east": {"uv": [0.5, 13, 1.25, 13.25], "texture": "#9"},
				"south": {"uv": [11, 10.5, 14, 10.75], "texture": "#9"},
				"west": {"uv": [13, 0.5, 13.75, 0.75], "texture": "#9"},
				"up": {"uv": [9, 10.75, 6, 10], "texture": "#9"},
				"down": {"uv": [13, 8, 10, 8.75], "texture": "#9"}
			}
		},
		{
			"from": [2, 4, 3.5],
			"to": [3.5, 4.5, 9.5],
			"rotation": {"angle": 0, "axis": "y", "origin": [0, 0, 0.25]},
			"faces": {
				"north": {"uv": [13, 1, 13.75, 1.25], "texture": "#9"},
				"east": {"uv": [11, 11, 14, 11.25], "texture": "#9"},
				"south": {"uv": [1.5, 13, 2.25, 13.25], "texture": "#9"},
				"west": {"uv": [11, 11.5, 14, 11.75], "texture": "#9"},
				"up": {"uv": [9.75, 13, 9, 10], "texture": "#9"},
				"down": {"uv": [10.75, 9, 10, 12], "texture": "#9"}
			}
		},
		{
			"from": [3.5, 4, 8],
			"to": [9.5, 4.5, 9.5],
			"faces": {
				"north": {"uv": [6, 12, 9, 12.25], "texture": "#9"},
				"east": {"uv": [13, 2, 13.75, 2.25], "texture": "#9"},
				"south": {"uv": [10, 12, 13, 12.25], "texture": "#9"},
				"west": {"uv": [2.5, 13, 3.25, 13.25], "texture": "#9"},
				"up": {"uv": [14, 5.75, 11, 5], "texture": "#9"},
				"down": {"uv": [9, 11, 6, 11.75], "texture": "#9"}
			}
		},
		{
			"from": [4.5, 2, 8.001],
			"to": [7, 3.5, 8.501],
			"rotation": {"angle": 0, "axis": "y", "origin": [3.5, 0, 7.001]},
			"faces": {
				"north": {"uv": [11, 6, 12.25, 6.75], "texture": "#9"},
				"east": {"uv": [5, 13, 5.25, 13.75], "texture": "#9"},
				"south": {"uv": [11, 7, 12.25, 7.75], "texture": "#9"},
				"west": {"uv": [5.5, 13, 5.75, 13.75], "texture": "#9"},
				"up": {"uv": [1.75, 12.75, 0.5, 12.5], "texture": "#9"},
				"down": {"uv": [13.75, 1.5, 12.5, 1.75], "texture": "#9"}
			}
		},
		{
			"from": [5.225, 2.65, 6.75],
			"to": [6.225, 3.15, 7.75],
			"rotation": {"angle": 22.5, "axis": "z", "origin": [3.75, 5, 6.25]},
			"faces": {
				"north": {"uv": [13, 7, 13.5, 7.25], "texture": "#9"},
				"east": {"uv": [7.5, 13, 8, 13.25], "texture": "#9"},
				"south": {"uv": [13, 7.5, 13.5, 7.75], "texture": "#9"},
				"west": {"uv": [8, 13, 8.5, 13.25], "texture": "#9"},
				"up": {"uv": [4.5, 13, 4, 12.5], "texture": "#9"},
				"down": {"uv": [5, 12.5, 4.5, 13], "texture": "#9"}
			}
		},
		{
			"from": [4.875, 3.5, 6.25],
			"to": [5.875, 4, 7.25],
			"rotation": {"angle": -45, "axis": "y", "origin": [4.75, 4.75, 6.25]},
			"faces": {
				"north": {"uv": [9.5, 13, 10, 13.25], "texture": "#9"},
				"east": {"uv": [10, 13, 10.5, 13.25], "texture": "#9"},
				"south": {"uv": [10.5, 13, 11, 13.25], "texture": "#9"},
				"west": {"uv": [11, 13, 11.5, 13.25], "texture": "#9"},
				"up": {"uv": [13, 6.5, 12.5, 6], "texture": "#9"},
				"down": {"uv": [7, 12.5, 6.5, 13], "texture": "#9"}
			}
		},
		{
			"from": [4.25, 3.5, 5.425],
			"to": [5.25, 4, 6.425],
			"rotation": {"angle": -45, "axis": "z", "origin": [4.75, 4.75, 6.25]},
			"faces": {
				"north": {"uv": [13, 13, 13.5, 13.25], "texture": "#9"},
				"east": {"uv": [0.5, 13.5, 1, 13.75], "texture": "#9"},
				"south": {"uv": [1, 13.5, 1.5, 13.75], "texture": "#9"},
				"west": {"uv": [1.5, 13.5, 2, 13.75], "texture": "#9"},
				"up": {"uv": [13, 7.5, 12.5, 7], "texture": "#9"},
				"down": {"uv": [8, 12.5, 7.5, 13], "texture": "#9"}
			}
		},
		{
			"from": [5.125, 3.5, 5],
			"to": [6.125, 4, 6],
			"rotation": {"angle": -22.5, "axis": "y", "origin": [4.75, 4.75, 6.25]},
			"faces": {
				"north": {"uv": [11.5, 13, 12, 13.25], "texture": "#9"},
				"east": {"uv": [12, 13, 12.5, 13.25], "texture": "#9"},
				"south": {"uv": [13, 12, 13.5, 12.25], "texture": "#9"},
				"west": {"uv": [12.5, 13, 13, 13.25], "texture": "#9"},
				"up": {"uv": [13, 7, 12.5, 6.5], "texture": "#9"},
				"down": {"uv": [7.5, 12.5, 7, 13], "texture": "#9"}
			}
		},
		{
			"from": [6.7, 3.5, 5.675],
			"to": [7.7, 4, 6.675],
			"rotation": {"angle": 22.5, "axis": "y", "origin": [4.75, 4.75, 6.25]},
			"faces": {
				"north": {"uv": [13.5, 6.5, 14, 6.75], "texture": "#9"},
				"east": {"uv": [7, 13.5, 7.5, 13.75], "texture": "#9"},
				"south": {"uv": [13.5, 7, 14, 7.25], "texture": "#9"},
				"west": {"uv": [7.5, 13.5, 8, 13.75], "texture": "#9"},
				"up": {"uv": [12, 13, 11.5, 12.5], "texture": "#9"},
				"down": {"uv": [12.5, 12.5, 12, 13], "texture": "#9"}
			}
		},
		{
			"from": [3.25, 3.5, 4.375],
			"to": [4.25, 4, 5.375],
			"rotation": {"angle": -45, "axis": "y", "origin": [4.75, 4.75, 6.25]},
			"faces": {
				"north": {"uv": [13.5, 3, 14, 3.25], "texture": "#9"},
				"east": {"uv": [3.5, 13.5, 4, 13.75], "texture": "#9"},
				"south": {"uv": [13.5, 3.5, 14, 3.75], "texture": "#9"},
				"west": {"uv": [13.5, 4, 14, 4.25], "texture": "#9"},
				"up": {"uv": [9, 13, 8.5, 12.5], "texture": "#9"},
				"down": {"uv": [10.5, 12.5, 10, 13], "texture": "#9"}
			}
		},
		{
			"from": [3.5, 4, 3.625],
			"to": [4, 5, 4.625],
			"rotation": {"angle": 22.5, "axis": "z", "origin": [4.75, 4.75, 6.25]},
			"faces": {
				"north": {"uv": [13.5, 4.5, 13.75, 5], "texture": "#9"},
				"east": {"uv": [10.5, 12.5, 11, 13], "texture": "#9"},
				"south": {"uv": [6, 13.5, 6.25, 14], "texture": "#9"},
				"west": {"uv": [11, 12.5, 11.5, 13], "texture": "#9"},
				"up": {"uv": [13.75, 6.5, 13.5, 6], "texture": "#9"},
				"down": {"uv": [6.75, 13.5, 6.5, 14], "texture": "#9"}
			}
		},
		{
			"from": [6.98872, 3.375, 3.50914],
			"to": [7.98872, 3.875, 4.50914],
			"rotation": {"angle": 45, "axis": "x", "origin": [6.81372, 3.75, 4.53414]},
			"faces": {
				"north": {"uv": [2, 13.5, 2.5, 13.75], "texture": "#9"},
				"east": {"uv": [2.5, 13.5, 3, 13.75], "texture": "#9"},
				"south": {"uv": [13.5, 2.5, 14, 2.75], "texture": "#9"},
				"west": {"uv": [3, 13.5, 3.5, 13.75], "texture": "#9"},
				"up": {"uv": [13, 8, 12.5, 7.5], "texture": "#9"},
				"down": {"uv": [8.5, 12.5, 8, 13], "texture": "#9"}
			}
		},
		{
			"from": [6.95, 6.275, 5.85],
			"to": [7.45, 7.275, 6.85],
			"rotation": {"angle": -45, "axis": "z", "origin": [3.75, 5, 6.25]},
			"faces": {
				"north": {"uv": [13, 8, 13.25, 8.5], "texture": "#9"},
				"east": {"uv": [12.5, 4.5, 13, 5], "texture": "#9"},
				"south": {"uv": [8.5, 13, 8.75, 13.5], "texture": "#9"},
				"west": {"uv": [6, 12.5, 6.5, 13], "texture": "#9"},
				"up": {"uv": [13.25, 9, 13, 8.5], "texture": "#9"},
				"down": {"uv": [9.25, 13, 9, 13.5], "texture": "#9"}
			}
		}
	],
	"display": {
		"thirdperson_righthand": {
			"rotation": [42.5, 0, 0],
			"translation": [1, 4, 6.75]
		},
		"thirdperson_lefthand": {
			"rotation": [42.5, 0, 0],
			"translation": [-3.5, 4, 6.75]
		},
		"firstperson_righthand": {
			"rotation": [-6.03, -15.51, 3.23],
			"translation": [6.5, 5.5, -2.5]
		},
		"firstperson_lefthand": {
			"rotation": [-33.75, -9.21, -6.1],
			"translation": [2.25, 7.25, -3.75]
		},
		"ground": {
			"translation": [0, 2, 0],
			"scale": [0.5, 0.5, 0.5]
		},
		"gui": {
			"rotation": [12.86, -34.85, -0.28],
			"translation": [0.75, 6.25, 0],
			"scale": [1.4, 1.4, 1.4]
		},
		"head": {
			"rotation": [-171.75, 0, 0],
			"translation": [7, -6, -9.25],
			"scale": [3.35, 3.35, 3.35]
		},
		"fixed": {
			"rotation": [146.75, 0, -180],
			"translation": [-5.75, 8, -18.75],
			"scale": [2.5, 2.5, 2.5]
		}
	},
	"groups": [
		{
			"name": "group",
			"origin": [8, 8, 8],
			"color": 0,
			"children": [0, 1, 2, 3, 4, 5, 6, 7, 8, 9, 10, 11, 12, 13, 14, 15, 16, 17, 18, 19]
		}
	]
}