{
	"credit": "Made with Blockbench",
	"texture_size": [32, 32],
	"textures": {
		"1": "fishing_rod/netherite_magnum_rod"
	},
	"elements": [
		{
			"from": [7.9, 6.85, -0.5],
			"to": [8.1, 7.05, 1.5],
			"faces": {
				"north": {"uv": [10.5, 8.5, 11, 9], "texture": "#1"},
				"east": {"uv": [10, 5, 11, 5.5], "texture": "#1"},
				"south": {"uv": [9, 10.5, 9.5, 11], "texture": "#1"},
				"west": {"uv": [10, 5.5, 11, 6], "texture": "#1"},
				"up": {"uv": [10.5, 7, 10, 6], "texture": "#1"},
				"down": {"uv": [10.5, 7, 10, 8], "texture": "#1"}
			}
		},
		{
			"from": [8, 6.45, -4.5],
			"to": [8, 7.45, -2.5],
			"faces": {
				"north": {"uv": [0, 0, 0, 0.5], "texture": "#1"},
				"east": {"uv": [6.5, 1.5, 7.5, 2], "texture": "#1"},
				"south": {"uv": [0, 0, 0, 0.5], "texture": "#1"},
				"west": {"uv": [7.5, 5.5, 8.5, 6], "texture": "#1"},
				"up": {"uv": [0, 1, 0, 0], "texture": "#1"},
				"down": {"uv": [0, 0, 0, 1], "texture": "#1"}
			}
		},
		{
			"from": [8, 6.45, -5.5],
			"to": [8, 8.45, -4.5],
			"faces": {
				"north": {"uv": [0, 0, 0, 1], "texture": "#1"},
				"east": {"uv": [7.5, 9.5, 8, 10.5], "texture": "#1"},
				"south": {"uv": [0, 0, 0, 1], "texture": "#1"},
				"west": {"uv": [8, 9.5, 8.5, 10.5], "texture": "#1"},
				"up": {"uv": [0, 0.5, 0, 0], "texture": "#1"},
				"down": {"uv": [0, 0, 0, 0.5], "texture": "#1"}
			}
		},
		{
			"from": [8, 8.45, -4.5],
			"to": [8, 9.45, -3.5],
			"faces": {
				"north": {"uv": [0, 0, 0, 0.5], "texture": "#1"},
				"east": {"uv": [8.5, 7, 9, 7.5], "texture": "#1"},
				"south": {"uv": [0, 0, 0, 0.5], "texture": "#1"},
				"west": {"uv": [10, 8, 10.5, 8.5], "texture": "#1"},
				"up": {"uv": [0, 0.5, 0, 0], "texture": "#1"},
				"down": {"uv": [0, 0, 0, 0.5], "texture": "#1"}
			}
		},
		{
			"from": [7, 5.95, -2.5],
			"to": [9, 7.95, -0.5],
			"faces": {
				"north": {"uv": [8.5, 3, 9.5, 4], "texture": "#1"},
				"east": {"uv": [4, 8.5, 5, 9.5], "texture": "#1"},
				"south": {"uv": [8.5, 4, 9.5, 5], "texture": "#1"},
				"west": {"uv": [5, 8.5, 6, 9.5], "texture": "#1"},
				"up": {"uv": [9.5, 6, 8.5, 5], "texture": "#1"},
				"down": {"uv": [7, 8.5, 6, 9.5], "texture": "#1"}
			}
		},
		{
			"from": [7, 2.41838, 14.75709],
			"to": [9, 7.41838, 17.75709],
			"rotation": {"angle": -45, "axis": "x", "origin": [7.5, 3.41838, 18.25709]},
			"faces": {
				"north": {"uv": [6, 6, 7, 8.5], "texture": "#1"},
				"east": {"uv": [0, 4, 1.5, 6.5], "texture": "#1"},
				"south": {"uv": [0, 6.5, 1, 9], "texture": "#1"},
				"west": {"uv": [1.5, 4, 3, 6.5], "texture": "#1"},
				"up": {"uv": [9, 1.5, 8, 0], "texture": "#1"},
				"down": {"uv": [3, 8, 2, 9.5], "texture": "#1"}
			}
		},
		{
			"from": [7.001, -1.64128, 15.61164],
			"to": [8.999, 2.35672, 18.60964],
			"rotation": {"angle": 0, "axis": "y", "origin": [7.5, 0.35772, 19.11064]},
			"faces": {
				"north": {"uv": [7, 7.5, 8, 9.5], "texture": "#1"},
				"east": {"uv": [6, 2, 7.5, 4], "texture": "#1"},
				"south": {"uv": [1, 8, 2, 10], "texture": "#1"},
				"west": {"uv": [6, 4, 7.5, 6], "texture": "#1"},
				"up": {"uv": [9, 9, 8, 7.5], "texture": "#1"},
				"down": {"uv": [9.5, 1.5, 8.5, 3], "texture": "#1"}
			}
		},
		{
			"from": [7, -1.64228, 18.61064],
			"to": [9, -0.64228, 19.61064],
			"rotation": {"angle": 0, "axis": "y", "origin": [7.5, 0.35772, 19.11064]},
			"faces": {
				"north": {"uv": [10, 2, 11, 2.5], "texture": "#1"},
				"east": {"uv": [10.5, 7, 11, 7.5], "texture": "#1"},
				"south": {"uv": [10, 2.5, 11, 3], "texture": "#1"},
				"west": {"uv": [7.5, 10.5, 8, 11], "texture": "#1"},
				"up": {"uv": [5, 10.5, 4, 10], "texture": "#1"},
				"down": {"uv": [11, 4.5, 10, 5], "texture": "#1"}
			}
		},
		{
			"from": [7.001, 2.48004, 9.49032],
			"to": [8.999, 6.47804, 15.48832],
			"rotation": {"angle": 0, "axis": "y", "origin": [8, 3.97904, 13.98932]},
			"faces": {
				"north": {"uv": [7.5, 1.5, 8.5, 3.5], "texture": "#1"},
				"east": {"uv": [0, 2, 3, 4], "texture": "#1"},
				"south": {"uv": [7.5, 3.5, 8.5, 5.5], "texture": "#1"},
				"west": {"uv": [3, 2, 6, 4], "texture": "#1"},
				"up": {"uv": [5, 7, 4, 4], "texture": "#1"},
				"down": {"uv": [6, 4, 5, 7], "texture": "#1"}
			}
		},
		{
			"from": [7.75, 5.22904, 6.48932],
			"to": [8.25, 6.22904, 9.48932],
			"rotation": {"angle": 45, "axis": "x", "origin": [8, 4.97904, 7.98932]},
			"faces": {
				"north": {"uv": [3, 10.5, 3.5, 11], "texture": "#1"},
				"east": {"uv": [9.5, 3, 11, 3.5], "texture": "#1"},
				"south": {"uv": [3.5, 10.5, 4, 11], "texture": "#1"},
				"west": {"uv": [9.5, 3.5, 11, 4], "texture": "#1"},
				"up": {"uv": [2.5, 11, 2, 9.5], "texture": "#1"},
				"down": {"uv": [3, 9.5, 2.5, 11], "texture": "#1"}
			}
		},
		{
			"from": [7.5, 3.47904, 8.48932],
			"to": [8.5, 5.47904, 9.48932],
			"rotation": {"angle": 0, "axis": "y", "origin": [8, 3.97904, 13.98932]},
			"faces": {
				"north": {"uv": [9.5, 9, 10, 10], "texture": "#1"},
				"east": {"uv": [10, 0, 10.5, 1], "texture": "#1"},
				"south": {"uv": [1, 10, 1.5, 11], "texture": "#1"},
				"west": {"uv": [10, 1, 10.5, 2], "texture": "#1"},
				"up": {"uv": [4.5, 11, 4, 10.5], "texture": "#1"},
				"down": {"uv": [5, 10.5, 4.5, 11], "texture": "#1"}
			}
		},
		{
			"from": [7.5, 5.47904, 1.48932],
			"to": [8.5, 7.47904, 14.48932],
			"rotation": {"angle": 0, "axis": "y", "origin": [8, 3.97904, 13.98932]},
			"faces": {
				"north": {"uv": [8.5, 9.5, 9, 10.5], "texture": "#1"},
				"east": {"uv": [0, 0, 6.5, 1], "texture": "#1"},
				"south": {"uv": [9, 9.5, 9.5, 10.5], "texture": "#1"},
				"west": {"uv": [0, 1, 6.5, 2], "texture": "#1"},
				"up": {"uv": [3.5, 10.5, 3, 4], "texture": "#1"},
				"down": {"uv": [4, 4, 3.5, 10.5], "texture": "#1"}
			}
		},
		{
			"from": [7.75, 7.0583, 1.60454],
			"to": [8.25, 8.0583, 4.60454],
			"rotation": {"angle": 22.5, "axis": "x", "origin": [8, 7.5583, 2.60454]},
			"faces": {
				"north": {"uv": [10.5, 1, 11, 1.5], "texture": "#1"},
				"east": {"uv": [8, 9, 9.5, 9.5], "texture": "#1"},
				"south": {"uv": [10.5, 1.5, 11, 2], "texture": "#1"},
				"west": {"uv": [9, 8.5, 10.5, 9], "texture": "#1"},
				"up": {"uv": [10, 1.5, 9.5, 0], "texture": "#1"},
				"down": {"uv": [10, 1.5, 9.5, 3], "texture": "#1"}
			}
		},
		{
			"from": [7.75, 6.16838, 11.47156],
			"to": [8.25, 7.16838, 14.47156],
			"rotation": {"angle": -45, "axis": "x", "origin": [8.25, 6.41838, 12.72156]},
			"faces": {
				"north": {"uv": [10.5, 6, 11, 6.5], "texture": "#1"},
				"east": {"uv": [4, 9.5, 5.5, 10], "texture": "#1"},
				"south": {"uv": [10.5, 6.5, 11, 7], "texture": "#1"},
				"west": {"uv": [9.5, 4, 11, 4.5], "texture": "#1"},
				"up": {"uv": [10, 6, 9.5, 4.5], "texture": "#1"},
				"down": {"uv": [6, 9.5, 5.5, 11], "texture": "#1"}
			}
		},
		{
			"from": [8.5, 2.97904, 10.48932],
			"to": [9.5, 5.97904, 13.48932],
			"rotation": {"angle": 0, "axis": "y", "origin": [8, 3.97904, 13.98932]},
			"faces": {
				"north": {"uv": [0, 9, 0.5, 10.5], "texture": "#1"},
				"east": {"uv": [6.5, 0, 8, 1.5], "texture": "#1"},
				"south": {"uv": [9, 0, 9.5, 1.5], "texture": "#1"},
				"west": {"uv": [1, 6.5, 2.5, 8], "texture": "#1"},
				"up": {"uv": [1, 10.5, 0.5, 9], "texture": "#1"},
				"down": {"uv": [9.5, 7, 9, 8.5], "texture": "#1"}
			}
		},
		{
			"from": [6.5, 2.97904, 10.48932],
			"to": [7.5, 5.97904, 13.48932],
			"rotation": {"angle": 0, "axis": "y", "origin": [8, 3.97904, 13.98932]},
			"faces": {
				"north": {"uv": [6, 9.5, 6.5, 11], "texture": "#1"},
				"east": {"uv": [4, 7, 5.5, 8.5], "texture": "#1"},
				"south": {"uv": [6.5, 9.5, 7, 11], "texture": "#1"},
				"west": {"uv": [7, 6, 8.5, 7.5], "texture": "#1"},
				"up": {"uv": [7.5, 11, 7, 9.5], "texture": "#1"},
				"down": {"uv": [10, 7, 9.5, 8.5], "texture": "#1"}
			}
		},
		{
			"from": [7.5, 4.22904, 13.48932],
			"to": [8.5, 5.22904, 16.48932],
			"rotation": {"angle": -45, "axis": "x", "origin": [8, 5.97904, 13.48932]},
			"faces": {
				"north": {"uv": [10, 9, 10.5, 9.5], "texture": "#1"},
				"east": {"uv": [8.5, 6, 10, 6.5], "texture": "#1"},
				"south": {"uv": [9.5, 10, 10, 10.5], "texture": "#1"},
				"west": {"uv": [8.5, 6.5, 10, 7], "texture": "#1"},
				"up": {"uv": [3, 8, 2.5, 6.5], "texture": "#1"},
				"down": {"uv": [6, 7, 5.5, 8.5], "texture": "#1"}
			}
		},
		{
			"from": [7.501, 4.98321, 16.15944],
			"to": [8.499, 5.98121, 17.15744],
			"rotation": {"angle": -22.5, "axis": "x", "origin": [8, 6.73221, 12.15844]},
			"faces": {
				"north": {"uv": [10, 9.5, 10.5, 10], "texture": "#1"},
				"east": {"uv": [10, 10, 10.5, 10.5], "texture": "#1"},
				"south": {"uv": [0, 10.5, 0.5, 11], "texture": "#1"},
				"west": {"uv": [10.5, 0, 11, 0.5], "texture": "#1"},
				"up": {"uv": [1, 11, 0.5, 10.5], "texture": "#1"},
				"down": {"uv": [11, 0.5, 10.5, 1], "texture": "#1"}
			}
		},
		{
			"from": [8, 0.72904, 13.23932],
			"to": [8, 1.72904, 14.23932],
			"rotation": {"angle": 0, "axis": "y", "origin": [8, 1.47904, 13.98932]},
			"faces": {
				"north": {"uv": [0, 0, 0, 0.5], "texture": "#1"},
				"east": {"uv": [10.5, 7.5, 11, 8], "texture": "#1"},
				"south": {"uv": [0, 0, 0, 0.5], "texture": "#1"},
				"west": {"uv": [8, 10.5, 8.5, 11], "texture": "#1"},
				"up": {"uv": [0, 0.5, 0, 0], "texture": "#1"},
				"down": {"uv": [0, 0, 0, 0.5], "texture": "#1"}
			}
		},
		{
			"from": [8, 1.72904, 14.23932],
			"to": [8, 2.72904, 15.23932],
			"rotation": {"angle": 0, "axis": "y", "origin": [8, 1.47904, 13.98932]},
			"faces": {
				"north": {"uv": [0, 0, 0, 0.5], "texture": "#1"},
				"east": {"uv": [10.5, 8, 11, 8.5], "texture": "#1"},
				"south": {"uv": [0, 0, 0, 0.5], "texture": "#1"},
				"west": {"uv": [8.5, 10.5, 9, 11], "texture": "#1"},
				"up": {"uv": [0, 0.5, 0, 0], "texture": "#1"},
				"down": {"uv": [0, 0, 0, 0.5], "texture": "#1"}
			}
		},
		{
			"from": [8, 1.72904, 12.23932],
			"to": [8, 3.72904, 13.23932],
			"rotation": {"angle": 0, "axis": "y", "origin": [8, 1.47904, 13.98932]},
			"faces": {
				"north": {"uv": [0, 0, 0, 1], "texture": "#1"},
				"east": {"uv": [1.5, 10, 2, 11], "texture": "#1"},
				"south": {"uv": [0, 0, 0, 1], "texture": "#1"},
				"west": {"uv": [5, 10, 5.5, 11], "texture": "#1"},
				"up": {"uv": [0, 0.5, 0, 0], "texture": "#1"},
				"down": {"uv": [0, 0, 0, 0.5], "texture": "#1"}
			}
		}
	],
	"display": {
		"thirdperson_righthand": {
			"rotation": [65.5, 0, 0],
			"translation": [0, 7.5, 3],
			"scale": [0.7, 0.7, 0.7]
		},
		"thirdperson_lefthand": {
			"rotation": [65.5, 0, 0],
			"translation": [0, 7.5, 3],
			"scale": [0.7, 0.7, 0.7]
		},
		"firstperson_righthand": {
			"rotation": [2.29, -14.25, 1.58],
			"translation": [2.25, 6.25, -2],
			"scale": [0.55, 0.55, 0.55]
		},
		"firstperson_lefthand": {
			"rotation": [2.29, -10, 1.41],
			"translation": [1.75, 6.75, -2],
			"scale": [0.6, 0.6, 0.6]
		},
		"ground": {
			"translation": [0, 3, 0],
			"scale": [0.5, 0.5, 0.5]
		},
		"gui": {
			"rotation": [90, -57.75, 90],
			"translation": [-1.75, 2.25, 0],
			"scale": [0.78, 0.69, 0.69]
		},
		"head": {
			"translation": [0, 10.75, -14]
		},
		"fixed": {
			"rotation": [90, 58.5, -90],
			"translation": [1.75, 3, 0],
			"scale": [0.9, 0.9, 0.9]
		}
	}
}