{
	"credit": "Made with Blockbench",
	"texture_size": [32, 32],
	"textures": {
		"2": "fishing_rod/spear_rod",
		"3": "fishing_rod/blood_animation"
	},
	"elements": [
		{
			"from": [7, -1.5, 10],
			"to": [8, 11.5, 11],
			"rotation": {"angle": 0, "axis": "y", "origin": [8.27219, 12.94371, 10.57962]},
			"faces": {
				"north": {"uv": [0, 0, 0.5, 6.5], "texture": "#2"},
				"east": {"uv": [0.5, 0, 1, 6.5], "texture": "#2"},
				"south": {"uv": [1, 0, 1.5, 6.5], "texture": "#2"},
				"west": {"uv": [1.5, 0, 2, 6.5], "texture": "#2"},
				"up": {"uv": [1.5, 7, 1, 6.5], "texture": "#2"},
				"down": {"uv": [2, 6.5, 1.5, 7], "texture": "#2"}
			}
		},
		{
			"from": [7.25, 11.5, 10.25],
			"to": [7.75, 16.5, 10.75],
			"rotation": {"angle": 0, "axis": "y", "origin": [8.27219, 12.94371, 10.57962]},
			"faces": {
				"north": {"uv": [5, 2.5, 5.25, 5], "texture": "#2"},
				"east": {"uv": [4.5, 5, 4.75, 7.5], "texture": "#2"},
				"south": {"uv": [5, 5, 5.25, 7.5], "texture": "#2"},
				"west": {"uv": [2, 5.5, 2.25, 8], "texture": "#2"},
				"up": {"uv": [6.75, 7.75, 6.5, 7.5], "texture": "#2"},
				"down": {"uv": [7.75, 6.5, 7.5, 6.75], "texture": "#2"}
			}
		},
		{
			"from": [7.25, 11.5, 10],
			"to": [7.75, 12.5, 11],
			"rotation": {"angle": 0, "axis": "y", "origin": [8.27219, 12.94371, 10.57962]},
			"faces": {
				"north": {"uv": [7.5, 0.5, 7.75, 1], "texture": "#2"},
				"east": {"uv": [6.5, 3.5, 7, 4], "texture": "#2"},
				"south": {"uv": [7.5, 1, 7.75, 1.5], "texture": "#2"},
				"west": {"uv": [6.5, 4, 7, 4.5], "texture": "#2"},
				"up": {"uv": [7.75, 2, 7.5, 1.5], "texture": "#2"},
				"down": {"uv": [7.75, 2, 7.5, 2.5], "texture": "#2"}
			}
		},
		{
			"from": [7.75, 10.5, 10.25],
			"to": [8.25, 15, 10.75],
			"rotation": {"angle": 0, "axis": "y", "origin": [8.27219, 12.94371, 10.57962]},
			"faces": {
				"north": {"uv": [2.5, 5.5, 2.75, 7.75], "texture": "#2"},
				"east": {"uv": [3, 5.5, 3.25, 7.75], "texture": "#2"},
				"south": {"uv": [3.5, 5.5, 3.75, 7.75], "texture": "#2"},
				"west": {"uv": [5.5, 3.5, 5.75, 5.75], "texture": "#2"},
				"up": {"uv": [7.25, 7.75, 7, 7.5], "texture": "#2"},
				"down": {"uv": [7.75, 7, 7.5, 7.25], "texture": "#2"}
			}
		},
		{
			"from": [6.75, 10.5, 10.25],
			"to": [7.25, 15, 10.75],
			"rotation": {"angle": 0, "axis": "y", "origin": [8.27219, 12.94371, 10.57962]},
			"faces": {
				"north": {"uv": [4, 5.5, 4.25, 7.75], "texture": "#2"},
				"east": {"uv": [6, 3.5, 6.25, 5.75], "texture": "#2"},
				"south": {"uv": [5.5, 6, 5.75, 8.25], "texture": "#2"},
				"west": {"uv": [6, 6, 6.25, 8.25], "texture": "#2"},
				"up": {"uv": [0.75, 8.25, 0.5, 8], "texture": "#2"},
				"down": {"uv": [8.25, 0.5, 8, 0.75], "texture": "#2"}
			}
		},
		{
			"from": [8.25, 12, 10.25],
			"to": [8.75, 13.5, 10.75],
			"rotation": {"angle": 0, "axis": "y", "origin": [8.27219, 12.94371, 10.57962]},
			"faces": {
				"north": {"uv": [7, 0, 7.25, 0.75], "texture": "#2"},
				"east": {"uv": [1, 7, 1.25, 7.75], "texture": "#2"},
				"south": {"uv": [7, 1, 7.25, 1.75], "texture": "#2"},
				"west": {"uv": [1.5, 7, 1.75, 7.75], "texture": "#2"},
				"up": {"uv": [7.75, 7.75, 7.5, 7.5], "texture": "#2"},
				"down": {"uv": [0.25, 8, 0, 8.25], "texture": "#2"}
			}
		},
		{
			"from": [6.25, 12, 10.25],
			"to": [6.75, 13.5, 10.75],
			"rotation": {"angle": 0, "axis": "y", "origin": [8.27219, 12.94371, 10.57962]},
			"faces": {
				"north": {"uv": [7, 3.5, 7.25, 4.25], "texture": "#2"},
				"east": {"uv": [7, 4.5, 7.25, 5.25], "texture": "#2"},
				"south": {"uv": [7, 5.5, 7.25, 6.25], "texture": "#2"},
				"west": {"uv": [7, 6.5, 7.25, 7.25], "texture": "#2"},
				"up": {"uv": [1.25, 8.25, 1, 8], "texture": "#2"},
				"down": {"uv": [8.25, 1, 8, 1.25], "texture": "#2"}
			}
		},
		{
			"from": [4.9229, 13.01753, 9.999],
			"to": [10.4249, 14.51953, 11.001],
			"rotation": {"angle": 22.5, "axis": "z", "origin": [8.27219, 12.94371, 10.57962]},
			"faces": {
				"north": {"uv": [2, 0, 4.75, 0.75], "texture": "#2"},
				"east": {"uv": [0, 6.5, 0.5, 7.25], "texture": "#2"},
				"south": {"uv": [2, 1, 4.75, 1.75], "texture": "#2"},
				"west": {"uv": [0.5, 6.5, 1, 7.25], "texture": "#2"},
				"up": {"uv": [4.75, 2.5, 2, 2], "texture": "#2"},
				"down": {"uv": [4.75, 2.5, 2, 3], "texture": "#2"}
			}
		},
		{
			"from": [6.4239, 14.51853, 10.5],
			"to": [7.4239, 15.01853, 10.5],
			"rotation": {"angle": 22.5, "axis": "z", "origin": [8.27219, 12.94371, 10.57962]},
			"faces": {
				"north": {"uv": [4.5, 7.5, 5, 7.75], "texture": "#2"},
				"east": {"uv": [0, 0, 0, 0.25], "texture": "#2"},
				"south": {"uv": [7.5, 4.5, 8, 4.75], "texture": "#2"},
				"west": {"uv": [0, 0, 0, 0.25], "texture": "#2"},
				"up": {"uv": [0.5, 0, 0, 0], "texture": "#2"},
				"down": {"uv": [0.5, 0, 0, 0], "texture": "#2"}
			}
		},
		{
			"from": [6.21089, 15.43444, 8.87322],
			"to": [7.21089, 15.93444, 8.87322],
			"rotation": {"angle": 45, "axis": "x", "origin": [6.71089, 12.65944, 4.82322]},
			"faces": {
				"north": {"uv": [5, 7.5, 5.5, 7.75], "texture": "#2"},
				"east": {"uv": [0, 0, 0, 0.25], "texture": "#2"},
				"south": {"uv": [7.5, 5, 8, 5.25], "texture": "#2"},
				"west": {"uv": [0, 0, 0, 0.25], "texture": "#2"},
				"up": {"uv": [0.5, 0, 0, 0], "texture": "#2"},
				"down": {"uv": [0.5, 0, 0, 0], "texture": "#2"}
			}
		},
		{
			"from": [6.21089, 11.57045, 10.30086],
			"to": [7.21089, 12.07045, 10.30086],
			"rotation": {"angle": -45, "axis": "x", "origin": [8.27219, 12.94371, 10.57962]},
			"faces": {
				"north": {"uv": [7.5, 5.5, 8, 5.75], "texture": "#2"},
				"east": {"uv": [0, 0, 0, 0.25], "texture": "#2"},
				"south": {"uv": [7.5, 6, 8, 6.25], "texture": "#2"},
				"west": {"uv": [0, 0, 0, 0.25], "texture": "#2"},
				"up": {"uv": [0.5, 0, 0, 0], "texture": "#2"},
				"down": {"uv": [0.5, 0, 0, 0], "texture": "#2"}
			}
		},
		{
			"from": [7.9229, 14.51753, 10.499],
			"to": [9.4249, 15.01953, 10.501],
			"rotation": {"angle": 22.5, "axis": "z", "origin": [8.27219, 12.94371, 10.57962]},
			"faces": {
				"north": {"uv": [0, 7.5, 0.75, 7.75], "texture": "#2"},
				"east": {"uv": [0, 0, 0, 0.25], "texture": "#2"},
				"south": {"uv": [7.5, 0, 8.25, 0.25], "texture": "#2"},
				"west": {"uv": [0, 0, 0, 0.25], "texture": "#2"},
				"up": {"uv": [0.75, 0, 0, 0], "texture": "#2"},
				"down": {"uv": [0.75, 0, 0, 0], "texture": "#2"}
			}
		},
		{
			"from": [10.4229, 13.01753, 10.499],
			"to": [11.4249, 14.01953, 10.501],
			"rotation": {"angle": 22.5, "axis": "z", "origin": [8.27219, 12.94371, 10.57962]},
			"faces": {
				"north": {"uv": [6.5, 4.5, 7, 5], "texture": "#2"},
				"east": {"uv": [0, 0, 0, 0.5], "texture": "#2"},
				"south": {"uv": [6.5, 5, 7, 5.5], "texture": "#2"},
				"west": {"uv": [0, 0, 0, 0.5], "texture": "#2"},
				"up": {"uv": [0.5, 0, 0, 0], "texture": "#2"},
				"down": {"uv": [0.5, 0, 0, 0], "texture": "#2"}
			}
		},
		{
			"from": [11.4229, 12.51753, 10.499],
			"to": [11.9249, 14.51953, 10.501],
			"rotation": {"angle": 22.5, "axis": "z", "origin": [8.27219, 12.94371, 10.57962]},
			"faces": {
				"north": {"uv": [6.5, 5.5, 6.75, 6.5], "texture": "#2"},
				"east": {"uv": [0, 0, 0, 1], "texture": "#2"},
				"south": {"uv": [6.5, 6.5, 6.75, 7.5], "texture": "#2"},
				"west": {"uv": [0, 0, 0, 1], "texture": "#2"},
				"up": {"uv": [0.25, 0, 0, 0], "texture": "#2"},
				"down": {"uv": [0.25, 0, 0, 0], "texture": "#2"}
			}
		},
		{
			"from": [11.9229, 14.01753, 10.499],
			"to": [12.4249, 14.51953, 10.501],
			"rotation": {"angle": 22.5, "axis": "z", "origin": [8.27219, 12.94371, 10.57962]},
			"faces": {
				"north": {"uv": [1.5, 8, 1.75, 8.25], "texture": "#2"},
				"east": {"uv": [0, 0, 0, 0.25], "texture": "#2"},
				"south": {"uv": [8, 1.5, 8.25, 1.75], "texture": "#2"},
				"west": {"uv": [0, 0, 0, 0.25], "texture": "#2"},
				"up": {"uv": [0.25, 0, 0, 0], "texture": "#2"},
				"down": {"uv": [0.25, 0, 0, 0], "texture": "#2"}
			}
		},
		{
			"from": [11.9229, 12.51753, 10.499],
			"to": [12.4249, 13.01953, 10.501],
			"rotation": {"angle": 22.5, "axis": "z", "origin": [8.27219, 12.94371, 10.57962]},
			"faces": {
				"north": {"uv": [2, 8, 2.25, 8.25], "texture": "#2"},
				"east": {"uv": [0, 0, 0, 0.25], "texture": "#2"},
				"south": {"uv": [8, 2, 8.25, 2.25], "texture": "#2"},
				"west": {"uv": [0, 0, 0, 0.25], "texture": "#2"},
				"up": {"uv": [0.25, 0, 0, 0], "texture": "#2"},
				"down": {"uv": [0.25, 0, 0, 0], "texture": "#2"}
			}
		},
		{
			"from": [5.4229, 12.51753, 9.999],
			"to": [10.4249, 13.01953, 11.001],
			"rotation": {"angle": 22.5, "axis": "z", "origin": [8.27219, 12.94371, 10.57962]},
			"faces": {
				"north": {"uv": [5.5, 2.5, 8, 2.75], "texture": "#2"},
				"east": {"uv": [7.5, 3.5, 8, 3.75], "texture": "#2"},
				"south": {"uv": [5.5, 3, 8, 3.25], "texture": "#2"},
				"west": {"uv": [7.5, 4, 8, 4.25], "texture": "#2"},
				"up": {"uv": [4.5, 5.5, 2, 5], "texture": "#2"},
				"down": {"uv": [7.5, 2, 5, 2.5], "texture": "#2"}
			}
		},
		{
			"from": [5.35, 10.9, 9.5],
			"to": [7.85, 13.9, 9.5],
			"rotation": {"angle": 22.5, "axis": "x", "origin": [7.85, 11.225, 5.5]},
			"faces": {
				"north": {"uv": [13.5, 3, 9, 9.1], "texture": "#3"},
				"east": {"uv": [0, 0, 0, 1.5], "texture": "#3"},
				"south": {"uv": [9, 3, 13.5, 9.1], "texture": "#3"},
				"west": {"uv": [0, 0, 0, 1.5], "texture": "#3"},
				"up": {"uv": [0, 0, 1.5, 0], "texture": "#3"},
				"down": {"uv": [0, 0, 1.5, 0], "texture": "#3"}
			}
		},
		{
			"from": [7.85, 12.15, 9.5],
			"to": [10.35, 15.15, 9.5],
			"rotation": {"angle": 22.5, "axis": "x", "origin": [7.85, 11.225, 5.5]},
			"faces": {
				"north": {"uv": [5, 6, 0, 12.1], "texture": "#3"},
				"east": {"uv": [0, 0, 0, 1.5], "texture": "#3"},
				"south": {"uv": [0, 6, 5, 12.1], "texture": "#3"},
				"west": {"uv": [0, 0, 0, 1.5], "texture": "#3"},
				"up": {"uv": [0, 0, 1.5, 0], "texture": "#3"},
				"down": {"uv": [0, 0, 1.5, 0], "texture": "#3"}
			}
		}
	],
	"display": {
		"thirdperson_righthand": {
			"rotation": [13, 0, 0],
			"translation": [0, 6.75, 0.25]
		},
		"thirdperson_lefthand": {
			"rotation": [13, 0, 0],
			"translation": [0, 6.75, 0.25]
		},
		"firstperson_righthand": {
			"rotation": [-28.25, 0, 0],
			"translation": [-2, 5, 2.25],
			"scale": [0.67, 0.67, 0.67]
		},
		"firstperson_lefthand": {
			"rotation": [-28.25, 0, 0],
			"translation": [-1.5, 5, 2.25],
			"scale": [0.67, 0.67, 0.67]
		},
		"ground": {
			"rotation": [45, 0, 0],
			"translation": [0, 5, 0]
		},
		"gui": {
			"rotation": [0, -180, 45],
			"translation": [-0.25, -0.25, 0]
		},
		"head": {
			"translation": [0, 3, -7.5]
		},
		"fixed": {
			"rotation": [-24, 0, 0],
			"translation": [2, 9.5, -13.5],
			"scale": [3.04, 3, 3]
		}
	}
}