{
	"credit": "Made with Blockbench",
	"texture_size": [64, 64],
	"textures": {
		"4": "fishing_rod/sunflower_rod"
	},
	"elements": [
		{
			"from": [4, -6, 8],
			"to": [12, 10, 8],
			"rotation": {"angle": 45, "axis": "y", "origin": [8, 16, 8]},
			"faces": {
				"north": {"uv": [0, 8, 2, 12], "texture": "#4"},
				"east": {"uv": [0, 0, 0, 4], "texture": "#4"},
				"south": {"uv": [8, 0, 10, 4], "texture": "#4"},
				"west": {"uv": [0, 0, 0, 4], "texture": "#4"},
				"up": {"uv": [2, 0, 0, 0], "texture": "#4"},
				"down": {"uv": [2, 0, 0, 0], "texture": "#4"}
			}
		},
		{
			"from": [4, 10, 8],
			"to": [12, 26, 8],
			"rotation": {"angle": 45, "axis": "y", "origin": [8, 16, 8]},
			"faces": {
				"north": {"uv": [2, 8, 4, 12], "texture": "#4"},
				"east": {"uv": [0, 0, 0, 4], "texture": "#4"},
				"south": {"uv": [4, 8, 6, 12], "texture": "#4"},
				"west": {"uv": [0, 0, 0, 4], "texture": "#4"},
				"up": {"uv": [2, 0, 0, 0], "texture": "#4"},
				"down": {"uv": [2, 0, 0, 0], "texture": "#4"}
			}
		},
		{
			"from": [8, 10, 4],
			"to": [8, 26, 12],
			"rotation": {"angle": 45, "axis": "y", "origin": [8, 16, 8]},
			"faces": {
				"north": {"uv": [0, 0, 0, 4], "texture": "#4"},
				"east": {"uv": [8, 8, 10, 12], "texture": "#4"},
				"south": {"uv": [0, 0, 0, 4], "texture": "#4"},
				"west": {"uv": [10, 0, 12, 4], "texture": "#4"},
				"up": {"uv": [0, 2, 0, 0], "texture": "#4"},
				"down": {"uv": [0, 0, 0, 2], "texture": "#4"}
			}
		},
		{
			"from": [8, -6, 4],
			"to": [8, 10, 12],
			"rotation": {"angle": 45, "axis": "y", "origin": [8, 16, 8]},
			"faces": {
				"north": {"uv": [0, 0, 0, 4], "texture": "#4"},
				"east": {"uv": [8, 4, 10, 8], "texture": "#4"},
				"south": {"uv": [0, 0, 0, 4], "texture": "#4"},
				"west": {"uv": [6, 8, 8, 12], "texture": "#4"},
				"up": {"uv": [0, 2, 0, 0], "texture": "#4"},
				"down": {"uv": [0, 0, 0, 2], "texture": "#4"}
			}
		},
		{
			"from": [0, 12, 8.75],
			"to": [16, 28, 8.75],
			"rotation": {"angle": 22.5, "axis": "x", "origin": [8, 24, 8]},
			"faces": {
				"north": {"uv": [0, 0, 4, 4], "texture": "#4"},
				"east": {"uv": [0, 0, 0, 4], "texture": "#4"},
				"south": {"uv": [0, 4, 4, 8], "texture": "#4"},
				"west": {"uv": [0, 0, 0, 4], "texture": "#4"},
				"up": {"uv": [4, 0, 0, 0], "texture": "#4"},
				"down": {"uv": [4, 0, 0, 0], "texture": "#4"}
			}
		},
		{
			"from": [0, 12, 8.751],
			"to": [16, 28, 8.751],
			"rotation": {"angle": 22.5, "axis": "x", "origin": [8, 24, 8]},
			"faces": {
				"north": {"uv": [4, 0, 8, 4], "texture": "#4"},
				"east": {"uv": [0, 0, 0, 4], "texture": "#4"},
				"south": {"uv": [4, 4, 8, 8], "texture": "#4"},
				"west": {"uv": [0, 0, 0, 4], "texture": "#4"},
				"up": {"uv": [4, 0, 0, 0], "texture": "#4"},
				"down": {"uv": [4, 0, 0, 0], "texture": "#4"}
			}
		},
		{
			"from": [6.5, 0.75, 7.5],
			"to": [9.5, 3.75, 10.5],
			"rotation": {"angle": -45, "axis": "x", "origin": [8, 1.25, 8]},
			"faces": {
				"north": {"uv": [10.5, 4, 11.25, 4.75], "texture": "#4"},
				"east": {"uv": [10.5, 4.75, 11.25, 5.5], "texture": "#4"},
				"south": {"uv": [10.5, 5.5, 11.25, 6.25], "texture": "#4"},
				"west": {"uv": [10.5, 6.25, 11.25, 7], "texture": "#4"},
				"up": {"uv": [11.25, 7.75, 10.5, 7], "texture": "#4"},
				"down": {"uv": [11.25, 7.75, 10.5, 8.5], "texture": "#4"}
			}
		},
		{
			"from": [3.5, 2.75, 7.5],
			"to": [6.5, 3.75, 8.5],
			"rotation": {"angle": -45, "axis": "x", "origin": [8, 1.25, 8]},
			"faces": {
				"north": {"uv": [11.25, 4, 12, 4.25], "texture": "#4"},
				"east": {"uv": [11.25, 6, 11.5, 6.25], "texture": "#4"},
				"south": {"uv": [11.25, 4.25, 12, 4.5], "texture": "#4"},
				"west": {"uv": [11.25, 6.25, 11.5, 6.5], "texture": "#4"},
				"up": {"uv": [12, 4.75, 11.25, 4.5], "texture": "#4"},
				"down": {"uv": [12, 4.75, 11.25, 5], "texture": "#4"}
			}
		},
		{
			"from": [7.95, 3.83547, 7.13672],
			"to": [8.05, 19.98547, 7.23672],
			"rotation": {"angle": 0, "axis": "x", "origin": [8, 16.11047, 2.51172]},
			"faces": {
				"north": {"uv": [10, 4, 10.25, 8], "texture": "#4"},
				"east": {"uv": [10, 8, 10.25, 12], "texture": "#4"},
				"south": {"uv": [10.25, 4, 10.5, 8], "texture": "#4"},
				"west": {"uv": [10.25, 8, 10.5, 12], "texture": "#4"},
				"up": {"uv": [11.5, 7.75, 11.25, 7.5], "texture": "#4"},
				"down": {"uv": [11.5, 7.75, 11.25, 8], "texture": "#4"}
			}
		}
	],
	"display": {
		"thirdperson_righthand": {
			"translation": [0, 3.5, 3.25],
			"scale": [0.69, 0.69, 0.69]
		},
		"thirdperson_lefthand": {
			"translation": [0, 3.5, 3.25],
			"scale": [0.69, 0.69, 0.69]
		},
		"firstperson_righthand": {
			"rotation": [-59.78, -1.29, -2.15],
			"translation": [9.5, 1.75, -9]
		},
		"firstperson_lefthand": {
			"rotation": [-59.78, -1.29, -2.15],
			"translation": [9.5, 1.75, -9]
		},
		"ground": {
			"rotation": [-67, 0, 0],
			"translation": [0, 2, 0],
			"scale": [0.5, 0.5, 0.5]
		},
		"gui": {
			"rotation": [-116.87, -9.17, -153.13],
			"translation": [-1, -0.5, 0],
			"scale": [0.9, 0.9, 0.9]
		},
		"fixed": {
			"rotation": [-69.5, 0, 0],
			"translation": [0, 9, -24.5],
			"scale": [2, 2, 2]
		}
	}
}