{
	"credit": "Made with Blockbench",
	"texture_size": [32, 32],
	"textures": {
		"1": "fishing_rod/venus_rod"
	},
	"elements": [
		{
			"from": [7, 6.8, 12.25],
			"to": [9, 8.8, 14.25],
			"rotation": {"angle": -22.5, "axis": "x", "origin": [8.5, 4.3, 12.75]},
			"faces": {
				"north": {"uv": [6.5, 8, 7.5, 9], "texture": "#1"},
				"east": {"uv": [7.5, 8, 8.5, 9], "texture": "#1"},
				"south": {"uv": [8.5, 0.5, 9.5, 1.5], "texture": "#1"},
				"west": {"uv": [8.5, 1.5, 9.5, 2.5], "texture": "#1"},
				"up": {"uv": [9.5, 3.5, 8.5, 2.5], "texture": "#1"},
				"down": {"uv": [5, 8.5, 4, 9.5], "texture": "#1"}
			}
		},
		{
			"from": [6.75, 6.08993, 14.19189],
			"to": [9.25, 8.08993, 16.69189],
			"rotation": {"angle": -45, "axis": "x", "origin": [8.5, 3.58993, 14.86689]},
			"faces": {
				"north": {"uv": [7, 0.5, 8.25, 1.5], "texture": "#1"},
				"east": {"uv": [7, 1.5, 8.25, 2.5], "texture": "#1"},
				"south": {"uv": [7, 2.5, 8.25, 3.5], "texture": "#1"},
				"west": {"uv": [5.5, 7, 6.75, 8], "texture": "#1"},
				"up": {"uv": [3.75, 7.25, 2.5, 6], "texture": "#1"},
				"down": {"uv": [5.25, 6, 4, 7.25], "texture": "#1"}
			}
		},
		{
			"from": [5.75, 3.29704, 13.1061],
			"to": [10.25, 7.29704, 17.6061],
			"rotation": {"angle": -45, "axis": "x", "origin": [8, 4.29704, 16.2811]},
			"faces": {
				"north": {"uv": [2.5, 0, 4.75, 2], "texture": "#1"},
				"east": {"uv": [2.5, 2, 4.75, 4], "texture": "#1"},
				"south": {"uv": [2.5, 4, 4.75, 6], "texture": "#1"},
				"west": {"uv": [0, 5, 2.25, 7], "texture": "#1"},
				"up": {"uv": [2.25, 2.25, 0, 0], "texture": "#1"},
				"down": {"uv": [2.25, 2.5, 0, 4.75], "texture": "#1"}
			}
		},
		{
			"from": [10.25, 6.29704, 13.1061],
			"to": [10.75, 7.29704, 17.6061],
			"rotation": {"angle": -45, "axis": "x", "origin": [8, 4.29704, 16.2811]},
			"faces": {
				"north": {"uv": [13.5, 7, 13.75, 7.5], "texture": "#1"},
				"east": {"uv": [7, 7.5, 9.25, 8], "texture": "#1"},
				"south": {"uv": [7.5, 13.5, 7.75, 14], "texture": "#1"},
				"west": {"uv": [4, 8, 6.25, 8.5], "texture": "#1"},
				"up": {"uv": [5.25, 12.75, 5, 10.5], "texture": "#1"},
				"down": {"uv": [5.75, 10.5, 5.5, 12.75], "texture": "#1"}
			}
		},
		{
			"from": [5.75, 6.29704, 17.6061],
			"to": [10.75, 7.29704, 18.1061],
			"rotation": {"angle": -45, "axis": "x", "origin": [8, 4.29704, 16.2811]},
			"faces": {
				"north": {"uv": [7, 3.5, 9.5, 4], "texture": "#1"},
				"east": {"uv": [13.5, 7.5, 13.75, 8], "texture": "#1"},
				"south": {"uv": [7, 7, 9.5, 7.5], "texture": "#1"},
				"west": {"uv": [8, 13.5, 8.25, 14], "texture": "#1"},
				"up": {"uv": [10, 10.25, 7.5, 10], "texture": "#1"},
				"down": {"uv": [12.5, 10, 10, 10.25], "texture": "#1"}
			}
		},
		{
			"from": [5.25, 6.29704, 13.1061],
			"to": [5.75, 7.29704, 18.1061],
			"rotation": {"angle": -45, "axis": "x", "origin": [8, 4.29704, 16.2811]},
			"faces": {
				"north": {"uv": [5, 13, 5.25, 13.5], "texture": "#1"},
				"east": {"uv": [0, 7, 2.5, 7.5], "texture": "#1"},
				"south": {"uv": [5.5, 13, 5.75, 13.5], "texture": "#1"},
				"west": {"uv": [7, 0, 9.5, 0.5], "texture": "#1"},
				"up": {"uv": [6.75, 12.5, 6.5, 10], "texture": "#1"},
				"down": {"uv": [7.25, 10, 7, 12.5], "texture": "#1"}
			}
		},
		{
			"from": [5.25, 6.29704, 12.6061],
			"to": [10.75, 7.29704, 13.1061],
			"rotation": {"angle": -45, "axis": "x", "origin": [8, 4.29704, 16.2811]},
			"faces": {
				"north": {"uv": [5.5, 6, 8.25, 6.5], "texture": "#1"},
				"east": {"uv": [13.5, 8, 13.75, 8.5], "texture": "#1"},
				"south": {"uv": [5.5, 6.5, 8.25, 7], "texture": "#1"},
				"west": {"uv": [8.5, 13.5, 8.75, 14], "texture": "#1"},
				"up": {"uv": [3.25, 10.25, 0.5, 10], "texture": "#1"},
				"down": {"uv": [6.25, 10, 3.5, 10.25], "texture": "#1"}
			}
		},
		{
			"from": [6.25, 2.29704, 13.6061],
			"to": [9.75, 3.29704, 17.1061],
			"rotation": {"angle": -45, "axis": "x", "origin": [8, 4.29704, 16.2811]},
			"faces": {
				"north": {"uv": [8.5, 4, 10.25, 4.5], "texture": "#1"},
				"east": {"uv": [8.5, 4.5, 10.25, 5], "texture": "#1"},
				"south": {"uv": [8.5, 5, 10.25, 5.5], "texture": "#1"},
				"west": {"uv": [8.5, 5.5, 10.25, 6], "texture": "#1"},
				"up": {"uv": [6.75, 1.75, 5, 0], "texture": "#1"},
				"down": {"uv": [6.75, 2, 5, 3.75], "texture": "#1"}
			}
		},
		{
			"from": [7.25, 8.26612, 10.74098],
			"to": [8.75, 11.26612, 12.24098],
			"rotation": {"angle": 0, "axis": "x", "origin": [8.5, 2.76612, 11.06598]},
			"faces": {
				"north": {"uv": [0, 7.5, 0.75, 9], "texture": "#1"},
				"east": {"uv": [1, 7.5, 1.75, 9], "texture": "#1"},
				"south": {"uv": [2, 7.5, 2.75, 9], "texture": "#1"},
				"west": {"uv": [3, 7.5, 3.75, 9], "texture": "#1"},
				"up": {"uv": [0.75, 11.25, 0, 10.5], "texture": "#1"},
				"down": {"uv": [1.75, 10.5, 1, 11.25], "texture": "#1"}
			}
		},
		{
			"from": [8, 11.19661, 12.09411],
			"to": [8, 11.69661, 14.09411],
			"rotation": {"angle": -22.5, "axis": "x", "origin": [8, 11.38233, 14.04054]},
			"faces": {
				"north": {"uv": [0, 0, 0, 0.25], "texture": "#1"},
				"east": {"uv": [12.5, 7.5, 13.5, 7.75], "texture": "#1"},
				"south": {"uv": [0, 0, 0, 0.25], "texture": "#1"},
				"west": {"uv": [8, 12.5, 9, 12.75], "texture": "#1"},
				"up": {"uv": [0, 1, 0, 0], "texture": "#1"},
				"down": {"uv": [0, 0, 0, 1], "texture": "#1"}
			}
		},
		{
			"from": [8, 10.69661, 11.09411],
			"to": [8, 11.19661, 13.59411],
			"rotation": {"angle": -22.5, "axis": "x", "origin": [8, 11.38233, 14.04054]},
			"faces": {
				"north": {"uv": [0, 0, 0, 0.25], "texture": "#1"},
				"east": {"uv": [8, 12, 9.25, 12.25], "texture": "#1"},
				"south": {"uv": [0, 0, 0, 0.25], "texture": "#1"},
				"west": {"uv": [12, 8, 13.25, 8.25], "texture": "#1"},
				"up": {"uv": [0, 1.25, 0, 0], "texture": "#1"},
				"down": {"uv": [0, 0, 0, 1.25], "texture": "#1"}
			}
		},
		{
			"from": [8, 10.19661, 11.09411],
			"to": [8, 10.69661, 12.59411],
			"rotation": {"angle": -22.5, "axis": "x", "origin": [8, 11.38233, 14.04054]},
			"faces": {
				"north": {"uv": [0, 0, 0, 0.25], "texture": "#1"},
				"east": {"uv": [1.5, 13, 2.25, 13.25], "texture": "#1"},
				"south": {"uv": [0, 0, 0, 0.25], "texture": "#1"},
				"west": {"uv": [2.5, 13, 3.25, 13.25], "texture": "#1"},
				"up": {"uv": [0, 0.75, 0, 0], "texture": "#1"},
				"down": {"uv": [0, 0, 0, 0.75], "texture": "#1"}
			}
		},
		{
			"from": [8, 11.69661, 14.09411],
			"to": [8, 13.19661, 14.59411],
			"rotation": {"angle": -22.5, "axis": "x", "origin": [8, 11.38233, 14.04054]},
			"faces": {
				"north": {"uv": [0, 0, 0, 0.75], "texture": "#1"},
				"east": {"uv": [12.5, 11.5, 12.75, 12.25], "texture": "#1"},
				"south": {"uv": [0, 0, 0, 0.75], "texture": "#1"},
				"west": {"uv": [12, 12.5, 12.25, 13.25], "texture": "#1"},
				"up": {"uv": [0, 0.25, 0, 0], "texture": "#1"},
				"down": {"uv": [0, 0, 0, 0.25], "texture": "#1"}
			}
		},
		{
			"from": [8, 13.19661, 12.59411],
			"to": [8, 14.19661, 13.09411],
			"rotation": {"angle": -22.5, "axis": "x", "origin": [8, 11.38233, 14.04054]},
			"faces": {
				"north": {"uv": [0, 0, 0, 0.5], "texture": "#1"},
				"east": {"uv": [13.5, 6.5, 13.75, 7], "texture": "#1"},
				"south": {"uv": [0, 0, 0, 0.5], "texture": "#1"},
				"west": {"uv": [7, 13.5, 7.25, 14], "texture": "#1"},
				"up": {"uv": [0, 0.25, 0, 0], "texture": "#1"},
				"down": {"uv": [0, 0, 0, 0.25], "texture": "#1"}
			}
		},
		{
			"from": [8, 13.69661, 12.09411],
			"to": [8, 14.19661, 12.59411],
			"rotation": {"angle": -22.5, "axis": "x", "origin": [8, 11.38233, 14.04054]},
			"faces": {
				"north": {"uv": [0, 0, 0, 0.25], "texture": "#1"},
				"east": {"uv": [13.5, 9, 13.75, 9.25], "texture": "#1"},
				"south": {"uv": [0, 0, 0, 0.25], "texture": "#1"},
				"west": {"uv": [9.5, 13.5, 9.75, 13.75], "texture": "#1"},
				"up": {"uv": [0, 0.25, 0, 0], "texture": "#1"},
				"down": {"uv": [0, 0, 0, 0.25], "texture": "#1"}
			}
		},
		{
			"from": [8, 11.69661, 13.09411],
			"to": [8, 13.69661, 14.09411],
			"rotation": {"angle": -22.5, "axis": "x", "origin": [8, 11.38233, 14.04054]},
			"faces": {
				"north": {"uv": [0, 0, 0, 1], "texture": "#1"},
				"east": {"uv": [12, 6, 12.5, 7], "texture": "#1"},
				"south": {"uv": [0, 0, 0, 1], "texture": "#1"},
				"west": {"uv": [7.5, 12, 8, 13], "texture": "#1"},
				"up": {"uv": [0, 0.5, 0, 0], "texture": "#1"},
				"down": {"uv": [0, 0, 0, 0.5], "texture": "#1"}
			}
		},
		{
			"from": [8, 9.28823, 8.32268],
			"to": [8, 11.28823, 9.32268],
			"rotation": {"angle": -22.5, "axis": "x", "origin": [8, 9.19657, 9.08935]},
			"faces": {
				"north": {"uv": [0, 0, 0, 1], "rotation": 180, "texture": "#1"},
				"east": {"uv": [4, 7.5, 5, 8], "rotation": 270, "texture": "#1"},
				"south": {"uv": [0, 1, 0, 0], "texture": "#1"},
				"west": {"uv": [4, 9.5, 5, 10], "rotation": 90, "texture": "#1"},
				"up": {"uv": [0, 0, 0, 0.5], "rotation": 180, "texture": "#1"},
				"down": {"uv": [0, 0, 0, 0.5], "texture": "#1"}
			}
		},
		{
			"from": [8, 10.28823, 9.32268],
			"to": [8, 11.78823, 9.82268],
			"rotation": {"angle": -22.5, "axis": "x", "origin": [8, 9.19657, 9.08935]},
			"faces": {
				"north": {"uv": [0, 0, 0, 0.75], "rotation": 180, "texture": "#1"},
				"east": {"uv": [13, 3, 13.75, 3.25], "rotation": 270, "texture": "#1"},
				"south": {"uv": [0, 0.75, 0, 0], "texture": "#1"},
				"west": {"uv": [3.5, 13, 4.25, 13.25], "rotation": 90, "texture": "#1"},
				"up": {"uv": [0, 0, 0, 0.25], "rotation": 180, "texture": "#1"},
				"down": {"uv": [0, 0, 0, 0.25], "texture": "#1"}
			}
		},
		{
			"from": [8, 9.28823, 7.82268],
			"to": [8, 10.78823, 8.32268],
			"rotation": {"angle": -22.5, "axis": "x", "origin": [8, 9.19657, 9.08935]},
			"faces": {
				"north": {"uv": [0, 0, 0, 0.75], "rotation": 180, "texture": "#1"},
				"east": {"uv": [13, 3.5, 13.75, 3.75], "rotation": 270, "texture": "#1"},
				"south": {"uv": [0, 0.75, 0, 0], "texture": "#1"},
				"west": {"uv": [13, 4, 13.75, 4.25], "rotation": 90, "texture": "#1"},
				"up": {"uv": [0, 0, 0, 0.25], "rotation": 180, "texture": "#1"},
				"down": {"uv": [0, 0, 0, 0.25], "texture": "#1"}
			}
		},
		{
			"from": [8, 8.28823, 8.82268],
			"to": [8, 8.78823, 10.82268],
			"rotation": {"angle": -22.5, "axis": "x", "origin": [8, 9.19657, 9.08935]},
			"faces": {
				"north": {"uv": [0, 0, 0, 0.25], "rotation": 180, "texture": "#1"},
				"east": {"uv": [10.5, 12.5, 10.75, 13.5], "rotation": 270, "texture": "#1"},
				"south": {"uv": [0, 0.25, 0, 0], "texture": "#1"},
				"west": {"uv": [12.5, 10.5, 12.75, 11.5], "rotation": 90, "texture": "#1"},
				"up": {"uv": [0, 0, 0, 1], "rotation": 180, "texture": "#1"},
				"down": {"uv": [0, 0, 0, 1], "texture": "#1"}
			}
		},
		{
			"from": [8, 8.78823, 8.32268],
			"to": [8, 9.28823, 10.32268],
			"rotation": {"angle": -22.5, "axis": "x", "origin": [8, 9.19657, 9.08935]},
			"faces": {
				"north": {"uv": [0, 0, 0, 0.25], "rotation": 180, "texture": "#1"},
				"east": {"uv": [11, 12.5, 11.25, 13.5], "rotation": 270, "texture": "#1"},
				"south": {"uv": [0, 0.25, 0, 0], "texture": "#1"},
				"west": {"uv": [11.5, 12.5, 11.75, 13.5], "rotation": 90, "texture": "#1"},
				"up": {"uv": [0, 0, 0, 1], "rotation": 180, "texture": "#1"},
				"down": {"uv": [0, 0, 0, 1], "texture": "#1"}
			}
		},
		{
			"from": [8, 7.78823, 9.82268],
			"to": [8, 8.28823, 11.32268],
			"rotation": {"angle": -22.5, "axis": "x", "origin": [8, 9.19657, 9.08935]},
			"faces": {
				"north": {"uv": [0, 0, 0, 0.25], "rotation": 180, "texture": "#1"},
				"east": {"uv": [4.5, 13, 4.75, 13.75], "rotation": 270, "texture": "#1"},
				"south": {"uv": [0, 0.25, 0, 0], "texture": "#1"},
				"west": {"uv": [13, 4.5, 13.25, 5.25], "rotation": 90, "texture": "#1"},
				"up": {"uv": [0, 0, 0, 0.75], "rotation": 180, "texture": "#1"},
				"down": {"uv": [0, 0, 0, 0.75], "texture": "#1"}
			}
		},
		{
			"from": [7.5, 10.71919, 10.85207],
			"to": [8.5, 13.71919, 11.85207],
			"rotation": {"angle": -45, "axis": "x", "origin": [8, 11.21919, 11.27707]},
			"faces": {
				"north": {"uv": [5, 8.5, 5.5, 10], "texture": "#1"},
				"east": {"uv": [5.5, 8.5, 6, 10], "texture": "#1"},
				"south": {"uv": [6, 8.5, 6.5, 10], "texture": "#1"},
				"west": {"uv": [0, 9, 0.5, 10.5], "texture": "#1"},
				"up": {"uv": [5.5, 8, 5, 7.5], "texture": "#1"},
				"down": {"uv": [13, 3, 12.5, 3.5], "texture": "#1"}
			}
		},
		{
			"from": [7.5, 13.01767, 8.37819],
			"to": [8.5, 14.01767, 10.37819],
			"rotation": {"angle": 22.5, "axis": "x", "origin": [8.25, 14.86767, 8.57819]},
			"faces": {
				"north": {"uv": [13, 4, 12.5, 3.5], "rotation": 180, "texture": "#1"},
				"east": {"uv": [4.5, 10.5, 5, 11.5], "rotation": 90, "texture": "#1"},
				"south": {"uv": [5, 12.5, 4.5, 13], "texture": "#1"},
				"west": {"uv": [6, 11.5, 6.5, 12.5], "rotation": 270, "texture": "#1"},
				"up": {"uv": [6, 10.5, 6.5, 11.5], "texture": "#1"},
				"down": {"uv": [3.5, 9, 4, 10], "rotation": 180, "texture": "#1"}
			}
		},
		{
			"from": [7.75, 13.98376, 7.44963],
			"to": [8.25, 14.48376, 9.44963],
			"rotation": {"angle": 22.5, "axis": "x", "origin": [8, 15.83376, 7.14963]},
			"faces": {
				"north": {"uv": [13.5, 8.5, 13.75, 8.75], "texture": "#1"},
				"east": {"uv": [6, 12.5, 7, 12.75], "texture": "#1"},
				"south": {"uv": [9, 13.5, 9.25, 13.75], "texture": "#1"},
				"west": {"uv": [12.5, 6, 13.5, 6.25], "texture": "#1"},
				"up": {"uv": [12.75, 7.5, 12.5, 6.5], "texture": "#1"},
				"down": {"uv": [7.25, 12.5, 7, 13.5], "texture": "#1"}
			}
		},
		{
			"from": [6.75, 14.94524, 3.80042],
			"to": [9.25, 15.44524, 4.30042],
			"rotation": {"angle": 45, "axis": "x", "origin": [8, 15.19524, 6.05042]},
			"faces": {
				"north": {"uv": [12, 8.5, 13.25, 8.75], "texture": "#1"},
				"east": {"uv": [13.5, 9.5, 13.75, 9.75], "texture": "#1"},
				"south": {"uv": [9.5, 12, 10.75, 12.25], "texture": "#1"},
				"west": {"uv": [10, 13.5, 10.25, 13.75], "texture": "#1"},
				"up": {"uv": [12.25, 12.25, 11, 12], "texture": "#1"},
				"down": {"uv": [1.25, 12.5, 0, 12.75], "texture": "#1"}
			}
		},
		{
			"from": [10.25, 15.97899, 4.10446],
			"to": [10.75, 15.97899, 5.10446],
			"rotation": {"angle": 22.5, "axis": "x", "origin": [11, 16.22899, 4.85446]},
			"faces": {
				"north": {"uv": [0, 0, 0.25, 0], "texture": "#1"},
				"east": {"uv": [0, 0, 0.5, 0], "texture": "#1"},
				"south": {"uv": [0, 0, 0.25, 0], "texture": "#1"},
				"west": {"uv": [0, 0, 0.5, 0], "texture": "#1"},
				"up": {"uv": [13.25, 7.5, 13, 7], "texture": "#1"},
				"down": {"uv": [7.75, 13, 7.5, 13.5], "texture": "#1"}
			}
		},
		{
			"from": [9.25, 15.01846, 2.62364],
			"to": [9.75, 15.01846, 4.12364],
			"rotation": {"angle": 45, "axis": "x", "origin": [8.5, 15.01846, 5.87364]},
			"faces": {
				"north": {"uv": [0, 0, 0.25, 0], "texture": "#1"},
				"east": {"uv": [0, 0, 0.75, 0], "texture": "#1"},
				"south": {"uv": [0, 0, 0.25, 0], "texture": "#1"},
				"west": {"uv": [0, 0, 0.75, 0], "texture": "#1"},
				"up": {"uv": [12.75, 13.25, 12.5, 12.5], "texture": "#1"},
				"down": {"uv": [0.25, 13, 0, 13.75], "texture": "#1"}
			}
		},
		{
			"from": [8.25, 16.45669, 4.01467],
			"to": [8.75, 17.45669, 4.01467],
			"rotation": {"angle": -22.5, "axis": "x", "origin": [9.5, 17.20669, 3.76467]},
			"faces": {
				"north": {"uv": [8, 13, 8.25, 13.5], "texture": "#1"},
				"east": {"uv": [0, 0, 0, 0.5], "texture": "#1"},
				"south": {"uv": [8.5, 13, 8.75, 13.5], "texture": "#1"},
				"west": {"uv": [0, 0, 0, 0.5], "texture": "#1"},
				"up": {"uv": [0.25, 0, 0, 0], "texture": "#1"},
				"down": {"uv": [0.25, 0, 0, 0], "texture": "#1"}
			}
		},
		{
			"from": [5.25, 15.95029, 4.09875],
			"to": [5.75, 15.95029, 5.09875],
			"rotation": {"angle": 22.5, "axis": "x", "origin": [4.5, 16.20029, 4.92375]},
			"faces": {
				"north": {"uv": [0, 0, 0.25, 0], "texture": "#1"},
				"east": {"uv": [0, 0, 0.5, 0], "texture": "#1"},
				"south": {"uv": [0, 0, 0.25, 0], "texture": "#1"},
				"west": {"uv": [0, 0, 0.5, 0], "texture": "#1"},
				"up": {"uv": [9.75, 13.5, 9.5, 13], "texture": "#1"},
				"down": {"uv": [13.25, 9.5, 13, 10], "texture": "#1"}
			}
		},
		{
			"from": [6.25, 15.01846, 3.12364],
			"to": [6.75, 15.01846, 4.12364],
			"rotation": {"angle": 45, "axis": "x", "origin": [7, 15.01846, 5.87364]},
			"faces": {
				"north": {"uv": [0, 0, 0.25, 0], "texture": "#1"},
				"east": {"uv": [0, 0, 0.5, 0], "texture": "#1"},
				"south": {"uv": [0, 0, 0.25, 0], "texture": "#1"},
				"west": {"uv": [0, 0, 0.5, 0], "texture": "#1"},
				"up": {"uv": [9.25, 13.5, 9, 13], "texture": "#1"},
				"down": {"uv": [13.25, 9, 13, 9.5], "texture": "#1"}
			}
		},
		{
			"from": [7.25, 16.45669, 4.01467],
			"to": [7.75, 17.95669, 4.01467],
			"rotation": {"angle": -22.5, "axis": "x", "origin": [6.5, 17.20669, 3.76467]},
			"faces": {
				"north": {"uv": [0.5, 13, 0.75, 13.75], "texture": "#1"},
				"east": {"uv": [0, 0, 0, 0.75], "texture": "#1"},
				"south": {"uv": [1, 13, 1.25, 13.75], "texture": "#1"},
				"west": {"uv": [0, 0, 0, 0.75], "texture": "#1"},
				"up": {"uv": [0.25, 0, 0, 0], "texture": "#1"},
				"down": {"uv": [0.25, 0, 0, 0], "texture": "#1"}
			}
		},
		{
			"from": [10.75, 12.45146, 4.49646],
			"to": [11.25, 12.45146, 5.49646],
			"rotation": {"angle": -22.5, "axis": "x", "origin": [11, 12.20146, 4.74646]},
			"faces": {
				"north": {"uv": [0, 0, 0.25, 0], "texture": "#1"},
				"east": {"uv": [0, 0, 0.5, 0], "texture": "#1"},
				"south": {"uv": [0, 0, 0.25, 0], "texture": "#1"},
				"west": {"uv": [0, 0, 0.5, 0], "texture": "#1"},
				"up": {"uv": [1.75, 14, 1.5, 13.5], "texture": "#1"},
				"down": {"uv": [2.25, 13.5, 2, 14], "texture": "#1"}
			}
		},
		{
			"from": [9.75, 13.24999, 3.62435],
			"to": [10.25, 13.24999, 4.12435],
			"rotation": {"angle": -45, "axis": "x", "origin": [8, 13.24999, 5.87435]},
			"faces": {
				"north": {"uv": [0, 0, 0.25, 0], "texture": "#1"},
				"east": {"uv": [0, 0, 0.25, 0], "texture": "#1"},
				"south": {"uv": [0, 0, 0.25, 0], "texture": "#1"},
				"west": {"uv": [0, 0, 0.25, 0], "texture": "#1"},
				"up": {"uv": [1.75, 14.25, 1.5, 14], "texture": "#1"},
				"down": {"uv": [14.25, 1.5, 14, 1.75], "texture": "#1"}
			}
		},
		{
			"from": [8.75, 10.81247, 4.01467],
			"to": [9.25, 11.81247, 4.01467],
			"rotation": {"angle": 22.5, "axis": "x", "origin": [9, 11.06247, 3.76467]},
			"faces": {
				"north": {"uv": [13, 12.5, 13.25, 13], "texture": "#1"},
				"east": {"uv": [0, 0, 0, 0.5], "texture": "#1"},
				"south": {"uv": [13, 13, 13.25, 13.5], "texture": "#1"},
				"west": {"uv": [0, 0, 0, 0.5], "texture": "#1"},
				"up": {"uv": [0.25, 0, 0, 0], "texture": "#1"},
				"down": {"uv": [0.25, 0, 0, 0], "texture": "#1"}
			}
		},
		{
			"from": [7.75, 10.65971, 4.28265],
			"to": [8.25, 11.65971, 4.28265],
			"rotation": {"angle": 0, "axis": "x", "origin": [7, 13.15971, 5.78265]},
			"faces": {
				"north": {"uv": [13, 11.5, 13.25, 12], "texture": "#1"},
				"east": {"uv": [0, 0, 0, 0.5], "texture": "#1"},
				"south": {"uv": [13, 12, 13.25, 12.5], "texture": "#1"},
				"west": {"uv": [0, 0, 0, 0.5], "texture": "#1"},
				"up": {"uv": [0.25, 0, 0, 0], "texture": "#1"},
				"down": {"uv": [0.25, 0, 0, 0], "texture": "#1"}
			}
		},
		{
			"from": [6.75, 10.81247, 4.01467],
			"to": [7.25, 11.81247, 4.01467],
			"rotation": {"angle": 22.5, "axis": "x", "origin": [7, 11.06247, 3.76467]},
			"faces": {
				"north": {"uv": [13, 10.5, 13.25, 11], "texture": "#1"},
				"east": {"uv": [0, 0, 0, 0.5], "texture": "#1"},
				"south": {"uv": [13, 11, 13.25, 11.5], "texture": "#1"},
				"west": {"uv": [0, 0, 0, 0.5], "texture": "#1"},
				"up": {"uv": [0.25, 0, 0, 0], "texture": "#1"},
				"down": {"uv": [0.25, 0, 0, 0], "texture": "#1"}
			}
		},
		{
			"from": [5.75, 13.24999, 3.62435],
			"to": [6.25, 13.24999, 4.12435],
			"rotation": {"angle": -45, "axis": "x", "origin": [8, 13.24999, 5.87435]},
			"faces": {
				"north": {"uv": [0, 0, 0.25, 0], "texture": "#1"},
				"east": {"uv": [0, 0, 0.25, 0], "texture": "#1"},
				"south": {"uv": [0, 0, 0.25, 0], "texture": "#1"},
				"west": {"uv": [0, 0, 0.25, 0], "texture": "#1"},
				"up": {"uv": [1.25, 14.25, 1, 14], "texture": "#1"},
				"down": {"uv": [14.25, 1, 14, 1.25], "texture": "#1"}
			}
		},
		{
			"from": [4.75, 12.45146, 4.49646],
			"to": [5.25, 12.45146, 5.49646],
			"rotation": {"angle": -22.5, "axis": "x", "origin": [4.5, 12.20146, 4.74646]},
			"faces": {
				"north": {"uv": [0, 0, 0.25, 0], "texture": "#1"},
				"east": {"uv": [0, 0, 0.5, 0], "texture": "#1"},
				"south": {"uv": [0, 0, 0.25, 0], "texture": "#1"},
				"west": {"uv": [0, 0, 0.5, 0], "texture": "#1"},
				"up": {"uv": [10.25, 13.5, 10, 13], "texture": "#1"},
				"down": {"uv": [13.25, 10, 13, 10.5], "texture": "#1"}
			}
		},
		{
			"from": [5.75, 14.94524, 4.30042],
			"to": [10.25, 15.44524, 4.80042],
			"rotation": {"angle": 45, "axis": "x", "origin": [8, 15.19524, 6.05042]},
			"faces": {
				"north": {"uv": [2, 10.5, 4.25, 10.75], "texture": "#1"},
				"east": {"uv": [13.5, 10, 13.75, 10.25], "texture": "#1"},
				"south": {"uv": [10.5, 4, 12.75, 4.25], "texture": "#1"},
				"west": {"uv": [10.5, 13.5, 10.75, 13.75], "texture": "#1"},
				"up": {"uv": [12.75, 4.75, 10.5, 4.5], "texture": "#1"},
				"down": {"uv": [12.75, 5, 10.5, 5.25], "texture": "#1"}
			}
		},
		{
			"from": [5.75, 14.94524, 6.80042],
			"to": [10.25, 15.44524, 7.30042],
			"rotation": {"angle": 45, "axis": "x", "origin": [8, 15.19524, 6.05042]},
			"faces": {
				"north": {"uv": [10.5, 5.5, 12.75, 5.75], "texture": "#1"},
				"east": {"uv": [13.5, 11.5, 13.75, 11.75], "texture": "#1"},
				"south": {"uv": [7.5, 10.5, 9.75, 10.75], "texture": "#1"},
				"west": {"uv": [12, 13.5, 12.25, 13.75], "texture": "#1"},
				"up": {"uv": [12.25, 10.75, 10, 10.5], "texture": "#1"},
				"down": {"uv": [4.25, 11, 2, 11.25], "texture": "#1"}
			}
		},
		{
			"from": [6.75, 14.94524, 7.30042],
			"to": [9.25, 15.44524, 7.80042],
			"rotation": {"angle": 45, "axis": "x", "origin": [8, 15.19524, 6.05042]},
			"faces": {
				"north": {"uv": [12.5, 1.5, 13.75, 1.75], "texture": "#1"},
				"east": {"uv": [3.5, 14, 3.75, 14.25], "texture": "#1"},
				"south": {"uv": [12.5, 2, 13.75, 2.25], "texture": "#1"},
				"west": {"uv": [14, 3.5, 14.25, 3.75], "texture": "#1"},
				"up": {"uv": [13.75, 2.75, 12.5, 2.5], "texture": "#1"},
				"down": {"uv": [4.25, 12.5, 3, 12.75], "texture": "#1"}
			}
		},
		{
			"from": [5.25, 14.94524, 4.80042],
			"to": [10.75, 15.44524, 5.30042],
			"rotation": {"angle": 45, "axis": "x", "origin": [8, 15.19524, 6.05042]},
			"faces": {
				"north": {"uv": [0.5, 9, 3.25, 9.25], "texture": "#1"},
				"east": {"uv": [13.5, 10.5, 13.75, 10.75], "texture": "#1"},
				"south": {"uv": [6.5, 9, 9.25, 9.25], "texture": "#1"},
				"west": {"uv": [11, 13.5, 11.25, 13.75], "texture": "#1"},
				"up": {"uv": [12.25, 0.25, 9.5, 0], "texture": "#1"},
				"down": {"uv": [3.25, 9.5, 0.5, 9.75], "texture": "#1"}
			}
		},
		{
			"from": [5.25, 14.94524, 6.30042],
			"to": [10.75, 15.44524, 6.80042],
			"rotation": {"angle": 45, "axis": "x", "origin": [8, 15.19524, 6.05042]},
			"faces": {
				"north": {"uv": [9.5, 0.5, 12.25, 0.75], "texture": "#1"},
				"east": {"uv": [13.5, 11, 13.75, 11.25], "texture": "#1"},
				"south": {"uv": [9.5, 1, 12.25, 1.25], "texture": "#1"},
				"west": {"uv": [11.5, 13.5, 11.75, 13.75], "texture": "#1"},
				"up": {"uv": [12.25, 1.75, 9.5, 1.5], "texture": "#1"},
				"down": {"uv": [12.25, 2, 9.5, 2.25], "texture": "#1"}
			}
		},
		{
			"from": [4.75, 14.94524, 5.30042],
			"to": [11.25, 15.44524, 6.30042],
			"rotation": {"angle": 45, "axis": "x", "origin": [8, 15.19524, 6.05042]},
			"faces": {
				"north": {"uv": [8.5, 6, 11.75, 6.25], "texture": "#1"},
				"east": {"uv": [13, 5.5, 13.5, 5.75], "texture": "#1"},
				"south": {"uv": [8.5, 6.5, 11.75, 6.75], "texture": "#1"},
				"west": {"uv": [6, 13, 6.5, 13.25], "texture": "#1"},
				"up": {"uv": [8.25, 4.5, 5, 4], "texture": "#1"},
				"down": {"uv": [8.25, 4.5, 5, 5], "texture": "#1"}
			}
		},
		{
			"from": [6.75, 8.44435, 14.7272],
			"to": [9.25, 8.94435, 15.2272],
			"rotation": {"angle": -45, "axis": "x", "origin": [8, -2.30565, 6.2272]},
			"faces": {
				"north": {"uv": [12.5, 0, 13.75, 0.25], "texture": "#1"},
				"east": {"uv": [0.5, 14, 0.75, 14.25], "texture": "#1"},
				"south": {"uv": [12.5, 0.5, 13.75, 0.75], "texture": "#1"},
				"west": {"uv": [14, 0.5, 14.25, 0.75], "texture": "#1"},
				"up": {"uv": [13.75, 1.25, 12.5, 1], "texture": "#1"},
				"down": {"uv": [2.75, 12.5, 1.5, 12.75], "texture": "#1"}
			}
		},
		{
			"from": [5.75, 8.44435, 15.2272],
			"to": [10.25, 8.94435, 15.7272],
			"rotation": {"angle": -45, "axis": "x", "origin": [8, -2.30565, 6.2272]},
			"faces": {
				"north": {"uv": [7.5, 11.5, 9.75, 11.75], "texture": "#1"},
				"east": {"uv": [0, 14, 0.25, 14.25], "texture": "#1"},
				"south": {"uv": [10, 11.5, 12.25, 11.75], "texture": "#1"},
				"west": {"uv": [14, 0, 14.25, 0.25], "texture": "#1"},
				"up": {"uv": [2.25, 12.25, 0, 12], "texture": "#1"},
				"down": {"uv": [4.75, 12, 2.5, 12.25], "texture": "#1"}
			}
		},
		{
			"from": [5.25, 8.44435, 15.7272],
			"to": [10.75, 8.94435, 16.2272],
			"rotation": {"angle": -45, "axis": "x", "origin": [8, -2.30565, 6.2272]},
			"faces": {
				"north": {"uv": [9.5, 7, 12.25, 7.25], "texture": "#1"},
				"east": {"uv": [13.5, 13, 13.75, 13.25], "texture": "#1"},
				"south": {"uv": [9.5, 7.5, 12.25, 7.75], "texture": "#1"},
				"west": {"uv": [13.5, 13.5, 13.75, 13.75], "texture": "#1"},
				"up": {"uv": [12.25, 9.25, 9.5, 9], "texture": "#1"},
				"down": {"uv": [12.25, 9.5, 9.5, 9.75], "texture": "#1"}
			}
		},
		{
			"from": [4.75, 8.44435, 16.2272],
			"to": [11.25, 8.94435, 17.2272],
			"rotation": {"angle": -45, "axis": "x", "origin": [8, -2.30565, 6.2272]},
			"faces": {
				"north": {"uv": [8.5, 8, 11.75, 8.25], "texture": "#1"},
				"east": {"uv": [6.5, 13, 7, 13.25], "texture": "#1"},
				"south": {"uv": [8.5, 8.5, 11.75, 8.75], "texture": "#1"},
				"west": {"uv": [13, 6.5, 13.5, 6.75], "texture": "#1"},
				"up": {"uv": [8.25, 5.5, 5, 5], "texture": "#1"},
				"down": {"uv": [8.25, 5.5, 5, 6], "texture": "#1"}
			}
		},
		{
			"from": [5.25, 8.44435, 17.2272],
			"to": [10.75, 8.94435, 17.7272],
			"rotation": {"angle": -45, "axis": "x", "origin": [8, -2.30565, 6.2272]},
			"faces": {
				"north": {"uv": [9.5, 2.5, 12.25, 2.75], "texture": "#1"},
				"east": {"uv": [13.5, 12.5, 13.75, 12.75], "texture": "#1"},
				"south": {"uv": [9.5, 3, 12.25, 3.25], "texture": "#1"},
				"west": {"uv": [13, 13.5, 13.25, 13.75], "texture": "#1"},
				"up": {"uv": [12.25, 3.75, 9.5, 3.5], "texture": "#1"},
				"down": {"uv": [9.25, 9.5, 6.5, 9.75], "texture": "#1"}
			}
		},
		{
			"from": [5.75, 8.44435, 17.7272],
			"to": [10.25, 8.94435, 18.2272],
			"rotation": {"angle": -45, "axis": "x", "origin": [8, -2.30565, 6.2272]},
			"faces": {
				"north": {"uv": [7.5, 11, 9.75, 11.25], "texture": "#1"},
				"east": {"uv": [13.5, 12, 13.75, 12.25], "texture": "#1"},
				"south": {"uv": [10, 11, 12.25, 11.25], "texture": "#1"},
				"west": {"uv": [12.5, 13.5, 12.75, 13.75], "texture": "#1"},
				"up": {"uv": [2.25, 11.75, 0, 11.5], "texture": "#1"},
				"down": {"uv": [4.75, 11.5, 2.5, 11.75], "texture": "#1"}
			}
		},
		{
			"from": [7.5, 13.60247, 5.52542],
			"to": [8.5, 14.10247, 6.52542],
			"rotation": {"angle": -22.5, "axis": "x", "origin": [9.25, 12.85247, 5.52542]},
			"faces": {
				"north": {"uv": [2.5, 13.5, 3, 13.75], "texture": "#1"},
				"east": {"uv": [3, 13.5, 3.5, 13.75], "texture": "#1"},
				"south": {"uv": [3.5, 13.5, 4, 13.75], "texture": "#1"},
				"west": {"uv": [4, 13.5, 4.5, 13.75], "texture": "#1"},
				"up": {"uv": [9.5, 13, 9, 12.5], "texture": "#1"},
				"down": {"uv": [13, 9, 12.5, 9.5], "texture": "#1"}
			}
		},
		{
			"from": [7.5, 13.89001, 5.97094],
			"to": [8.5, 14.39001, 6.97094],
			"rotation": {"angle": 0, "axis": "x", "origin": [9.25, 13.14001, 5.97094]},
			"faces": {
				"north": {"uv": [13.5, 5.5, 14, 5.75], "texture": "#1"},
				"east": {"uv": [6, 13.5, 6.5, 13.75], "texture": "#1"},
				"south": {"uv": [13.5, 6, 14, 6.25], "texture": "#1"},
				"west": {"uv": [6.5, 13.5, 7, 13.75], "texture": "#1"},
				"up": {"uv": [10.5, 13, 10, 12.5], "texture": "#1"},
				"down": {"uv": [13, 10, 12.5, 10.5], "texture": "#1"}
			}
		},
		{
			"from": [7.5, 13.80022, 4.75417],
			"to": [8.5, 14.30022, 5.75417],
			"rotation": {"angle": -45, "axis": "x", "origin": [9.25, 13.30022, 5.75417]},
			"faces": {
				"north": {"uv": [13.5, 4.5, 14, 4.75], "texture": "#1"},
				"east": {"uv": [5, 13.5, 5.5, 13.75], "texture": "#1"},
				"south": {"uv": [13.5, 5, 14, 5.25], "texture": "#1"},
				"west": {"uv": [5.5, 13.5, 6, 13.75], "texture": "#1"},
				"up": {"uv": [10, 13, 9.5, 12.5], "texture": "#1"},
				"down": {"uv": [13, 9.5, 12.5, 10], "texture": "#1"}
			}
		},
		{
			"from": [7.75, 13.80022, 4.25417],
			"to": [8.25, 14.30022, 4.75417],
			"rotation": {"angle": -45, "axis": "x", "origin": [9.25, 13.30022, 5.75417]},
			"faces": {
				"north": {"uv": [2, 14, 2.25, 14.25], "texture": "#1"},
				"east": {"uv": [14, 2, 14.25, 2.25], "texture": "#1"},
				"south": {"uv": [2.5, 14, 2.75, 14.25], "texture": "#1"},
				"west": {"uv": [14, 2.5, 14.25, 2.75], "texture": "#1"},
				"up": {"uv": [3.25, 14.25, 3, 14], "texture": "#1"},
				"down": {"uv": [14.25, 3, 14, 3.25], "texture": "#1"}
			}
		}
	],
	"display": {
		"thirdperson_righthand": {
			"rotation": [68.53, -1.44, 1.14],
			"translation": [1, 6.5, 0.75]
		},
		"thirdperson_lefthand": {
			"rotation": [49.53, -1.44, 1.14],
			"translation": [1, 6, -1.5]
		},
		"firstperson_righthand": {
			"rotation": [1.5, 0, 0],
			"translation": [0.25, 5.25, 0.25],
			"scale": [0.48, 0.48, 0.48]
		},
		"firstperson_lefthand": {
			"rotation": [1.5, 0, 0],
			"translation": [0.25, 5.25, 0.25],
			"scale": [0.48, 0.48, 0.48]
		},
		"ground": {
			"translation": [0, 1.75, 0],
			"scale": [0.5, 0.5, 0.5]
		},
		"gui": {
			"rotation": [-163.79, 31.66, 167.27],
			"translation": [-1, -2.5, 0]
		},
		"head": {
			"rotation": [-76.5, 0, 0],
			"translation": [0, 10.5, 33.5],
			"scale": [4, 4, 4]
		},
		"fixed": {
			"translation": [0, 11.75, -24.25],
			"scale": [3, 3, 3]
		}
	}
}