{
	"credit": "Made with Blockbench",
	"texture_size": [32, 32],
	"textures": {
		"8": "fishing_rod/venus_rod"
	},
	"elements": [
		{
			"from": [7, 6.8, 12.25],
			"to": [9, 8.8, 14.25],
			"rotation": {"angle": -22.5, "axis": "x", "origin": [8.5, 4.3, 12.75]},
			"faces": {
				"north": {"uv": [6.5, 8, 7.5, 9], "texture": "#8"},
				"east": {"uv": [7.5, 8, 8.5, 9], "texture": "#8"},
				"south": {"uv": [8.5, 0.5, 9.5, 1.5], "texture": "#8"},
				"west": {"uv": [8.5, 1.5, 9.5, 2.5], "texture": "#8"},
				"up": {"uv": [9.5, 3.5, 8.5, 2.5], "texture": "#8"},
				"down": {"uv": [5, 8.5, 4, 9.5], "texture": "#8"}
			}
		},
		{
			"from": [6.75, 6.08993, 14.19189],
			"to": [9.25, 8.08993, 16.69189],
			"rotation": {"angle": -45, "axis": "x", "origin": [8.5, 3.58993, 14.86689]},
			"faces": {
				"north": {"uv": [7, 0.5, 8.25, 1.5], "texture": "#8"},
				"east": {"uv": [7, 1.5, 8.25, 2.5], "texture": "#8"},
				"south": {"uv": [7, 2.5, 8.25, 3.5], "texture": "#8"},
				"west": {"uv": [5.5, 7, 6.75, 8], "texture": "#8"},
				"up": {"uv": [3.75, 7.25, 2.5, 6], "texture": "#8"},
				"down": {"uv": [5.25, 6, 4, 7.25], "texture": "#8"}
			}
		},
		{
			"from": [5.75, 3.29704, 13.1061],
			"to": [10.25, 7.29704, 17.6061],
			"rotation": {"angle": -45, "axis": "x", "origin": [8, 4.29704, 16.2811]},
			"faces": {
				"north": {"uv": [2.5, 0, 4.75, 2], "texture": "#8"},
				"east": {"uv": [2.5, 2, 4.75, 4], "texture": "#8"},
				"south": {"uv": [2.5, 4, 4.75, 6], "texture": "#8"},
				"west": {"uv": [0, 5, 2.25, 7], "texture": "#8"},
				"up": {"uv": [2.25, 2.25, 0, 0], "texture": "#8"},
				"down": {"uv": [2.25, 2.5, 0, 4.75], "texture": "#8"}
			}
		},
		{
			"from": [10.25, 6.29704, 13.1061],
			"to": [10.75, 7.29704, 17.6061],
			"rotation": {"angle": -45, "axis": "x", "origin": [8, 4.29704, 16.2811]},
			"faces": {
				"north": {"uv": [13.5, 7, 13.75, 7.5], "texture": "#8"},
				"east": {"uv": [7, 7.5, 9.25, 8], "texture": "#8"},
				"south": {"uv": [7.5, 13.5, 7.75, 14], "texture": "#8"},
				"west": {"uv": [4, 8, 6.25, 8.5], "texture": "#8"},
				"up": {"uv": [5.25, 12.75, 5, 10.5], "texture": "#8"},
				"down": {"uv": [5.75, 10.5, 5.5, 12.75], "texture": "#8"}
			}
		},
		{
			"from": [5.75, 6.29704, 17.6061],
			"to": [10.75, 7.29704, 18.1061],
			"rotation": {"angle": -45, "axis": "x", "origin": [8, 4.29704, 16.2811]},
			"faces": {
				"north": {"uv": [7, 3.5, 9.5, 4], "texture": "#8"},
				"east": {"uv": [13.5, 7.5, 13.75, 8], "texture": "#8"},
				"south": {"uv": [7, 7, 9.5, 7.5], "texture": "#8"},
				"west": {"uv": [8, 13.5, 8.25, 14], "texture": "#8"},
				"up": {"uv": [10, 10.25, 7.5, 10], "texture": "#8"},
				"down": {"uv": [12.5, 10, 10, 10.25], "texture": "#8"}
			}
		},
		{
			"from": [5.25, 6.29704, 13.1061],
			"to": [5.75, 7.29704, 18.1061],
			"rotation": {"angle": -45, "axis": "x", "origin": [8, 4.29704, 16.2811]},
			"faces": {
				"north": {"uv": [5, 13, 5.25, 13.5], "texture": "#8"},
				"east": {"uv": [0, 7, 2.5, 7.5], "texture": "#8"},
				"south": {"uv": [5.5, 13, 5.75, 13.5], "texture": "#8"},
				"west": {"uv": [7, 0, 9.5, 0.5], "texture": "#8"},
				"up": {"uv": [6.75, 12.5, 6.5, 10], "texture": "#8"},
				"down": {"uv": [7.25, 10, 7, 12.5], "texture": "#8"}
			}
		},
		{
			"from": [5.25, 6.29704, 12.6061],
			"to": [10.75, 7.29704, 13.1061],
			"rotation": {"angle": -45, "axis": "x", "origin": [8, 4.29704, 16.2811]},
			"faces": {
				"north": {"uv": [5.5, 6, 8.25, 6.5], "texture": "#8"},
				"east": {"uv": [13.5, 8, 13.75, 8.5], "texture": "#8"},
				"south": {"uv": [5.5, 6.5, 8.25, 7], "texture": "#8"},
				"west": {"uv": [8.5, 13.5, 8.75, 14], "texture": "#8"},
				"up": {"uv": [3.25, 10.25, 0.5, 10], "texture": "#8"},
				"down": {"uv": [6.25, 10, 3.5, 10.25], "texture": "#8"}
			}
		},
		{
			"from": [6.25, 2.29704, 13.6061],
			"to": [9.75, 3.29704, 17.1061],
			"rotation": {"angle": -45, "axis": "x", "origin": [8, 4.29704, 16.2811]},
			"faces": {
				"north": {"uv": [8.5, 4, 10.25, 4.5], "texture": "#8"},
				"east": {"uv": [8.5, 4.5, 10.25, 5], "texture": "#8"},
				"south": {"uv": [8.5, 5, 10.25, 5.5], "texture": "#8"},
				"west": {"uv": [8.5, 5.5, 10.25, 6], "texture": "#8"},
				"up": {"uv": [6.75, 1.75, 5, 0], "texture": "#8"},
				"down": {"uv": [6.75, 2, 5, 3.75], "texture": "#8"}
			}
		},
		{
			"from": [7.25, 8.26612, 10.74098],
			"to": [8.75, 11.26612, 12.24098],
			"rotation": {"angle": 0, "axis": "x", "origin": [8.5, 2.76612, 11.06598]},
			"faces": {
				"north": {"uv": [0, 7.5, 0.75, 9], "texture": "#8"},
				"east": {"uv": [1, 7.5, 1.75, 9], "texture": "#8"},
				"south": {"uv": [2, 7.5, 2.75, 9], "texture": "#8"},
				"west": {"uv": [3, 7.5, 3.75, 9], "texture": "#8"},
				"up": {"uv": [0.75, 11.25, 0, 10.5], "texture": "#8"},
				"down": {"uv": [1.75, 10.5, 1, 11.25], "texture": "#8"}
			}
		},
		{
			"from": [8, 10.51832, 13.29873],
			"to": [8, 11.01832, 15.29873],
			"rotation": {"angle": 22.5, "axis": "x", "origin": [8, 11.66832, 13.64873]},
			"faces": {
				"north": {"uv": [0, 0, 0, 0.25], "texture": "#8"},
				"east": {"uv": [12.5, 7.5, 13.5, 7.75], "texture": "#8"},
				"south": {"uv": [0, 0, 0, 0.25], "texture": "#8"},
				"west": {"uv": [8, 12.5, 9, 12.75], "texture": "#8"},
				"up": {"uv": [0, 1, 0, 0], "texture": "#8"},
				"down": {"uv": [0, 0, 0, 1], "texture": "#8"}
			}
		},
		{
			"from": [8, 10.01832, 12.29873],
			"to": [8, 10.51832, 14.79873],
			"rotation": {"angle": 22.5, "axis": "x", "origin": [8, 11.66832, 13.64873]},
			"faces": {
				"north": {"uv": [0, 0, 0, 0.25], "texture": "#8"},
				"east": {"uv": [8, 12, 9.25, 12.25], "texture": "#8"},
				"south": {"uv": [0, 0, 0, 0.25], "texture": "#8"},
				"west": {"uv": [12, 8, 13.25, 8.25], "texture": "#8"},
				"up": {"uv": [0, 1.25, 0, 0], "texture": "#8"},
				"down": {"uv": [0, 0, 0, 1.25], "texture": "#8"}
			}
		},
		{
			"from": [8, 9.51832, 12.29873],
			"to": [8, 10.01832, 13.79873],
			"rotation": {"angle": 22.5, "axis": "x", "origin": [8, 11.66832, 13.64873]},
			"faces": {
				"north": {"uv": [0, 0, 0, 0.25], "texture": "#8"},
				"east": {"uv": [1.5, 13, 2.25, 13.25], "texture": "#8"},
				"south": {"uv": [0, 0, 0, 0.25], "texture": "#8"},
				"west": {"uv": [2.5, 13, 3.25, 13.25], "texture": "#8"},
				"up": {"uv": [0, 0.75, 0, 0], "texture": "#8"},
				"down": {"uv": [0, 0, 0, 0.75], "texture": "#8"}
			}
		},
		{
			"from": [8, 11.01832, 15.29873],
			"to": [8, 12.51832, 15.79873],
			"rotation": {"angle": 22.5, "axis": "x", "origin": [8, 11.66832, 13.64873]},
			"faces": {
				"north": {"uv": [0, 0, 0, 0.75], "texture": "#8"},
				"east": {"uv": [12.5, 11.5, 12.75, 12.25], "texture": "#8"},
				"south": {"uv": [0, 0, 0, 0.75], "texture": "#8"},
				"west": {"uv": [12, 12.5, 12.25, 13.25], "texture": "#8"},
				"up": {"uv": [0, 0.25, 0, 0], "texture": "#8"},
				"down": {"uv": [0, 0, 0, 0.25], "texture": "#8"}
			}
		},
		{
			"from": [8, 12.51832, 13.79873],
			"to": [8, 13.51832, 14.29873],
			"rotation": {"angle": 22.5, "axis": "x", "origin": [8, 11.66832, 13.64873]},
			"faces": {
				"north": {"uv": [0, 0, 0, 0.5], "texture": "#8"},
				"east": {"uv": [13.5, 6.5, 13.75, 7], "texture": "#8"},
				"south": {"uv": [0, 0, 0, 0.5], "texture": "#8"},
				"west": {"uv": [7, 13.5, 7.25, 14], "texture": "#8"},
				"up": {"uv": [0, 0.25, 0, 0], "texture": "#8"},
				"down": {"uv": [0, 0, 0, 0.25], "texture": "#8"}
			}
		},
		{
			"from": [8, 13.01832, 13.29873],
			"to": [8, 13.51832, 13.79873],
			"rotation": {"angle": 22.5, "axis": "x", "origin": [8, 11.66832, 13.64873]},
			"faces": {
				"north": {"uv": [0, 0, 0, 0.25], "texture": "#8"},
				"east": {"uv": [13.5, 9, 13.75, 9.25], "texture": "#8"},
				"south": {"uv": [0, 0, 0, 0.25], "texture": "#8"},
				"west": {"uv": [9.5, 13.5, 9.75, 13.75], "texture": "#8"},
				"up": {"uv": [0, 0.25, 0, 0], "texture": "#8"},
				"down": {"uv": [0, 0, 0, 0.25], "texture": "#8"}
			}
		},
		{
			"from": [8, 11.01832, 14.29873],
			"to": [8, 13.01832, 15.29873],
			"rotation": {"angle": 22.5, "axis": "x", "origin": [8, 11.66832, 13.64873]},
			"faces": {
				"north": {"uv": [0, 0, 0, 1], "texture": "#8"},
				"east": {"uv": [12, 6, 12.5, 7], "texture": "#8"},
				"south": {"uv": [0, 0, 0, 1], "texture": "#8"},
				"west": {"uv": [7.5, 12, 8, 13], "texture": "#8"},
				"up": {"uv": [0, 0.5, 0, 0], "texture": "#8"},
				"down": {"uv": [0, 0, 0, 0.5], "texture": "#8"}
			}
		},
		{
			"from": [8, 10.26832, 8.00127],
			"to": [8, 11.26832, 10.00127],
			"rotation": {"angle": 22.5, "axis": "x", "origin": [8, 11.66832, 2.35127]},
			"faces": {
				"north": {"uv": [0, 0, 0, 0.5], "texture": "#8"},
				"east": {"uv": [4, 7.5, 5, 8], "texture": "#8"},
				"south": {"uv": [0, 0, 0, 0.5], "texture": "#8"},
				"west": {"uv": [4, 9.5, 5, 10], "texture": "#8"},
				"up": {"uv": [0, 1, 0, 0], "texture": "#8"},
				"down": {"uv": [0, 0, 0, 1], "texture": "#8"}
			}
		},
		{
			"from": [8, 11.26832, 7.50127],
			"to": [8, 11.76832, 9.00127],
			"rotation": {"angle": 22.5, "axis": "x", "origin": [8, 11.66832, 2.35127]},
			"faces": {
				"north": {"uv": [0, 0, 0, 0.25], "texture": "#8"},
				"east": {"uv": [13, 3, 13.75, 3.25], "texture": "#8"},
				"south": {"uv": [0, 0, 0, 0.25], "texture": "#8"},
				"west": {"uv": [3.5, 13, 4.25, 13.25], "texture": "#8"},
				"up": {"uv": [0, 0.75, 0, 0], "texture": "#8"},
				"down": {"uv": [0, 0, 0, 0.75], "texture": "#8"}
			}
		},
		{
			"from": [8, 9.76832, 8.50127],
			"to": [8, 10.26832, 10.00127],
			"rotation": {"angle": 22.5, "axis": "x", "origin": [8, 11.66832, 2.35127]},
			"faces": {
				"north": {"uv": [0, 0, 0, 0.25], "texture": "#8"},
				"east": {"uv": [13, 3.5, 13.75, 3.75], "texture": "#8"},
				"south": {"uv": [0, 0, 0, 0.25], "texture": "#8"},
				"west": {"uv": [13, 4, 13.75, 4.25], "texture": "#8"},
				"up": {"uv": [0, 0.75, 0, 0], "texture": "#8"},
				"down": {"uv": [0, 0, 0, 0.75], "texture": "#8"}
			}
		},
		{
			"from": [8, 10.76832, 10.50127],
			"to": [8, 12.76832, 11.00127],
			"rotation": {"angle": 22.5, "axis": "x", "origin": [8, 11.66832, 2.35127]},
			"faces": {
				"north": {"uv": [0, 0, 0, 1], "texture": "#8"},
				"east": {"uv": [10.5, 12.5, 10.75, 13.5], "texture": "#8"},
				"south": {"uv": [0, 0, 0, 1], "texture": "#8"},
				"west": {"uv": [12.5, 10.5, 12.75, 11.5], "texture": "#8"},
				"up": {"uv": [0, 0.25, 0, 0], "texture": "#8"},
				"down": {"uv": [0, 0, 0, 0.25], "texture": "#8"}
			}
		},
		{
			"from": [8, 10.26832, 10.00127],
			"to": [8, 12.26832, 10.50127],
			"rotation": {"angle": 22.5, "axis": "x", "origin": [8, 11.66832, 2.35127]},
			"faces": {
				"north": {"uv": [0, 0, 0, 1], "texture": "#8"},
				"east": {"uv": [11, 12.5, 11.25, 13.5], "texture": "#8"},
				"south": {"uv": [0, 0, 0, 1], "texture": "#8"},
				"west": {"uv": [11.5, 12.5, 11.75, 13.5], "texture": "#8"},
				"up": {"uv": [0, 0.25, 0, 0], "texture": "#8"},
				"down": {"uv": [0, 0, 0, 0.25], "texture": "#8"}
			}
		},
		{
			"from": [8, 11.76832, 11.00127],
			"to": [8, 13.26832, 11.50127],
			"rotation": {"angle": 22.5, "axis": "x", "origin": [8, 11.66832, 2.35127]},
			"faces": {
				"north": {"uv": [0, 0, 0, 0.75], "texture": "#8"},
				"east": {"uv": [4.5, 13, 4.75, 13.75], "texture": "#8"},
				"south": {"uv": [0, 0, 0, 0.75], "texture": "#8"},
				"west": {"uv": [13, 4.5, 13.25, 5.25], "texture": "#8"},
				"up": {"uv": [0, 0.25, 0, 0], "texture": "#8"},
				"down": {"uv": [0, 0, 0, 0.25], "texture": "#8"}
			}
		},
		{
			"from": [7.5, 10.9888, 10.91637],
			"to": [8.5, 13.9888, 11.91637],
			"rotation": {"angle": -22.5, "axis": "x", "origin": [8, 11.4888, 11.34137]},
			"faces": {
				"north": {"uv": [5, 8.5, 5.5, 10], "texture": "#8"},
				"east": {"uv": [5.5, 8.5, 6, 10], "texture": "#8"},
				"south": {"uv": [6, 8.5, 6.5, 10], "texture": "#8"},
				"west": {"uv": [0, 9, 0.5, 10.5], "texture": "#8"},
				"up": {"uv": [5.5, 8, 5, 7.5], "texture": "#8"},
				"down": {"uv": [13, 3, 12.5, 3.5], "texture": "#8"}
			}
		},
		{
			"from": [7.5, 14.09238, 8.39414],
			"to": [8.5, 16.09238, 9.39414],
			"rotation": {"angle": -45, "axis": "x", "origin": [8.25, 15.89238, 10.24414]},
			"faces": {
				"north": {"uv": [3.5, 9, 4, 10], "texture": "#8"},
				"east": {"uv": [4.5, 10.5, 5, 11.5], "texture": "#8"},
				"south": {"uv": [6, 10.5, 6.5, 11.5], "texture": "#8"},
				"west": {"uv": [6, 11.5, 6.5, 12.5], "texture": "#8"},
				"up": {"uv": [13, 4, 12.5, 3.5], "texture": "#8"},
				"down": {"uv": [5, 12.5, 4.5, 13], "texture": "#8"}
			}
		},
		{
			"from": [7.75, 15.30876, 7.97463],
			"to": [8.25, 15.80876, 10.47463],
			"rotation": {"angle": 22.5, "axis": "x", "origin": [8, 17.25876, 8.17463]},
			"faces": {
				"north": {"uv": [13.5, 8.5, 13.75, 8.75], "texture": "#8"},
				"east": {"uv": [6, 12.5, 7, 12.75], "texture": "#8"},
				"south": {"uv": [9, 13.5, 9.25, 13.75], "texture": "#8"},
				"west": {"uv": [12.5, 6, 13.5, 6.25], "texture": "#8"},
				"up": {"uv": [12.75, 7.5, 12.5, 6.5], "texture": "#8"},
				"down": {"uv": [7.25, 12.5, 7, 13.5], "texture": "#8"}
			}
		},
		{
			"from": [6.75, 13.21709, 5.36927],
			"to": [9.25, 13.71709, 5.86927],
			"rotation": {"angle": 45, "axis": "x", "origin": [8, 14.04386, 5.73629]},
			"faces": {
				"north": {"uv": [12.25, 12.25, 11, 12], "rotation": 180, "texture": "#8"},
				"east": {"uv": [13.5, 9.5, 13.75, 9.75], "rotation": 90, "texture": "#8"},
				"south": {"uv": [1.25, 12.5, 0, 12.75], "texture": "#8"},
				"west": {"uv": [10, 13.5, 10.25, 13.75], "rotation": 270, "texture": "#8"},
				"up": {"uv": [9.5, 12, 10.75, 12.25], "texture": "#8"},
				"down": {"uv": [12, 8.5, 13.25, 8.75], "rotation": 180, "texture": "#8"}
			}
		},
		{
			"from": [10.25, 13.15302, 5.92544],
			"to": [10.75, 14.15302, 5.92544],
			"rotation": {"angle": 22.5, "axis": "x", "origin": [8, 14.04386, 5.73629]},
			"faces": {
				"north": {"uv": [13.25, 7.5, 13, 7], "rotation": 180, "texture": "#8"},
				"east": {"uv": [0, 0, 0.5, 0], "rotation": 90, "texture": "#8"},
				"south": {"uv": [7.75, 13, 7.5, 13.5], "texture": "#8"},
				"west": {"uv": [0, 0, 0.5, 0], "rotation": 270, "texture": "#8"},
				"up": {"uv": [0, 0, 0.25, 0], "texture": "#8"},
				"down": {"uv": [0, 0, 0.25, 0], "rotation": 180, "texture": "#8"}
			}
		},
		{
			"from": [9.25, 12.21709, 5.86927],
			"to": [9.75, 13.71709, 5.86927],
			"rotation": {"angle": 45, "axis": "x", "origin": [8, 14.04386, 5.73629]},
			"faces": {
				"north": {"uv": [12.75, 13.25, 12.5, 12.5], "rotation": 180, "texture": "#8"},
				"east": {"uv": [0, 0, 0.75, 0], "rotation": 90, "texture": "#8"},
				"south": {"uv": [0.25, 13, 0, 13.75], "texture": "#8"},
				"west": {"uv": [0, 0, 0.75, 0], "rotation": 270, "texture": "#8"},
				"up": {"uv": [0, 0, 0.25, 0], "texture": "#8"},
				"down": {"uv": [0, 0, 0.25, 0], "rotation": 180, "texture": "#8"}
			}
		},
		{
			"from": [8.25, 13.60462, 4.02334],
			"to": [8.75, 13.60462, 5.02334],
			"rotation": {"angle": -22.5, "axis": "x", "origin": [8, 14.04386, 5.73629]},
			"faces": {
				"north": {"uv": [0.25, 0, 0, 0], "rotation": 180, "texture": "#8"},
				"east": {"uv": [0, 0, 0, 0.5], "rotation": 90, "texture": "#8"},
				"south": {"uv": [0.25, 0, 0, 0], "texture": "#8"},
				"west": {"uv": [0, 0, 0, 0.5], "rotation": 270, "texture": "#8"},
				"up": {"uv": [8.5, 13, 8.75, 13.5], "texture": "#8"},
				"down": {"uv": [8, 13, 8.25, 13.5], "rotation": 180, "texture": "#8"}
			}
		},
		{
			"from": [5.25, 13.15302, 5.92544],
			"to": [5.75, 14.15302, 5.92544],
			"rotation": {"angle": 22.5, "axis": "x", "origin": [8, 14.04386, 5.73629]},
			"faces": {
				"north": {"uv": [9.75, 13.5, 9.5, 13], "rotation": 180, "texture": "#8"},
				"east": {"uv": [0, 0, 0.5, 0], "rotation": 90, "texture": "#8"},
				"south": {"uv": [13.25, 9.5, 13, 10], "texture": "#8"},
				"west": {"uv": [0, 0, 0.5, 0], "rotation": 270, "texture": "#8"},
				"up": {"uv": [0, 0, 0.25, 0], "texture": "#8"},
				"down": {"uv": [0, 0, 0.25, 0], "rotation": 180, "texture": "#8"}
			}
		},
		{
			"from": [6.25, 12.71709, 5.86927],
			"to": [6.75, 13.71709, 5.86927],
			"rotation": {"angle": 45, "axis": "x", "origin": [8, 14.04386, 5.73629]},
			"faces": {
				"north": {"uv": [9.25, 13.5, 9, 13], "rotation": 180, "texture": "#8"},
				"east": {"uv": [0, 0, 0.5, 0], "rotation": 90, "texture": "#8"},
				"south": {"uv": [13.25, 9, 13, 9.5], "texture": "#8"},
				"west": {"uv": [0, 0, 0.5, 0], "rotation": 270, "texture": "#8"},
				"up": {"uv": [0, 0, 0.25, 0], "texture": "#8"},
				"down": {"uv": [0, 0, 0.25, 0], "rotation": 180, "texture": "#8"}
			}
		},
		{
			"from": [7.25, 13.60462, 3.52334],
			"to": [7.75, 13.60462, 5.02334],
			"rotation": {"angle": -22.5, "axis": "x", "origin": [8, 14.04386, 5.73629]},
			"faces": {
				"north": {"uv": [0.25, 0, 0, 0], "rotation": 180, "texture": "#8"},
				"east": {"uv": [0, 0, 0, 0.75], "rotation": 90, "texture": "#8"},
				"south": {"uv": [0.25, 0, 0, 0], "texture": "#8"},
				"west": {"uv": [0, 0, 0, 0.75], "rotation": 270, "texture": "#8"},
				"up": {"uv": [1, 13, 1.25, 13.75], "texture": "#8"},
				"down": {"uv": [0.5, 13, 0.75, 13.75], "rotation": 180, "texture": "#8"}
			}
		},
		{
			"from": [10.75, 14.05337, 5.3213],
			"to": [11.25, 14.05337, 6.3213],
			"rotation": {"angle": -22.5, "axis": "x", "origin": [8, 13.75944, 6.00261]},
			"faces": {
				"north": {"uv": [0, 0, 0.25, 0], "texture": "#8"},
				"east": {"uv": [0, 0, 0.5, 0], "texture": "#8"},
				"south": {"uv": [0, 0, 0.25, 0], "texture": "#8"},
				"west": {"uv": [0, 0, 0.5, 0], "texture": "#8"},
				"up": {"uv": [1.75, 14, 1.5, 13.5], "texture": "#8"},
				"down": {"uv": [2.25, 13.5, 2, 14], "texture": "#8"}
			}
		},
		{
			"from": [9.75, 12.66673, 5.85309],
			"to": [10.25, 13.16673, 5.85309],
			"rotation": {"angle": 45, "axis": "x", "origin": [8, 13.75944, 6.00261]},
			"faces": {
				"north": {"uv": [1.75, 14.25, 1.5, 14], "rotation": 180, "texture": "#8"},
				"east": {"uv": [0, 0, 0.25, 0], "rotation": 90, "texture": "#8"},
				"south": {"uv": [14.25, 1.5, 14, 1.75], "texture": "#8"},
				"west": {"uv": [0, 0, 0.25, 0], "rotation": 270, "texture": "#8"},
				"up": {"uv": [0, 0, 0.25, 0], "texture": "#8"},
				"down": {"uv": [0, 0, 0.25, 0], "rotation": 180, "texture": "#8"}
			}
		},
		{
			"from": [8.75, 11.80751, 5.44538],
			"to": [9.25, 12.80751, 5.44538],
			"rotation": {"angle": 22.5, "axis": "x", "origin": [8, 13.75944, 6.00261]},
			"faces": {
				"north": {"uv": [13, 12.5, 13.25, 13], "texture": "#8"},
				"east": {"uv": [0, 0, 0, 0.5], "texture": "#8"},
				"south": {"uv": [13, 13, 13.25, 13.5], "texture": "#8"},
				"west": {"uv": [0, 0, 0, 0.5], "texture": "#8"},
				"up": {"uv": [0.25, 0, 0, 0], "texture": "#8"},
				"down": {"uv": [0.25, 0, 0, 0], "texture": "#8"}
			}
		},
		{
			"from": [7.75, 12.09322, 5.12351],
			"to": [8.25, 13.09322, 5.12351],
			"rotation": {"angle": 0, "axis": "x", "origin": [8, 13.75944, 6.00261]},
			"faces": {
				"north": {"uv": [13, 11.5, 13.25, 12], "texture": "#8"},
				"east": {"uv": [0, 0, 0, 0.5], "texture": "#8"},
				"south": {"uv": [13, 12, 13.25, 12.5], "texture": "#8"},
				"west": {"uv": [0, 0, 0, 0.5], "texture": "#8"},
				"up": {"uv": [0.25, 0, 0, 0], "texture": "#8"},
				"down": {"uv": [0.25, 0, 0, 0], "texture": "#8"}
			}
		},
		{
			"from": [6.75, 11.80751, 5.44538],
			"to": [7.25, 12.80751, 5.44538],
			"rotation": {"angle": 22.5, "axis": "x", "origin": [8, 13.75944, 6.00261]},
			"faces": {
				"north": {"uv": [13, 10.5, 13.25, 11], "texture": "#8"},
				"east": {"uv": [0, 0, 0, 0.5], "texture": "#8"},
				"south": {"uv": [13, 11, 13.25, 11.5], "texture": "#8"},
				"west": {"uv": [0, 0, 0, 0.5], "texture": "#8"},
				"up": {"uv": [0.25, 0, 0, 0], "texture": "#8"},
				"down": {"uv": [0.25, 0, 0, 0], "texture": "#8"}
			}
		},
		{
			"from": [5.75, 12.66673, 5.85309],
			"to": [6.25, 13.16673, 5.85309],
			"rotation": {"angle": 45, "axis": "x", "origin": [8, 13.75944, 6.00261]},
			"faces": {
				"north": {"uv": [1.25, 14.25, 1, 14], "rotation": 180, "texture": "#8"},
				"east": {"uv": [0, 0, 0.25, 0], "rotation": 90, "texture": "#8"},
				"south": {"uv": [14.25, 1, 14, 1.25], "texture": "#8"},
				"west": {"uv": [0, 0, 0.25, 0], "rotation": 270, "texture": "#8"},
				"up": {"uv": [0, 0, 0.25, 0], "texture": "#8"},
				"down": {"uv": [0, 0, 0.25, 0], "rotation": 180, "texture": "#8"}
			}
		},
		{
			"from": [4.75, 14.05337, 5.3213],
			"to": [5.25, 14.05337, 6.3213],
			"rotation": {"angle": -22.5, "axis": "x", "origin": [8, 13.75944, 6.00261]},
			"faces": {
				"north": {"uv": [0, 0, 0.25, 0], "texture": "#8"},
				"east": {"uv": [0, 0, 0.5, 0], "texture": "#8"},
				"south": {"uv": [0, 0, 0.25, 0], "texture": "#8"},
				"west": {"uv": [0, 0, 0.5, 0], "texture": "#8"},
				"up": {"uv": [10.25, 13.5, 10, 13], "texture": "#8"},
				"down": {"uv": [13.25, 10, 13, 10.5], "texture": "#8"}
			}
		},
		{
			"from": [5.75, 13.71709, 5.36927],
			"to": [10.25, 14.21709, 5.86927],
			"rotation": {"angle": 45, "axis": "x", "origin": [8, 14.04386, 5.73629]},
			"faces": {
				"north": {"uv": [12.75, 4.75, 10.5, 4.5], "rotation": 180, "texture": "#8"},
				"east": {"uv": [13.5, 10, 13.75, 10.25], "rotation": 90, "texture": "#8"},
				"south": {"uv": [12.75, 5, 10.5, 5.25], "texture": "#8"},
				"west": {"uv": [10.5, 13.5, 10.75, 13.75], "rotation": 270, "texture": "#8"},
				"up": {"uv": [10.5, 4, 12.75, 4.25], "texture": "#8"},
				"down": {"uv": [2, 10.5, 4.25, 10.75], "rotation": 180, "texture": "#8"}
			}
		},
		{
			"from": [5.75, 15.45479, 7.09011],
			"to": [10.25, 15.95479, 7.59011],
			"rotation": {"angle": -22.5, "axis": "x", "origin": [7.5, 15.70479, 7.34011]},
			"faces": {
				"north": {"uv": [10.5, 5.5, 12.75, 5.75], "texture": "#8"},
				"east": {"uv": [13.5, 11.5, 13.75, 11.75], "texture": "#8"},
				"south": {"uv": [7.5, 10.5, 9.75, 10.75], "texture": "#8"},
				"west": {"uv": [12, 13.5, 12.25, 13.75], "texture": "#8"},
				"up": {"uv": [12.25, 10.75, 10, 10.5], "texture": "#8"},
				"down": {"uv": [4.25, 11, 2, 11.25], "texture": "#8"}
			}
		},
		{
			"from": [6.75, 16.16673, 5.85209],
			"to": [9.25, 16.66673, 6.35209],
			"rotation": {"angle": 45, "axis": "x", "origin": [8, 13.75944, 6.00261]},
			"faces": {
				"north": {"uv": [12.5, 1.5, 13.75, 1.75], "texture": "#8"},
				"east": {"uv": [3.5, 14, 3.75, 14.25], "texture": "#8"},
				"south": {"uv": [12.5, 2, 13.75, 2.25], "texture": "#8"},
				"west": {"uv": [14, 3.5, 14.25, 3.75], "texture": "#8"},
				"up": {"uv": [13.75, 2.75, 12.5, 2.5], "texture": "#8"},
				"down": {"uv": [4.25, 12.5, 3, 12.75], "texture": "#8"}
			}
		},
		{
			"from": [5.25, 14.21709, 5.36927],
			"to": [10.75, 14.71709, 5.86927],
			"rotation": {"angle": 45, "axis": "x", "origin": [8, 14.04386, 5.73629]},
			"faces": {
				"north": {"uv": [12.25, 0.25, 9.5, 0], "rotation": 180, "texture": "#8"},
				"east": {"uv": [13.5, 10.5, 13.75, 10.75], "rotation": 90, "texture": "#8"},
				"south": {"uv": [3.25, 9.5, 0.5, 9.75], "texture": "#8"},
				"west": {"uv": [11, 13.5, 11.25, 13.75], "rotation": 270, "texture": "#8"},
				"up": {"uv": [6.5, 9, 9.25, 9.25], "texture": "#8"},
				"down": {"uv": [0.5, 9, 3.25, 9.25], "rotation": 180, "texture": "#8"}
			}
		},
		{
			"from": [5.25, 15.71709, 5.36927],
			"to": [10.75, 16.21709, 5.86927],
			"rotation": {"angle": 45, "axis": "x", "origin": [8, 14.04386, 5.73629]},
			"faces": {
				"north": {"uv": [12.25, 1.75, 9.5, 1.5], "rotation": 180, "texture": "#8"},
				"east": {"uv": [13.5, 11, 13.75, 11.25], "rotation": 90, "texture": "#8"},
				"south": {"uv": [12.25, 2, 9.5, 2.25], "texture": "#8"},
				"west": {"uv": [11.5, 13.5, 11.75, 13.75], "rotation": 270, "texture": "#8"},
				"up": {"uv": [9.5, 1, 12.25, 1.25], "texture": "#8"},
				"down": {"uv": [9.5, 0.5, 12.25, 0.75], "rotation": 180, "texture": "#8"}
			}
		},
		{
			"from": [4.75, 14.71709, 5.36927],
			"to": [11.25, 15.71709, 5.86927],
			"rotation": {"angle": 45, "axis": "x", "origin": [8, 14.04386, 5.73629]},
			"faces": {
				"north": {"uv": [8.25, 4.5, 5, 4], "rotation": 180, "texture": "#8"},
				"east": {"uv": [13, 5.5, 13.5, 5.75], "rotation": 90, "texture": "#8"},
				"south": {"uv": [8.25, 4.5, 5, 5], "texture": "#8"},
				"west": {"uv": [6, 13, 6.5, 13.25], "rotation": 270, "texture": "#8"},
				"up": {"uv": [8.5, 6.5, 11.75, 6.75], "texture": "#8"},
				"down": {"uv": [8.5, 6, 11.75, 6.25], "rotation": 180, "texture": "#8"}
			}
		},
		{
			"from": [6.75, 12.66673, 5.85209],
			"to": [9.25, 13.16673, 6.35209],
			"rotation": {"angle": 45, "axis": "x", "origin": [8, 13.75944, 6.00261]},
			"faces": {
				"north": {"uv": [13.75, 1.25, 12.5, 1], "rotation": 180, "texture": "#8"},
				"east": {"uv": [0.5, 14, 0.75, 14.25], "rotation": 90, "texture": "#8"},
				"south": {"uv": [2.75, 12.5, 1.5, 12.75], "texture": "#8"},
				"west": {"uv": [14, 0.5, 14.25, 0.75], "rotation": 270, "texture": "#8"},
				"up": {"uv": [12.5, 0.5, 13.75, 0.75], "texture": "#8"},
				"down": {"uv": [12.5, 0, 13.75, 0.25], "rotation": 180, "texture": "#8"}
			}
		},
		{
			"from": [5.75, 13.16673, 5.85209],
			"to": [10.25, 13.66673, 6.35209],
			"rotation": {"angle": 45, "axis": "x", "origin": [8, 13.75944, 6.00261]},
			"faces": {
				"north": {"uv": [2.25, 12.25, 0, 12], "rotation": 180, "texture": "#8"},
				"east": {"uv": [0, 14, 0.25, 14.25], "rotation": 90, "texture": "#8"},
				"south": {"uv": [4.75, 12, 2.5, 12.25], "texture": "#8"},
				"west": {"uv": [14, 0, 14.25, 0.25], "rotation": 270, "texture": "#8"},
				"up": {"uv": [10, 11.5, 12.25, 11.75], "texture": "#8"},
				"down": {"uv": [7.5, 11.5, 9.75, 11.75], "rotation": 180, "texture": "#8"}
			}
		},
		{
			"from": [5.25, 13.66673, 5.85209],
			"to": [10.75, 14.16673, 6.35209],
			"rotation": {"angle": 45, "axis": "x", "origin": [8, 13.75944, 6.00261]},
			"faces": {
				"north": {"uv": [12.25, 9.25, 9.5, 9], "rotation": 180, "texture": "#8"},
				"east": {"uv": [13.5, 13, 13.75, 13.25], "rotation": 90, "texture": "#8"},
				"south": {"uv": [12.25, 9.5, 9.5, 9.75], "texture": "#8"},
				"west": {"uv": [13.5, 13.5, 13.75, 13.75], "rotation": 270, "texture": "#8"},
				"up": {"uv": [9.5, 7.5, 12.25, 7.75], "texture": "#8"},
				"down": {"uv": [9.5, 7, 12.25, 7.25], "rotation": 180, "texture": "#8"}
			}
		},
		{
			"from": [4.75, 14.16673, 5.85209],
			"to": [11.25, 15.16673, 6.35209],
			"rotation": {"angle": 45, "axis": "x", "origin": [8, 13.75944, 6.00261]},
			"faces": {
				"north": {"uv": [8.25, 5.5, 5, 5], "rotation": 180, "texture": "#8"},
				"east": {"uv": [6.5, 13, 7, 13.25], "rotation": 90, "texture": "#8"},
				"south": {"uv": [8.25, 5.5, 5, 6], "texture": "#8"},
				"west": {"uv": [13, 6.5, 13.5, 6.75], "rotation": 270, "texture": "#8"},
				"up": {"uv": [8.5, 8.5, 11.75, 8.75], "texture": "#8"},
				"down": {"uv": [8.5, 8, 11.75, 8.25], "rotation": 180, "texture": "#8"}
			}
		},
		{
			"from": [5.25, 15.16673, 5.85209],
			"to": [10.75, 15.66673, 6.35209],
			"rotation": {"angle": 45, "axis": "x", "origin": [8, 13.75944, 6.00261]},
			"faces": {
				"north": {"uv": [12.25, 3.75, 9.5, 3.5], "rotation": 180, "texture": "#8"},
				"east": {"uv": [13.5, 12.5, 13.75, 12.75], "rotation": 90, "texture": "#8"},
				"south": {"uv": [9.25, 9.5, 6.5, 9.75], "texture": "#8"},
				"west": {"uv": [13, 13.5, 13.25, 13.75], "rotation": 270, "texture": "#8"},
				"up": {"uv": [9.5, 3, 12.25, 3.25], "texture": "#8"},
				"down": {"uv": [9.5, 2.5, 12.25, 2.75], "rotation": 180, "texture": "#8"}
			}
		},
		{
			"from": [5.75, 15.66673, 5.85209],
			"to": [10.25, 16.16673, 6.35209],
			"rotation": {"angle": 45, "axis": "x", "origin": [8, 13.75944, 6.00261]},
			"faces": {
				"north": {"uv": [2.25, 11.75, 0, 11.5], "rotation": 180, "texture": "#8"},
				"east": {"uv": [13.5, 12, 13.75, 12.25], "rotation": 90, "texture": "#8"},
				"south": {"uv": [4.75, 11.5, 2.5, 11.75], "texture": "#8"},
				"west": {"uv": [12.5, 13.5, 12.75, 13.75], "rotation": 270, "texture": "#8"},
				"up": {"uv": [10, 11, 12.25, 11.25], "texture": "#8"},
				"down": {"uv": [7.5, 11, 9.75, 11.25], "rotation": 180, "texture": "#8"}
			}
		},
		{
			"from": [8.225, 11.36822, 5.27351],
			"to": [8.275, 13.61822, 5.32351],
			"rotation": {"angle": 0, "axis": "x", "origin": [0, -0.90678, 0.12351]},
			"faces": {
				"north": {"uv": [2.25, 14.5, 2.3, 15.5], "texture": "#8"},
				"east": {"uv": [2.25, 14.5, 2.3, 15.5], "texture": "#8"},
				"south": {"uv": [2.25, 14.5, 2.3, 15.5], "texture": "#8"},
				"west": {"uv": [2.25, 14.5, 2.3, 15.5], "texture": "#8"},
				"up": {"uv": [2.25, 14.5, 2.3, 15.5], "texture": "#8"},
				"down": {"uv": [2.25, 14.5, 2.3, 15.5], "texture": "#8"}
			}
		},
		{
			"from": [7.75, 10.36822, 4.67351],
			"to": [8.75, 11.36822, 5.67351],
			"rotation": {"angle": 0, "axis": "y", "origin": [7.25, 11.36822, 4.07351]},
			"faces": {
				"north": {"uv": [0.5, 14.5, 0, 15], "texture": "#8"},
				"east": {"uv": [0, 14.5, 0.5, 15], "texture": "#8"},
				"south": {"uv": [0.5, 14.5, 0, 15], "texture": "#8"},
				"west": {"uv": [0, 14.5, 0.5, 15], "texture": "#8"},
				"up": {"uv": [0.75, 14.5, 1.25, 15], "texture": "#8"},
				"down": {"uv": [1.5, 14.5, 2, 15], "texture": "#8"}
			}
		},
		{
			"from": [8.25, 9.36822, 5.04851],
			"to": [8.25, 10.36822, 5.54851],
			"rotation": {"angle": 0, "axis": "y", "origin": [7.25, 11.36822, 4.07351]},
			"faces": {
				"north": {"uv": [2.75, 14.5, 3, 15], "texture": "#8"},
				"east": {"uv": [2.75, 14.5, 3, 15], "texture": "#8"},
				"south": {"uv": [2.75, 14.5, 3, 15], "texture": "#8"},
				"west": {"uv": [2.75, 14.5, 3, 15], "texture": "#8"},
				"up": {"uv": [2.75, 14.5, 3, 15], "texture": "#8"},
				"down": {"uv": [2.75, 14.5, 3, 15], "texture": "#8"}
			}
		},
		{
			"from": [8.25, 8.86822, 4.54851],
			"to": [8.25, 9.36822, 5.04851],
			"rotation": {"angle": 0, "axis": "y", "origin": [7.25, 11.36822, 4.07351]},
			"faces": {
				"north": {"uv": [3, 14.75, 3.25, 15], "texture": "#8"},
				"east": {"uv": [3, 14.75, 3.25, 15], "texture": "#8"},
				"south": {"uv": [3, 14.75, 3.25, 15], "texture": "#8"},
				"west": {"uv": [3, 14.75, 3.25, 15], "texture": "#8"},
				"up": {"uv": [3, 14.75, 3.25, 15], "texture": "#8"},
				"down": {"uv": [3, 14.75, 3.25, 15], "texture": "#8"}
			}
		},
		{
			"from": [8.25, 9.36822, 4.04851],
			"to": [8.25, 9.86822, 4.54851],
			"rotation": {"angle": 0, "axis": "y", "origin": [7.25, 11.36822, 4.07351]},
			"faces": {
				"north": {"uv": [4.25, 15, 4.5, 15.25], "texture": "#8"},
				"east": {"uv": [4.25, 15, 4.5, 15.25], "texture": "#8"},
				"south": {"uv": [4.25, 15, 4.5, 15.25], "texture": "#8"},
				"west": {"uv": [4.25, 15, 4.5, 15.25], "texture": "#8"},
				"up": {"uv": [4.25, 15, 4.5, 15.25], "texture": "#8"},
				"down": {"uv": [4.25, 15, 4.5, 15.25], "texture": "#8"}
			}
		}
	],
	"display": {
		"thirdperson_righthand": {
			"rotation": [49.53, -1.44, 1.14],
			"translation": [1, 6, -1.5]
		},
		"thirdperson_lefthand": {
			"rotation": [49.53, -1.44, 1.14],
			"translation": [1, 6, -1.5]
		},
		"firstperson_righthand": {
			"rotation": [1.5, 0, 0],
			"translation": [0.25, 5.25, 0.25],
			"scale": [0.48, 0.48, 0.48]
		},
		"firstperson_lefthand": {
			"rotation": [1.5, 0, 0],
			"translation": [0.25, 5.25, 0.25],
			"scale": [0.48, 0.48, 0.48]
		},
		"ground": {
			"translation": [0, 1.75, 0],
			"scale": [0.5, 0.5, 0.5]
		},
		"gui": {
			"rotation": [-163.79, 31.66, 167.27],
			"translation": [-1, -2.5, 0]
		},
		"head": {
			"rotation": [-76.5, 0, 0],
			"translation": [0, 10.5, 33.5],
			"scale": [4, 4, 4]
		},
		"fixed": {
			"translation": [0, 11.75, -24.25],
			"scale": [3, 3, 3]
		}
	}
}