{"textures":{"0":"modelengine:entity/pet_ent","particle":"#0"},"elements":[{"from":[6.5,5.0,6.5],"to":[9.5,8.0,9.5],"faces":{"east":{"uv":[8.5,4.0,9.25,4.75],"tintindex":0,"rotation":0,"texture":"#0"},"south":{"uv":[5.25,8.75,6.0,9.5],"tintindex":0,"rotation":0,"texture":"#0"},"north":{"uv":[7.5,1.5,8.25,2.25],"tintindex":0,"rotation":0,"texture":"#0"},"west":{"uv":[8.0,8.75,8.75,9.5],"tintindex":0,"rotation":0,"texture":"#0"},"up":{"uv":[9.75,9.5,9.0,8.75],"tintindex":0,"rotation":0,"texture":"#0"},"down":{"uv":[3.5,9.5,2.75,10.25],"tintindex":0,"rotation":0,"texture":"#0"}}}],"display":{"head":{"rotation":[0.0,0.0,0.0]},"firstperson_righthand":{"rotation":[0.0,0.0,0.0]},"thirdperson_lefthand":{"rotation":[0.0,-0.0,-0.0]},"firstperson_lefthand":{"rotation":[0.0,-0.0,-0.0]},"fixed":{"rotation":[0.0,0.0,0.0]},"ground":{"rotation":[0.0,0.0,0.0]},"thirdperson_righthand":{"rotation":[0.0,0.0,0.0]},"gui":{"rotation":[-150.0,-45.0,180.0]}}}