{"textures":{"0":"modelengine:entity/70a0a790-8219-37e5-98ab-69edf84e6c98","particle":"#0"},"elements":[{"from":[1.0,5.5,6.0],"to":[2.0,8.5,9.0],"faces":{"east":{"uv":[14.525,7.525,15.225,8.225],"tintindex":0,"rotation":0,"texture":"#0"},"south":{"uv":[8.275,14.775,8.475,15.475],"tintindex":0,"rotation":0,"texture":"#0"},"north":{"uv":[8.025,14.775,8.225,15.475],"tintindex":0,"rotation":0,"texture":"#0"},"west":{"uv":[14.525,8.275,15.225,8.975],"tintindex":0,"rotation":0,"texture":"#0"},"up":{"uv":[8.725,15.475,8.525,14.775],"tintindex":0,"rotation":0,"texture":"#0"},"down":{"uv":[8.975,14.775,8.775,15.475],"tintindex":0,"rotation":0,"texture":"#0"}}},{"from":[2.0,0.5,6.0],"to":[6.0,3.5,11.0],"faces":{"east":{"uv":[14.275,3.525,15.475,4.225],"tintindex":0,"rotation":0,"texture":"#0"},"south":{"uv":[14.525,2.275,15.475,2.975],"tintindex":0,"rotation":0,"texture":"#0"},"north":{"uv":[14.525,0.025,15.475,0.725],"tintindex":0,"rotation":0,"texture":"#0"},"west":{"uv":[4.275,14.275,5.475,14.975],"tintindex":0,"rotation":0,"texture":"#0"},"up":{"uv":[14.225,11.975,13.275,10.775],"tintindex":0,"rotation":0,"texture":"#0"},"down":{"uv":[14.475,0.025,13.525,1.225],"tintindex":0,"rotation":0,"texture":"#0"}}},{"from":[2.0,3.5,4.0],"to":[8.0,11.5,11.0],"faces":{"east":{"uv":[1.775,8.275,3.475,10.225],"tintindex":0,"rotation":0,"texture":"#0"},"south":{"uv":[3.525,9.525,4.975,11.475],"tintindex":0,"rotation":0,"texture":"#0"},"north":{"uv":[9.525,1.525,10.975,3.475],"tintindex":0,"rotation":0,"texture":"#0"},"west":{"uv":[8.525,7.775,10.225,9.725],"tintindex":0,"rotation":0,"texture":"#0"},"up":{"uv":[11.475,11.475,10.025,9.775],"tintindex":0,"rotation":0,"texture":"#0"},"down":{"uv":[1.475,10.275,0.025,11.975],"tintindex":0,"rotation":0,"texture":"#0"}}}],"display":{"head":{"rotation":[0.0,0.0,0.0]},"firstperson_righthand":{"rotation":[0.0,0.0,0.0]},"thirdperson_lefthand":{"rotation":[0.0,-0.0,-0.0]},"firstperson_lefthand":{"rotation":[0.0,-0.0,-0.0]},"fixed":{"rotation":[0.0,0.0,0.0]},"ground":{"rotation":[0.0,0.0,0.0]},"thirdperson_righthand":{"rotation":[0.0,0.0,0.0]},"gui":{"rotation":[-150.0,-45.0,180.0]}}}