{"textures":{"0":"modelengine:entity/70a0a790-8219-37e5-98ab-69edf84e6c98","particle":"#0"},"elements":[{"from":[3.5,1.0182352,7.9303117],"to":[12.5,8.018234,7.9303117],"faces":{"south":{"uv":[4.525,7.775,6.725,9.475],"tintindex":0,"rotation":0,"texture":"#0"},"north":{"uv":[6.725,7.775,4.525,9.475],"tintindex":0,"rotation":0,"texture":"#0"}}}],"display":{"head":{"rotation":[0.0,0.0,0.0]},"firstperson_righthand":{"rotation":[0.0,0.0,0.0]},"thirdperson_lefthand":{"rotation":[0.0,-0.0,-0.0]},"firstperson_lefthand":{"rotation":[0.0,-0.0,-0.0]},"fixed":{"rotation":[0.0,0.0,0.0]},"ground":{"rotation":[0.0,0.0,0.0]},"thirdperson_righthand":{"rotation":[0.0,0.0,0.0]},"gui":{"rotation":[-150.0,-45.0,180.0]}}}