{"textures":{"0":"modelengine:entity/frankensteinparts"},"elements":[{"from":[3.5,1.000001,5.5],"to":[8.5,10.0,10.5],"faces":{"east":{"uv":[8.0,4.5,10.5,9.0],"tintindex":0,"rotation":0,"texture":"#0"},"south":{"uv":[8.0,9.0,10.5,13.5],"tintindex":0,"rotation":0,"texture":"#0"},"north":{"uv":[8.0,0.0,10.5,4.5],"tintindex":0,"rotation":0,"texture":"#0"},"west":{"uv":[0.0,10.0,2.5,14.5],"tintindex":0,"rotation":0,"texture":"#0"},"up":{"uv":[13.0,14.5,10.5,12.0],"tintindex":0,"rotation":0,"texture":"#0"},"down":{"uv":[15.5,12.0,13.0,14.5],"tintindex":0,"rotation":0,"texture":"#0"}}}],"display":{"gui":{"rotation":[30,225,0]}}}