{"textures":{"0":"modelengine:entity/frankensteinparts","1":"modelengine:entity/frankenstein2"},"elements":[{"from":[7.5372915,1.0815887,3.17101],"to":[16.537292,11.081589,14.17101],"faces":{"east":{"uv":[4.5,4.75,5.875,6.0],"tintindex":0,"rotation":0,"texture":"#1"},"south":{"uv":[2.5,6.0,3.625,7.25],"tintindex":0,"rotation":0,"texture":"#1"},"north":{"uv":[1.375,6.0,2.5,7.25],"tintindex":0,"rotation":0,"texture":"#1"},"west":{"uv":[0.0,4.875,1.375,6.125],"tintindex":0,"rotation":0,"texture":"#1"},"up":{"uv":[7.0,5.875,5.875,4.5],"tintindex":0,"rotation":0,"texture":"#1"},"down":{"uv":[7.0,5.875,5.875,7.25],"tintindex":0,"rotation":0,"texture":"#1"}}},{"from":[8.037292,-5.9184113,3.67101],"to":[16.037292,-1.9184113,13.67101],"faces":{"east":{"uv":[2.5,10.0,7.5,12.0],"tintindex":0,"rotation":0,"texture":"#0"},"south":{"uv":[10.5,8.0,14.5,10.0],"tintindex":0,"rotation":0,"texture":"#0"},"north":{"uv":[10.5,6.0,14.5,8.0],"tintindex":0,"rotation":0,"texture":"#0"},"west":{"uv":[10.5,0.0,15.5,2.0],"tintindex":0,"rotation":0,"texture":"#0"},"up":{"uv":[4.0,5.0,0.0,0.0],"tintindex":0,"rotation":0,"texture":"#0"},"down":{"uv":[8.0,0.0,4.0,5.0],"tintindex":0,"rotation":0,"texture":"#0"}}},{"from":[7.0372915,-1.9184113,2.67101],"to":[17.037292,4.0815887,14.67101],"faces":{"east":{"uv":[6.875,0.0,8.375,0.75],"tintindex":0,"rotation":0,"texture":"#1"},"south":{"uv":[1.75,7.25,3.0,8.0],"tintindex":0,"rotation":0,"texture":"#1"},"north":{"uv":[1.25,3.0,2.5,3.75],"tintindex":0,"rotation":0,"texture":"#1"},"west":{"uv":[6.875,0.75,8.375,1.5],"tintindex":0,"rotation":0,"texture":"#1"},"up":{"uv":[3.875,3.75,2.625,2.25],"tintindex":0,"rotation":0,"texture":"#1"},"down":{"uv":[1.25,3.0,0.0,4.5],"tintindex":0,"rotation":0,"texture":"#1"}}}],"display":{"gui":{"rotation":[30,225,0]}}}