{"textures":{"0":"modelengine:entity/ork_nil_ground_fx"},"elements":[{"from":[2.0,7.0,4.0],"to":[14.0,9.0,12.0],"faces":{"east":{"uv":[7.5,9.5,9.5,10.0],"tintindex":0,"rotation":0,"texture":"#0"},"south":{"uv":[9.0,6.5,12.0,7.0],"tintindex":0,"rotation":0,"texture":"#0"},"north":{"uv":[9.0,6.0,12.0,6.5],"tintindex":0,"rotation":0,"texture":"#0"},"west":{"uv":[9.5,9.5,11.5,10.0],"tintindex":0,"rotation":0,"texture":"#0"},"up":{"uv":[11.0,2.0,8.0,0.0],"tintindex":0,"rotation":0,"texture":"#0"},"down":{"uv":[11.0,2.0,8.0,4.0],"tintindex":0,"rotation":0,"texture":"#0"}}}],"display":{"gui":{"rotation":[30,225,0]}}}