{"textures":{"1":"modelengine:entity/pet_ender","particle":"#1"},"elements":[{"from":[8.172312,5.133731,6.5],"to":[11.172312,9.133731,9.5],"faces":{"east":{"uv":[8.5,6.75,9.25,7.75],"tintindex":0,"rotation":0,"texture":"#1"},"south":{"uv":[8.5,8.0,9.25,9.0],"tintindex":0,"rotation":0,"texture":"#1"},"north":{"uv":[5.75,8.25,6.5,9.25],"tintindex":0,"rotation":0,"texture":"#1"},"west":{"uv":[2.25,8.75,3.0,9.75],"tintindex":0,"rotation":0,"texture":"#1"},"up":{"uv":[10.0,4.25,9.25,3.5],"tintindex":0,"rotation":0,"texture":"#1"},"down":{"uv":[10.0,4.5,9.25,5.25],"tintindex":0,"rotation":0,"texture":"#1"}},"rotation":{"origin":[9.922312,6.633731,8.0],"angle":22.5,"axis":"z"}}],"display":{"head":{"rotation":[0.0,0.0,0.0]},"firstperson_righthand":{"rotation":[0.0,0.0,0.0]},"thirdperson_lefthand":{"rotation":[0.0,-0.0,-0.0]},"firstperson_lefthand":{"rotation":[0.0,-0.0,-0.0]},"fixed":{"rotation":[0.0,0.0,0.0]},"ground":{"rotation":[0.0,0.0,0.0]},"thirdperson_righthand":{"rotation":[0.0,0.0,0.0]},"gui":{"rotation":[-150.0,-45.0,180.0]}}}