{"textures":{"1":"modelengine:entity/pet_ender","particle":"#1"},"elements":[{"from":[4.827688,5.133731,6.5],"to":[7.827688,9.133731,9.5],"faces":{"east":{"uv":[7.75,2.5,8.5,3.5],"tintindex":0,"rotation":0,"texture":"#1"},"south":{"uv":[7.5,8.0,8.25,9.0],"tintindex":0,"rotation":0,"texture":"#1"},"north":{"uv":[7.5,6.75,8.25,7.75],"tintindex":0,"rotation":0,"texture":"#1"},"west":{"uv":[4.75,8.25,5.5,9.25],"tintindex":0,"rotation":0,"texture":"#1"},"up":{"uv":[9.5,3.25,8.75,2.5],"tintindex":0,"rotation":0,"texture":"#1"},"down":{"uv":[4.0,8.75,3.25,9.5],"tintindex":0,"rotation":0,"texture":"#1"}},"rotation":{"origin":[6.077688,6.633731,8.0],"angle":-22.5,"axis":"z"}}],"display":{"head":{"rotation":[0.0,0.0,0.0]},"firstperson_righthand":{"rotation":[0.0,0.0,0.0]},"thirdperson_lefthand":{"rotation":[0.0,-0.0,-0.0]},"firstperson_lefthand":{"rotation":[0.0,-0.0,-0.0]},"fixed":{"rotation":[0.0,0.0,0.0]},"ground":{"rotation":[0.0,0.0,0.0]},"thirdperson_righthand":{"rotation":[0.0,0.0,0.0]},"gui":{"rotation":[-150.0,-45.0,180.0]}}}