{
	"credit": "Made with Blockbench",
	"textures": {
		"3": "fishing_rod/blue_rod",
		"4": "fishing_rod/red_rod",
		"particle": "fishing_rod/blue_rod"
	},
	"elements": [
		{
			"from": [6.105, 1.53, 8.18],
			"to": [7.545, 1.97, 8.62],
			"rotation": {"angle": -45, "axis": "x", "origin": [7.7, 1.375, 8.775]},
			"faces": {
				"north": {"uv": [13, 5, 14.5, 5.5], "texture": "#3"},
				"east": {"uv": [11, 14, 11.5, 14.5], "texture": "#3"},
				"south": {"uv": [13, 6, 14.5, 6.5], "texture": "#3"},
				"west": {"uv": [12, 14, 12.5, 14.5], "texture": "#3"},
				"up": {"uv": [14.5, 7.5, 13, 7], "texture": "#3"},
				"down": {"uv": [14.5, 8, 13, 8.5], "texture": "#3"}
			}
		},
		{
			"from": [8.105, 10.24644, 6.52681],
			"to": [9.045, 11.18644, 7.46681],
			"rotation": {"angle": -22.5, "axis": "x", "origin": [8.125, 9.56644, 3.99681]},
			"faces": {
				"north": {"uv": [6, 13, 5, 14], "rotation": 180, "texture": "#3"},
				"east": {"uv": [2, 13, 3, 14], "rotation": 270, "texture": "#3"},
				"south": {"uv": [14, 5, 13, 4], "texture": "#3"},
				"west": {"uv": [4, 13, 5, 14], "rotation": 90, "texture": "#3"},
				"up": {"uv": [13, 1, 14, 2], "rotation": 180, "texture": "#3"},
				"down": {"uv": [3, 13, 4, 14], "texture": "#3"}
			}
		},
		{
			"from": [8.105, 2.03, 9.155],
			"to": [9.045, 4.97, 10.095],
			"rotation": {"angle": 0, "axis": "y", "origin": [8.575, 15, 9.625]},
			"faces": {
				"north": {"uv": [10, 0, 11, 3], "texture": "#3"},
				"east": {"uv": [10, 3, 11, 6], "texture": "#3"},
				"south": {"uv": [4, 10, 5, 13], "texture": "#3"},
				"west": {"uv": [5, 10, 6, 13], "texture": "#3"},
				"up": {"uv": [14, 1, 13, 0], "texture": "#3"},
				"down": {"uv": [2, 13, 1, 14], "texture": "#3"}
			}
		},
		{
			"from": [8.355, 5.03, 9.405],
			"to": [8.795, 12.97, 9.845],
			"rotation": {"angle": 0, "axis": "y", "origin": [8.575, 15, 9.625]},
			"faces": {
				"north": {"uv": [0, 0, 0.5, 8], "texture": "#3"},
				"east": {"uv": [0, 0, 0.5, 8], "texture": "#3"},
				"south": {"uv": [0, 0, 0.5, 8], "texture": "#3"},
				"west": {"uv": [0, 0, 0.5, 8], "texture": "#3"},
				"up": {"uv": [0, 0, 0.5, 0.5], "texture": "#3"},
				"down": {"uv": [0, 0, 0.5, 8], "texture": "#3"}
			}
		},
		{
			"from": [8.605, 10.49644, 5.52681],
			"to": [8.545, 10.93644, 6.46681],
			"rotation": {"angle": -22.5, "axis": "x", "origin": [8.125, 9.56644, 3.99681]},
			"faces": {
				"north": {"uv": [0, 0, 0, 0.5], "rotation": 180, "texture": "#3"},
				"east": {"uv": [8, 14, 8.5, 15], "rotation": 270, "texture": "#3"},
				"south": {"uv": [0, 0.5, 0, 0], "texture": "#3"},
				"west": {"uv": [9, 14, 9.5, 15], "rotation": 90, "texture": "#3"},
				"up": {"uv": [0, 0, 0, 1], "rotation": 180, "texture": "#3"},
				"down": {"uv": [0, 0, 0, 1], "texture": "#3"}
			}
		},
		{
			"from": [8.605, 10.99644, 5.02681],
			"to": [8.545, 11.43644, 5.46681],
			"rotation": {"angle": -22.5, "axis": "x", "origin": [8.125, 9.56644, 3.99681]},
			"faces": {
				"north": {"uv": [0, 0, 0, 0.5], "rotation": 180, "texture": "#3"},
				"east": {"uv": [15, 9, 15.5, 9.5], "rotation": 270, "texture": "#3"},
				"south": {"uv": [0, 0.5, 0, 0], "texture": "#3"},
				"west": {"uv": [10, 15, 10.5, 15.5], "rotation": 90, "texture": "#3"},
				"up": {"uv": [0, 0, 0, 0.5], "rotation": 180, "texture": "#3"},
				"down": {"uv": [0, 0, 0, 0.5], "texture": "#3"}
			}
		},
		{
			"from": [8.605, 11.49644, 5.52681],
			"to": [8.545, 11.93644, 5.96681],
			"rotation": {"angle": -22.5, "axis": "x", "origin": [8.125, 9.56644, 3.99681]},
			"faces": {
				"north": {"uv": [0, 0, 0, 0.5], "rotation": 180, "texture": "#3"},
				"east": {"uv": [15, 10, 15.5, 10.5], "rotation": 270, "texture": "#3"},
				"south": {"uv": [0, 0.5, 0, 0], "texture": "#3"},
				"west": {"uv": [11, 15, 11.5, 15.5], "rotation": 90, "texture": "#3"},
				"up": {"uv": [0, 0, 0, 0.5], "rotation": 180, "texture": "#3"},
				"down": {"uv": [0, 0, 0, 0.5], "texture": "#3"}
			}
		},
		{
			"from": [8.355, 10.93, 8.88],
			"to": [8.795, 10.87, 9.32],
			"rotation": {"angle": -22.5, "axis": "x", "origin": [8.575, 11, 9.125]},
			"faces": {
				"north": {"uv": [0, 0, 0.5, 0], "texture": "#3"},
				"east": {"uv": [0, 0, 0.5, 0], "texture": "#3"},
				"south": {"uv": [0, 0, 0.5, 0], "texture": "#3"},
				"west": {"uv": [0, 0, 0.5, 0], "texture": "#3"},
				"up": {"uv": [2.5, 15.5, 2, 15], "texture": "#3"},
				"down": {"uv": [3.5, 15, 3, 15.5], "texture": "#3"}
			}
		},
		{
			"from": [8.355, 8.93, 8.88],
			"to": [8.795, 8.87, 9.32],
			"rotation": {"angle": -22.5, "axis": "x", "origin": [8.575, 9, 9.125]},
			"faces": {
				"north": {"uv": [0, 0, 0.5, 0], "texture": "#3"},
				"east": {"uv": [0, 0, 0.5, 0], "texture": "#3"},
				"south": {"uv": [0, 0, 0.5, 0], "texture": "#3"},
				"west": {"uv": [0, 0, 0.5, 0], "texture": "#3"},
				"up": {"uv": [15.5, 3.5, 15, 3], "texture": "#3"},
				"down": {"uv": [4.5, 15, 4, 15.5], "texture": "#3"}
			}
		},
		{
			"from": [8.355, 6.93, 8.88],
			"to": [8.795, 6.87, 9.32],
			"rotation": {"angle": -22.5, "axis": "x", "origin": [8.575, 7, 9.125]},
			"faces": {
				"north": {"uv": [0, 0, 0.5, 0], "texture": "#3"},
				"east": {"uv": [0, 0, 0.5, 0], "texture": "#3"},
				"south": {"uv": [0, 0, 0.5, 0], "texture": "#3"},
				"west": {"uv": [0, 0, 0.5, 0], "texture": "#3"},
				"up": {"uv": [15.5, 4.5, 15, 4], "texture": "#3"},
				"down": {"uv": [5.5, 15, 5, 15.5], "texture": "#3"}
			}
		},
		{
			"from": [8.355, 12.93341, 8.92441],
			"to": [8.795, 12.87341, 9.36441],
			"rotation": {"angle": -22.5, "axis": "x", "origin": [8.575, 12.90341, 9.14441]},
			"faces": {
				"north": {"uv": [0, 0, 0.5, 0], "texture": "#3"},
				"east": {"uv": [0, 0, 0.5, 0], "texture": "#3"},
				"south": {"uv": [0, 0, 0.5, 0], "texture": "#3"},
				"west": {"uv": [0, 0, 0.5, 0], "texture": "#3"},
				"up": {"uv": [15.5, 5.5, 15, 5], "texture": "#3"},
				"down": {"uv": [15.5, 6, 15, 6.5], "texture": "#3"}
			}
		},
		{
			"from": [8.105, -3.97, 9.155],
			"to": [9.045, 0.97, 10.095],
			"rotation": {"angle": 0, "axis": "y", "origin": [0.075, 0, -0.125]},
			"faces": {
				"north": {"uv": [4, 0, 5, 5], "texture": "#3"},
				"east": {"uv": [5, 0, 6, 5], "texture": "#3"},
				"south": {"uv": [4, 5, 5, 10], "texture": "#3"},
				"west": {"uv": [5, 5, 6, 10], "texture": "#3"},
				"up": {"uv": [13, 12, 12, 11], "texture": "#3"},
				"down": {"uv": [1, 13, 0, 14], "texture": "#3"}
			}
		},
		{
			"from": [7.605, 0.03, 8.18],
			"to": [9.545, 1.97, 10.12],
			"rotation": {"angle": -45, "axis": "x", "origin": [7.7, 1.375, 8.775]},
			"faces": {
				"north": {"uv": [6, 0, 8, 2], "texture": "#3"},
				"east": {"uv": [6, 2, 8, 4], "texture": "#3"},
				"south": {"uv": [6, 4, 8, 6], "texture": "#3"},
				"west": {"uv": [6, 6, 8, 8], "texture": "#3"},
				"up": {"uv": [10, 2, 8, 0], "texture": "#3"},
				"down": {"uv": [10, 2, 8, 4], "texture": "#3"}
			}
		},
		{
			"from": [8.58, 2.03, 9.105],
			"to": [8.57, 12.92, 9.095],
			"rotation": {"angle": 0, "axis": "y", "origin": [0.075, 0, -0.125]},
			"faces": {
				"north": {"uv": [0, 0, 0.5, 11], "texture": "#3"},
				"east": {"uv": [1, 0, 1.5, 11], "texture": "#3"},
				"south": {"uv": [2, 0, 2.5, 11], "texture": "#3"},
				"west": {"uv": [3, 0, 3.5, 11], "texture": "#3"},
				"up": {"uv": [13.5, 14.5, 13, 14], "texture": "#3"},
				"down": {"uv": [14.5, 14, 14, 14.5], "texture": "#3"}
			}
		},
		{
			"from": [8.58, 12.93, 6.63],
			"to": [8.57, 12.92, 9.07],
			"rotation": {"angle": -22.5, "axis": "x", "origin": [8.575, 12.925, 9.1]},
			"faces": {
				"north": {"uv": [15, 8, 15.5, 8.5], "texture": "#3"},
				"east": {"uv": [14, 3, 15, 3.5], "texture": "#3"},
				"south": {"uv": [9, 15, 9.5, 15.5], "texture": "#3"},
				"west": {"uv": [4, 14, 5, 14.5], "texture": "#3"},
				"up": {"uv": [14.5, 5, 14, 4], "texture": "#3"},
				"down": {"uv": [5.5, 14, 5, 15], "texture": "#3"}
			}
		},
		{
			"from": [7.855, -4.47, 8.905],
			"to": [9.295, -4.03, 10.345],
			"rotation": {"angle": 0, "axis": "y", "origin": [0.075, 0, -0.125]},
			"faces": {
				"north": {"uv": [13, 9, 14.5, 9.5], "texture": "#3"},
				"east": {"uv": [11, 13, 12.5, 13.5], "texture": "#3"},
				"south": {"uv": [13, 11, 14.5, 11.5], "texture": "#3"},
				"west": {"uv": [13, 12, 14.5, 12.5], "texture": "#3"},
				"up": {"uv": [11.5, 7.5, 10, 6], "texture": "#3"},
				"down": {"uv": [11.5, 8, 10, 9.5], "texture": "#3"}
			}
		},
		{
			"from": [7.855, -3.47, 8.905],
			"to": [9.295, -3.03, 10.345],
			"rotation": {"angle": 0, "axis": "y", "origin": [0.075, 0, -0.125]},
			"faces": {
				"north": {"uv": [14, 0, 15.5, 0.5], "texture": "#3"},
				"east": {"uv": [14, 1, 15.5, 1.5], "texture": "#3"},
				"south": {"uv": [2, 14, 3.5, 14.5], "texture": "#3"},
				"west": {"uv": [14, 2, 15.5, 2.5], "texture": "#3"},
				"up": {"uv": [12.5, 1.5, 11, 0], "texture": "#3"},
				"down": {"uv": [3.5, 11, 2, 12.5], "texture": "#3"}
			}
		},
		{
			"from": [7.855, 2.03, 9.405],
			"to": [9.295, 2.47, 10.345],
			"rotation": {"angle": 0, "axis": "y", "origin": [0.075, 0, -0.125]},
			"faces": {
				"north": {"uv": [13, 13, 14.5, 13.5], "texture": "#3"},
				"east": {"uv": [10, 14, 11, 14.5], "texture": "#3"},
				"south": {"uv": [0, 14, 1.5, 14.5], "texture": "#3"},
				"west": {"uv": [14, 10, 15, 10.5], "texture": "#3"},
				"up": {"uv": [13.5, 11, 12, 10], "texture": "#3"},
				"down": {"uv": [12.5, 12, 11, 13], "texture": "#3"}
			}
		},
		{
			"from": [8.106, -5.78321, 8.556],
			"to": [9.044, -4.34521, 9.994],
			"rotation": {"angle": 45, "axis": "x", "origin": [8.575, -5.41421, 9.625]},
			"faces": {
				"north": {"uv": [11, 4, 12, 5.5], "texture": "#3"},
				"east": {"uv": [10, 10, 11.5, 11.5], "texture": "#3"},
				"south": {"uv": [8, 12, 9, 13.5], "texture": "#3"},
				"west": {"uv": [0, 11, 1.5, 12.5], "texture": "#3"},
				"up": {"uv": [10, 13.5, 9, 12], "texture": "#3"},
				"down": {"uv": [11, 12, 10, 13.5], "texture": "#3"}
			}
		},
		{
			"from": [6.25, 1.65, 8.025],
			"to": [7.75, 2.15, 8.525],
			"rotation": {"angle": -45, "axis": "x", "origin": [7.875, 1.525, 8.65]},
			"faces": {
				"north": {"uv": [13, 5, 14.5, 5.5], "texture": "#4"},
				"east": {"uv": [11, 14, 11.5, 14.5], "texture": "#4"},
				"south": {"uv": [13, 6, 14.5, 6.5], "texture": "#4"},
				"west": {"uv": [12, 14, 12.5, 14.5], "texture": "#4"},
				"up": {"uv": [14.5, 7.5, 13, 7], "texture": "#4"},
				"down": {"uv": [14.5, 8, 13, 8.5], "texture": "#4"}
			}
		},
		{
			"from": [8.25, 2.15, 9],
			"to": [9.25, 5.15, 10],
			"rotation": {"angle": 0, "axis": "y", "origin": [8.75, 15.15, 9.5]},
			"faces": {
				"north": {"uv": [10, 0, 11, 3], "texture": "#4"},
				"east": {"uv": [10, 3, 11, 6], "texture": "#4"},
				"south": {"uv": [4, 10, 5, 13], "texture": "#4"},
				"west": {"uv": [5, 10, 6, 13], "texture": "#4"},
				"up": {"uv": [14, 1, 13, 0], "texture": "#4"},
				"down": {"uv": [2, 13, 1, 14], "texture": "#4"}
			}
		},
		{
			"from": [8.5, 5.15, 9.25],
			"to": [9, 13.15, 9.75],
			"rotation": {"angle": 0, "axis": "y", "origin": [8.75, 15.15, 9.5]},
			"faces": {
				"north": {"uv": [0, 0, 0.5, 8], "texture": "#4"},
				"east": {"uv": [0, 0, 0.5, 8], "texture": "#4"},
				"south": {"uv": [0, 0, 0.5, 8], "texture": "#4"},
				"west": {"uv": [0, 0, 0.5, 8], "texture": "#4"},
				"up": {"uv": [0, 0, 0.5, 0.5], "texture": "#4"},
				"down": {"uv": [0, 0, 0.5, 8], "texture": "#4"}
			}
		},
		{
			"from": [8.25, 10.36644, 6.37181],
			"to": [9.25, 11.36644, 7.37181],
			"rotation": {"angle": -22.5, "axis": "x", "origin": [8.3, 9.71644, 3.87181]},
			"faces": {
				"north": {"uv": [6, 13, 5, 14], "rotation": 180, "texture": "#4"},
				"east": {"uv": [2, 13, 3, 14], "rotation": 270, "texture": "#4"},
				"south": {"uv": [14, 5, 13, 4], "texture": "#4"},
				"west": {"uv": [4, 13, 5, 14], "rotation": 90, "texture": "#4"},
				"up": {"uv": [13, 1, 14, 2], "rotation": 180, "texture": "#4"},
				"down": {"uv": [3, 13, 4, 14], "texture": "#4"}
			}
		},
		{
			"from": [8.75, 10.61644, 5.37181],
			"to": [8.75, 11.11644, 6.37181],
			"rotation": {"angle": -22.5, "axis": "x", "origin": [8.3, 9.71644, 3.87181]},
			"faces": {
				"north": {"uv": [0, 0, 0, 0.5], "rotation": 180, "texture": "#4"},
				"east": {"uv": [8, 14, 8.5, 15], "rotation": 270, "texture": "#4"},
				"south": {"uv": [0, 0.5, 0, 0], "texture": "#4"},
				"west": {"uv": [9, 14, 9.5, 15], "rotation": 90, "texture": "#4"},
				"up": {"uv": [0, 0, 0, 1], "rotation": 180, "texture": "#4"},
				"down": {"uv": [0, 0, 0, 1], "texture": "#4"}
			}
		},
		{
			"from": [8.75, 11.11644, 4.87181],
			"to": [8.75, 11.61644, 5.37181],
			"rotation": {"angle": -22.5, "axis": "x", "origin": [8.3, 9.71644, 3.87181]},
			"faces": {
				"north": {"uv": [0, 0, 0, 0.5], "rotation": 180, "texture": "#4"},
				"east": {"uv": [15, 9, 15.5, 9.5], "rotation": 270, "texture": "#4"},
				"south": {"uv": [0, 0.5, 0, 0], "texture": "#4"},
				"west": {"uv": [10, 15, 10.5, 15.5], "rotation": 90, "texture": "#4"},
				"up": {"uv": [0, 0, 0, 0.5], "rotation": 180, "texture": "#4"},
				"down": {"uv": [0, 0, 0, 0.5], "texture": "#4"}
			}
		},
		{
			"from": [8.75, 11.61644, 5.37181],
			"to": [8.75, 12.11644, 5.87181],
			"rotation": {"angle": -22.5, "axis": "x", "origin": [8.3, 9.71644, 3.87181]},
			"faces": {
				"north": {"uv": [0, 0, 0, 0.5], "rotation": 180, "texture": "#4"},
				"east": {"uv": [15, 10, 15.5, 10.5], "rotation": 270, "texture": "#4"},
				"south": {"uv": [0, 0.5, 0, 0], "texture": "#4"},
				"west": {"uv": [11, 15, 11.5, 15.5], "rotation": 90, "texture": "#4"},
				"up": {"uv": [0, 0, 0, 0.5], "rotation": 180, "texture": "#4"},
				"down": {"uv": [0, 0, 0, 0.5], "texture": "#4"}
			}
		},
		{
			"from": [8.5, 11.05, 8.725],
			"to": [9, 11.05, 9.225],
			"rotation": {"angle": -22.5, "axis": "x", "origin": [8.75, 11.15, 9]},
			"faces": {
				"north": {"uv": [0, 0, 0.5, 0], "texture": "#4"},
				"east": {"uv": [0, 0, 0.5, 0], "texture": "#4"},
				"south": {"uv": [0, 0, 0.5, 0], "texture": "#4"},
				"west": {"uv": [0, 0, 0.5, 0], "texture": "#4"},
				"up": {"uv": [2.5, 15.5, 2, 15], "texture": "#4"},
				"down": {"uv": [3.5, 15, 3, 15.5], "texture": "#4"}
			}
		},
		{
			"from": [8.5, 9.05, 8.725],
			"to": [9, 9.05, 9.225],
			"rotation": {"angle": -22.5, "axis": "x", "origin": [8.75, 9.15, 9]},
			"faces": {
				"north": {"uv": [0, 0, 0.5, 0], "texture": "#4"},
				"east": {"uv": [0, 0, 0.5, 0], "texture": "#4"},
				"south": {"uv": [0, 0, 0.5, 0], "texture": "#4"},
				"west": {"uv": [0, 0, 0.5, 0], "texture": "#4"},
				"up": {"uv": [15.5, 3.5, 15, 3], "texture": "#4"},
				"down": {"uv": [4.5, 15, 4, 15.5], "texture": "#4"}
			}
		},
		{
			"from": [8.5, 7.05, 8.725],
			"to": [9, 7.05, 9.225],
			"rotation": {"angle": -22.5, "axis": "x", "origin": [8.75, 7.15, 9]},
			"faces": {
				"north": {"uv": [0, 0, 0.5, 0], "texture": "#4"},
				"east": {"uv": [0, 0, 0.5, 0], "texture": "#4"},
				"south": {"uv": [0, 0, 0.5, 0], "texture": "#4"},
				"west": {"uv": [0, 0, 0.5, 0], "texture": "#4"},
				"up": {"uv": [15.5, 4.5, 15, 4], "texture": "#4"},
				"down": {"uv": [5.5, 15, 5, 15.5], "texture": "#4"}
			}
		},
		{
			"from": [8.5, 13.05341, 8.76941],
			"to": [9, 13.05341, 9.26941],
			"rotation": {"angle": -22.5, "axis": "x", "origin": [8.75, 13.05341, 9.01941]},
			"faces": {
				"north": {"uv": [0, 0, 0.5, 0], "texture": "#4"},
				"east": {"uv": [0, 0, 0.5, 0], "texture": "#4"},
				"south": {"uv": [0, 0, 0.5, 0], "texture": "#4"},
				"west": {"uv": [0, 0, 0.5, 0], "texture": "#4"},
				"up": {"uv": [15.5, 5.5, 15, 5], "texture": "#4"},
				"down": {"uv": [15.5, 6, 15, 6.5], "texture": "#4"}
			}
		},
		{
			"from": [8.25, -3.85, 9],
			"to": [9.25, 1.15, 10],
			"rotation": {"angle": 0, "axis": "y", "origin": [0.25, 0.15, -0.25]},
			"faces": {
				"north": {"uv": [4, 0, 5, 5], "texture": "#4"},
				"east": {"uv": [5, 0, 6, 5], "texture": "#4"},
				"south": {"uv": [4, 5, 5, 10], "texture": "#4"},
				"west": {"uv": [5, 5, 6, 10], "texture": "#4"},
				"up": {"uv": [13, 12, 12, 11], "texture": "#4"},
				"down": {"uv": [1, 13, 0, 14], "texture": "#4"}
			}
		},
		{
			"from": [7.75, 0.15, 8.025],
			"to": [9.75, 2.15, 10.025],
			"rotation": {"angle": -45, "axis": "x", "origin": [7.875, 1.525, 8.65]},
			"faces": {
				"north": {"uv": [6, 0, 8, 2], "texture": "#4"},
				"east": {"uv": [6, 2, 8, 4], "texture": "#4"},
				"south": {"uv": [6, 4, 8, 6], "texture": "#4"},
				"west": {"uv": [6, 6, 8, 8], "texture": "#4"},
				"up": {"uv": [10, 2, 8, 0], "texture": "#4"},
				"down": {"uv": [10, 2, 8, 4], "texture": "#4"}
			}
		},
		{
			"from": [8.725, 2.15, 8.95],
			"to": [8.775, 13.1, 9],
			"rotation": {"angle": 0, "axis": "y", "origin": [0.25, 0.15, -0.25]},
			"faces": {
				"north": {"uv": [0, 0, 0.5, 11], "texture": "#4"},
				"east": {"uv": [1, 0, 1.5, 11], "texture": "#4"},
				"south": {"uv": [2, 0, 2.5, 11], "texture": "#4"},
				"west": {"uv": [3, 0, 3.5, 11], "texture": "#4"},
				"up": {"uv": [13.5, 14.5, 13, 14], "texture": "#4"},
				"down": {"uv": [14.5, 14, 14, 14.5], "texture": "#4"}
			}
		},
		{
			"from": [8.725, 13.05, 6.475],
			"to": [8.775, 13.1, 8.975],
			"rotation": {"angle": -22.5, "axis": "x", "origin": [8.75, 13.075, 8.975]},
			"faces": {
				"north": {"uv": [15, 8, 15.5, 8.5], "texture": "#4"},
				"east": {"uv": [14, 3, 15, 3.5], "texture": "#4"},
				"south": {"uv": [9, 15, 9.5, 15.5], "texture": "#4"},
				"west": {"uv": [4, 14, 5, 14.5], "texture": "#4"},
				"up": {"uv": [14.5, 5, 14, 4], "texture": "#4"},
				"down": {"uv": [5.5, 14, 5, 15], "texture": "#4"}
			}
		},
		{
			"from": [8, -4.35, 8.75],
			"to": [9.5, -3.85, 10.25],
			"rotation": {"angle": 0, "axis": "y", "origin": [0.25, 0.15, -0.25]},
			"faces": {
				"north": {"uv": [13, 9, 14.5, 9.5], "texture": "#4"},
				"east": {"uv": [11, 13, 12.5, 13.5], "texture": "#4"},
				"south": {"uv": [13, 11, 14.5, 11.5], "texture": "#4"},
				"west": {"uv": [13, 12, 14.5, 12.5], "texture": "#4"},
				"up": {"uv": [11.5, 7.5, 10, 6], "texture": "#4"},
				"down": {"uv": [11.5, 8, 10, 9.5], "texture": "#4"}
			}
		},
		{
			"from": [8, -3.35, 8.75],
			"to": [9.5, -2.85, 10.25],
			"rotation": {"angle": 0, "axis": "y", "origin": [0.25, 0.15, -0.25]},
			"faces": {
				"north": {"uv": [14, 0, 15.5, 0.5], "texture": "#4"},
				"east": {"uv": [14, 1, 15.5, 1.5], "texture": "#4"},
				"south": {"uv": [2, 14, 3.5, 14.5], "texture": "#4"},
				"west": {"uv": [14, 2, 15.5, 2.5], "texture": "#4"},
				"up": {"uv": [12.5, 1.5, 11, 0], "texture": "#4"},
				"down": {"uv": [3.5, 11, 2, 12.5], "texture": "#4"}
			}
		},
		{
			"from": [8, 2.15, 9.25],
			"to": [9.5, 2.65, 10.25],
			"rotation": {"angle": 0, "axis": "y", "origin": [0.25, 0.15, -0.25]},
			"faces": {
				"north": {"uv": [13, 13, 14.5, 13.5], "texture": "#4"},
				"east": {"uv": [10, 14, 11, 14.5], "texture": "#4"},
				"south": {"uv": [0, 14, 1.5, 14.5], "texture": "#4"},
				"west": {"uv": [14, 10, 15, 10.5], "texture": "#4"},
				"up": {"uv": [13.5, 11, 12, 10], "texture": "#4"},
				"down": {"uv": [12.5, 12, 11, 13], "texture": "#4"}
			}
		},
		{
			"from": [8.251, -5.66321, 8.401],
			"to": [9.249, -4.16521, 9.899],
			"rotation": {"angle": 45, "axis": "x", "origin": [8.75, -5.26421, 9.5]},
			"faces": {
				"north": {"uv": [11, 4, 12, 5.5], "texture": "#4"},
				"east": {"uv": [10, 10, 11.5, 11.5], "texture": "#4"},
				"south": {"uv": [8, 12, 9, 13.5], "texture": "#4"},
				"west": {"uv": [0, 11, 1.5, 12.5], "texture": "#4"},
				"up": {"uv": [10, 13.5, 9, 12], "texture": "#4"},
				"down": {"uv": [11, 12, 10, 13.5], "texture": "#4"}
			}
		}
	],
	"display": {
		"thirdperson_righthand": {
			"rotation": [15, 0, 0],
			"translation": [-0.5, 7.75, 0.75]
		},
		"thirdperson_lefthand": {
			"rotation": [15, 0, 0],
			"translation": [-0.5, 7.75, 0.75]
		},
		"firstperson_righthand": {
			"rotation": [-68.38, -4.21, -10.44],
			"translation": [-0.5, 5.25, 0.25],
			"scale": [0.6, 0.6, 0.6]
		},
		"firstperson_lefthand": {
			"rotation": [-68.38, -4.21, -10.44],
			"translation": [-0.5, 5.25, 0.25],
			"scale": [0.6, 0.6, 0.6]
		},
		"ground": {
			"rotation": [-45, 0, 0],
			"translation": [0, 6, 0]
		},
		"gui": {
			"rotation": [-90, -45, -90],
			"translation": [3.5, 1.75, -3.5]
		},
		"fixed": {
			"rotation": [-65.75, 0, 0],
			"translation": [-1, 7.25, -25.5],
			"scale": [2, 2, 2]
		}
	}
}