{"textures":{"0":"modelengine:entity/spectre"},"elements":[{"from":[4.0,5.0,6.0],"to":[12.0,12.0,10.0],"faces":{"east":{"uv":[6.0,2.0,7.0,3.75],"tintindex":0,"rotation":0,"texture":"#0"},"south":{"uv":[4.0,2.0,6.0,3.75],"tintindex":0,"rotation":0,"texture":"#0"},"north":{"uv":[2.0,4.0,4.0,5.75],"tintindex":0,"rotation":0,"texture":"#0"},"west":{"uv":[6.0,3.75,7.0,5.5],"tintindex":0,"rotation":0,"texture":"#0"},"up":{"uv":[4.0,6.75,2.0,5.75],"tintindex":0,"rotation":0,"texture":"#0"},"down":{"uv":[2.0,6.0,0.0,7.0],"tintindex":0,"rotation":0,"texture":"#0"}}},{"from":[4.0,11.0443325,5.1955323],"to":[12.0,16.044333,9.195532],"faces":{"east":{"uv":[8.0,3.0,9.0,4.25],"tintindex":0,"rotation":0,"texture":"#0"},"south":{"uv":[4.0,5.0,6.0,6.25],"tintindex":0,"rotation":0,"texture":"#0"},"north":{"uv":[4.0,3.75,6.0,5.0],"tintindex":0,"rotation":0,"texture":"#0"},"west":{"uv":[8.0,4.25,9.0,5.5],"tintindex":0,"rotation":0,"texture":"#0"},"up":{"uv":[8.0,1.0,6.0,0.0],"tintindex":0,"rotation":0,"texture":"#0"},"down":{"uv":[8.0,1.0,6.0,2.0],"tintindex":0,"rotation":0,"texture":"#0"}},"rotation":{"origin":[8.0,13.5443325,7.1955323],"angle":-22.5,"axis":"x"}}],"display":{"gui":{"rotation":[30,225,0]}}}