{"textures":{"0":"modelengine:entity/spectre"},"elements":[{"from":[6.0,2.0,4.0],"to":[10.0,8.0,8.0],"faces":{"east":{"uv":[8.0,2.0,7.0,3.5],"tintindex":0,"rotation":0,"texture":"#0"},"south":{"uv":[2.0,7.0,1.0,8.5],"tintindex":0,"rotation":0,"texture":"#0"},"north":{"uv":[4.0,6.75,3.0,8.25],"tintindex":0,"rotation":0,"texture":"#0"},"west":{"uv":[1.0,7.0,0.0,8.5],"tintindex":0,"rotation":0,"texture":"#0"},"up":{"uv":[7.0,9.0,8.0,8.0],"tintindex":0,"rotation":0,"texture":"#0"},"down":{"uv":[8.0,7.5,9.0,8.5],"tintindex":0,"rotation":0,"texture":"#0"}}}],"display":{"gui":{"rotation":[30,225,0]}}}