{"textures":{"0":"modelengine:entity/spectre"},"elements":[{"from":[6.0,2.0,6.0],"to":[10.0,8.0,10.0],"faces":{"east":{"uv":[8.0,6.5,7.0,8.0],"tintindex":0,"rotation":0,"texture":"#0"},"south":{"uv":[7.0,7.0,6.0,8.5],"tintindex":0,"rotation":0,"texture":"#0"},"north":{"uv":[8.0,3.5,7.0,5.0],"tintindex":0,"rotation":0,"texture":"#0"},"west":{"uv":[8.0,5.0,7.0,6.5],"tintindex":0,"rotation":0,"texture":"#0"},"up":{"uv":[2.0,9.25,3.0,8.25],"tintindex":0,"rotation":0,"texture":"#0"},"down":{"uv":[3.0,8.25,4.0,9.25],"tintindex":0,"rotation":0,"texture":"#0"}}}],"display":{"gui":{"rotation":[30,225,0]}}}