{"textures":{"0":"modelengine:entity/spectre"},"elements":[{"from":[5.9,2.0,8.0],"to":[9.9,8.0,12.0],"faces":{"east":{"uv":[9.0,1.5,8.0,3.0],"tintindex":0,"rotation":0,"texture":"#0"},"south":{"uv":[9.0,0.0,8.0,1.5],"tintindex":0,"rotation":0,"texture":"#0"},"north":{"uv":[5.0,7.75,4.0,9.25],"tintindex":0,"rotation":0,"texture":"#0"},"west":{"uv":[6.0,7.75,5.0,9.25],"tintindex":0,"rotation":0,"texture":"#0"},"up":{"uv":[0.0,9.5,1.0,8.5],"tintindex":0,"rotation":0,"texture":"#0"},"down":{"uv":[1.0,8.5,2.0,9.5],"tintindex":0,"rotation":0,"texture":"#0"}}}],"display":{"gui":{"rotation":[30,225,0]}}}