{"textures":{"0":"modelengine:entity/spectre"},"elements":[{"from":[8.0,4.0,6.0],"to":[12.0,10.0,10.0],"faces":{"east":{"uv":[3.0,6.75,2.0,8.25],"tintindex":0,"rotation":0,"texture":"#0"},"south":{"uv":[6.0,6.25,5.0,7.75],"tintindex":0,"rotation":0,"texture":"#0"},"north":{"uv":[7.0,5.5,6.0,7.0],"tintindex":0,"rotation":0,"texture":"#0"},"west":{"uv":[5.0,6.25,4.0,7.75],"tintindex":0,"rotation":0,"texture":"#0"},"up":{"uv":[8.0,6.5,9.0,5.5],"tintindex":0,"rotation":0,"texture":"#0"},"down":{"uv":[8.0,6.5,9.0,7.5],"tintindex":0,"rotation":0,"texture":"#0"}}}],"display":{"gui":{"rotation":[30,225,0]}}}