{"textures":{"0":"modelengine:entity/spectre"},"elements":[{"from":[6.0,2.0,6.0],"to":[10.0,8.0,10.0],"faces":{"east":{"uv":[7.0,5.0,8.0,6.5],"tintindex":0,"rotation":0,"texture":"#0"},"south":{"uv":[6.0,7.0,7.0,8.5],"tintindex":0,"rotation":0,"texture":"#0"},"north":{"uv":[7.0,3.5,8.0,5.0],"tintindex":0,"rotation":0,"texture":"#0"},"west":{"uv":[7.0,6.5,8.0,8.0],"tintindex":0,"rotation":0,"texture":"#0"},"up":{"uv":[3.0,9.25,2.0,8.25],"tintindex":0,"rotation":0,"texture":"#0"},"down":{"uv":[4.0,8.25,3.0,9.25],"tintindex":0,"rotation":0,"texture":"#0"}}}],"display":{"gui":{"rotation":[30,225,0]}}}