{"textures":{"0":"modelengine:entity/spectre"},"elements":[{"from":[4.0,4.0,6.0],"to":[8.0,10.0,10.0],"faces":{"east":{"uv":[4.0,6.25,5.0,7.75],"tintindex":0,"rotation":0,"texture":"#0"},"south":{"uv":[5.0,6.25,6.0,7.75],"tintindex":0,"rotation":0,"texture":"#0"},"north":{"uv":[6.0,5.5,7.0,7.0],"tintindex":0,"rotation":0,"texture":"#0"},"west":{"uv":[2.0,6.75,3.0,8.25],"tintindex":0,"rotation":0,"texture":"#0"},"up":{"uv":[9.0,6.5,8.0,5.5],"tintindex":0,"rotation":0,"texture":"#0"},"down":{"uv":[9.0,6.5,8.0,7.5],"tintindex":0,"rotation":0,"texture":"#0"}}}],"display":{"gui":{"rotation":[30,225,0]}}}