{"textures":{"0":"modelengine:entity/pumpkinmonster"},"elements":[{"from":[2.5,5.1908417,10.03806],"to":[3.4499998,6.1908417,11.03806],"faces":{"east":{"uv":[11.75,7.875,12.0,8.125],"tintindex":0,"rotation":0,"texture":"#0"},"south":{"uv":[11.75,8.125,12.0,8.375],"tintindex":0,"rotation":0,"texture":"#0"},"north":{"uv":[11.75,7.625,12.0,7.875],"tintindex":0,"rotation":0,"texture":"#0"},"west":{"uv":[9.0,11.75,9.25,12.0],"tintindex":0,"rotation":0,"texture":"#0"},"up":{"uv":[11.375,12.0,11.125,11.75],"tintindex":0,"rotation":0,"texture":"#0"},"down":{"uv":[12.0,11.25,11.75,11.5],"tintindex":0,"rotation":0,"texture":"#0"}}},{"from":[11.0,5.1908417,2.0380602],"to":[13.0,6.1908417,4.03806],"faces":{"east":{"uv":[11.375,6.375,11.875,6.625],"tintindex":0,"rotation":0,"texture":"#0"},"south":{"uv":[6.625,11.375,7.125,11.625],"tintindex":0,"rotation":0,"texture":"#0"},"north":{"uv":[4.875,11.375,5.375,11.625],"tintindex":0,"rotation":0,"texture":"#0"},"west":{"uv":[11.375,6.625,11.875,6.875],"tintindex":0,"rotation":0,"texture":"#0"},"up":{"uv":[9.875,8.125,9.375,7.625],"tintindex":0,"rotation":0,"texture":"#0"},"down":{"uv":[10.25,4.125,9.75,4.625],"tintindex":0,"rotation":0,"texture":"#0"}}},{"from":[12.05,5.1908417,5.53806],"to":[13.0,6.1908417,8.53806],"faces":{"east":{"uv":[11.125,5.625,11.875,5.875],"tintindex":0,"rotation":0,"texture":"#0"},"south":{"uv":[0.25,11.75,0.5,12.0],"tintindex":0,"rotation":0,"texture":"#0"},"north":{"uv":[0.0,11.75,0.25,12.0],"tintindex":0,"rotation":0,"texture":"#0"},"west":{"uv":[11.125,5.875,11.875,6.125],"tintindex":0,"rotation":0,"texture":"#0"},"up":{"uv":[8.25,2.625,8.0,1.875],"tintindex":0,"rotation":0,"texture":"#0"},"down":{"uv":[6.625,8.25,6.375,9.0],"tintindex":0,"rotation":0,"texture":"#0"}}},{"from":[12.05,4.1908417,10.53806],"to":[13.0,5.1908417,11.03806],"faces":{"east":{"uv":[6.625,8.5,6.75,8.75],"tintindex":0,"rotation":0,"texture":"#0"},"south":{"uv":[11.875,7.125,12.125,7.375],"tintindex":0,"rotation":0,"texture":"#0"},"north":{"uv":[11.875,6.875,12.125,7.125],"tintindex":0,"rotation":0,"texture":"#0"},"west":{"uv":[4.0,8.75,4.125,9.0],"tintindex":0,"rotation":0,"texture":"#0"},"up":{"uv":[4.875,7.25,4.625,7.125],"tintindex":0,"rotation":0,"texture":"#0"},"down":{"uv":[5.125,7.125,4.875,7.25],"tintindex":0,"rotation":0,"texture":"#0"}}},{"from":[5.5,10.690842,7.53806],"to":[10.0,12.690842,11.03806],"faces":{"east":{"uv":[10.375,3.625,11.25,4.125],"tintindex":0,"rotation":0,"texture":"#0"},"south":{"uv":[10.25,6.875,11.375,7.375],"tintindex":0,"rotation":0,"texture":"#0"},"north":{"uv":[10.25,6.375,11.375,6.875],"tintindex":0,"rotation":0,"texture":"#0"},"west":{"uv":[10.625,0.0,11.5,0.5],"tintindex":0,"rotation":0,"texture":"#0"},"up":{"uv":[9.75,10.375,8.625,9.5],"tintindex":0,"rotation":0,"texture":"#0"},"down":{"uv":[10.75,0.5,9.625,1.375],"tintindex":0,"rotation":0,"texture":"#0"}},"rotation":{"origin":[7.75,11.690842,9.28806],"angle":22.5,"axis":"x"}},{"from":[2.5,6.1908417,2.0380602],"to":[13.0,11.690842,13.03806],"faces":{"east":{"uv":[5.25,0.0,8.0,1.375],"tintindex":0,"rotation":0,"texture":"#0"},"south":{"uv":[2.625,5.5,5.25,6.875],"tintindex":0,"rotation":0,"texture":"#0"},"north":{"uv":[0.0,5.5,2.625,6.875],"tintindex":0,"rotation":0,"texture":"#0"},"west":{"uv":[5.25,1.375,8.0,2.75],"tintindex":0,"rotation":0,"texture":"#0"},"up":{"uv":[2.625,2.75,0.0,0.0],"tintindex":0,"rotation":0,"texture":"#0"},"down":{"uv":[5.25,0.0,2.625,2.75],"tintindex":0,"rotation":0,"texture":"#0"}}},{"from":[6.0,12.190842,8.53806],"to":[9.5,16.190842,11.53806],"faces":{"east":{"uv":[9.75,9.5,10.5,10.5],"tintindex":0,"rotation":0,"texture":"#0"},"south":{"uv":[4.625,9.625,5.5,10.625],"tintindex":0,"rotation":0,"texture":"#0"},"north":{"uv":[3.75,9.625,4.625,10.625],"tintindex":0,"rotation":0,"texture":"#0"},"west":{"uv":[9.875,7.5,10.625,8.5],"tintindex":0,"rotation":0,"texture":"#0"},"up":{"uv":[10.75,9.25,9.875,8.5],"tintindex":0,"rotation":0,"texture":"#0"},"down":{"uv":[11.125,4.125,10.25,4.875],"tintindex":0,"rotation":0,"texture":"#0"}},"rotation":{"origin":[7.75,11.690842,9.28806],"angle":45.0,"axis":"x"}},{"from":[2.5,4.1908417,10.53806],"to":[3.4499998,5.1908417,11.03806],"faces":{"east":{"uv":[6.75,7.25,6.875,7.5],"tintindex":0,"rotation":0,"texture":"#0"},"south":{"uv":[11.625,11.75,11.875,12.0],"tintindex":0,"rotation":0,"texture":"#0"},"north":{"uv":[11.375,11.75,11.625,12.0],"tintindex":0,"rotation":0,"texture":"#0"},"west":{"uv":[6.625,8.25,6.75,8.5],"tintindex":0,"rotation":0,"texture":"#0"},"up":{"uv":[4.375,7.25,4.125,7.125],"tintindex":0,"rotation":0,"texture":"#0"},"down":{"uv":[4.625,7.125,4.375,7.25],"tintindex":0,"rotation":0,"texture":"#0"}}},{"from":[2.5,4.1908417,6.03806],"to":[3.4499998,5.1908417,7.53806],"faces":{"east":{"uv":[6.25,11.5,6.625,11.75],"tintindex":0,"rotation":0,"texture":"#0"},"south":{"uv":[5.25,11.75,5.5,12.0],"tintindex":0,"rotation":0,"texture":"#0"},"north":{"uv":[3.0,11.75,3.25,12.0],"tintindex":0,"rotation":0,"texture":"#0"},"west":{"uv":[11.5,7.375,11.875,7.625],"tintindex":0,"rotation":0,"texture":"#0"},"up":{"uv":[11.75,8.0,11.5,7.625],"tintindex":0,"rotation":0,"texture":"#0"},"down":{"uv":[11.75,8.0,11.5,8.375],"tintindex":0,"rotation":0,"texture":"#0"}}},{"from":[6.5,5.1908417,2.0380602],"to":[9.5,6.1908417,2.98806],"faces":{"east":{"uv":[9.375,11.625,9.625,11.875],"tintindex":0,"rotation":0,"texture":"#0"},"south":{"uv":[11.125,4.875,11.875,5.125],"tintindex":0,"rotation":0,"texture":"#0"},"north":{"uv":[11.125,4.625,11.875,4.875],"tintindex":0,"rotation":0,"texture":"#0"},"west":{"uv":[9.625,11.625,9.875,11.875],"tintindex":0,"rotation":0,"texture":"#0"},"up":{"uv":[11.875,5.375,11.125,5.125],"tintindex":0,"rotation":0,"texture":"#0"},"down":{"uv":[11.875,5.375,11.125,5.625],"tintindex":0,"rotation":0,"texture":"#0"}}},{"from":[-4.46194,11.625,5.03806],"to":[1.0380602,11.625,12.53806],"faces":{"up":{"uv":[4.125,8.75,2.75,6.875],"tintindex":0,"rotation":0,"texture":"#0"},"down":{"uv":[4.125,6.875,2.75,8.75],"tintindex":0,"rotation":0,"texture":"#0"}},"rotation":{"origin":[0.5380602,11.625,12.03806],"angle":22.5,"axis":"z"}},{"from":[2.5,5.1908417,2.0380602],"to":[4.5,6.1908417,4.03806],"faces":{"east":{"uv":[7.125,11.375,7.625,11.625],"tintindex":0,"rotation":0,"texture":"#0"},"south":{"uv":[11.375,7.125,11.875,7.375],"tintindex":0,"rotation":0,"texture":"#0"},"north":{"uv":[11.375,6.875,11.875,7.125],"tintindex":0,"rotation":0,"texture":"#0"},"west":{"uv":[7.625,11.375,8.125,11.625],"tintindex":0,"rotation":0,"texture":"#0"},"up":{"uv":[7.125,11.375,6.625,10.875],"tintindex":0,"rotation":0,"texture":"#0"},"down":{"uv":[7.625,10.875,7.125,11.375],"tintindex":0,"rotation":0,"texture":"#0"}}},{"from":[2.5,4.1908417,2.0380602],"to":[3.5,5.1908417,3.5380602],"faces":{"east":{"uv":[1.75,11.5,2.125,11.75],"tintindex":0,"rotation":0,"texture":"#0"},"south":{"uv":[10.625,11.625,10.875,11.875],"tintindex":0,"rotation":0,"texture":"#0"},"north":{"uv":[10.375,11.625,10.625,11.875],"tintindex":0,"rotation":0,"texture":"#0"},"west":{"uv":[2.125,11.5,2.5,11.75],"tintindex":0,"rotation":0,"texture":"#0"},"up":{"uv":[2.75,11.875,2.5,11.5],"tintindex":0,"rotation":0,"texture":"#0"},"down":{"uv":[3.0,11.5,2.75,11.875],"tintindex":0,"rotation":0,"texture":"#0"}}},{"from":[7.0,4.1908417,2.0380602],"to":[8.5,5.1908417,2.98806],"faces":{"east":{"uv":[9.875,11.625,10.125,11.875],"tintindex":0,"rotation":0,"texture":"#0"},"south":{"uv":[1.0,11.5,1.375,11.75],"tintindex":0,"rotation":0,"texture":"#0"},"north":{"uv":[11.5,0.75,11.875,1.0],"tintindex":0,"rotation":0,"texture":"#0"},"west":{"uv":[10.125,11.625,10.375,11.875],"tintindex":0,"rotation":0,"texture":"#0"},"up":{"uv":[11.875,1.25,11.5,1.0],"tintindex":0,"rotation":0,"texture":"#0"},"down":{"uv":[1.75,11.5,1.375,11.75],"tintindex":0,"rotation":0,"texture":"#0"}}},{"from":[1.0,11.815842,5.03806],"to":[6.5,11.815842,12.53806],"faces":{"up":{"uv":[1.375,8.75,0.0,6.875],"tintindex":0,"rotation":0,"texture":"#0"},"down":{"uv":[1.375,6.875,0.0,8.75],"tintindex":0,"rotation":0,"texture":"#0"}}},{"from":[12.05,5.1908417,10.03806],"to":[13.0,6.1908417,11.03806],"faces":{"east":{"uv":[1.25,11.75,1.5,12.0],"tintindex":0,"rotation":0,"texture":"#0"},"south":{"uv":[1.5,11.75,1.75,12.0],"tintindex":0,"rotation":0,"texture":"#0"},"north":{"uv":[1.0,11.75,1.25,12.0],"tintindex":0,"rotation":0,"texture":"#0"},"west":{"uv":[1.75,11.75,2.0,12.0],"tintindex":0,"rotation":0,"texture":"#0"},"up":{"uv":[2.25,12.0,2.0,11.75],"tintindex":0,"rotation":0,"texture":"#0"},"down":{"uv":[2.5,11.75,2.25,12.0],"tintindex":0,"rotation":0,"texture":"#0"}}},{"from":[12.05,4.1908417,6.03806],"to":[13.0,5.1908417,7.53806],"faces":{"east":{"uv":[3.0,11.5,3.375,11.75],"tintindex":0,"rotation":0,"texture":"#0"},"south":{"uv":[0.75,11.75,1.0,12.0],"tintindex":0,"rotation":0,"texture":"#0"},"north":{"uv":[0.5,11.75,0.75,12.0],"tintindex":0,"rotation":0,"texture":"#0"},"west":{"uv":[5.375,11.5,5.75,11.75],"tintindex":0,"rotation":0,"texture":"#0"},"up":{"uv":[6.0,11.875,5.75,11.5],"tintindex":0,"rotation":0,"texture":"#0"},"down":{"uv":[6.25,11.5,6.0,11.875],"tintindex":0,"rotation":0,"texture":"#0"}}},{"from":[12.0,4.1908417,2.0380602],"to":[13.0,5.1908417,3.5380602],"faces":{"east":{"uv":[6.375,9.0,6.75,9.25],"tintindex":0,"rotation":0,"texture":"#0"},"south":{"uv":[11.625,9.0,11.875,9.25],"tintindex":0,"rotation":0,"texture":"#0"},"north":{"uv":[8.75,11.625,9.0,11.875],"tintindex":0,"rotation":0,"texture":"#0"},"west":{"uv":[6.375,9.25,6.75,9.5],"tintindex":0,"rotation":0,"texture":"#0"},"up":{"uv":[6.375,10.75,6.125,10.375],"tintindex":0,"rotation":0,"texture":"#0"},"down":{"uv":[9.375,11.375,9.125,11.75],"tintindex":0,"rotation":0,"texture":"#0"}}},{"from":[2.5,5.1908417,5.53806],"to":[3.4499998,6.1908417,8.53806],"faces":{"east":{"uv":[11.125,6.125,11.875,6.375],"tintindex":0,"rotation":0,"texture":"#0"},"south":{"uv":[6.25,11.75,6.5,12.0],"tintindex":0,"rotation":0,"texture":"#0"},"north":{"uv":[5.5,11.75,5.75,12.0],"tintindex":0,"rotation":0,"texture":"#0"},"west":{"uv":[8.625,11.125,9.375,11.375],"tintindex":0,"rotation":0,"texture":"#0"},"up":{"uv":[4.0,9.5,3.75,8.75],"tintindex":0,"rotation":0,"texture":"#0"},"down":{"uv":[6.375,9.625,6.125,10.375],"tintindex":0,"rotation":0,"texture":"#0"}}}],"display":{"gui":{"rotation":[30,225,0]}}}