{"textures":{"0":"modelengine:entity/pumpkinmonster"},"elements":[{"from":[-2.0,4.0,-3.0],"to":[0.0,6.0,3.0],"faces":{"east":{"uv":[11.125,10.5,11.875,10.75],"tintindex":0,"rotation":0,"texture":"#0"},"south":{"uv":[6.75,11.875,7.0,12.125],"tintindex":0,"rotation":0,"texture":"#0"},"north":{"uv":[11.875,6.625,12.125,6.875],"tintindex":0,"rotation":0,"texture":"#0"},"west":{"uv":[11.25,3.5,12.0,3.75],"tintindex":0,"rotation":0,"texture":"#0"},"up":{"uv":[11.5,8.125,11.25,7.375],"tintindex":0,"rotation":0,"texture":"#0"},"down":{"uv":[11.5,9.25,11.25,10.0],"tintindex":0,"rotation":0,"texture":"#0"}}},{"from":[17.0,4.0,-3.0],"to":[19.0,6.0,3.0],"faces":{"east":{"uv":[11.125,10.0,11.875,10.25],"tintindex":0,"rotation":0,"texture":"#0"},"south":{"uv":[11.875,5.125,12.125,5.375],"tintindex":0,"rotation":0,"texture":"#0"},"north":{"uv":[11.875,4.875,12.125,5.125],"tintindex":0,"rotation":0,"texture":"#0"},"west":{"uv":[11.125,10.25,11.875,10.5],"tintindex":0,"rotation":0,"texture":"#0"},"up":{"uv":[3.75,11.625,3.5,10.875],"tintindex":0,"rotation":0,"texture":"#0"},"down":{"uv":[11.5,0.5,11.25,1.25],"tintindex":0,"rotation":0,"texture":"#0"}}},{"from":[17.0,6.0,-10.0],"to":[19.0,8.0,-7.0],"faces":{"east":{"uv":[11.125,11.5,11.5,11.75],"tintindex":0,"rotation":0,"texture":"#0"},"south":{"uv":[4.875,11.875,5.125,12.125],"tintindex":0,"rotation":0,"texture":"#0"},"north":{"uv":[11.875,4.625,12.125,4.875],"tintindex":0,"rotation":0,"texture":"#0"},"west":{"uv":[11.5,11.5,11.875,11.75],"tintindex":0,"rotation":0,"texture":"#0"},"up":{"uv":[11.875,1.625,11.625,1.25],"tintindex":0,"rotation":0,"texture":"#0"},"down":{"uv":[11.875,1.625,11.625,2.0],"tintindex":0,"rotation":0,"texture":"#0"}}},{"from":[-2.0,-2.0,-14.0],"to":[19.0,4.0,8.0],"faces":{"east":{"uv":[6.875,4.625,9.625,5.375],"tintindex":0,"rotation":0,"texture":"#0"},"south":{"uv":[6.875,6.875,9.5,7.625],"tintindex":0,"rotation":0,"texture":"#0"},"north":{"uv":[6.875,6.125,9.5,6.875],"tintindex":0,"rotation":0,"texture":"#0"},"west":{"uv":[6.875,5.375,9.625,6.125],"tintindex":0,"rotation":0,"texture":"#0"},"up":{"uv":[2.625,5.5,0.0,2.75],"tintindex":0,"rotation":0,"texture":"#0"},"down":{"uv":[5.25,2.75,2.625,5.5],"tintindex":0,"rotation":0,"texture":"#0"}}},{"from":[0.0,4.0,-14.0],"to":[7.0,6.0,-12.1],"faces":{"east":{"uv":[11.875,1.25,12.125,1.5],"tintindex":0,"rotation":0,"texture":"#0"},"south":{"uv":[11.125,2.25,12.0,2.5],"tintindex":0,"rotation":0,"texture":"#0"},"north":{"uv":[10.75,9.0,11.625,9.25],"tintindex":0,"rotation":0,"texture":"#0"},"west":{"uv":[11.875,1.5,12.125,1.75],"tintindex":0,"rotation":0,"texture":"#0"},"up":{"uv":[12.0,2.75,11.125,2.5],"tintindex":0,"rotation":0,"texture":"#0"},"down":{"uv":[12.0,2.75,11.125,3.0],"tintindex":0,"rotation":0,"texture":"#0"}}},{"from":[-2.0,4.0,-11.0],"to":[0.0,6.0,-6.0],"faces":{"east":{"uv":[11.125,11.25,11.75,11.5],"tintindex":0,"rotation":0,"texture":"#0"},"south":{"uv":[11.875,5.875,12.125,6.125],"tintindex":0,"rotation":0,"texture":"#0"},"north":{"uv":[5.75,11.875,6.0,12.125],"tintindex":0,"rotation":0,"texture":"#0"},"west":{"uv":[3.75,11.375,4.375,11.625],"tintindex":0,"rotation":0,"texture":"#0"},"up":{"uv":[4.625,12.0,4.375,11.375],"tintindex":0,"rotation":0,"texture":"#0"},"down":{"uv":[4.875,11.375,4.625,12.0],"tintindex":0,"rotation":0,"texture":"#0"}}},{"from":[12.0,6.0,-14.0],"to":[15.0,8.0,-12.1],"faces":{"east":{"uv":[11.875,1.75,12.125,2.0],"tintindex":0,"rotation":0,"texture":"#0"},"south":{"uv":[11.5,9.25,11.875,9.5],"tintindex":0,"rotation":0,"texture":"#0"},"north":{"uv":[11.5,8.375,11.875,8.625],"tintindex":0,"rotation":0,"texture":"#0"},"west":{"uv":[2.5,11.875,2.75,12.125],"tintindex":0,"rotation":0,"texture":"#0"},"up":{"uv":[11.875,9.75,11.5,9.5],"tintindex":0,"rotation":0,"texture":"#0"},"down":{"uv":[11.875,9.75,11.5,10.0],"tintindex":0,"rotation":0,"texture":"#0"}}},{"from":[-2.0,6.0,-10.0],"to":[0.0,8.0,-7.0],"faces":{"east":{"uv":[4.875,11.625,5.25,11.875],"tintindex":0,"rotation":0,"texture":"#0"},"south":{"uv":[11.875,6.125,12.125,6.375],"tintindex":0,"rotation":0,"texture":"#0"},"north":{"uv":[6.0,11.875,6.25,12.125],"tintindex":0,"rotation":0,"texture":"#0"},"west":{"uv":[6.625,11.625,7.0,11.875],"tintindex":0,"rotation":0,"texture":"#0"},"up":{"uv":[7.25,12.0,7.0,11.625],"tintindex":0,"rotation":0,"texture":"#0"},"down":{"uv":[7.5,11.625,7.25,12.0],"tintindex":0,"rotation":0,"texture":"#0"}}},{"from":[17.0,4.0,-11.0],"to":[19.0,6.0,-6.0],"faces":{"east":{"uv":[9.875,9.25,10.5,9.5],"tintindex":0,"rotation":0,"texture":"#0"},"south":{"uv":[11.875,3.75,12.125,4.0],"tintindex":0,"rotation":0,"texture":"#0"},"north":{"uv":[3.5,11.875,3.75,12.125],"tintindex":0,"rotation":0,"texture":"#0"},"west":{"uv":[11.25,3.75,11.875,4.0],"tintindex":0,"rotation":0,"texture":"#0"},"up":{"uv":[11.5,8.75,11.25,8.125],"tintindex":0,"rotation":0,"texture":"#0"},"down":{"uv":[11.125,11.25,10.875,11.875],"tintindex":0,"rotation":0,"texture":"#0"}}},{"from":[2.0,6.0,-14.0],"to":[6.0,8.0,-12.1],"faces":{"east":{"uv":[11.875,0.75,12.125,1.0],"tintindex":0,"rotation":0,"texture":"#0"},"south":{"uv":[8.625,11.375,9.125,11.625],"tintindex":0,"rotation":0,"texture":"#0"},"north":{"uv":[8.125,11.375,8.625,11.625],"tintindex":0,"rotation":0,"texture":"#0"},"west":{"uv":[11.875,1.0,12.125,1.25],"tintindex":0,"rotation":0,"texture":"#0"},"up":{"uv":[10.875,11.625,10.375,11.375],"tintindex":0,"rotation":0,"texture":"#0"},"down":{"uv":[11.875,10.75,11.375,11.0],"tintindex":0,"rotation":0,"texture":"#0"}}},{"from":[-2.0,4.0,4.0],"to":[19.0,8.0,8.0],"faces":{"east":{"uv":[7.625,10.875,8.125,11.375],"tintindex":0,"rotation":0,"texture":"#0"},"south":{"uv":[6.75,7.625,9.375,8.125],"tintindex":0,"rotation":0,"texture":"#0"},"north":{"uv":[4.125,7.25,6.75,7.75],"tintindex":0,"rotation":0,"texture":"#0"},"west":{"uv":[8.125,10.875,8.625,11.375],"tintindex":0,"rotation":0,"texture":"#0"},"up":{"uv":[6.75,8.25,4.125,7.75],"tintindex":0,"rotation":0,"texture":"#0"},"down":{"uv":[10.625,0.0,8.0,0.5],"tintindex":0,"rotation":0,"texture":"#0"}}},{"from":[17.0,6.0,-1.0],"to":[19.0,8.0,2.0],"faces":{"east":{"uv":[11.625,2.0,12.0,2.25],"tintindex":0,"rotation":0,"texture":"#0"},"south":{"uv":[11.875,5.625,12.125,5.875],"tintindex":0,"rotation":0,"texture":"#0"},"north":{"uv":[11.875,5.375,12.125,5.625],"tintindex":0,"rotation":0,"texture":"#0"},"west":{"uv":[3.375,11.625,3.75,11.875],"tintindex":0,"rotation":0,"texture":"#0"},"up":{"uv":[4.0,12.0,3.75,11.625],"tintindex":0,"rotation":0,"texture":"#0"},"down":{"uv":[4.25,11.625,4.0,12.0],"tintindex":0,"rotation":0,"texture":"#0"}}},{"from":[-2.0,6.0,-1.0],"to":[0.0,8.0,2.0],"faces":{"east":{"uv":[7.5,11.625,7.875,11.875],"tintindex":0,"rotation":0,"texture":"#0"},"south":{"uv":[6.5,11.875,6.75,12.125],"tintindex":0,"rotation":0,"texture":"#0"},"north":{"uv":[11.875,6.375,12.125,6.625],"tintindex":0,"rotation":0,"texture":"#0"},"west":{"uv":[7.875,11.625,8.25,11.875],"tintindex":0,"rotation":0,"texture":"#0"},"up":{"uv":[8.5,12.0,8.25,11.625],"tintindex":0,"rotation":0,"texture":"#0"},"down":{"uv":[8.75,11.625,8.5,12.0],"tintindex":0,"rotation":0,"texture":"#0"}}},{"from":[10.0,4.0,-14.0],"to":[17.0,6.0,-12.1],"faces":{"east":{"uv":[2.75,11.875,3.0,12.125],"tintindex":0,"rotation":0,"texture":"#0"},"south":{"uv":[11.125,3.25,12.0,3.5],"tintindex":0,"rotation":0,"texture":"#0"},"north":{"uv":[11.125,3.0,12.0,3.25],"tintindex":0,"rotation":0,"texture":"#0"},"west":{"uv":[3.25,11.875,3.5,12.125],"tintindex":0,"rotation":0,"texture":"#0"},"up":{"uv":[12.0,4.375,11.125,4.125],"tintindex":0,"rotation":0,"texture":"#0"},"down":{"uv":[12.0,4.375,11.125,4.625],"tintindex":0,"rotation":0,"texture":"#0"}}}],"display":{"gui":{"rotation":[30,225,0]}}}