{"textures":{"0":"modelengine:entity/pumpkinmonster"},"elements":[{"from":[6.0,-2.0,1.5],"to":[10.0,0.0,5.5],"faces":{"east":{"uv":[12.0,0.5,11.5,0.75],"tintindex":0,"rotation":0,"texture":"#0"},"south":{"uv":[1.0,11.5,0.5,11.75],"tintindex":0,"rotation":0,"texture":"#0"},"north":{"uv":[12.0,0.0,11.5,0.25],"tintindex":0,"rotation":0,"texture":"#0"},"west":{"uv":[12.0,0.25,11.5,0.5],"tintindex":0,"rotation":0,"texture":"#0"},"up":{"uv":[11.125,1.75,11.625,1.25],"tintindex":0,"rotation":0,"texture":"#0"},"down":{"uv":[11.125,1.75,11.625,2.25],"tintindex":0,"rotation":0,"texture":"#0"}}},{"from":[6.0,0.10684013,3.0917997],"to":[10.0,2.1068401,12.0918],"faces":{"east":{"uv":[11.875,8.75,10.75,9.0],"tintindex":0,"rotation":0,"texture":"#0"},"south":{"uv":[0.5,11.5,0.0,11.75],"tintindex":0,"rotation":0,"texture":"#0"},"north":{"uv":[11.875,11.0,11.375,11.25],"tintindex":0,"rotation":0,"texture":"#0"},"west":{"uv":[5.25,6.875,4.125,7.125],"tintindex":0,"rotation":0,"texture":"#0"},"up":{"uv":[9.375,11.625,9.875,10.5],"tintindex":0,"rotation":0,"texture":"#0"},"down":{"uv":[9.875,10.5,10.375,11.625],"tintindex":0,"rotation":0,"texture":"#0"}},"rotation":{"origin":[8.0,5.10684,9.5918],"angle":-22.5,"axis":"x"}},{"from":[6.0,2.1068401,7.0917997],"to":[10.0,8.10684,12.0918],"faces":{"east":{"uv":[11.25,7.375,10.625,8.125],"tintindex":0,"rotation":0,"texture":"#0"},"south":{"uv":[11.25,0.5,10.75,1.25],"tintindex":0,"rotation":0,"texture":"#0"},"north":{"uv":[5.5,10.625,5.0,11.375],"tintindex":0,"rotation":0,"texture":"#0"},"west":{"uv":[5.0,10.625,4.375,11.375],"tintindex":0,"rotation":0,"texture":"#0"},"up":{"uv":[3.0,11.5,3.5,10.875],"tintindex":0,"rotation":0,"texture":"#0"},"down":{"uv":[6.125,10.875,6.625,11.5],"tintindex":0,"rotation":0,"texture":"#0"}},"rotation":{"origin":[8.0,5.10684,9.5918],"angle":-22.5,"axis":"x"}}],"display":{"gui":{"rotation":[30,225,0]}}}