{"textures":{"0":"modelengine:entity/pumpkinmonster"},"elements":[{"from":[6.0,2.1068401,7.0917997],"to":[10.0,8.10684,12.0918],"faces":{"east":{"uv":[4.375,10.625,5.0,11.375],"tintindex":0,"rotation":0,"texture":"#0"},"south":{"uv":[10.75,0.5,11.25,1.25],"tintindex":0,"rotation":0,"texture":"#0"},"north":{"uv":[5.0,10.625,5.5,11.375],"tintindex":0,"rotation":0,"texture":"#0"},"west":{"uv":[10.625,7.375,11.25,8.125],"tintindex":0,"rotation":0,"texture":"#0"},"up":{"uv":[3.5,11.5,3.0,10.875],"tintindex":0,"rotation":0,"texture":"#0"},"down":{"uv":[6.625,10.875,6.125,11.5],"tintindex":0,"rotation":0,"texture":"#0"}},"rotation":{"origin":[8.0,5.10684,9.5918],"angle":-22.5,"axis":"x"}},{"from":[6.0,-2.0,1.5],"to":[10.0,0.0,5.5],"faces":{"east":{"uv":[11.5,0.25,12.0,0.5],"tintindex":0,"rotation":0,"texture":"#0"},"south":{"uv":[0.5,11.5,1.0,11.75],"tintindex":0,"rotation":0,"texture":"#0"},"north":{"uv":[11.5,0.0,12.0,0.25],"tintindex":0,"rotation":0,"texture":"#0"},"west":{"uv":[11.5,0.5,12.0,0.75],"tintindex":0,"rotation":0,"texture":"#0"},"up":{"uv":[11.625,1.75,11.125,1.25],"tintindex":0,"rotation":0,"texture":"#0"},"down":{"uv":[11.625,1.75,11.125,2.25],"tintindex":0,"rotation":0,"texture":"#0"}}},{"from":[6.0,0.10684013,3.0917997],"to":[10.0,2.1068401,12.0918],"faces":{"east":{"uv":[4.125,6.875,5.25,7.125],"tintindex":0,"rotation":0,"texture":"#0"},"south":{"uv":[0.0,11.5,0.5,11.75],"tintindex":0,"rotation":0,"texture":"#0"},"north":{"uv":[11.375,11.0,11.875,11.25],"tintindex":0,"rotation":0,"texture":"#0"},"west":{"uv":[10.75,8.75,11.875,9.0],"tintindex":0,"rotation":0,"texture":"#0"},"up":{"uv":[9.875,11.625,9.375,10.5],"tintindex":0,"rotation":0,"texture":"#0"},"down":{"uv":[10.375,10.5,9.875,11.625],"tintindex":0,"rotation":0,"texture":"#0"}},"rotation":{"origin":[8.0,5.10684,9.5918],"angle":-22.5,"axis":"x"}}],"display":{"gui":{"rotation":[30,225,0]}}}