{"textures":{"0":"modelengine:entity/pumpkinmonster"},"elements":[{"from":[5.0,-3.0,5.0],"to":[11.0,8.0,11.0],"faces":{"east":{"uv":[6.375,8.25,5.625,9.625],"tintindex":0,"rotation":0,"texture":"#0"},"south":{"uv":[5.625,8.25,4.875,9.625],"tintindex":0,"rotation":0,"texture":"#0"},"north":{"uv":[9.0,3.25,8.25,4.625],"tintindex":0,"rotation":0,"texture":"#0"},"west":{"uv":[4.875,8.25,4.125,9.625],"tintindex":0,"rotation":0,"texture":"#0"},"up":{"uv":[3.0,10.875,3.75,10.125],"tintindex":0,"rotation":0,"texture":"#0"},"down":{"uv":[10.375,1.375,11.125,2.125],"tintindex":0,"rotation":0,"texture":"#0"}}}],"display":{"gui":{"rotation":[30,225,0]}}}