{"textures":{"0":"modelengine:entity/pumpkinmonster"},"elements":[{"from":[6.0,-3.0,6.0],"to":[10.0,8.0,11.0],"faces":{"east":{"uv":[6.125,9.625,5.5,11.0],"tintindex":0,"rotation":0,"texture":"#0"},"south":{"uv":[3.0,10.125,2.5,11.5],"tintindex":0,"rotation":0,"texture":"#0"},"north":{"uv":[2.5,10.125,2.0,11.5],"tintindex":0,"rotation":0,"texture":"#0"},"west":{"uv":[10.25,4.625,9.625,6.0],"tintindex":0,"rotation":0,"texture":"#0"},"up":{"uv":[10.75,8.75,11.25,8.125],"tintindex":0,"rotation":0,"texture":"#0"},"down":{"uv":[10.375,10.75,10.875,11.375],"tintindex":0,"rotation":0,"texture":"#0"}}}],"display":{"gui":{"rotation":[30,225,0]}}}