{"textures":{"0":"modelengine:entity/pumpkinmonster"},"elements":[{"from":[6.0,-3.0,6.0],"to":[10.0,8.0,11.0],"faces":{"east":{"uv":[9.625,4.625,10.25,6.0],"tintindex":0,"rotation":0,"texture":"#0"},"south":{"uv":[2.5,10.125,3.0,11.5],"tintindex":0,"rotation":0,"texture":"#0"},"north":{"uv":[2.0,10.125,2.5,11.5],"tintindex":0,"rotation":0,"texture":"#0"},"west":{"uv":[5.5,9.625,6.125,11.0],"tintindex":0,"rotation":0,"texture":"#0"},"up":{"uv":[11.25,8.75,10.75,8.125],"tintindex":0,"rotation":0,"texture":"#0"},"down":{"uv":[10.875,10.75,10.375,11.375],"tintindex":0,"rotation":0,"texture":"#0"}}}],"display":{"gui":{"rotation":[30,225,0]}}}