{"textures":{"0":"modelengine:entity/pumpkinmonster"},"elements":[{"from":[4.0,-2.0,5.0],"to":[11.0,9.0,11.0],"faces":{"east":{"uv":[9.0,3.25,9.75,4.625],"tintindex":0,"rotation":0,"texture":"#0"},"south":{"uv":[6.75,8.125,7.625,9.5],"tintindex":0,"rotation":0,"texture":"#0"},"north":{"uv":[8.0,0.5,8.875,1.875],"tintindex":0,"rotation":0,"texture":"#0"},"west":{"uv":[9.125,8.125,9.875,9.5],"tintindex":0,"rotation":0,"texture":"#0"},"up":{"uv":[11.125,5.625,10.25,4.875],"tintindex":0,"rotation":0,"texture":"#0"},"down":{"uv":[11.125,5.625,10.25,6.375],"tintindex":0,"rotation":0,"texture":"#0"}}}],"display":{"gui":{"rotation":[30,225,0]}}}