{"textures":{"0":"modelengine:entity/pumpkinmonster"},"elements":[{"from":[4.0,-14.0,8.0],"to":[17.0,4.0,8.0],"faces":{"south":{"uv":[5.25,5.0,6.875,7.25],"tintindex":0,"rotation":0,"texture":"#0"},"north":{"uv":[5.25,2.75,6.875,5.0],"tintindex":0,"rotation":0,"texture":"#0"}}},{"from":[6.0,-3.0,6.0],"to":[10.0,8.0,10.0],"faces":{"east":{"uv":[0.5,10.125,1.0,11.5],"tintindex":0,"rotation":0,"texture":"#0"},"south":{"uv":[1.0,10.125,1.5,11.5],"tintindex":0,"rotation":0,"texture":"#0"},"north":{"uv":[0.0,10.125,0.5,11.5],"tintindex":0,"rotation":0,"texture":"#0"},"west":{"uv":[1.5,10.125,2.0,11.5],"tintindex":0,"rotation":0,"texture":"#0"},"up":{"uv":[11.375,11.25,10.875,10.75],"tintindex":0,"rotation":0,"texture":"#0"},"down":{"uv":[6.0,11.0,5.5,11.5],"tintindex":0,"rotation":0,"texture":"#0"}}}],"display":{"gui":{"rotation":[30,225,0]}}}