{"textures":{"0":"modelengine:entity/pumpkinmonster"},"elements":[{"from":[5.0,-2.0,5.0],"to":[12.0,9.0,11.0],"faces":{"east":{"uv":[9.875,8.125,9.125,9.5],"tintindex":0,"rotation":0,"texture":"#0"},"south":{"uv":[7.625,8.125,6.75,9.5],"tintindex":0,"rotation":0,"texture":"#0"},"north":{"uv":[8.875,0.5,8.0,1.875],"tintindex":0,"rotation":0,"texture":"#0"},"west":{"uv":[9.75,3.25,9.0,4.625],"tintindex":0,"rotation":0,"texture":"#0"},"up":{"uv":[10.25,5.625,11.125,4.875],"tintindex":0,"rotation":0,"texture":"#0"},"down":{"uv":[10.25,5.625,11.125,6.375],"tintindex":0,"rotation":0,"texture":"#0"}}}],"display":{"gui":{"rotation":[30,225,0]}}}