{"textures":{"0":"modelengine:entity/pumpkinmonster"},"elements":[{"from":[5.0,-3.0,5.0],"to":[10.0,8.0,11.0],"faces":{"east":{"uv":[9.0,1.875,8.25,3.25],"tintindex":0,"rotation":0,"texture":"#0"},"south":{"uv":[10.375,2.75,9.75,4.125],"tintindex":0,"rotation":0,"texture":"#0"},"north":{"uv":[10.375,1.375,9.75,2.75],"tintindex":0,"rotation":0,"texture":"#0"},"west":{"uv":[8.375,8.125,7.625,9.5],"tintindex":0,"rotation":0,"texture":"#0"},"up":{"uv":[10.5,10.75,11.125,10.0],"tintindex":0,"rotation":0,"texture":"#0"},"down":{"uv":[3.75,10.625,4.375,11.375],"tintindex":0,"rotation":0,"texture":"#0"}}},{"from":[-1.0,-3.0,8.0],"to":[5.0,8.0,8.0],"faces":{"south":{"uv":[7.125,9.5,6.375,10.875],"tintindex":0,"rotation":0,"texture":"#0"},"north":{"uv":[10.25,6.125,9.5,7.5],"tintindex":0,"rotation":0,"texture":"#0"}}}],"display":{"gui":{"rotation":[30,225,0]}}}