{"textures":{"0":"modelengine:entity/pumpkinmonster"},"elements":[{"from":[11.0,-3.0,8.0],"to":[17.0,8.0,8.0],"faces":{"south":{"uv":[6.375,9.5,7.125,10.875],"tintindex":0,"rotation":0,"texture":"#0"},"north":{"uv":[9.5,6.125,10.25,7.5],"tintindex":0,"rotation":0,"texture":"#0"}}},{"from":[6.0,-3.0,5.0],"to":[11.0,8.0,11.0],"faces":{"east":{"uv":[7.625,8.125,8.375,9.5],"tintindex":0,"rotation":0,"texture":"#0"},"south":{"uv":[9.75,2.75,10.375,4.125],"tintindex":0,"rotation":0,"texture":"#0"},"north":{"uv":[9.75,1.375,10.375,2.75],"tintindex":0,"rotation":0,"texture":"#0"},"west":{"uv":[8.25,1.875,9.0,3.25],"tintindex":0,"rotation":0,"texture":"#0"},"up":{"uv":[11.125,10.75,10.5,10.0],"tintindex":0,"rotation":0,"texture":"#0"},"down":{"uv":[4.375,10.625,3.75,11.375],"tintindex":0,"rotation":0,"texture":"#0"}}}],"display":{"gui":{"rotation":[30,225,0]}}}