{"textures":{"0":"modelengine:entity/pumpkinmonster"},"elements":[{"from":[5.0,-3.0,5.0],"to":[11.0,8.0,11.0],"faces":{"east":{"uv":[0.0,8.75,0.75,10.125],"tintindex":0,"rotation":0,"texture":"#0"},"south":{"uv":[0.75,8.75,1.5,10.125],"tintindex":0,"rotation":0,"texture":"#0"},"north":{"uv":[8.375,8.125,9.125,9.5],"tintindex":0,"rotation":0,"texture":"#0"},"west":{"uv":[1.5,8.75,2.25,10.125],"tintindex":0,"rotation":0,"texture":"#0"},"up":{"uv":[11.125,2.875,10.375,2.125],"tintindex":0,"rotation":0,"texture":"#0"},"down":{"uv":[11.125,2.875,10.375,3.625],"tintindex":0,"rotation":0,"texture":"#0"}}},{"from":[-1.0,-3.0,8.0],"to":[5.0,8.0,8.0],"faces":{"south":{"uv":[7.875,9.5,8.625,10.875],"tintindex":0,"rotation":0,"texture":"#0"},"north":{"uv":[7.125,9.5,7.875,10.875],"tintindex":0,"rotation":0,"texture":"#0"}}}],"display":{"gui":{"rotation":[30,225,0]}}}