{"textures":{"0":"modelengine:entity/pumpkinmonster"},"elements":[{"from":[5.0,-3.0,5.0],"to":[11.0,8.0,11.0],"faces":{"east":{"uv":[9.75,1.875,9.0,3.25],"tintindex":0,"rotation":0,"texture":"#0"},"south":{"uv":[9.625,0.5,8.875,1.875],"tintindex":0,"rotation":0,"texture":"#0"},"north":{"uv":[3.0,8.75,2.25,10.125],"tintindex":0,"rotation":0,"texture":"#0"},"west":{"uv":[3.75,8.75,3.0,10.125],"tintindex":0,"rotation":0,"texture":"#0"},"up":{"uv":[8.625,11.125,9.375,10.375],"tintindex":0,"rotation":0,"texture":"#0"},"down":{"uv":[10.5,9.25,11.25,10.0],"tintindex":0,"rotation":0,"texture":"#0"}}}],"display":{"gui":{"rotation":[30,225,0]}}}