{"textures":{"0":"modelengine:entity/70a0a790-8219-37e5-98ab-69edf84e6c98","particle":"#0"},"elements":[{"from":[4.5,6.465927,4.741181],"to":[11.5,11.465927,10.74118],"faces":{"east":{"uv":[4.525,11.775,5.975,12.975],"tintindex":0,"rotation":0,"texture":"#0"},"south":{"uv":[11.525,9.525,13.225,10.725],"tintindex":0,"rotation":0,"texture":"#0"},"north":{"uv":[11.275,5.775,12.975,6.975],"tintindex":0,"rotation":0,"texture":"#0"},"west":{"uv":[11.775,10.775,13.225,11.975],"tintindex":0,"rotation":0,"texture":"#0"},"up":{"uv":[11.225,4.975,9.525,3.525],"tintindex":0,"rotation":0,"texture":"#0"},"down":{"uv":[11.725,0.025,10.025,1.475],"tintindex":0,"rotation":0,"texture":"#0"}}},{"from":[6.5,6.465927,3.741181],"to":[9.5,9.465927,4.741181],"faces":{"east":{"uv":[11.525,10.775,11.725,11.475],"tintindex":0,"rotation":0,"texture":"#0"},"south":{"uv":[7.275,14.525,7.975,15.225],"tintindex":0,"rotation":0,"texture":"#0"},"north":{"uv":[13.025,6.275,13.725,6.975],"tintindex":0,"rotation":0,"texture":"#0"},"west":{"uv":[1.525,14.775,1.725,15.475],"tintindex":0,"rotation":0,"texture":"#0"},"up":{"uv":[5.725,4.475,5.025,4.275],"tintindex":0,"rotation":0,"texture":"#0"},"down":{"uv":[6.475,4.275,5.775,4.475],"tintindex":0,"rotation":0,"texture":"#0"}}},{"from":[11.42388,7.0832443,5.741181],"to":[12.42388,10.083244,9.74118],"faces":{"east":{"uv":[15.225,10.025,14.275,10.725],"tintindex":0,"rotation":0,"texture":"#0"},"south":{"uv":[2.225,14.775,2.025,15.475],"tintindex":0,"rotation":0,"texture":"#0"},"north":{"uv":[1.975,14.775,1.775,15.475],"tintindex":0,"rotation":0,"texture":"#0"},"west":{"uv":[15.225,9.275,14.275,9.975],"tintindex":0,"rotation":0,"texture":"#0"},"up":{"uv":[1.275,14.225,1.475,13.275],"tintindex":0,"rotation":0,"texture":"#0"},"down":{"uv":[11.525,14.525,11.725,15.475],"tintindex":0,"rotation":0,"texture":"#0"}},"rotation":{"origin":[11.0,8.965927,7.741181],"angle":22.5,"axis":"z"}},{"from":[3.5,7.465927,5.741181],"to":[4.5,10.465927,9.74118],"faces":{"east":{"uv":[14.275,9.275,15.225,9.975],"tintindex":0,"rotation":0,"texture":"#0"},"south":{"uv":[2.025,14.775,2.225,15.475],"tintindex":0,"rotation":0,"texture":"#0"},"north":{"uv":[1.775,14.775,1.975,15.475],"tintindex":0,"rotation":0,"texture":"#0"},"west":{"uv":[14.275,10.025,15.225,10.725],"tintindex":0,"rotation":0,"texture":"#0"},"up":{"uv":[1.475,14.225,1.275,13.275],"tintindex":0,"rotation":0,"texture":"#0"},"down":{"uv":[11.725,14.525,11.525,15.475],"tintindex":0,"rotation":0,"texture":"#0"}},"rotation":{"origin":[4.0,8.965927,7.741181],"angle":-22.5,"axis":"z"}}],"display":{"head":{"rotation":[0.0,0.0,0.0]},"firstperson_righthand":{"rotation":[0.0,0.0,0.0]},"thirdperson_lefthand":{"rotation":[0.0,-0.0,-0.0]},"firstperson_lefthand":{"rotation":[0.0,-0.0,-0.0]},"fixed":{"rotation":[0.0,0.0,0.0]},"ground":{"rotation":[0.0,0.0,0.0]},"thirdperson_righthand":{"rotation":[0.0,0.0,0.0]},"gui":{"rotation":[-150.0,-45.0,180.0]}}}