{"textures":{"0":"modelengine:entity/70a0a790-8219-37e5-98ab-69edf84e6c98","particle":"#0"},"elements":[{"from":[5.928932,2.5,0.0],"to":[10.071068,5.5,0.0],"faces":{"south":{"uv":[5.525,14.525,6.475,15.225],"tintindex":0,"rotation":0,"texture":"#0"},"north":{"uv":[5.525,14.525,6.475,15.225],"tintindex":0,"rotation":0,"texture":"#0"}}},{"from":[5.5,3.0,2.0],"to":[10.5,8.0,8.0],"faces":{"east":{"uv":[0.025,12.025,1.475,13.225],"tintindex":0,"rotation":0,"texture":"#0"},"south":{"uv":[4.525,13.025,5.725,14.225],"tintindex":0,"rotation":0,"texture":"#0"},"north":{"uv":[13.025,3.525,14.225,4.725],"tintindex":0,"rotation":0,"texture":"#0"},"west":{"uv":[6.025,12.025,7.475,13.225],"tintindex":0,"rotation":0,"texture":"#0"},"up":{"uv":[8.725,13.475,7.525,12.025],"tintindex":0,"rotation":0,"texture":"#0"},"down":{"uv":[9.975,12.025,8.775,13.475],"tintindex":0,"rotation":0,"texture":"#0"}}},{"from":[5.928932,2.5,0.0],"to":[10.071068,5.5,0.0],"faces":{"south":{"uv":[5.525,14.525,6.475,15.225],"tintindex":0,"rotation":0,"texture":"#0"},"north":{"uv":[5.525,14.525,6.475,15.225],"tintindex":0,"rotation":0,"texture":"#0"}},"rotation":{"origin":[8.0,7.5,5.0],"angle":-45.0,"axis":"y"}},{"from":[3.0,2.5,2.9289322],"to":[3.0,5.5,7.071068],"faces":{"east":{"uv":[6.475,14.525,5.525,15.225],"tintindex":0,"rotation":0,"texture":"#0"},"west":{"uv":[6.475,14.525,5.525,15.225],"tintindex":0,"rotation":0,"texture":"#0"}}},{"from":[8.871314,2.5,9.209513],"to":[13.01345,5.5,9.209513],"faces":{"south":{"uv":[6.475,14.525,5.525,15.225],"tintindex":0,"rotation":0,"texture":"#0"},"north":{"uv":[6.475,14.525,5.525,15.225],"tintindex":0,"rotation":0,"texture":"#0"}},"rotation":{"origin":[8.518196,7.0964813,1.0534878],"angle":-45.0,"axis":"y"}},{"from":[5.928932,2.5,0.0],"to":[10.071068,5.5,0.0],"faces":{"south":{"uv":[5.525,14.525,6.475,15.225],"tintindex":0,"rotation":0,"texture":"#0"},"north":{"uv":[5.525,14.525,6.475,15.225],"tintindex":0,"rotation":0,"texture":"#0"}},"rotation":{"origin":[8.0,7.5,5.0],"angle":45.0,"axis":"y"}},{"from":[5.5,-1.0,2.0],"to":[9.5,3.0,7.0],"faces":{"east":{"uv":[13.275,2.525,14.475,3.475],"tintindex":0,"rotation":0,"texture":"#0"},"south":{"uv":[10.025,14.025,10.975,14.975],"tintindex":0,"rotation":0,"texture":"#0"},"north":{"uv":[14.025,4.775,14.975,5.725],"tintindex":0,"rotation":0,"texture":"#0"},"west":{"uv":[6.775,13.525,7.975,14.475],"tintindex":0,"rotation":0,"texture":"#0"},"up":{"uv":[8.975,14.725,8.025,13.525],"tintindex":0,"rotation":0,"texture":"#0"},"down":{"uv":[9.975,13.525,9.025,14.725],"tintindex":0,"rotation":0,"texture":"#0"}}},{"from":[3.2911024,2.5,8.477674],"to":[7.433238,5.5,8.477674],"faces":{"south":{"uv":[6.475,14.525,5.525,15.225],"tintindex":0,"rotation":0,"texture":"#0"},"north":{"uv":[6.475,14.525,5.525,15.225],"tintindex":0,"rotation":0,"texture":"#0"}},"rotation":{"origin":[8.518196,7.0964813,1.0534878],"angle":45.0,"axis":"y"}},{"from":[5.92964,2.5,9.999292],"to":[10.071775,5.5,9.999292],"faces":{"south":{"uv":[6.475,14.525,5.525,15.225],"tintindex":0,"rotation":0,"texture":"#0"},"north":{"uv":[6.475,14.525,5.525,15.225],"tintindex":0,"rotation":0,"texture":"#0"}}},{"from":[13.000708,2.5,2.928225],"to":[13.000708,5.5,7.0703607],"faces":{"east":{"uv":[6.475,14.525,5.525,15.225],"tintindex":0,"rotation":0,"texture":"#0"},"west":{"uv":[6.475,14.525,5.525,15.225],"tintindex":0,"rotation":0,"texture":"#0"}}}],"display":{"head":{"rotation":[0.0,0.0,0.0]},"firstperson_righthand":{"rotation":[0.0,0.0,0.0]},"thirdperson_lefthand":{"rotation":[0.0,-0.0,-0.0]},"firstperson_lefthand":{"rotation":[0.0,-0.0,-0.0]},"fixed":{"rotation":[0.0,0.0,0.0]},"ground":{"rotation":[0.0,0.0,0.0]},"thirdperson_righthand":{"rotation":[0.0,0.0,0.0]},"gui":{"rotation":[-150.0,-45.0,180.0]}}}