{"textures":{"0":"modelengine:entity/70a0a790-8219-37e5-98ab-69edf84e6c98","particle":"#0"},"elements":[{"from":[3.5,0.99999905,8.0],"to":[12.5,8.0,8.0],"faces":{"south":{"uv":[2.225,6.525,0.025,8.225],"tintindex":0,"rotation":0,"texture":"#0"},"north":{"uv":[0.025,6.525,2.225,8.225],"tintindex":0,"rotation":0,"texture":"#0"}}}],"display":{"head":{"rotation":[0.0,0.0,0.0]},"firstperson_righthand":{"rotation":[0.0,0.0,0.0]},"thirdperson_lefthand":{"rotation":[0.0,-0.0,-0.0]},"firstperson_lefthand":{"rotation":[0.0,-0.0,-0.0]},"fixed":{"rotation":[0.0,0.0,0.0]},"ground":{"rotation":[0.0,0.0,0.0]},"thirdperson_righthand":{"rotation":[0.0,0.0,0.0]},"gui":{"rotation":[-150.0,-45.0,180.0]}}}