{"textures":{"0":"modelengine:entity/haunted_knight"},"elements":[{"from":[0.0,8.0,0.0],"to":[16.0,10.0,16.0],"faces":{"east":{"uv":[6.25,1.625,8.25,1.875],"tintindex":0,"rotation":0,"texture":"#0"},"south":{"uv":[6.25,1.875,8.25,2.125],"tintindex":0,"rotation":0,"texture":"#0"},"north":{"uv":[5.875,6.125,7.875,6.375],"tintindex":0,"rotation":0,"texture":"#0"},"west":{"uv":[6.25,2.125,8.25,2.375],"tintindex":0,"rotation":0,"texture":"#0"},"up":{"uv":[2.0,2.0,0.0,0.0],"tintindex":0,"rotation":0,"texture":"#0"},"down":{"uv":[2.0,2.0,0.0,4.0],"tintindex":0,"rotation":0,"texture":"#0"}}}],"display":{"gui":{"rotation":[30,225,0]}}}