{"textures":{"0":"modelengine:entity/haunted_knight"},"elements":[{"from":[4.0,10.124264,7.158579],"to":[12.0,12.124264,9.158579],"faces":{"east":{"uv":[4.5,3.5,4.75,3.75],"tintindex":0,"rotation":0,"texture":"#0"},"south":{"uv":[7.0,2.75,8.0,3.0],"tintindex":0,"rotation":0,"texture":"#0"},"north":{"uv":[2.5,3.5,3.5,3.75],"tintindex":0,"rotation":0,"texture":"#0"},"west":{"uv":[5.625,5.125,5.875,5.375],"tintindex":0,"rotation":0,"texture":"#0"},"up":{"uv":[8.0,6.125,7.0,5.875],"tintindex":0,"rotation":0,"texture":"#0"},"down":{"uv":[8.125,3.0,7.125,3.25],"tintindex":0,"rotation":0,"texture":"#0"}}},{"from":[5.0,8.874264,4.658579],"to":[11.0,11.874264,4.658579],"faces":{"east":{"uv":[4.0,2.5,4.875,3.5],"tintindex":0,"rotation":0,"texture":"#0"},"south":{"uv":[3.375,5.375,4.125,6.375],"tintindex":0,"rotation":0,"texture":"#0"},"north":{"uv":[0.0,8.0,1.25,8.875],"tintindex":0,"rotation":0,"texture":"#0"},"west":{"uv":[2.5,4.625,3.375,5.625],"tintindex":0,"rotation":0,"texture":"#0"},"up":{"uv":[5.875,6.25,5.125,5.375],"tintindex":0,"rotation":0,"texture":"#0"},"down":{"uv":[2.25,5.5,1.5,6.375],"tintindex":0,"rotation":0,"texture":"#0"}}},{"from":[4.0,6.124264,3.1585789],"to":[12.0,10.124264,9.158579],"faces":{"east":{"uv":[4.75,6.75,5.5,7.25],"tintindex":0,"rotation":0,"texture":"#0"},"south":{"uv":[6.375,0.75,7.375,1.25],"tintindex":0,"rotation":0,"texture":"#0"},"north":{"uv":[4.75,6.25,5.75,6.75],"tintindex":0,"rotation":0,"texture":"#0"},"west":{"uv":[6.875,6.375,7.625,6.875],"tintindex":0,"rotation":0,"texture":"#0"},"up":{"uv":[6.25,2.5,5.25,1.75],"tintindex":0,"rotation":0,"texture":"#0"},"down":{"uv":[5.125,5.375,4.125,6.125],"tintindex":0,"rotation":0,"texture":"#0"}}},{"from":[5.0,6.124264,4.158579],"to":[11.0,14.124264,11.158579],"faces":{"east":{"uv":[4.0,2.5,4.875,3.5],"tintindex":0,"rotation":0,"texture":"#0"},"south":{"uv":[3.375,5.375,4.125,6.375],"tintindex":0,"rotation":0,"texture":"#0"},"north":{"uv":[0.75,5.125,1.5,6.125],"tintindex":0,"rotation":0,"texture":"#0"},"west":{"uv":[2.5,4.625,3.375,5.625],"tintindex":0,"rotation":0,"texture":"#0"},"up":{"uv":[5.875,6.25,5.125,5.375],"tintindex":0,"rotation":0,"texture":"#0"},"down":{"uv":[2.25,5.5,1.5,6.375],"tintindex":0,"rotation":0,"texture":"#0"}}},{"from":[7.0,12.089088,6.3422832],"to":[9.0,16.089088,9.342283],"faces":{"east":{"uv":[3.0,5.625,3.375,6.125],"tintindex":0,"rotation":0,"texture":"#0"},"south":{"uv":[1.875,7.375,2.125,7.875],"tintindex":0,"rotation":0,"texture":"#0"},"north":{"uv":[6.625,7.25,6.875,7.75],"tintindex":0,"rotation":0,"texture":"#0"},"west":{"uv":[1.5,7.125,1.875,7.625],"tintindex":0,"rotation":0,"texture":"#0"},"up":{"uv":[2.375,7.75,2.125,7.375],"tintindex":0,"rotation":0,"texture":"#0"},"down":{"uv":[2.625,7.375,2.375,7.75],"tintindex":0,"rotation":0,"texture":"#0"}},"rotation":{"origin":[8.0,11.0,9.0],"angle":45.0,"axis":"x"}},{"from":[6.5,8.124264,11.158579],"to":[9.5,15.124264,14.158579],"faces":{"east":{"uv":[2.875,7.0,3.25,7.875],"tintindex":0,"rotation":0,"texture":"#0"},"south":{"uv":[3.25,7.0,3.625,7.875],"tintindex":0,"rotation":0,"texture":"#0"},"north":{"uv":[3.75,6.375,4.125,7.25],"tintindex":0,"rotation":0,"texture":"#0"},"west":{"uv":[7.0,3.75,7.375,4.625],"tintindex":0,"rotation":0,"texture":"#0"},"up":{"uv":[1.125,5.125,0.75,4.75],"tintindex":0,"rotation":0,"texture":"#0"},"down":{"uv":[1.875,5.125,1.5,5.5],"tintindex":0,"rotation":0,"texture":"#0"}}}],"display":{"gui":{"rotation":[30,225,0]}}}