{"textures":{"0":"modelengine:entity/haunted_knight"},"elements":[{"from":[6.0,1.0,5.0],"to":[10.0,8.0,11.0],"faces":{"east":{"uv":[3.0,5.625,2.25,6.5],"tintindex":0,"rotation":0,"texture":"#0"},"south":{"uv":[2.375,6.5,1.875,7.375],"tintindex":0,"rotation":0,"texture":"#0"},"north":{"uv":[6.875,6.375,6.375,7.25],"tintindex":0,"rotation":0,"texture":"#0"},"west":{"uv":[6.375,0.75,5.625,1.625],"tintindex":0,"rotation":0,"texture":"#0"},"up":{"uv":[0.0,7.625,0.5,6.875],"tintindex":0,"rotation":0,"texture":"#0"},"down":{"uv":[6.875,6.875,7.375,7.625],"tintindex":0,"rotation":0,"texture":"#0"}}}],"display":{"gui":{"rotation":[30,225,0]}}}