{"textures":{"0":"modelengine:entity/haunted_knight"},"elements":[{"from":[6.0,2.0,8.0],"to":[10.0,8.0,13.0],"faces":{"east":{"uv":[6.375,3.75,7.0,4.5],"tintindex":0,"rotation":0,"texture":"#0"},"south":{"uv":[0.5,7.0,1.0,7.75],"tintindex":0,"rotation":0,"texture":"#0"},"north":{"uv":[7.0,0.0,7.5,0.75],"tintindex":0,"rotation":0,"texture":"#0"},"west":{"uv":[5.75,6.375,6.375,7.125],"tintindex":0,"rotation":0,"texture":"#0"},"up":{"uv":[7.5,5.875,7.0,5.25],"tintindex":0,"rotation":0,"texture":"#0"},"down":{"uv":[1.5,7.125,1.0,7.75],"tintindex":0,"rotation":0,"texture":"#0"}}},{"from":[6.0,0.0,6.0],"to":[10.0,2.0,13.0],"faces":{"east":{"uv":[4.625,7.25,5.5,7.5],"tintindex":0,"rotation":0,"texture":"#0"},"south":{"uv":[7.375,1.0,7.875,1.25],"tintindex":0,"rotation":0,"texture":"#0"},"north":{"uv":[4.0,3.5,4.5,3.75],"tintindex":0,"rotation":0,"texture":"#0"},"west":{"uv":[7.375,0.75,8.25,1.0],"tintindex":0,"rotation":0,"texture":"#0"},"up":{"uv":[2.875,7.375,2.375,6.5],"tintindex":0,"rotation":0,"texture":"#0"},"down":{"uv":[7.0,4.5,6.5,5.375],"tintindex":0,"rotation":0,"texture":"#0"}}}],"display":{"gui":{"rotation":[30,225,0]}}}