{"textures":{"0":"modelengine:entity/haunted_knight"},"elements":[{"from":[8.0,2.0,4.0],"to":[13.0,5.0,11.0],"faces":{"east":{"uv":[6.375,1.25,7.25,1.625],"tintindex":0,"rotation":0,"texture":"#0"},"south":{"uv":[7.25,1.25,7.875,1.625],"tintindex":0,"rotation":0,"texture":"#0"},"north":{"uv":[5.75,7.125,6.375,7.5],"tintindex":0,"rotation":0,"texture":"#0"},"west":{"uv":[7.0,2.375,7.875,2.75],"tintindex":0,"rotation":0,"texture":"#0"},"up":{"uv":[1.25,7.0,0.625,6.125],"tintindex":0,"rotation":0,"texture":"#0"},"down":{"uv":[4.75,6.125,4.125,7.0],"tintindex":0,"rotation":0,"texture":"#0"}}},{"from":[8.0,5.0,3.0],"to":[14.0,12.0,12.0],"faces":{"east":{"uv":[2.5,3.75,3.625,4.625],"tintindex":0,"rotation":0,"texture":"#0"},"south":{"uv":[5.625,4.25,6.375,5.125],"tintindex":0,"rotation":0,"texture":"#0"},"north":{"uv":[5.625,2.5,6.375,3.375],"tintindex":0,"rotation":0,"texture":"#0"},"west":{"uv":[3.625,3.75,4.75,4.625],"tintindex":0,"rotation":0,"texture":"#0"},"up":{"uv":[2.0,5.125,1.25,4.0],"tintindex":0,"rotation":0,"texture":"#0"},"down":{"uv":[0.75,4.75,0.0,5.875],"tintindex":0,"rotation":0,"texture":"#0"}}}],"display":{"gui":{"rotation":[30,225,0]}}}