{
    "model": {
        "type": "range_dispatch",
        "property": "custom_model_data",
        "fallback": {
            "type": "minecraft:condition",
            "property": "minecraft:using_item",
            "on_false": {
                "type": "minecraft:model",
                "model": "minecraft:item/bow"
            },
            "on_true": {
                "type": "minecraft:range_dispatch",
                "property": "minecraft:use_duration",
                "scale": 0.05,
                "fallback": {
                    "type": "minecraft:model",
                    "model": "minecraft:item/bow_pulling_0"
                },
                "entries": [
                    {
                        "threshold": 0.65,
                        "model": {
                            "type": "minecraft:model",
                            "model": "minecraft:item/bow_pulling_1"
                        }
                    },
                    {
                        "threshold": 0.9,
                        "model": {
                            "type": "minecraft:model",
                            "model": "minecraft:item/bow_pulling_2"
                        }
                    }
                ]
            }
        },
        "entries": [
            {
                "threshold": 1,
                "model": {
                    "type": "minecraft:condition",
                    "property": "minecraft:using_item",
                    "on_false": {
                        "type": "minecraft:model",
                        "model": "bow/toffy_halloween_bow"
                    },
                    "on_true": {
                        "type": "minecraft:range_dispatch",
                        "property": "minecraft:use_duration",
                        "scale": 0.05,
                        "fallback": {
                            "type": "minecraft:model",
                            "model": "bow/toffy_halloween_bow"
                        },
                        "entries": [
                            {
                                "threshold": 0.65,
                                "model": {
                                    "type": "minecraft:model",
                                    "model": "bow/toffy_halloween_bow_pull1"
                                }
                            },
                            {
                                "threshold": 0.9,
                                "model": {
                                    "type": "minecraft:model",
                                    "model": "bow/toffy_halloween_bow_pull2"
                                }
                            }
                        ]
                    }
                }
            },
            {
                "threshold": 2,
                "model": {
                    "type": "minecraft:condition",
                    "property": "minecraft:using_item",
                    "on_false": {
                        "type": "minecraft:model",
                        "model": "bow/discord_nitro_bow"
                    },
                    "on_true": {
                        "type": "minecraft:range_dispatch",
                        "property": "minecraft:use_duration",
                        "scale": 0.05,
                        "fallback": {
                            "type": "minecraft:model",
                            "model": "bow/discord_nitro_bow"
                        },
                        "entries": [
                            {
                                "threshold": 0.0,
                                "model": {
                                    "type": "minecraft:model",
                                    "model": "bow/discord_nitro_bow_pulling_1"
                                }
                            },
                            {
                                "threshold": 0.33333334,
                                "model": {
                                    "type": "minecraft:model",
                                    "model": "bow/discord_nitro_bow_pulling_1"
                                }
                            },
                            {
                                "threshold": 0.6666667,
                                "model": {
                                    "type": "minecraft:model",
                                    "model": "bow/discord_nitro_bow_pulling_2"
                                }
                            }
                        ]
                    }
                }
            },
            {
                "threshold": 3,
                "model": {
                    "type": "minecraft:condition",
                    "property": "minecraft:using_item",
                    "on_false": {
                        "type": "minecraft:model",
                        "model": "bow/vortex_bow_golden"
                    },
                    "on_true": {
                        "type": "minecraft:range_dispatch",
                        "property": "minecraft:use_duration",
                        "scale": 0.05,
                        "fallback": {
                            "type": "minecraft:model",
                            "model": "bow/vortex_bow_golden"
                        },
                        "entries": [
                            {
                                "threshold": 0.0,
                                "model": {
                                    "type": "minecraft:model",
                                    "model": "bow/vortex_bow_pulling_0_golden"
                                }
                            },
                            {
                                "threshold": 0.65,
                                "model": {
                                    "type": "minecraft:model",
                                    "model": "bow/vortex_bow_pulling_1_golden"
                                }
                            },
                            {
                                "threshold": 0.9,
                                "model": {
                                    "type": "minecraft:model",
                                    "model": "bow/vortex_bow_pulling_2_golden"
                                }
                            }
                        ]
                    }
                }
            },
            {
                "threshold": 4,
                "model": {
                    "type": "minecraft:condition",
                    "property": "minecraft:using_item",
                    "on_false": {
                        "type": "minecraft:model",
                        "model": "bow/blue_dragon_bow"
                    },
                    "on_true": {
                        "type": "minecraft:range_dispatch",
                        "property": "minecraft:use_duration",
                        "scale": 0.05,
                        "fallback": {
                            "type": "minecraft:model",
                            "model": "bow/blue_dragon_bow"
                        },
                        "entries": [
                            {
                                "threshold": 0.0,
                                "model": {
                                    "type": "minecraft:model",
                                    "model": "bow/blue_dragon_bow_pulling_0"
                                }
                            },
                            {
                                "threshold": 0.65,
                                "model": {
                                    "type": "minecraft:model",
                                    "model": "bow/blue_dragon_bow_pulling_1"
                                }
                            },
                            {
                                "threshold": 0.9,
                                "model": {
                                    "type": "minecraft:model",
                                    "model": "bow/blue_dragon_bow_pulling_2"
                                }
                            }
                        ]
                    }
                }
            },
            {
                "threshold": 5,
                "model": {
                    "type": "minecraft:condition",
                    "property": "minecraft:using_item",
                    "on_false": {
                        "type": "minecraft:model",
                        "model": "bow/purple_dragon_bow"
                    },
                    "on_true": {
                        "type": "minecraft:range_dispatch",
                        "property": "minecraft:use_duration",
                        "scale": 0.05,
                        "fallback": {
                            "type": "minecraft:model",
                            "model": "bow/purple_dragon_bow"
                        },
                        "entries": [
                            {
                                "threshold": 0.0,
                                "model": {
                                    "type": "minecraft:model",
                                    "model": "bow/purple_dragon_bow_pulling_0"
                                }
                            },
                            {
                                "threshold": 0.65,
                                "model": {
                                    "type": "minecraft:model",
                                    "model": "bow/purple_dragon_bow_pulling_1"
                                }
                            },
                            {
                                "threshold": 0.9,
                                "model": {
                                    "type": "minecraft:model",
                                    "model": "bow/purple_dragon_bow_pulling_2"
                                }
                            }
                        ]
                    }
                }
            },
            {
                "threshold": 6,
                "model": {
                    "type": "minecraft:condition",
                    "property": "minecraft:using_item",
                    "on_false": {
                        "type": "minecraft:model",
                        "model": "bow/blue_cyber_bow"
                    },
                    "on_true": {
                        "type": "minecraft:range_dispatch",
                        "property": "minecraft:use_duration",
                        "scale": 0.05,
                        "fallback": {
                            "type": "minecraft:model",
                            "model": "bow/blue_cyber_bow"
                        },
                        "entries": [
                            {
                                "threshold": 0.0,
                                "model": {
                                    "type": "minecraft:model",
                                    "model": "bow/blue_cyber_bow_pulling_0"
                                }
                            },
                            {
                                "threshold": 0.65,
                                "model": {
                                    "type": "minecraft:model",
                                    "model": "bow/blue_cyber_bow_pulling_1"
                                }
                            },
                            {
                                "threshold": 0.9,
                                "model": {
                                    "type": "minecraft:model",
                                    "model": "bow/blue_cyber_bow_pulling_2"
                                }
                            }
                        ]
                    }
                }
            }
        ]
    }
}