{
    "model": {
        "type": "range_dispatch",
        "property": "custom_model_data",
        "fallback": {
            "type": "model",
            "model": "item/cod"
        },
        "entries": [
            {
                "threshold": 1,
                "model": {
                    "type": "model",
                    "model": "cod/1"
                }
            },
            {
                "threshold": 2,
                "model": {
                    "type": "model",
                    "model": "cod/2"
                }
            },
            {
                "threshold": 3,
                "model": {
                    "type": "model",
                    "model": "cod/3"
                }
            },
            {
                "threshold": 4,
                "model": {
                    "type": "model",
                    "model": "cod/4"
                }
            },
            {
                "threshold": 5,
                "model": {
                    "type": "model",
                    "model": "cod/5"
                }
            },
            {
                "threshold": 6,
                "model": {
                    "type": "model",
                    "model": "cod/6"
                }
            },
            {
                "threshold": 7,
                "model": {
                    "type": "model",
                    "model": "cod/7"
                }
            },
            {
                "threshold": 8,
                "model": {
                    "type": "model",
                    "model": "cod/8"
                }
            },
            {
                "threshold": 9,
                "model": {
                    "type": "model",
                    "model": "cod/9"
                }
            },
            {
                "threshold": 10,
                "model": {
                    "type": "model",
                    "model": "cod/10"
                }
            },
            {
                "threshold": 11,
                "model": {
                    "type": "model",
                    "model": "cod/11"
                }
            },
            {
                "threshold": 12,
                "model": {
                    "type": "model",
                    "model": "cod/12"
                }
            },
            {
                "threshold": 13,
                "model": {
                    "type": "model",
                    "model": "cod/13"
                }
            },
            {
                "threshold": 14,
                "model": {
                    "type": "model",
                    "model": "cod/14"
                }
            },
            {
                "threshold": 15,
                "model": {
                    "type": "model",
                    "model": "cod/15"
                }
            },
            {
                "threshold": 16,
                "model": {
                    "type": "model",
                    "model": "cod/16"
                }
            },
            {
                "threshold": 17,
                "model": {
                    "type": "model",
                    "model": "cod/17"
                }
            },
            {
                "threshold": 18,
                "model": {
                    "type": "model",
                    "model": "cod/18"
                }
            },
            {
                "threshold": 19,
                "model": {
                    "type": "model",
                    "model": "cod/19"
                }
            },
            {
                "threshold": 20,
                "model": {
                    "type": "model",
                    "model": "cod/20"
                }
            },
            {
                "threshold": 21,
                "model": {
                    "type": "model",
                    "model": "cod/21"
                }
            },
            {
                "threshold": 22,
                "model": {
                    "type": "model",
                    "model": "cod/22"
                }
            },
            {
                "threshold": 23,
                "model": {
                    "type": "model",
                    "model": "cod/23"
                }
            },
            {
                "threshold": 24,
                "model": {
                    "type": "model",
                    "model": "cod/24"
                }
            },
            {
                "threshold": 25,
                "model": {
                    "type": "model",
                    "model": "cod/25"
                }
            },
            {
                "threshold": 26,
                "model": {
                    "type": "model",
                    "model": "cod/26"
                }
            },
            {
                "threshold": 27,
                "model": {
                    "type": "model",
                    "model": "cod/27"
                }
            },
            {
                "threshold": 28,
                "model": {
                    "type": "model",
                    "model": "cod/28"
                }
            },
            {
                "threshold": 29,
                "model": {
                    "type": "model",
                    "model": "cod/29"
                }
            },
            {
                "threshold": 30,
                "model": {
                    "type": "model",
                    "model": "cod/30"
                }
            },
            {
                "threshold": 31,
                "model": {
                    "type": "model",
                    "model": "cod/31"
                }
            },
            {
                "threshold": 32,
                "model": {
                    "type": "model",
                    "model": "cod/32"
                }
            },
            {
                "threshold": 33,
                "model": {
                    "type": "model",
                    "model": "cod/33"
                }
            },
            {
                "threshold": 34,
                "model": {
                    "type": "model",
                    "model": "cod/34"
                }
            }
        ]
    }
}