{
    "model": {
        "type": "range_dispatch",
        "property": "custom_model_data",
        "fallback": {
            "type": "model",
            "model": "item/emerald"
        },
        "entries": [
            {
                "threshold": 1,
                "model": {
                    "type": "model",
                    "model": "emerald/black_powder"
                }
            },
            {
                "threshold": 2,
                "model": {
                    "type": "model",
                    "model": "emerald/bloom_doom"
                }
            },
            {
                "threshold": 3,
                "model": {
                    "type": "model",
                    "model": "emerald/blue_candycane"
                }
            },
            {
                "threshold": 4,
                "model": {
                    "type": "model",
                    "model": "emerald/bomberry"
                }
            },
            {
                "threshold": 5,
                "model": {
                    "type": "model",
                    "model": "emerald/broken_hextech"
                }
            },
            {
                "threshold": 6,
                "model": {
                    "type": "model",
                    "model": "emerald/caeletus_ring"
                }
            },
            {
                "threshold": 7,
                "model": {
                    "type": "model",
                    "model": "emerald/calamity_handle"
                }
            },
            {
                "threshold": 8,
                "model": {
                    "type": "model",
                    "model": "emerald/cataclysm_handle"
                }
            },
            {
                "threshold": 9,
                "model": {
                    "type": "model",
                    "model": "emerald/catastrophe_broken"
                }
            },
            {
                "threshold": 10,
                "model": {
                    "type": "model",
                    "model": "emerald/crate_key"
                }
            },
            {
                "threshold": 11,
                "model": {
                    "type": "model",
                    "model": "emerald/dark_claw"
                }
            },
            {
                "threshold": 12,
                "model": {
                    "type": "model",
                    "model": "emerald/detached_eye"
                }
            },
            {
                "threshold": 13,
                "model": {
                    "type": "model",
                    "model": "emerald/divine_geode"
                }
            },
            {
                "threshold": 14,
                "model": {
                    "type": "model",
                    "model": "emerald/dragon_scale"
                }
            },
            {
                "threshold": 15,
                "model": {
                    "type": "model",
                    "model": "emerald/endercore"
                }
            },
            {
                "threshold": 16,
                "model": {
                    "type": "model",
                    "model": "emerald/endergem"
                }
            },
            {
                "threshold": 17,
                "model": {
                    "type": "model",
                    "model": "emerald/enigma_bacteria"
                }
            },
            {
                "threshold": 18,
                "model": {
                    "type": "model",
                    "model": "emerald/exo_stone"
                }
            },
            {
                "threshold": 19,
                "model": {
                    "type": "model",
                    "model": "emerald/gem"
                }
            },
            {
                "threshold": 20,
                "model": {
                    "type": "model",
                    "model": "emerald/herald_of_the_end"
                }
            },
            {
                "threshold": 21,
                "model": {
                    "type": "model",
                    "model": "emerald/hexim_necklace"
                }
            },
            {
                "threshold": 22,
                "model": {
                    "type": "model",
                    "model": "emerald/hextech_crystal"
                }
            },
            {
                "threshold": 23,
                "model": {
                    "type": "model",
                    "model": "emerald/hex_core"
                }
            },
            {
                "threshold": 24,
                "model": {
                    "type": "model",
                    "model": "emerald/ignetto_alloy"
                }
            },
            {
                "threshold": 25,
                "model": {
                    "type": "model",
                    "model": "emerald/irradiated_metal"
                }
            },
            {
                "threshold": 26,
                "model": {
                    "type": "model",
                    "model": "emerald/living_flame"
                }
            },
            {
                "threshold": 27,
                "model": {
                    "type": "model",
                    "model": "emerald/mortos_belt"
                }
            },
            {
                "threshold": 28,
                "model": {
                    "type": "model",
                    "model": "emerald/moss_stone"
                }
            },
            {
                "threshold": 29,
                "model": {
                    "type": "model",
                    "model": "emerald/mutated_fruit"
                }
            },
            {
                "threshold": 30,
                "model": {
                    "type": "model",
                    "model": "emerald/nightmare_bar"
                }
            },
            {
                "threshold": 31,
                "model": {
                    "type": "model",
                    "model": "emerald/nightmare_fuel"
                }
            },
            {
                "threshold": 32,
                "model": {
                    "type": "model",
                    "model": "emerald/null_cell"
                }
            },
            {
                "threshold": 33,
                "model": {
                    "type": "model",
                    "model": "emerald/omni_blueprint"
                }
            },
            {
                "threshold": 34,
                "model": {
                    "type": "model",
                    "model": "emerald/pink_mushroom"
                }
            },
            {
                "threshold": 35,
                "model": {
                    "type": "model",
                    "model": "emerald/prismatic_fruit"
                }
            },
            {
                "threshold": 36,
                "model": {
                    "type": "model",
                    "model": "emerald/quinerus_cloak"
                }
            },
            {
                "threshold": 37,
                "model": {
                    "type": "model",
                    "model": "emerald/red_candycane"
                }
            },
            {
                "threshold": 38,
                "model": {
                    "type": "model",
                    "model": "emerald/rotting_tissue"
                }
            },
            {
                "threshold": 39,
                "model": {
                    "type": "model",
                    "model": "emerald/rusted_iron"
                }
            },
            {
                "threshold": 40,
                "model": {
                    "type": "model",
                    "model": "emerald/shard_of_true_ice"
                }
            },
            {
                "threshold": 41,
                "model": {
                    "type": "model",
                    "model": "emerald/silver_leaf"
                }
            },
            {
                "threshold": 42,
                "model": {
                    "type": "model",
                    "model": "emerald/slimy_mucus"
                }
            },
            {
                "threshold": 43,
                "model": {
                    "type": "model",
                    "model": "emerald/teal_mushroom"
                }
            },
            {
                "threshold": 44,
                "model": {
                    "type": "model",
                    "model": "emerald/uncanny_obelisk"
                }
            },
            {
                "threshold": 45,
                "model": {
                    "type": "model",
                    "model": "emerald/void_stone"
                }
            },
            {
                "threshold": 46,
                "model": {
                    "type": "model",
                    "model": "emerald/warden_heart"
                }
            },
            {
                "threshold": 47,
                "model": {
                    "type": "model",
                    "model": "emerald/witch_blood"
                }
            },
            {
                "threshold": 48,
                "model": {
                    "type": "model",
                    "model": "emerald/withered_rose"
                }
            }
        ]
    }
}