{
    "model": {
        "type": "range_dispatch",
        "property": "custom_model_data",
        "fallback": {
            "type": "model",
            "model": "item/netherite_pickaxe"
        },
        "entries": [
            {
                "threshold": 1,
                "model": {
                    "type": "model",
                    "model": "netherite_pickaxe/barnacle_encrusted_pick"
                }
            },
            {
                "threshold": 2,
                "model": {
                    "type": "model",
                    "model": "netherite_pickaxe/blaze_smelter"
                }
            },
            {
                "threshold": 3,
                "model": {
                    "type": "model",
                    "model": "netherite_pickaxe/creeper_pick"
                }
            },
            {
                "threshold": 4,
                "model": {
                    "type": "model",
                    "model": "netherite_pickaxe/cutlass_pickaxe"
                }
            },
            {
                "threshold": 5,
                "model": {
                    "type": "model",
                    "model": "netherite_pickaxe/dragon_scale"
                }
            },
            {
                "threshold": 6,
                "model": {
                    "type": "model",
                    "model": "netherite_pickaxe/ender_miner"
                }
            },
            {
                "threshold": 7,
                "model": {
                    "type": "model",
                    "model": "netherite_pickaxe/pirate_captains_mattock"
                }
            },
            {
                "threshold": 8,
                "model": {
                    "type": "model",
                    "model": "netherite_pickaxe/skeleton_hand_pick"
                }
            },
            {
                "threshold": 9,
                "model": {
                    "type": "model",
                    "model": "netherite_pickaxe/skeleton_snipe_axe"
                }
            },
            {
                "threshold": 10,
                "model": {
                    "type": "model",
                    "model": "netherite_pickaxe/spider_silk_touch"
                }
            },
            {
                "threshold": 11,
                "model": {
                    "type": "model",
                    "model": "netherite_pickaxe/treasure_hunters_pick"
                }
            },
            {
                "threshold": 12,
                "model": {
                    "type": "model",
                    "model": "netherite_pickaxe/zombie_digger"
                }
            },
            {
                "threshold": 13,
                "model": {
                    "type": "model",
                    "model": "netherite_pickaxe/bud_breaker_pickaxe"
                }
            },
            {
                "threshold": 14,
                "model": {
                    "type": "model",
                    "model": "netherite_pickaxe/discord_nitro_pickaxe"
                }
            },
            {
                "threshold": 15,
                "model": {
                    "type": "model",
                    "model": "netherite_pickaxe/toffy_halloween_pickaxe"
                }
            },
            {
                "threshold": 16,
                "model": {
                    "type": "model",
                    "model": "netherite_pickaxe/vortex_pickaxe_golden"
                }
            },
            {
                "threshold": 17,
                "model": {
                    "type": "model",
                    "model": "netherite_pickaxe/blue_dragon_pickaxe"
                }
            },
            {
                "threshold": 18,
                "model": {
                    "type": "model",
                    "model": "netherite_pickaxe/purple_dragon_pickaxe"
                }
            },
            {
                "threshold": 19,
                "model": {
                    "type": "model",
                    "model": "netherite_pickaxe/blue_cyber_pickaxe"
                }
            },
            {
                "threshold": 20,
                "model": {
                    "type": "model",
                    "model": "netherite_pickaxe/nebula_pickaxe"
                }
            }
        ]
    }
}