{
    "model": {
        "type": "range_dispatch",
        "property": "custom_model_data",
        "fallback": {
            "type": "model",
            "model": "item/netherite_axe"
        },
        "entries": [
            {
                "threshold": 1,
                "model": {
                    "type": "model",
                    "model": "netherite_axe/blaze_battler"
                }
            },
            {
                "threshold": 2,
                "model": {
                    "type": "model",
                    "model": "netherite_axe/creeper_chopper"
                }
            },
            {
                "threshold": 3,
                "model": {
                    "type": "model",
                    "model": "netherite_axe/creeper_cleaver"
                }
            },
            {
                "threshold": 4,
                "model": {
                    "type": "model",
                    "model": "netherite_axe/drakes_decapitator"
                }
            },
            {
                "threshold": 5,
                "model": {
                    "type": "model",
                    "model": "netherite_axe/ender_chop"
                }
            },
            {
                "threshold": 6,
                "model": {
                    "type": "model",
                    "model": "netherite_axe/ender_cleaver"
                }
            },
            {
                "threshold": 7,
                "model": {
                    "type": "model",
                    "model": "netherite_axe/phantom_edge"
                }
            },
            {
                "threshold": 8,
                "model": {
                    "type": "model",
                    "model": "netherite_axe/skeleton_splitter"
                }
            },
            {
                "threshold": 9,
                "model": {
                    "type": "model",
                    "model": "netherite_axe/spider_slicer"
                }
            },
            {
                "threshold": 10,
                "model": {
                    "type": "model",
                    "model": "netherite_axe/zombie_crusher"
                }
            },
            {
                "threshold": 11,
                "model": {
                    "type": "model",
                    "model": "netherite_axe/discord_nitro_axe"
                }
            },
            {
                "threshold": 12,
                "model": {
                    "type": "model",
                    "model": "netherite_axe/toffy_halloween_axe"
                }
            },
            {
                "threshold": 13,
                "model": {
                    "type": "model",
                    "model": "netherite_axe/vortex_axe_golden"
                }
            },
            {
                "threshold": 14,
                "model": {
                    "type": "model",
                    "model": "netherite_axe/blue_dragon_axe"
                }
            },
            {
                "threshold": 15,
                "model": {
                    "type": "model",
                    "model": "netherite_axe/purple_dragon_axe"
                }
            },
            {
                "threshold": 16,
                "model": {
                    "type": "model",
                    "model": "netherite_axe/blue_cyber_axe"
                }
            },
            {
                "threshold": 17,
                "model": {
                    "type": "model",
                    "model": "netherite_axe/gold_cyber_axe"
                }
            },
            {
                "threshold": 18,
                "model": {
                    "type": "model",
                    "model": "netherite_axe/green_cyber_axe"
                }
            },
            {
                "threshold": 19,
                "model": {
                    "type": "model",
                    "model": "netherite_axe/pink_cyber_axe"
                }
            },
            {
                "threshold": 20,
                "model": {
                    "type": "model",
                    "model": "netherite_axe/red_cyber_axe"
                }
            },
            {
                "threshold": 21,
                "model": {
                    "type": "model",
                    "model": "netherite_axe/purple_cyber_axe"
                }
            },
            {
                "threshold": 22,
                "model": {
                    "type": "model",
                    "model": "netherite_axe/nebula_axe"
                }
            },
            {
                "threshold": 23,
                "model": {
                    "type": "model",
                    "model": "netherite_axe/axe_cold_blood"
                }
            },
            {
                "threshold": 24,
                "model": {
                    "type": "model",
                    "model": "netherite_axe/valentine_axe"
                }
            },
            {
                "threshold": 25,
                "model": {
                    "type": "model",
                    "model": "netherite_axe/carnivoret_axe"
                }
            }                                    
        ]
    }
}