{
    "model": {
        "type": "range_dispatch",
        "property": "custom_model_data",
        "fallback": {
            "type": "model",
            "model": "item/netherite_hoe"
        },
        "entries": [
            {
                "threshold": 1,
                "model": {
                    "type": "model",
                    "model": "netherite_hoe/creeper_vine_planter"
                }
            },
            {
                "threshold": 2,
                "model": {
                    "type": "model",
                    "model": "netherite_hoe/skeleton_bone_hoe"
                }
            },
            {
                "threshold": 3,
                "model": {
                    "type": "model",
                    "model": "netherite_hoe/zombie_tiller"
                }
            },
            {
                "threshold": 4,
                "model": {
                    "type": "model",
                    "model": "netherite_hoe/discord_nitro_hoe"
                }
            },
            {
                "threshold": 5,
                "model": {
                    "type": "model",
                    "model": "netherite_hoe/toffy_halloween_hoe"
                }
            },
            {
                "threshold": 6,
                "model": {
                    "type": "model",
                    "model": "netherite_hoe/vortex_hoe_golden"
                }
            },
            {
                "threshold": 7,
                "model": {
                    "type": "model",
                    "model": "netherite_hoe/blue_dragon_hoe"
                }
            },
            {
                "threshold": 8,
                "model": {
                    "type": "model",
                    "model": "netherite_hoe/purple_dragon_hoe"
                }
            },
            {
                "threshold": 9,
                "model": {
                    "type": "model",
                    "model": "netherite_hoe/blue_cyber_hoe"
                }
            },
            {
                "threshold": 10,
                "model": {
                    "type": "model",
                    "model": "netherite_hoe/x10"
                }
            },
            {
                "threshold": 11,
                "model": {
                    "type": "model",
                    "model": "netherite_hoe/x11"
                }
            },
            {
                "threshold": 12,
                "model": {
                    "type": "model",
                    "model": "netherite_hoe/x12"
                }
            },
            {
                "threshold": 13,
                "model": {
                    "type": "model",
                    "model": "netherite_hoe/x13"
                }
            },
            {
                "threshold": 14,
                "model": {
                    "type": "model",
                    "model": "netherite_hoe/x14"
                }
            },
            {
                "threshold": 15,
                "model": {
                    "type": "model",
                    "model": "netherite_hoe/x15"
                }
            },
            {
                "threshold": 16,
                "model": {
                    "type": "model",
                    "model": "netherite_hoe/x16"
                }
            },
            {
                "threshold": 17,
                "model": {
                    "type": "model",
                    "model": "netherite_hoe/x17"
                }
            },
            {
                "threshold": 18,
                "model": {
                    "type": "model",
                    "model": "netherite_hoe/x18"
                }
            },
            {
                "threshold": 19,
                "model": {
                    "type": "model",
                    "model": "netherite_hoe/x19"
                }
            },
            {
                "threshold": 20,
                "model": {
                    "type": "model",
                    "model": "netherite_hoe/x20"
                }
            }
        ]
    }
}