{
    "model": {
        "type": "range_dispatch",
        "property": "custom_model_data",
        "fallback": {
            "type": "model",
            "model": "item/salmon"
        },
        "entries": [
            {
                "threshold": 1,
                "model": {
                    "type": "model",
                    "model": "salmon/1"
                }
            },
            {
                "threshold": 2,
                "model": {
                    "type": "model",
                    "model": "salmon/2"
                }
            },
            {
                "threshold": 3,
                "model": {
                    "type": "model",
                    "model": "salmon/3"
                }
            },
            {
                "threshold": 4,
                "model": {
                    "type": "model",
                    "model": "salmon/4"
                }
            },
            {
                "threshold": 5,
                "model": {
                    "type": "model",
                    "model": "salmon/5"
                }
            },
            {
                "threshold": 6,
                "model": {
                    "type": "model",
                    "model": "salmon/6"
                }
            },
            {
                "threshold": 7,
                "model": {
                    "type": "model",
                    "model": "salmon/7"
                }
            },
            {
                "threshold": 8,
                "model": {
                    "type": "model",
                    "model": "salmon/8"
                }
            },
            {
                "threshold": 9,
                "model": {
                    "type": "model",
                    "model": "salmon/9"
                }
            },
            {
                "threshold": 10,
                "model": {
                    "type": "model",
                    "model": "salmon/10"
                }
            },
            {
                "threshold": 11,
                "model": {
                    "type": "model",
                    "model": "salmon/11"
                }
            },
            {
                "threshold": 12,
                "model": {
                    "type": "model",
                    "model": "salmon/12"
                }
            },
            {
                "threshold": 13,
                "model": {
                    "type": "model",
                    "model": "salmon/13"
                }
            },
            {
                "threshold": 14,
                "model": {
                    "type": "model",
                    "model": "salmon/14"
                }
            },
            {
                "threshold": 15,
                "model": {
                    "type": "model",
                    "model": "salmon/15"
                }
            },
            {
                "threshold": 16,
                "model": {
                    "type": "model",
                    "model": "salmon/16"
                }
            },
            {
                "threshold": 17,
                "model": {
                    "type": "model",
                    "model": "salmon/17"
                }
            },
            {
                "threshold": 18,
                "model": {
                    "type": "model",
                    "model": "salmon/18"
                }
            },
            {
                "threshold": 19,
                "model": {
                    "type": "model",
                    "model": "salmon/19"
                }
            },
            {
                "threshold": 20,
                "model": {
                    "type": "model",
                    "model": "salmon/20"
                }
            },
            {
                "threshold": 21,
                "model": {
                    "type": "model",
                    "model": "salmon/21"
                }
            }
        ]
    }
}