{
    "model": {
        "type": "range_dispatch",
        "property": "custom_model_data",
        "fallback": {
            "type": "minecraft:condition",
            "property": "minecraft:using_item",
            "on_false": {
                "type": "minecraft:special",
                "base": "minecraft:item/shield",
                "model": {
                    "type": "minecraft:shield"
                }
            },
            "on_true": {
                "type": "minecraft:special",
                "base": "minecraft:item/shield_blocking",
                "model": {
                    "type": "minecraft:shield"
                }
            }
        },
        "entries": [
            {
                "threshold": 1,
                "model": {
                    "type": "minecraft:condition",
                    "property": "minecraft:using_item",
                    "on_false": {
                        "type": "minecraft:model",
                        "model": "shield/toffy_halloween_shield"
                    },
                    "on_true": {
                        "type": "minecraft:model",
                        "model": "shield/toffy_halloween_shield_blocking"
                    }
                }
            },
            {
                "threshold": 2,
                "model": {
                    "type": "minecraft:condition",
                    "property": "minecraft:using_item",
                    "on_false": {
                        "type": "minecraft:model",
                        "model": "shield/discord_nitro_shield"
                    },
                    "on_true": {
                        "type": "minecraft:model",
                        "model": "shield/discord_nitro_shield_blocking"
                    }
                }
            },
            {
                "threshold": 3,
                "model": {
                    "type": "minecraft:condition",
                    "property": "minecraft:using_item",
                    "on_false": {
                        "type": "minecraft:model",
                        "model": "shield/vortex_shield_golden"
                    },
                    "on_true": {
                        "type": "minecraft:model",
                        "model": "shield/vortex_shield_blocking_golden"
                    }
                }
            },
            {
                "threshold": 4,
                "model": {
                    "type": "minecraft:condition",
                    "property": "minecraft:using_item",
                    "on_false": {
                        "type": "minecraft:model",
                        "model": "shield/blue_dragon_shield"
                    },
                    "on_true": {
                        "type": "minecraft:model",
                        "model": "shield/blue_dragon_shield_blocking"
                    }
                }
            },
            {
                "threshold": 5,
                "model": {
                    "type": "minecraft:condition",
                    "property": "minecraft:using_item",
                    "on_false": {
                        "type": "minecraft:model",
                        "model": "shield/purple_dragon_shield"
                    },
                    "on_true": {
                        "type": "minecraft:model",
                        "model": "shield/purple_dragon_shield_blocking"
                    }
                }
            },
            {
                "threshold": 6,
                "model": {
                    "type": "minecraft:condition",
                    "property": "minecraft:using_item",
                    "on_false": {
                        "type": "minecraft:model",
                        "model": "shield/blue_cyber_shield"
                    },
                    "on_true": {
                        "type": "minecraft:model",
                        "model": "shield/blue_cyber_shield_blocking"
                    }
                }
            }
        ]
    },
    "display": {
        "thirdperson_righthand": {
            "rotation": [
                0,
                90,
                0
            ],
            "translation": [
                10,
                6,
                -4
            ],
            "scale": [
                1,
                1,
                1
            ]
        },
        "thirdperson_lefthand": {
            "rotation": [
                0,
                90,
                0
            ],
            "translation": [
                10,
                6,
                12
            ],
            "scale": [
                1,
                1,
                1
            ]
        },
        "firstperson_righthand": {
            "rotation": [
                0,
                180,
                5
            ],
            "translation": [
                -10,
                2,
                -10
            ],
            "scale": [
                1.25,
                1.25,
                1.25
            ]
        },
        "firstperson_lefthand": {
            "rotation": [
                0,
                180,
                5
            ],
            "translation": [
                10,
                0,
                -10
            ],
            "scale": [
                1.25,
                1.25,
                1.25
            ]
        },
        "gui": {
            "rotation": [
                15,
                -25,
                -5
            ],
            "translation": [
                2,
                3,
                0
            ],
            "scale": [
                0.65,
                0.65,
                0.65
            ]
        },
        "fixed": {
            "rotation": [
                0,
                180,
                0
            ],
            "translation": [
                -2,
                4,
                -5
            ],
            "scale": [
                0.5,
                0.5,
                0.5
            ]
        },
        "ground": {
            "rotation": [
                0,
                0,
                0
            ],
            "translation": [
                4,
                4,
                2
            ],
            "scale": [
                0.25,
                0.25,
                0.25
            ]
        }
    }
}