{
    "model": {
        "type": "range_dispatch",
        "property": "custom_model_data",
        "fallback": {
            "type": "model",
            "model": "item/tropical_fish"
        },
        "entries": [
            {
                "threshold": 1,
                "model": {
                    "type": "model",
                    "model": "tropical_fish/1"
                }
            },
            {
                "threshold": 2,
                "model": {
                    "type": "model",
                    "model": "tropical_fish/2"
                }
            },
            {
                "threshold": 3,
                "model": {
                    "type": "model",
                    "model": "tropical_fish/3"
                }
            },
            {
                "threshold": 4,
                "model": {
                    "type": "model",
                    "model": "tropical_fish/4"
                }
            },
            {
                "threshold": 5,
                "model": {
                    "type": "model",
                    "model": "tropical_fish/5"
                }
            },
            {
                "threshold": 6,
                "model": {
                    "type": "model",
                    "model": "tropical_fish/6"
                }
            },
            {
                "threshold": 7,
                "model": {
                    "type": "model",
                    "model": "tropical_fish/7"
                }
            },
            {
                "threshold": 8,
                "model": {
                    "type": "model",
                    "model": "tropical_fish/8"
                }
            },
            {
                "threshold": 9,
                "model": {
                    "type": "model",
                    "model": "tropical_fish/9"
                }
            },
            {
                "threshold": 10,
                "model": {
                    "type": "model",
                    "model": "tropical_fish/10"
                }
            },
            {
                "threshold": 11,
                "model": {
                    "type": "model",
                    "model": "tropical_fish/11"
                }
            },
            {
                "threshold": 12,
                "model": {
                    "type": "model",
                    "model": "tropical_fish/12"
                }
            },
            {
                "threshold": 13,
                "model": {
                    "type": "model",
                    "model": "tropical_fish/13"
                }
            },
            {
                "threshold": 14,
                "model": {
                    "type": "model",
                    "model": "tropical_fish/14"
                }
            },
            {
                "threshold": 15,
                "model": {
                    "type": "model",
                    "model": "tropical_fish/15"
                }
            },
            {
                "threshold": 16,
                "model": {
                    "type": "model",
                    "model": "tropical_fish/16"
                }
            },
            {
                "threshold": 17,
                "model": {
                    "type": "model",
                    "model": "tropical_fish/17"
                }
            },
            {
                "threshold": 18,
                "model": {
                    "type": "model",
                    "model": "tropical_fish/18"
                }
            },
            {
                "threshold": 19,
                "model": {
                    "type": "model",
                    "model": "tropical_fish/19"
                }
            },
            {
                "threshold": 20,
                "model": {
                    "type": "model",
                    "model": "tropical_fish/20"
                }
            },
            {
                "threshold": 21,
                "model": {
                    "type": "model",
                    "model": "tropical_fish/21"
                }
            },
            {
                "threshold": 22,
                "model": {
                    "type": "model",
                    "model": "tropical_fish/22"
                }
            },
            {
                "threshold": 23,
                "model": {
                    "type": "model",
                    "model": "tropical_fish/23"
                }
            },
            {
                "threshold": 24,
                "model": {
                    "type": "model",
                    "model": "tropical_fish/24"
                }
            },
            {
                "threshold": 25,
                "model": {
                    "type": "model",
                    "model": "tropical_fish/25"
                }
            }
        ]
    }
}