{"textures":{"1":"modelengine:entity/pet_ender","particle":"#1"},"elements":[{"from":[-0.5,7.8779106,6.666667],"to":[7.5,14.877911,6.666667],"faces":{"south":{"uv":[2.5,6.75,4.5,8.5],"tintindex":0,"rotation":0,"texture":"#1"},"north":{"uv":[4.5,6.75,2.5,8.5],"tintindex":0,"rotation":0,"texture":"#1"}}},{"from":[3.0,2.3779106,4.166667],"to":[13.0,6.3779106,10.166666],"faces":{"east":{"uv":[7.5,4.25,9.0,5.25],"tintindex":0,"rotation":0,"texture":"#1"},"south":{"uv":[7.5,1.25,10.0,2.25],"tintindex":0,"rotation":0,"texture":"#1"},"north":{"uv":[7.5,0.0,10.0,1.0],"tintindex":0,"rotation":0,"texture":"#1"},"west":{"uv":[7.5,5.5,9.0,6.5],"tintindex":0,"rotation":0,"texture":"#1"},"up":{"uv":[5.0,6.5,2.5,5.0],"tintindex":0,"rotation":0,"texture":"#1"},"down":{"uv":[7.5,2.5,5.0,4.0],"tintindex":0,"rotation":0,"texture":"#1"}}},{"from":[8.5,7.8779106,6.666667],"to":[16.5,14.877911,6.666667],"faces":{"south":{"uv":[4.5,6.75,2.5,8.5],"tintindex":0,"rotation":0,"texture":"#1"},"north":{"uv":[2.5,6.75,4.5,8.5],"tintindex":0,"rotation":0,"texture":"#1"}}},{"from":[3.5,2.8779106,4.666667],"to":[12.5,11.877911,13.666667],"faces":{"east":{"uv":[0.0,2.5,2.25,4.75],"tintindex":0,"rotation":0,"texture":"#1"},"south":{"uv":[2.5,0.0,4.75,2.25],"tintindex":0,"rotation":0,"texture":"#1"},"north":{"uv":[0.0,0.0,2.25,2.25],"tintindex":0,"rotation":0,"texture":"#1"},"west":{"uv":[2.5,2.5,4.75,4.75],"tintindex":0,"rotation":0,"texture":"#1"},"up":{"uv":[2.25,7.25,0.0,5.0],"tintindex":0,"rotation":0,"texture":"#1"},"down":{"uv":[7.25,0.0,5.0,2.25],"tintindex":0,"rotation":0,"texture":"#1"}}}],"display":{"head":{"rotation":[0.0,0.0,0.0]},"firstperson_righthand":{"rotation":[0.0,0.0,0.0]},"thirdperson_lefthand":{"rotation":[0.0,-0.0,-0.0]},"firstperson_lefthand":{"rotation":[0.0,-0.0,-0.0]},"fixed":{"rotation":[0.0,0.0,0.0]},"ground":{"rotation":[0.0,0.0,0.0]},"thirdperson_righthand":{"rotation":[0.0,0.0,0.0]},"gui":{"rotation":[-150.0,-45.0,180.0]}}}