{"textures":{"0":"modelengine:entity/pet_nether","particle":"#0"},"elements":[{"from":[6.891564,2.9518108,6.5],"to":[9.891564,6.951811,9.5],"faces":{"east":{"uv":[6.0,9.5,6.75,10.5],"tintindex":0,"rotation":0,"texture":"#0"},"south":{"uv":[9.75,5.0,10.5,6.0],"tintindex":0,"rotation":0,"texture":"#0"},"north":{"uv":[5.0,9.5,5.75,10.5],"tintindex":0,"rotation":0,"texture":"#0"},"west":{"uv":[9.75,6.25,10.5,7.25],"tintindex":0,"rotation":0,"texture":"#0"},"up":{"uv":[10.5,10.25,9.75,9.5],"tintindex":0,"rotation":0,"texture":"#0"},"down":{"uv":[10.75,0.0,10.0,0.75],"tintindex":0,"rotation":0,"texture":"#0"}},"rotation":{"origin":[3.6723118,8.133731,8.0],"angle":22.5,"axis":"z"}}],"display":{"head":{"rotation":[0.0,0.0,0.0]},"firstperson_righthand":{"rotation":[0.0,0.0,0.0]},"thirdperson_lefthand":{"rotation":[0.0,-0.0,-0.0]},"firstperson_lefthand":{"rotation":[0.0,-0.0,-0.0]},"fixed":{"rotation":[0.0,0.0,0.0]},"ground":{"rotation":[0.0,0.0,0.0]},"thirdperson_righthand":{"rotation":[0.0,0.0,0.0]},"gui":{"rotation":[-150.0,-45.0,180.0]}}}