{"textures":{"0":"modelengine:entity/pet_nether","particle":"#0"},"elements":[{"from":[5.8584366,2.9518108,6.5],"to":[8.858437,6.951811,9.5],"faces":{"east":{"uv":[8.75,6.25,9.5,7.25],"tintindex":0,"rotation":0,"texture":"#0"},"south":{"uv":[8.75,7.5,9.5,8.5],"tintindex":0,"rotation":0,"texture":"#0"},"north":{"uv":[8.75,5.0,9.5,6.0],"tintindex":0,"rotation":0,"texture":"#0"},"west":{"uv":[8.75,8.75,9.5,9.75],"tintindex":0,"rotation":0,"texture":"#0"},"up":{"uv":[10.5,8.25,9.75,7.5],"tintindex":0,"rotation":0,"texture":"#0"},"down":{"uv":[10.5,8.5,9.75,9.25],"tintindex":0,"rotation":0,"texture":"#0"}},"rotation":{"origin":[12.077688,8.133731,8.0],"angle":-22.5,"axis":"z"}}],"display":{"head":{"rotation":[0.0,0.0,0.0]},"firstperson_righthand":{"rotation":[0.0,0.0,0.0]},"thirdperson_lefthand":{"rotation":[0.0,-0.0,-0.0]},"firstperson_lefthand":{"rotation":[0.0,-0.0,-0.0]},"fixed":{"rotation":[0.0,0.0,0.0]},"ground":{"rotation":[0.0,0.0,0.0]},"thirdperson_righthand":{"rotation":[0.0,0.0,0.0]},"gui":{"rotation":[-150.0,-45.0,180.0]}}}