{"textures":{"0":"modelengine:entity/pet_nether","particle":"#0"},"elements":[{"from":[3.5,1.0646143,12.95],"to":[12.5,5.0646143,12.95],"faces":{"south":{"uv":[7.5,0.0,9.75,1.0],"tintindex":0,"rotation":0,"texture":"#0"},"north":{"uv":[9.75,0.0,7.5,1.0],"tintindex":0,"rotation":0,"texture":"#0"}}},{"from":[5.232233,11.160809,6.45],"to":[9.232233,18.160809,10.45],"faces":{"east":{"uv":[7.5,8.5,8.5,10.25],"tintindex":0,"rotation":0,"texture":"#0"},"south":{"uv":[0.0,8.75,1.0,10.5],"tintindex":0,"rotation":0,"texture":"#0"},"north":{"uv":[7.5,6.5,8.5,8.25],"tintindex":0,"rotation":0,"texture":"#0"},"west":{"uv":[1.25,8.75,2.25,10.5],"tintindex":0,"rotation":0,"texture":"#0"},"up":{"uv":[4.75,9.75,3.75,8.75],"tintindex":0,"rotation":0,"texture":"#0"},"down":{"uv":[9.75,3.75,8.75,4.75],"tintindex":0,"rotation":0,"texture":"#0"}},"rotation":{"origin":[8.0,9.564614,8.45],"angle":45.0,"axis":"z"}},{"from":[3.5,5.0646143,3.9499998],"to":[12.5,14.064614,12.95],"faces":{"east":{"uv":[0.0,2.5,2.25,4.75],"tintindex":0,"rotation":0,"texture":"#0"},"south":{"uv":[2.5,0.0,4.75,2.25],"tintindex":0,"rotation":0,"texture":"#0"},"north":{"uv":[0.0,0.0,2.25,2.25],"tintindex":0,"rotation":0,"texture":"#0"},"west":{"uv":[2.5,2.5,4.75,4.75],"tintindex":0,"rotation":0,"texture":"#0"},"up":{"uv":[2.25,7.25,0.0,5.0],"tintindex":0,"rotation":0,"texture":"#0"},"down":{"uv":[7.25,0.0,5.0,2.25],"tintindex":0,"rotation":0,"texture":"#0"}}},{"from":[3.5,1.0646143,3.9499998],"to":[3.5,5.0646143,12.95],"faces":{"east":{"uv":[7.25,6.25,5.0,7.25],"tintindex":0,"rotation":0,"texture":"#0"},"west":{"uv":[5.0,6.25,7.25,7.25],"tintindex":0,"rotation":0,"texture":"#0"}}},{"from":[3.5,14.064614,3.9499998],"to":[12.5,18.064613,3.9499998],"faces":{"south":{"uv":[9.75,1.25,7.5,2.25],"tintindex":0,"rotation":0,"texture":"#0"},"north":{"uv":[7.5,1.25,9.75,2.25],"tintindex":0,"rotation":0,"texture":"#0"}}},{"from":[6.767767,11.160809,6.45],"to":[10.767767,18.160809,10.45],"faces":{"east":{"uv":[7.5,4.5,8.5,6.25],"tintindex":0,"rotation":0,"texture":"#0"},"south":{"uv":[5.0,7.5,6.0,9.25],"tintindex":0,"rotation":0,"texture":"#0"},"north":{"uv":[7.5,2.5,8.5,4.25],"tintindex":0,"rotation":0,"texture":"#0"},"west":{"uv":[6.25,7.5,7.25,9.25],"tintindex":0,"rotation":0,"texture":"#0"},"up":{"uv":[3.5,9.75,2.5,8.75],"tintindex":0,"rotation":0,"texture":"#0"},"down":{"uv":[9.75,2.5,8.75,3.5],"tintindex":0,"rotation":0,"texture":"#0"}},"rotation":{"origin":[8.0,9.564614,8.45],"angle":-45.0,"axis":"z"}},{"from":[12.5,1.0646143,3.9499998],"to":[12.5,5.0646143,12.95],"faces":{"east":{"uv":[5.0,3.75,7.25,4.75],"tintindex":0,"rotation":0,"texture":"#0"},"west":{"uv":[7.25,3.75,5.0,4.75],"tintindex":0,"rotation":0,"texture":"#0"}}},{"from":[3.5,1.0646143,3.9499998],"to":[12.5,5.0646143,3.9499998],"faces":{"south":{"uv":[4.75,5.0,2.5,6.0],"tintindex":0,"rotation":0,"texture":"#0"},"north":{"uv":[2.5,5.0,4.75,6.0],"tintindex":0,"rotation":0,"texture":"#0"}}}],"display":{"head":{"rotation":[0.0,0.0,0.0]},"firstperson_righthand":{"rotation":[0.0,0.0,0.0]},"thirdperson_lefthand":{"rotation":[0.0,-0.0,-0.0]},"firstperson_lefthand":{"rotation":[0.0,-0.0,-0.0]},"fixed":{"rotation":[0.0,0.0,0.0]},"ground":{"rotation":[0.0,0.0,0.0]},"thirdperson_righthand":{"rotation":[0.0,0.0,0.0]},"gui":{"rotation":[-150.0,-45.0,180.0]}}}