{
	"credit": "Made with Blockbench",
	"texture_size": [64, 64],
	"textures": {
		"0": "netherite_shovel/blue_dragon_shovel"
	},
	"elements": [
		{
			"from": [6, -9, 6],
			"to": [10, -5, 10],
			"rotation": {"angle": 45, "axis": "z", "origin": [8, -7, 8]},
			"faces": {
				"north": {"uv": [8.5, 4.25, 9.5, 5.25], "texture": "#0"},
				"east": {"uv": [8.5, 5.25, 9.5, 6.25], "texture": "#0"},
				"south": {"uv": [8.5, 6.25, 9.5, 7.25], "texture": "#0"},
				"west": {"uv": [6.75, 8.5, 7.75, 9.5], "texture": "#0"},
				"up": {"uv": [8.75, 9.5, 7.75, 8.5], "texture": "#0"},
				"down": {"uv": [5.5, 8.75, 4.5, 9.75], "texture": "#0"}
			}
		},
		{
			"from": [7, -5, 7],
			"to": [9, 9, 9],
			"rotation": {"angle": 0, "axis": "y", "origin": [0, 4, 7]},
			"faces": {
				"north": {"uv": [5.25, 4.5, 5.75, 8], "texture": "#0"},
				"east": {"uv": [5.75, 4.5, 6.25, 8], "texture": "#0"},
				"south": {"uv": [6.25, 4.5, 6.75, 8], "texture": "#0"},
				"west": {"uv": [6.75, 4.5, 7.25, 8], "texture": "#0"},
				"up": {"uv": [7.25, 8.5, 6.75, 8], "texture": "#0"},
				"down": {"uv": [9, 0.75, 8.5, 1.25], "texture": "#0"}
			}
		},
		{
			"from": [6.75, -3, 6.75],
			"to": [9.25, 6, 9.25],
			"rotation": {"angle": 0, "axis": "y", "origin": [0, 4, 7]},
			"faces": {
				"north": {"uv": [0, 7, 0.75, 9.25], "texture": "#0"},
				"east": {"uv": [0.75, 7, 1.5, 9.25], "texture": "#0"},
				"south": {"uv": [1.5, 7, 2.25, 9.25], "texture": "#0"},
				"west": {"uv": [2.25, 7, 3, 9.25], "texture": "#0"},
				"up": {"uv": [3.75, 9.75, 3, 9], "texture": "#0"},
				"down": {"uv": [9.75, 3, 9, 3.75], "texture": "#0"}
			}
		},
		{
			"from": [6, 9, 5.5],
			"to": [10, 13, 10.5],
			"rotation": {"angle": -45, "axis": "z", "origin": [8, 11, 8]},
			"faces": {
				"north": {"uv": [5.5, 8.75, 6.5, 9.75], "texture": "#0"},
				"east": {"uv": [7.25, 5.75, 8.5, 6.75], "texture": "#0"},
				"south": {"uv": [8.75, 7.25, 9.75, 8.25], "texture": "#0"},
				"west": {"uv": [7.25, 6.75, 8.5, 7.75], "texture": "#0"},
				"up": {"uv": [5.25, 8.25, 4.25, 7], "texture": "#0"},
				"down": {"uv": [8.5, 0, 7.5, 1.25], "texture": "#0"}
			}
		},
		{
			"from": [5.5, 12.2, 7],
			"to": [10.5, 17.2, 9],
			"rotation": {"angle": 0, "axis": "y", "origin": [0, 17.2, 7]},
			"faces": {
				"north": {"uv": [3, 7, 4.25, 8.25], "texture": "#0"},
				"east": {"uv": [8.75, 8.25, 9.25, 9.5], "texture": "#0"},
				"south": {"uv": [7.25, 4.5, 8.5, 5.75], "texture": "#0"},
				"west": {"uv": [9, 0.75, 9.5, 2], "texture": "#0"},
				"up": {"uv": [10.25, 2.5, 9, 2], "texture": "#0"},
				"down": {"uv": [10.25, 2.5, 9, 3], "texture": "#0"}
			}
		},
		{
			"from": [3.5, 11.2, 7.45],
			"to": [12.5, 20.2, 8.55],
			"rotation": {"angle": 0, "axis": "y", "origin": [0, 16.7, 7]},
			"faces": {
				"north": {"uv": [5.25, 0, 7.5, 2.25], "texture": "#0"},
				"east": {"uv": [6.5, 8.75, 6.75, 11], "texture": "#0"},
				"south": {"uv": [5.25, 2.25, 7.5, 4.5], "texture": "#0"},
				"west": {"uv": [3.75, 9, 4, 11.25], "texture": "#0"},
				"up": {"uv": [11.25, 4, 9, 3.75], "texture": "#0"},
				"down": {"uv": [11.25, 4, 9, 4.25], "texture": "#0"}
			}
		},
		{
			"from": [-2.5, 12.2, 7.95],
			"to": [18.5, 26.2, 7.95],
			"rotation": {"angle": 0, "axis": "y", "origin": [0, 16.7, 7]},
			"faces": {
				"north": {"uv": [0, 0, 5.25, 3.5], "texture": "#0"},
				"east": {"uv": [0, 0, 0, 3.5], "texture": "#0"},
				"south": {"uv": [0, 3.5, 5.25, 7], "texture": "#0"},
				"west": {"uv": [0, 0, 0, 3.5], "texture": "#0"},
				"up": {"uv": [5.25, 0, 0, 0], "texture": "#0"},
				"down": {"uv": [5.25, 0, 0, 0], "texture": "#0"}
			}
		},
		{
			"from": [6.32157, 20.02843, 7.475],
			"to": [9.67157, 23.02843, 8.525],
			"rotation": {"angle": 0, "axis": "y", "origin": [-3.82843, 20.02843, 7]},
			"faces": {
				"north": {"uv": [0, 9.25, 0.75, 10], "texture": "#0"},
				"east": {"uv": [9, 9.5, 9.25, 10.25], "texture": "#0"},
				"south": {"uv": [0.75, 9.25, 1.5, 10], "texture": "#0"},
				"west": {"uv": [3.5, 9.75, 3.75, 10.5], "texture": "#0"},
				"up": {"uv": [10.5, 3.75, 9.75, 3.5], "texture": "#0"},
				"down": {"uv": [5.75, 9.75, 5, 10], "texture": "#0"}
			}
		},
		{
			"from": [8.37868, 19.90711, 7.5],
			"to": [12.37868, 21.90711, 8.5],
			"rotation": {"angle": -45, "axis": "z", "origin": [10.37868, 20.90711, 8]},
			"faces": {
				"north": {"uv": [9.5, 0.75, 10.5, 1.25], "texture": "#0"},
				"east": {"uv": [8.5, 7.25, 8.75, 7.75], "texture": "#0"},
				"south": {"uv": [9.5, 1.25, 10.5, 1.75], "texture": "#0"},
				"west": {"uv": [5.75, 9.75, 6, 10.25], "texture": "#0"},
				"up": {"uv": [8.5, 4.5, 7.5, 4.25], "texture": "#0"},
				"down": {"uv": [10.5, 1.75, 9.5, 2], "texture": "#0"}
			}
		},
		{
			"from": [3.62132, 19.90711, 7.5],
			"to": [7.62132, 21.90711, 8.5],
			"rotation": {"angle": 45, "axis": "z", "origin": [5.62132, 20.90711, 8]},
			"faces": {
				"north": {"uv": [9.5, 4.25, 10.5, 4.75], "texture": "#0"},
				"east": {"uv": [6, 9.75, 6.25, 10.25], "texture": "#0"},
				"south": {"uv": [9.5, 4.75, 10.5, 5.25], "texture": "#0"},
				"west": {"uv": [6.25, 9.75, 6.5, 10.25], "texture": "#0"},
				"up": {"uv": [10.75, 3.25, 9.75, 3], "texture": "#0"},
				"down": {"uv": [10.75, 3.25, 9.75, 3.5], "texture": "#0"}
			}
		},
		{
			"from": [1.93507, 10.45775, 6.5],
			"to": [7.93507, 13.45775, 9.5],
			"rotation": {"angle": -22.5, "axis": "z", "origin": [3.18507, 10.95775, 8.5]},
			"faces": {
				"north": {"uv": [7.5, 1.25, 9, 2], "texture": "#0"},
				"east": {"uv": [1.5, 9.25, 2.25, 10], "texture": "#0"},
				"south": {"uv": [7.5, 2, 9, 2.75], "texture": "#0"},
				"west": {"uv": [2.25, 9.25, 3, 10], "texture": "#0"},
				"up": {"uv": [9, 3.5, 7.5, 2.75], "texture": "#0"},
				"down": {"uv": [9, 3.5, 7.5, 4.25], "texture": "#0"}
			}
		},
		{
			"from": [8.06493, 10.45775, 6.5],
			"to": [14.06493, 13.45775, 9.5],
			"rotation": {"angle": 22.5, "axis": "z", "origin": [12.81493, 10.95775, 8]},
			"faces": {
				"north": {"uv": [7.25, 7.75, 8.75, 8.5], "texture": "#0"},
				"east": {"uv": [9.25, 8.25, 10, 9], "texture": "#0"},
				"south": {"uv": [5.25, 8, 6.75, 8.75], "texture": "#0"},
				"west": {"uv": [9.25, 9, 10, 9.75], "texture": "#0"},
				"up": {"uv": [4.5, 9, 3, 8.25], "texture": "#0"},
				"down": {"uv": [10, 0, 8.5, 0.75], "texture": "#0"}
			}
		},
		{
			"from": [13.20545, 12.27863, 7],
			"to": [16.20545, 14.27863, 9],
			"rotation": {"angle": 22.5, "axis": "z", "origin": [15.70545, 13.77863, 7.5]},
			"faces": {
				"north": {"uv": [4.5, 8.25, 5.25, 8.75], "texture": "#0"},
				"east": {"uv": [4, 9, 4.5, 9.5], "texture": "#0"},
				"south": {"uv": [9.5, 5.25, 10.25, 5.75], "texture": "#0"},
				"west": {"uv": [4, 9.5, 4.5, 10], "texture": "#0"},
				"up": {"uv": [10.25, 6.25, 9.5, 5.75], "texture": "#0"},
				"down": {"uv": [10.25, 6.25, 9.5, 6.75], "texture": "#0"}
			}
		},
		{
			"from": [-0.20545, 12.27863, 7],
			"to": [2.79455, 14.27863, 9],
			"rotation": {"angle": -22.5, "axis": "z", "origin": [0.29455, 13.77863, 7.5]},
			"faces": {
				"north": {"uv": [6.75, 9.5, 7.5, 10], "texture": "#0"},
				"east": {"uv": [3, 9.75, 3.5, 10.25], "texture": "#0"},
				"south": {"uv": [9.5, 6.75, 10.25, 7.25], "texture": "#0"},
				"west": {"uv": [4.5, 9.75, 5, 10.25], "texture": "#0"},
				"up": {"uv": [8.25, 10, 7.5, 9.5], "texture": "#0"},
				"down": {"uv": [9, 9.5, 8.25, 10], "texture": "#0"}
			}
		}
	],
	"gui_light": "front",
	"display": {
		"thirdperson_righthand": {
			"rotation": [0, 90, 0],
			"translation": [0, 3, 2],
			"scale": [0.75, 0.75, 0.75]
		},
		"thirdperson_lefthand": {
			"rotation": [0, 90, 0],
			"translation": [0, 3, 2],
			"scale": [0.75, 0.75, 0.75]
		},
		"firstperson_righthand": {
			"rotation": [7.52, 82.04, 4.53],
			"translation": [1.5, 2.25, 0],
			"scale": [0.5, 0.5, 0.5]
		},
		"firstperson_lefthand": {
			"rotation": [7.52, -82.04, 4.53],
			"translation": [1.5, 2.25, 0],
			"scale": [0.5, 0.5, 0.5]
		},
		"ground": {
			"rotation": [0, 0, 45],
			"translation": [0, 4, 0],
			"scale": [0.4, 0.4, 0.4]
		},
		"gui": {
			"rotation": [0, 0, -45],
			"scale": [0.6, 0.6, 0.6]
		},
		"fixed": {
			"rotation": [0, 0, 45],
			"translation": [-0.5, 0.25, -0.5],
			"scale": [0.7, 0.7, 0.7]
		}
	}
}