{
	"texture_size": [32, 32],
	"textures": {
		"2": "netherite_axe/anim_discord_nitro_gem",
		"4": "netherite_shovel/discord_nitro_shovel"
	},
	"elements": [
		{
			"from": [5.5, 8, 7],
			"to": [10.5, 13, 9],
			"rotation": {"angle": -45, "axis": "z", "origin": [8, 10.5, 8]},
			"faces": {
				"north": {"uv": [7, 0, 9.5, 2.5], "texture": "#4"},
				"east": {"uv": [7, 5, 8, 7.5], "texture": "#4"},
				"south": {"uv": [7, 2.5, 9.5, 5], "texture": "#4"},
				"west": {"uv": [7, 7.5, 8, 10], "texture": "#4"},
				"up": {"uv": [10.5, 6, 8, 5], "texture": "#4"},
				"down": {"uv": [10.5, 6, 8, 7], "texture": "#4"}
			}
		},
		{
			"from": [4.501, -9.2, 7],
			"to": [8.501, -8.2, 9],
			"rotation": {"angle": 45, "axis": "z", "origin": [8, -8.7, 8]},
			"faces": {
				"north": {"uv": [9, 13, 11, 13.5], "texture": "#4"},
				"east": {"uv": [14.5, 14.5, 15.5, 15], "texture": "#4"},
				"south": {"uv": [13.5, 0, 15.5, 0.5], "texture": "#4"},
				"west": {"uv": [15, 2.5, 16, 3], "texture": "#4"},
				"up": {"uv": [13.5, 9, 11.5, 8], "texture": "#4"},
				"down": {"uv": [14, 4.5, 12, 5.5], "texture": "#4"}
			}
		},
		{
			"from": [4.5, -9.2, 7],
			"to": [4.5, -8.2, 9],
			"rotation": {"angle": 45, "axis": "z", "origin": [8, -8.7, 8]},
			"faces": {
				"north": {"uv": [0, 0, 0, 0.5], "texture": "#4"},
				"east": {"uv": [15, 3, 16, 3.5], "texture": "#4"},
				"south": {"uv": [0, 0, 0, 0.5], "texture": "#4"},
				"west": {"uv": [15, 3.5, 16, 4], "texture": "#4"},
				"up": {"uv": [0, 1, 0, 0], "texture": "#4"},
				"down": {"uv": [0, 0, 0, 1], "texture": "#4"}
			}
		},
		{
			"from": [4.501, -12.2, 7],
			"to": [8.501, -11.2, 9],
			"rotation": {"angle": 45, "axis": "z", "origin": [8, -8.7, 18]},
			"faces": {
				"north": {"uv": [13.5, 0.5, 15.5, 1], "texture": "#4"},
				"east": {"uv": [15, 4, 16, 4.5], "texture": "#4"},
				"south": {"uv": [13.5, 1, 15.5, 1.5], "texture": "#4"},
				"west": {"uv": [5, 15, 6, 15.5], "texture": "#4"},
				"up": {"uv": [9, 13, 7, 12], "texture": "#4"},
				"down": {"uv": [11, 12, 9, 13], "texture": "#4"}
			}
		},
		{
			"from": [7.5, -11.2, 7],
			"to": [8.5, -9.2, 9],
			"rotation": {"angle": 45, "axis": "z", "origin": [8, -8.7, 18]},
			"faces": {
				"north": {"uv": [12, 14.5, 12.5, 15.5], "texture": "#4"},
				"east": {"uv": [13.5, 1.5, 14.5, 2.5], "texture": "#4"},
				"south": {"uv": [15, 5, 15.5, 6], "texture": "#4"},
				"west": {"uv": [13.5, 2.5, 14.5, 3.5], "texture": "#4"},
				"up": {"uv": [15.5, 8, 15, 7], "texture": "#4"},
				"down": {"uv": [8, 15, 7.5, 16], "texture": "#4"}
			}
		},
		{
			"from": [4.499, -11.2, 7],
			"to": [5.499, -9.2, 9],
			"rotation": {"angle": 45, "axis": "z", "origin": [8, -8.7, 18]},
			"faces": {
				"north": {"uv": [8, 15, 8.5, 16], "texture": "#4"},
				"east": {"uv": [13.5, 6, 14.5, 7], "texture": "#4"},
				"south": {"uv": [9, 15, 9.5, 16], "texture": "#4"},
				"west": {"uv": [7, 13.5, 8, 14.5], "texture": "#4"},
				"up": {"uv": [10, 16, 9.5, 15], "texture": "#4"},
				"down": {"uv": [15.5, 9.5, 15, 10.5], "texture": "#4"}
			}
		},
		{
			"name": "anim",
			"from": [7, -11.82132, 7],
			"to": [9, -9.82132, 9],
			"rotation": {"angle": -45, "axis": "z", "origin": [8, -10.82132, 8]},
			"faces": {
				"north": {"uv": [1.5, 2.75, 1, 2.25], "texture": "#2"},
				"east": {"uv": [0, 0, 0, 0], "texture": "#2"},
				"south": {"uv": [1, 2.75, 1.5, 2.25], "texture": "#2"},
				"west": {"uv": [0, 0, 0, 0], "texture": "#2"},
				"up": {"uv": [0, 0, 0, 0], "texture": "#2"},
				"down": {"uv": [0, 0, 0, 0], "texture": "#2"}
			}
		},
		{
			"name": "anim",
			"from": [6.5, 12.89264, 7],
			"to": [9.5, 15.89264, 9],
			"rotation": {"angle": 45, "axis": "z", "origin": [8, 14.39264, 8]},
			"faces": {
				"north": {"uv": [2.5, 2.5, 3.25, 3.25], "texture": "#2"},
				"south": {"uv": [3.25, 2.5, 2.5, 3.25], "texture": "#2"}
			}
		},
		{
			"name": "anim",
			"from": [4.72908, 11.9, 7.5],
			"to": [6.72908, 16.9, 8.5],
			"rotation": {"angle": 0, "axis": "y", "origin": [6.72908, 19.82, 7.94]},
			"faces": {
				"north": {"uv": [2.5, 2, 3, 3.25], "texture": "#2"},
				"south": {"uv": [3, 2, 2.5, 3.25], "texture": "#2"}
			}
		},
		{
			"name": "anim",
			"from": [5.87868, 7.72814, 7.5],
			"to": [7.87868, 9.72814, 8.5],
			"rotation": {"angle": -22.5, "axis": "z", "origin": [5.87868, 7.72814, 8]},
			"faces": {
				"north": {"uv": [2.5, 2, 3, 2.5], "texture": "#2"},
				"south": {"uv": [3, 2, 2.5, 2.5], "texture": "#2"}
			}
		},
		{
			"name": "anim",
			"from": [8.12132, 7.72814, 7.5],
			"to": [10.12132, 9.72814, 8.5],
			"rotation": {"angle": 22.5, "axis": "z", "origin": [10.12132, 7.72814, 8]},
			"faces": {
				"north": {"uv": [3, 2, 2.5, 2.5], "texture": "#2"},
				"south": {"uv": [2.5, 2, 3, 2.5], "texture": "#2"}
			}
		},
		{
			"name": "anim",
			"from": [9.27092, 11.9, 7.5],
			"to": [11.27092, 16.9, 8.5],
			"rotation": {"angle": 0, "axis": "y", "origin": [9.27092, 19.9, 7.94]},
			"faces": {
				"north": {"uv": [3.25, 2.75, 2, 3.25], "rotation": 270, "texture": "#2"},
				"south": {"uv": [2, 2.75, 3.25, 3.25], "rotation": 270, "texture": "#2"}
			}
		},
		{
			"name": "anim",
			"from": [5.46586, 14.68785, 7.48],
			"to": [10.50586, 19.72785, 8.52],
			"rotation": {"angle": 45, "axis": "z", "origin": [7.98586, 17.22785, 8]},
			"faces": {
				"north": {"uv": [1.75, 1.75, 3, 3], "texture": "#2"},
				"south": {"uv": [3, 1.75, 1.75, 3], "texture": "#2"}
			}
		},
		{
			"from": [2.5, 10.65, 7],
			"to": [3.5, 15.65, 9],
			"rotation": {"angle": -45, "axis": "z", "origin": [8, 10.15, 8]},
			"faces": {
				"north": {"uv": [11.5, 12, 12, 14.5], "texture": "#4"},
				"east": {"uv": [8, 7, 9, 9.5], "texture": "#4"},
				"south": {"uv": [12, 12, 12.5, 14.5], "texture": "#4"},
				"west": {"uv": [4, 9, 5, 11.5], "texture": "#4"},
				"up": {"uv": [15, 6, 14.5, 5], "texture": "#4"},
				"down": {"uv": [6.5, 14.5, 6, 15.5], "texture": "#4"}
			}
		},
		{
			"from": [3.5, 14.65, 7],
			"to": [7.5, 15.65, 9],
			"rotation": {"angle": -45, "axis": "z", "origin": [8, 10.15, 8]},
			"faces": {
				"north": {"uv": [12.5, 4, 14.5, 4.5], "texture": "#4"},
				"east": {"uv": [7.5, 14.5, 8.5, 15], "texture": "#4"},
				"south": {"uv": [7, 13, 9, 13.5], "texture": "#4"},
				"west": {"uv": [14.5, 8, 15.5, 8.5], "texture": "#4"},
				"up": {"uv": [12.5, 7, 10.5, 6], "texture": "#4"},
				"down": {"uv": [13.5, 7, 11.5, 8], "texture": "#4"}
			}
		},
		{
			"from": [2.5, 15.66, 7],
			"to": [7.5, 15.66, 9],
			"rotation": {"angle": -45, "axis": "z", "origin": [8, 10.15, 8]},
			"faces": {
				"up": {"uv": [11.5, 8, 9, 7], "texture": "#4"}
			}
		},
		{
			"from": [6.5, 13.65, 7],
			"to": [7.5, 14.65, 9],
			"rotation": {"angle": -45, "axis": "z", "origin": [8, 10.15, 8]},
			"faces": {
				"north": {"uv": [15.5, 2, 16, 2.5], "texture": "#4"},
				"east": {"uv": [14.5, 8.5, 15.5, 9], "texture": "#4"},
				"south": {"uv": [2.5, 15.5, 3, 16], "texture": "#4"},
				"west": {"uv": [14.5, 9, 15.5, 9.5], "texture": "#4"},
				"up": {"uv": [9, 15.5, 8.5, 14.5], "texture": "#4"},
				"down": {"uv": [15, 9.5, 14.5, 10.5], "texture": "#4"}
			}
		},
		{
			"from": [3.5, 10.65, 7],
			"to": [4.5, 11.65, 9],
			"rotation": {"angle": -45, "axis": "z", "origin": [8, 10.15, 8]},
			"faces": {
				"north": {"uv": [15.5, 1.5, 16, 2], "texture": "#4"},
				"east": {"uv": [14.5, 6, 15.5, 6.5], "texture": "#4"},
				"south": {"uv": [2, 15.5, 2.5, 16], "texture": "#4"},
				"west": {"uv": [14.5, 6.5, 15.5, 7], "texture": "#4"},
				"up": {"uv": [7.5, 15.5, 7, 14.5], "texture": "#4"},
				"down": {"uv": [15, 7, 14.5, 8], "texture": "#4"}
			}
		},
		{
			"from": [2.5, 10.64, 7],
			"to": [4.5, 10.64, 9],
			"rotation": {"angle": -45, "axis": "z", "origin": [8, 10.15, 8]},
			"faces": {
				"north": {"uv": [0, 0, 1, 0], "texture": "#4"},
				"east": {"uv": [0, 0, 1, 0], "texture": "#4"},
				"south": {"uv": [0, 0, 1, 0], "texture": "#4"},
				"west": {"uv": [0, 0, 1, 0], "texture": "#4"},
				"down": {"uv": [9, 13.5, 8, 14.5], "texture": "#4"}
			}
		},
		{
			"from": [4.96, 14.9091, 7.48],
			"to": [6, 19.9491, 8.52],
			"rotation": {"angle": -45, "axis": "z", "origin": [8, 17.9491, 8]},
			"faces": {
				"north": {"uv": [5, 12, 5.5, 14.5], "texture": "#4"},
				"east": {"uv": [5.5, 12, 6, 14.5], "texture": "#4"},
				"south": {"uv": [6, 12, 6.5, 14.5], "texture": "#4"},
				"west": {"uv": [11, 12, 11.5, 14.5], "texture": "#4"},
				"up": {"uv": [11.5, 15.5, 11, 15], "texture": "#4"},
				"down": {"uv": [12, 15, 11.5, 15.5], "texture": "#4"}
			}
		},
		{
			"from": [7.48, 20.99292, 7.48],
			"to": [8.52, 22.03292, 8.52],
			"rotation": {"angle": -45, "axis": "z", "origin": [8, 21.51292, 8]},
			"faces": {
				"north": {"uv": [15, 15, 15.5, 15.5], "rotation": 270, "texture": "#4"},
				"east": {"uv": [16, 1, 15.5, 0.5], "rotation": 90, "texture": "#4"},
				"south": {"uv": [15.5, 0, 16, 0.5], "rotation": 90, "texture": "#4"},
				"west": {"uv": [0.5, 15.5, 1, 16], "rotation": 90, "texture": "#4"},
				"up": {"uv": [0.5, 15.5, 1, 16], "rotation": 90, "texture": "#4"},
				"down": {"uv": [0, 15.5, 0.5, 16], "rotation": 90, "texture": "#4"}
			}
		},
		{
			"from": [5.30946, 20.20199, 7.48],
			"to": [10.34946, 21.24199, 8.52],
			"rotation": {"angle": -45, "axis": "z", "origin": [7.34946, 17.24199, 8]},
			"faces": {
				"north": {"uv": [12, 5.5, 14.5, 6], "texture": "#4"},
				"east": {"uv": [15.5, 1, 16, 1.5], "texture": "#4"},
				"south": {"uv": [12, 9, 14.5, 9.5], "texture": "#4"},
				"west": {"uv": [1.5, 15.5, 2, 16], "texture": "#4"},
				"up": {"uv": [14.5, 10, 12, 9.5], "texture": "#4"},
				"down": {"uv": [14.5, 10, 12, 10.5], "texture": "#4"}
			}
		},
		{
			"from": [3.72908, 9.9, 7.5],
			"to": [4.72908, 17.9, 8.5],
			"rotation": {"angle": 0, "axis": "y", "origin": [6.72908, 19.9, 7.94]},
			"faces": {
				"north": {"uv": [3, 10, 3.5, 14], "texture": "#4"},
				"east": {"uv": [3.5, 10, 4, 14], "texture": "#4"},
				"south": {"uv": [1.5, 11.5, 2, 15.5], "texture": "#4"},
				"west": {"uv": [2, 11.5, 2.5, 15.5], "texture": "#4"},
				"up": {"uv": [13, 15.5, 12.5, 15], "texture": "#4"},
				"down": {"uv": [13.5, 15, 13, 15.5], "texture": "#4"}
			}
		},
		{
			"from": [4.72908, 9.9, 7.5],
			"to": [6.72908, 11.9, 8.5],
			"rotation": {"angle": 0, "axis": "y", "origin": [6.72908, 19.9, 7.94]},
			"faces": {
				"north": {"uv": [12.5, 12.5, 13.5, 13.5], "texture": "#4"},
				"east": {"uv": [14.5, 2.5, 15, 3.5], "texture": "#4"},
				"south": {"uv": [0, 13, 1, 14], "texture": "#4"},
				"west": {"uv": [14.5, 3.5, 15, 4.5], "texture": "#4"},
				"up": {"uv": [15.5, 5, 14.5, 4.5], "texture": "#4"},
				"down": {"uv": [6, 14.5, 5, 15], "texture": "#4"}
			}
		},
		{
			"from": [4.87868, 6.72814, 7.5],
			"to": [5.87868, 9.72814, 8.5],
			"rotation": {"angle": -22.5, "axis": "z", "origin": [5.87868, 7.72814, 8]},
			"faces": {
				"north": {"uv": [1, 13, 1.5, 14.5], "texture": "#4"},
				"east": {"uv": [9, 13.5, 9.5, 15], "texture": "#4"},
				"south": {"uv": [9.5, 13.5, 10, 15], "texture": "#4"},
				"west": {"uv": [10, 13.5, 10.5, 15], "texture": "#4"},
				"up": {"uv": [10.5, 15.5, 10, 15], "texture": "#4"},
				"down": {"uv": [11, 15, 10.5, 15.5], "texture": "#4"}
			}
		},
		{
			"from": [5.87868, 6.72814, 7.5],
			"to": [7.87868, 7.72814, 8.5],
			"rotation": {"angle": -22.5, "axis": "z", "origin": [5.87868, 7.72814, 8]},
			"faces": {
				"north": {"uv": [14.5, 10.5, 15.5, 11], "texture": "#4"},
				"east": {"uv": [3, 15.5, 3.5, 16], "texture": "#4"},
				"south": {"uv": [11, 14.5, 12, 15], "texture": "#4"},
				"west": {"uv": [3.5, 15.5, 4, 16], "texture": "#4"},
				"up": {"uv": [15.5, 11.5, 14.5, 11], "texture": "#4"},
				"down": {"uv": [15.5, 11.5, 14.5, 12], "texture": "#4"}
			}
		},
		{
			"from": [3.85802, 9.63591, 7.54],
			"to": [5.77802, 11.55591, 8.46],
			"rotation": {"angle": 45, "axis": "z", "origin": [4.81802, 9.59591, 7.94]},
			"faces": {
				"north": {"uv": [8, 9.5, 9, 10.5], "texture": "#4"},
				"east": {"uv": [6.5, 9, 7, 10], "texture": "#4"},
				"south": {"uv": [12.5, 0, 13.5, 1], "texture": "#4"},
				"west": {"uv": [13.5, 8, 14, 9], "texture": "#4"},
				"up": {"uv": [10.5, 5, 9.5, 4.5], "texture": "#4"},
				"down": {"uv": [8, 11.5, 7, 12], "texture": "#4"}
			}
		},
		{
			"from": [10.22198, 9.63591, 7.54],
			"to": [12.14198, 11.55591, 8.46],
			"rotation": {"angle": -45, "axis": "z", "origin": [11.18198, 9.59591, 7.94]},
			"faces": {
				"north": {"uv": [12.5, 1, 13.5, 2], "texture": "#4"},
				"east": {"uv": [14, 4.5, 14.5, 5.5], "texture": "#4"},
				"south": {"uv": [12.5, 2, 13.5, 3], "texture": "#4"},
				"west": {"uv": [14, 8, 14.5, 9], "texture": "#4"},
				"up": {"uv": [14.5, 4, 13.5, 3.5], "texture": "#4"},
				"down": {"uv": [15, 13.5, 14, 14], "texture": "#4"}
			}
		},
		{
			"from": [10.12132, 6.72814, 7.5],
			"to": [11.12132, 9.72814, 8.5],
			"rotation": {"angle": 22.5, "axis": "z", "origin": [10.12132, 7.72814, 8]},
			"faces": {
				"north": {"uv": [10.5, 13.5, 11, 15], "texture": "#4"},
				"east": {"uv": [13.5, 10.5, 14, 12], "texture": "#4"},
				"south": {"uv": [13.5, 12, 14, 13.5], "texture": "#4"},
				"west": {"uv": [12.5, 13.5, 13, 15], "texture": "#4"},
				"up": {"uv": [14, 15.5, 13.5, 15], "texture": "#4"},
				"down": {"uv": [15.5, 13.5, 15, 14], "texture": "#4"}
			}
		},
		{
			"name": "anim",
			"from": [7, 9, 6.5],
			"to": [9, 14, 9.5],
			"rotation": {"angle": 0, "axis": "y", "origin": [0, 23, 0]},
			"faces": {
				"north": {"uv": [1, 0.75, 1.5, 2], "texture": "#2"},
				"south": {"uv": [1.5, 0.75, 1, 2], "texture": "#2"}
			}
		},
		{
			"from": [6.48, 8.48, 6.48],
			"to": [9.52, 11.52, 9.52],
			"rotation": {"angle": 45, "axis": "z", "origin": [8, 10, 8]},
			"faces": {
				"north": {"uv": [5, 9, 6.5, 10.5], "texture": "#4"},
				"east": {"uv": [9, 9, 10.5, 10.5], "texture": "#4"},
				"south": {"uv": [9.5, 0, 11, 1.5], "texture": "#4"},
				"west": {"uv": [9.5, 1.5, 11, 3], "texture": "#4"},
				"up": {"uv": [11, 4.5, 9.5, 3], "texture": "#4"},
				"down": {"uv": [1.5, 10, 0, 11.5], "texture": "#4"}
			}
		},
		{
			"from": [6, 10, 6.5],
			"to": [7, 13, 9.5],
			"rotation": {"angle": 0, "axis": "y", "origin": [13.5, 23, 0]},
			"faces": {
				"north": {"uv": [13, 13.5, 13.5, 15], "texture": "#4"},
				"east": {"uv": [1.5, 10, 3, 11.5], "texture": "#4"},
				"south": {"uv": [13.5, 13.5, 14, 15], "texture": "#4"},
				"west": {"uv": [6.5, 10, 8, 11.5], "texture": "#4"},
				"up": {"uv": [0.5, 15.5, 0, 14], "texture": "#4"},
				"down": {"uv": [1, 14, 0.5, 15.5], "texture": "#4"}
			}
		},
		{
			"from": [6.48, 11.48, 6.48],
			"to": [9.52, 14.52, 9.52],
			"rotation": {"angle": -45, "axis": "z", "origin": [8, 13, 8]},
			"faces": {
				"north": {"uv": [10.5, 4.5, 12, 6], "texture": "#4"},
				"east": {"uv": [5, 10.5, 6.5, 12], "texture": "#4"},
				"south": {"uv": [8, 10.5, 9.5, 12], "texture": "#4"},
				"west": {"uv": [10.5, 9, 12, 10.5], "texture": "#4"},
				"up": {"uv": [11, 12, 9.5, 10.5], "texture": "#4"},
				"down": {"uv": [12.5, 0, 11, 1.5], "texture": "#4"}
			}
		},
		{
			"from": [9, 10, 6.5],
			"to": [10, 13, 9.5],
			"rotation": {"angle": 0, "axis": "y", "origin": [2.5, 23, 0]},
			"faces": {
				"north": {"uv": [3, 14, 3.5, 15.5], "texture": "#4"},
				"east": {"uv": [11, 1.5, 12.5, 3], "texture": "#4"},
				"south": {"uv": [3.5, 14, 4, 15.5], "texture": "#4"},
				"west": {"uv": [11, 3, 12.5, 4.5], "texture": "#4"},
				"up": {"uv": [14.5, 12, 14, 10.5], "texture": "#4"},
				"down": {"uv": [14.5, 12, 14, 13.5], "texture": "#4"}
			}
		},
		{
			"from": [11.27092, 9.9, 7.5],
			"to": [12.27092, 17.9, 8.5],
			"rotation": {"angle": 0, "axis": "y", "origin": [9.27092, 19.9, 7.94]},
			"faces": {
				"north": {"uv": [2.5, 11.5, 3, 15.5], "texture": "#4"},
				"east": {"uv": [4, 11.5, 4.5, 15.5], "texture": "#4"},
				"south": {"uv": [4.5, 11.5, 5, 15.5], "texture": "#4"},
				"west": {"uv": [6.5, 11.5, 7, 15.5], "texture": "#4"},
				"up": {"uv": [14.5, 15.5, 14, 15], "texture": "#4"},
				"down": {"uv": [15, 15, 14.5, 15.5], "texture": "#4"}
			}
		},
		{
			"from": [9.27092, 9.9, 7.5],
			"to": [11.27092, 11.9, 8.5],
			"rotation": {"angle": 0, "axis": "y", "origin": [9.27092, 19.9, 7.94]},
			"faces": {
				"north": {"uv": [12.5, 10.5, 13.5, 11.5], "texture": "#4"},
				"east": {"uv": [14, 14, 14.5, 15], "texture": "#4"},
				"south": {"uv": [12.5, 11.5, 13.5, 12.5], "texture": "#4"},
				"west": {"uv": [1, 14.5, 1.5, 15.5], "texture": "#4"},
				"up": {"uv": [15.5, 2, 14.5, 1.5], "texture": "#4"},
				"down": {"uv": [15.5, 2, 14.5, 2.5], "texture": "#4"}
			}
		},
		{
			"from": [6.5, -7, 6.5],
			"to": [9.5, 2, 9.5],
			"rotation": {"angle": 0, "axis": "y", "origin": [8, -2.7, 8]},
			"faces": {
				"north": {"uv": [4, 0, 5.5, 4.5], "texture": "#4"},
				"east": {"uv": [4, 4.5, 5.5, 9], "texture": "#4"},
				"south": {"uv": [5.5, 0, 7, 4.5], "texture": "#4"},
				"west": {"uv": [5.5, 4.5, 7, 9], "texture": "#4"},
				"up": {"uv": [12.5, 12, 11, 10.5], "texture": "#4"},
				"down": {"uv": [1.5, 11.5, 0, 13], "texture": "#4"}
			}
		},
		{
			"from": [7.04, -9.96, 7.04],
			"to": [8.96, 9.96, 8.96],
			"rotation": {"angle": 0, "axis": "y", "origin": [0, 20, 0]},
			"faces": {
				"north": {"uv": [0, 0, 1, 10], "texture": "#4"},
				"east": {"uv": [1, 0, 2, 10], "texture": "#4"},
				"south": {"uv": [2, 0, 3, 10], "texture": "#4"},
				"west": {"uv": [3, 0, 4, 10], "texture": "#4"},
				"up": {"uv": [13.5, 4, 12.5, 3], "texture": "#4"},
				"down": {"uv": [13.5, 6, 12.5, 7], "texture": "#4"}
			}
		},
		{
			"from": [8.98, 11.98, 9.58],
			"to": [12.02, 15.02, 9.62],
			"rotation": {"angle": 0, "axis": "y", "origin": [2, 24, 0.6]},
			"faces": {
				"south": {"uv": [8, 1.5, 8.75, 2.25], "texture": "#2"}
			}
		},
		{
			"from": [4.98, 9.98, 9.58],
			"to": [8.02, 13.02, 9.62],
			"rotation": {"angle": 0, "axis": "y", "origin": [-2, 22, 0.6]},
			"faces": {
				"south": {"uv": [8, 2.25, 8.75, 3], "texture": "#2"}
			}
		},
		{
			"from": [4.98, 13.98, 9.58],
			"to": [8.02, 17.02, 9.62],
			"rotation": {"angle": 0, "axis": "y", "origin": [-2, 26, 0.6]},
			"faces": {
				"south": {"uv": [9.5, 0, 10.25, 0.75], "texture": "#2"}
			}
		},
		{
			"from": [6.98, 9.98, 9.58],
			"to": [10.02, 13.02, 9.62],
			"rotation": {"angle": 0, "axis": "y", "origin": [0, 22, 0.6]},
			"faces": {
				"south": {"uv": [9.5, 0.75, 10.25, 1.5], "texture": "#2"}
			}
		},
		{
			"from": [2.98, 4.98, 9.58],
			"to": [8.02, 10.02, 9.62],
			"rotation": {"angle": 0, "axis": "y", "origin": [-3, 18, 0.6]},
			"faces": {
				"south": {"uv": [13.5, 3.75, 14.75, 5], "texture": "#2"}
			}
		},
		{
			"from": [6.98, -4.02, 9.58],
			"to": [12.02, 1.02, 9.62],
			"rotation": {"angle": 0, "axis": "y", "origin": [1, 9, 0.6]},
			"faces": {
				"south": {"uv": [12.25, 0, 13.5, 1.25], "texture": "#2"}
			}
		},
		{
			"from": [6.98, 12.98, 9.58],
			"to": [12.02, 18.02, 9.62],
			"rotation": {"angle": 0, "axis": "y", "origin": [1, 26, 0.6]},
			"faces": {
				"south": {"uv": [14.75, 0, 16, 1.25], "texture": "#2"}
			}
		},
		{
			"from": [3.98, -9.02, 9.58],
			"to": [9.02, -3.98, 9.62],
			"rotation": {"angle": 0, "axis": "y", "origin": [-2, 4, 0.6]},
			"faces": {
				"south": {"uv": [14.75, 1.25, 16, 2.5], "texture": "#2"}
			}
		},
		{
			"from": [8.98, 11.98, 6.38],
			"to": [12.02, 15.02, 6.42],
			"rotation": {"angle": 0, "axis": "y", "origin": [2, 24, 15.4]},
			"faces": {
				"north": {"uv": [8.75, 1.5, 8, 2.25], "texture": "#2"}
			}
		},
		{
			"from": [4.98, 9.98, 6.38],
			"to": [8.02, 13.02, 6.42],
			"rotation": {"angle": 0, "axis": "y", "origin": [-2, 22, 15.4]},
			"faces": {
				"north": {"uv": [8.75, 2.25, 8, 3], "texture": "#2"}
			}
		},
		{
			"from": [4.98, 13.98, 6.38],
			"to": [8.02, 17.02, 6.42],
			"rotation": {"angle": 0, "axis": "y", "origin": [-2, 26, 15.4]},
			"faces": {
				"north": {"uv": [10.25, 0, 9.5, 0.75], "texture": "#2"}
			}
		},
		{
			"from": [6.98, 9.98, 6.38],
			"to": [10.02, 13.02, 6.42],
			"rotation": {"angle": 0, "axis": "y", "origin": [0, 22, 15.4]},
			"faces": {
				"north": {"uv": [10.25, 0.75, 9.5, 1.5], "texture": "#2"}
			}
		},
		{
			"from": [2.98, 4.98, 6.38],
			"to": [8.02, 10.02, 6.42],
			"rotation": {"angle": 0, "axis": "y", "origin": [-3, 18, 15.4]},
			"faces": {
				"north": {"uv": [14.75, 3.75, 13.5, 5], "texture": "#2"}
			}
		},
		{
			"from": [6.98, -4.02, 6.38],
			"to": [12.02, 1.02, 6.42],
			"rotation": {"angle": 0, "axis": "y", "origin": [1, 9, 15.4]},
			"faces": {
				"north": {"uv": [13.5, 0, 12.25, 1.25], "texture": "#2"}
			}
		},
		{
			"from": [6.98, 12.98, 6.38],
			"to": [12.02, 18.02, 6.42],
			"rotation": {"angle": 0, "axis": "y", "origin": [1, 26, 15.4]},
			"faces": {
				"north": {"uv": [16, 0, 14.75, 1.25], "texture": "#2"}
			}
		},
		{
			"from": [3.98, -9.02, 6.38],
			"to": [9.02, -3.98, 6.42],
			"rotation": {"angle": 0, "axis": "y", "origin": [-2, 4, 15.4]},
			"faces": {
				"north": {"uv": [16, 1.25, 14.75, 2.5], "texture": "#2"}
			}
		},
		{
			"from": [8.12132, 6.72814, 7.5],
			"to": [10.12132, 7.72814, 8.5],
			"rotation": {"angle": 22.5, "axis": "z", "origin": [10.12132, 7.72814, 8]},
			"faces": {
				"north": {"uv": [14.5, 12, 15.5, 12.5], "texture": "#4"},
				"east": {"uv": [4, 15.5, 4.5, 16], "texture": "#4"},
				"south": {"uv": [14.5, 12.5, 15.5, 13], "texture": "#4"},
				"west": {"uv": [4.5, 15.5, 5, 16], "texture": "#4"},
				"up": {"uv": [15.5, 13.5, 14.5, 13], "texture": "#4"},
				"down": {"uv": [15.5, 14, 14.5, 14.5], "texture": "#4"}
			}
		}
	],
	"gui_light": "front",
	"display": {
		"thirdperson_righthand": {
			"rotation": [-10, -90, 0],
			"translation": [0, 5.5, 0.25],
			"scale": [0.7, 0.7, 0.7]
		},
		"thirdperson_lefthand": {
			"rotation": [-10, 90, 0],
			"translation": [0, 5.5, 0.25],
			"scale": [0.7, 0.7, 0.7]
		},
		"firstperson_righthand": {
			"rotation": [20, -90, 0],
			"translation": [2.75, 3.25, -0.75],
			"scale": [0.6, 0.6, 0.6]
		},
		"firstperson_lefthand": {
			"rotation": [20, 90, 0],
			"translation": [2.75, 3.25, -0.75],
			"scale": [0.6, 0.6, 0.6]
		},
		"ground": {
			"rotation": [0, 0, -45],
			"translation": [2.5, 8.5, 0],
			"scale": [0.5, 0.5, 0.5]
		},
		"gui": {
			"rotation": [0, 0, -45],
			"translation": [2, 2, -0.75],
			"scale": [0.65, 0.65, 0.65]
		},
		"head": {
			"rotation": [0, 0, 45],
			"translation": [14, 3.5, 0.75],
			"scale": [0.6, 0.6, 0.6]
		},
		"fixed": {
			"rotation": [0, -180, -45],
			"translation": [-2.5, 2.5, -0.75],
			"scale": [0.75, 0.75, 0.75]
		}
	},
	"groups": [
		{
			"name": "pickaxe",
			"origin": [8, 8, 8],
			"color": 0,
			"children": [
				0,
				{
					"name": "pommel",
					"origin": [8, -10.85, 8],
					"color": 0,
					"children": [1, 2, 3, 4, 5, 6]
				},
				7,
				8,
				9,
				10,
				11,
				12,
				13,
				14,
				15,
				16,
				17,
				18,
				19,
				20,
				21,
				22,
				23,
				24,
				25,
				26,
				27,
				28,
				{
					"name": "gem",
					"origin": [2.5, 23, 0],
					"color": 0,
					"children": [29, 30, 31, 32, 33]
				},
				34,
				35,
				36,
				37,
				{
					"name": "glister",
					"origin": [0, 20, 0],
					"color": 0,
					"children": [
						{
							"name": "s1",
							"origin": [-2, 4, 0.6],
							"color": 0,
							"children": [38, 39, 40, 41, 42, 43, 44, 45]
						},
						{
							"name": "s1",
							"origin": [-2, 4, 0.6],
							"color": 0,
							"children": [46, 47, 48, 49, 50, 51, 52, 53]
						}
					]
				}
			]
		},
		54
	]
}