{
	"credit": "Made with Blockbench",
	"ambientocclusion": false,
	"texture_size": [64, 64],
	"textures": {
		"0": "netherite_shovel/toffy_halloween_shovel",
		"particle": "netherite_shovel/toffy_halloween_shovel"
	},
	"elements": [
		{
			"from": [7, -8.5, 7],
			"to": [9, 17.5, 9],
			"rotation": {"angle": 0, "axis": "y", "origin": [0, -0.5, 0]},
			"faces": {
				"north": {"uv": [0, 0, 0.5, 6.5], "texture": "#0"},
				"east": {"uv": [0.75, 0, 1.25, 6.5], "texture": "#0"},
				"south": {"uv": [1.5, 0, 2, 6.5], "texture": "#0"},
				"west": {"uv": [2.25, 0, 2.75, 6.5], "texture": "#0"},
				"up": {"uv": [9.75, 9.25, 9.25, 8.75], "texture": "#0"},
				"down": {"uv": [0.5, 9.5, 0, 10], "texture": "#0"}
			}
		},
		{
			"from": [6.5, -8, 6.5],
			"to": [9.5, -5, 9.5],
			"rotation": {"angle": 0, "axis": "y", "origin": [0, 1, 0]},
			"faces": {
				"north": {"uv": [6.5, 3, 7.25, 3.75], "texture": "#0"},
				"east": {"uv": [1.5, 6.75, 2.25, 7.5], "texture": "#0"},
				"south": {"uv": [4.5, 6.75, 5.25, 7.5], "texture": "#0"},
				"west": {"uv": [5.5, 6.75, 6.25, 7.5], "texture": "#0"},
				"up": {"uv": [7.25, 7.5, 6.5, 6.75], "texture": "#0"},
				"down": {"uv": [7.75, 0, 7, 0.75], "texture": "#0"}
			}
		},
		{
			"from": [6.5, 12, 6.5],
			"to": [9.5, 14, 9.5],
			"faces": {
				"north": {"uv": [8.75, 1.75, 9.5, 2.25], "texture": "#0"},
				"east": {"uv": [1.5, 9, 2.25, 9.5], "texture": "#0"},
				"south": {"uv": [9, 2.5, 9.75, 3], "texture": "#0"},
				"west": {"uv": [9, 3.25, 9.75, 3.75], "texture": "#0"},
				"up": {"uv": [7.75, 6.25, 7, 5.5], "texture": "#0"},
				"down": {"uv": [8.25, 3, 7.5, 3.75], "texture": "#0"}
			}
		},
		{
			"from": [7, -7.5, 3.5],
			"to": [9, -5.5, 12.5],
			"rotation": {"angle": 0, "axis": "y", "origin": [0, 1, 0]},
			"faces": {
				"north": {"uv": [0.75, 9.5, 1.25, 10], "texture": "#0"},
				"east": {"uv": [5.25, 4, 7.5, 4.5], "texture": "#0"},
				"south": {"uv": [9.5, 0.75, 10, 1.25], "texture": "#0"},
				"west": {"uv": [5.25, 4.75, 7.5, 5.25], "texture": "#0"},
				"up": {"uv": [3.5, 7.75, 3, 5.5], "texture": "#0"},
				"down": {"uv": [4.25, 5.5, 3.75, 7.75], "texture": "#0"}
			}
		},
		{
			"from": [7.05, -13.62132, 5.62132],
			"to": [8.95, -11.62132, 10.37132],
			"rotation": {"angle": 0, "axis": "y", "origin": [0, -3.12132, 2.12132]},
			"faces": {
				"north": {"uv": [9.75, 1.5, 10.25, 2], "texture": "#0"},
				"east": {"uv": [6.5, 1.5, 7.75, 2], "texture": "#0"},
				"south": {"uv": [9.75, 7, 10.25, 7.5], "texture": "#0"},
				"west": {"uv": [6.5, 2.25, 7.75, 2.75], "texture": "#0"},
				"up": {"uv": [0.5, 8, 0, 6.75], "texture": "#0"},
				"down": {"uv": [1.25, 6.75, 0.75, 8], "texture": "#0"}
			}
		},
		{
			"from": [7, -11.5, 3.5],
			"to": [9, -7.5, 5.5],
			"rotation": {"angle": 0, "axis": "y", "origin": [0, 1, 0]},
			"faces": {
				"north": {"uv": [1.5, 7.75, 2, 8.75], "texture": "#0"},
				"east": {"uv": [2.25, 7.75, 2.75, 8.75], "texture": "#0"},
				"south": {"uv": [7.75, 4, 8.25, 5], "texture": "#0"},
				"west": {"uv": [4.5, 7.75, 5, 8.75], "texture": "#0"},
				"up": {"uv": [10, 4.5, 9.5, 4], "texture": "#0"},
				"down": {"uv": [10, 4.75, 9.5, 5.25], "texture": "#0"}
			}
		},
		{
			"from": [7, -11.5, 10.5],
			"to": [9, -7.5, 12.5],
			"rotation": {"angle": 0, "axis": "y", "origin": [0, 1, 0]},
			"faces": {
				"north": {"uv": [5.25, 7.75, 5.75, 8.75], "texture": "#0"},
				"east": {"uv": [6, 7.75, 6.5, 8.75], "texture": "#0"},
				"south": {"uv": [6.75, 7.75, 7.25, 8.75], "texture": "#0"},
				"west": {"uv": [8, 0, 8.5, 1], "texture": "#0"},
				"up": {"uv": [10, 6, 9.5, 5.5], "texture": "#0"},
				"down": {"uv": [10, 6.25, 9.5, 6.75], "texture": "#0"}
			}
		},
		{
			"from": [7.025, -12.5, 9.08579],
			"to": [8.975, -10.5, 12.08579],
			"rotation": {"angle": -45, "axis": "x", "origin": [8, -11.5, 11.08579]},
			"faces": {
				"north": {"uv": [7.5, 9.5, 8, 10], "texture": "#0"},
				"east": {"uv": [8.5, 4.5, 9.25, 5], "texture": "#0"},
				"south": {"uv": [9.25, 9.5, 9.75, 10], "texture": "#0"},
				"west": {"uv": [8.5, 6.5, 9.25, 7], "texture": "#0"},
				"up": {"uv": [9, 8, 8.5, 7.25], "texture": "#0"},
				"down": {"uv": [8, 8.5, 7.5, 9.25], "texture": "#0"}
			}
		},
		{
			"from": [7.025, -12.5, 3.91421],
			"to": [8.975, -10.5, 6.91421],
			"rotation": {"angle": 45, "axis": "x", "origin": [8, -11.5, 4.91421]},
			"faces": {
				"north": {"uv": [9.75, 0, 10.25, 0.5], "texture": "#0"},
				"east": {"uv": [8.25, 8.5, 9, 9], "texture": "#0"},
				"south": {"uv": [1.5, 9.75, 2, 10.25], "texture": "#0"},
				"west": {"uv": [8.75, 0, 9.5, 0.5], "texture": "#0"},
				"up": {"uv": [9.25, 1.5, 8.75, 0.75], "texture": "#0"},
				"down": {"uv": [9.25, 5.25, 8.75, 6], "texture": "#0"}
			}
		},
		{
			"from": [7, 11, 12],
			"to": [9, 15, 16],
			"rotation": {"angle": 45, "axis": "x", "origin": [7.5, 13, 14]},
			"faces": {
				"north": {"uv": [8, 1.25, 8.5, 2.25], "texture": "#0"},
				"east": {"uv": [4.5, 5.5, 5.5, 6.5], "texture": "#0"},
				"south": {"uv": [8, 5.25, 8.5, 6.25], "texture": "#0"},
				"west": {"uv": [5.75, 5.5, 6.75, 6.5], "texture": "#0"},
				"up": {"uv": [0.5, 9.25, 0, 8.25], "texture": "#0"},
				"down": {"uv": [1.25, 8.25, 0.75, 9.25], "texture": "#0"}
			}
		},
		{
			"from": [7.575, 17.45711, 4.96447],
			"to": [8.425, 22.70711, 13.46447],
			"rotation": {"angle": 45, "axis": "x", "origin": [8, 20.70711, 10.46447]},
			"faces": {
				"north": {"uv": [6, 9, 6.25, 10.25], "texture": "#0"},
				"east": {"uv": [3, 4, 5, 5.25], "texture": "#0"},
				"south": {"uv": [6.5, 9, 6.75, 10.25], "texture": "#0"},
				"west": {"uv": [4.75, 0, 6.75, 1.25], "texture": "#0"},
				"up": {"uv": [3.25, 10, 3, 8], "texture": "#0"},
				"down": {"uv": [3.75, 8, 3.5, 10], "texture": "#0"}
			}
		},
		{
			"from": [7.525, 13, 8],
			"to": [8.475, 20, 14],
			"rotation": {"angle": 0, "axis": "y", "origin": [8, 16, 12]},
			"faces": {
				"north": {"uv": [4, 8, 4.25, 9.75], "texture": "#0"},
				"east": {"uv": [3, 0, 4.5, 1.75], "texture": "#0"},
				"south": {"uv": [8.5, 2.5, 8.75, 4.25], "texture": "#0"},
				"west": {"uv": [3, 2, 4.5, 3.75], "texture": "#0"},
				"up": {"uv": [5.25, 10.5, 5, 9], "texture": "#0"},
				"down": {"uv": [5.75, 9, 5.5, 10.5], "texture": "#0"}
			}
		},
		{
			"from": [7.5, 11, 8],
			"to": [8.5, 15, 14],
			"rotation": {"angle": 45, "axis": "x", "origin": [8, 13, 11]},
			"faces": {
				"north": {"uv": [10, 2.25, 10.25, 3.25], "texture": "#0"},
				"east": {"uv": [4.75, 1.5, 6.25, 2.5], "texture": "#0"},
				"south": {"uv": [4, 10, 4.25, 11], "texture": "#0"},
				"west": {"uv": [4.75, 2.75, 6.25, 3.75], "texture": "#0"},
				"up": {"uv": [2.75, 10.5, 2.5, 9], "texture": "#0"},
				"down": {"uv": [4.75, 9, 4.5, 10.5], "texture": "#0"}
			}
		},
		{
			"from": [7.5, 6.61684, 0.45017],
			"to": [8.5, 11.61684, 1.45017],
			"rotation": {"angle": 22.5, "axis": "x", "origin": [8, 8.20017, 0.95017]},
			"faces": {
				"north": {"uv": [8.5, 9.25, 8.25, 10.5], "texture": "#0"},
				"east": {"uv": [9.5, 7.25, 9.25, 8.5], "texture": "#0"},
				"south": {"uv": [7.25, 9, 7, 10.25], "texture": "#0"},
				"west": {"uv": [9, 9.25, 8.75, 10.5], "texture": "#0"},
				"up": {"uv": [2.75, 6.75, 2.5, 7], "texture": "#0"},
				"down": {"uv": [2.75, 7.5, 2.5, 7.25], "texture": "#0"}
			}
		},
		{
			"from": [6.5, 7.11684, -0.54983],
			"to": [9.5, 8.11684, 2.45017],
			"rotation": {"angle": 22.5, "axis": "x", "origin": [8, 8.20017, 0.95017]},
			"faces": {
				"north": {"uv": [11, 0.75, 10.25, 1], "texture": "#0"},
				"east": {"uv": [10.75, 3.5, 10, 3.75], "texture": "#0"},
				"south": {"uv": [7.75, 1, 7, 1.25], "texture": "#0"},
				"west": {"uv": [3.75, 10.25, 3, 10.5], "texture": "#0"},
				"up": {"uv": [8.25, 6.5, 7.5, 7.25], "texture": "#0"},
				"down": {"uv": [8.25, 8.25, 7.5, 7.5], "texture": "#0"}
			}
		},
		{
			"from": [7, 8.11684, -0.04983],
			"to": [9, 10.11684, 1.95017],
			"rotation": {"angle": 22.5, "axis": "x", "origin": [8, 8.20017, 0.95017]},
			"faces": {
				"north": {"uv": [10.5, 9.25, 10, 9.75], "texture": "#0"},
				"east": {"uv": [10.5, 8.5, 10, 9], "texture": "#0"},
				"south": {"uv": [10.25, 7.75, 9.75, 8.25], "texture": "#0"},
				"west": {"uv": [10.5, 10, 10, 10.5], "texture": "#0"},
				"up": {"uv": [0.5, 10.25, 0, 10.75], "texture": "#0"},
				"down": {"uv": [1.25, 10.75, 0.75, 10.25], "texture": "#0"}
			}
		},
		{
			"from": [7.5, 6.61684, 14.54983],
			"to": [8.5, 11.61684, 15.54983],
			"rotation": {"angle": -22.5, "axis": "x", "origin": [8, 8.20017, 15.04983]},
			"faces": {
				"north": {"uv": [7, 9, 7.25, 10.25], "texture": "#0"},
				"east": {"uv": [9.25, 7.25, 9.5, 8.5], "texture": "#0"},
				"south": {"uv": [8.25, 9.25, 8.5, 10.5], "texture": "#0"},
				"west": {"uv": [8.75, 9.25, 9, 10.5], "texture": "#0"},
				"up": {"uv": [2.75, 7, 2.5, 6.75], "texture": "#0"},
				"down": {"uv": [2.75, 7.25, 2.5, 7.5], "texture": "#0"}
			}
		},
		{
			"from": [6.5, 7.11684, 13.54983],
			"to": [9.5, 8.11684, 16.54983],
			"rotation": {"angle": -22.5, "axis": "x", "origin": [8, 8.20017, 15.04983]},
			"faces": {
				"north": {"uv": [7, 1, 7.75, 1.25], "texture": "#0"},
				"east": {"uv": [10, 3.5, 10.75, 3.75], "texture": "#0"},
				"south": {"uv": [10.25, 0.75, 11, 1], "texture": "#0"},
				"west": {"uv": [3, 10.25, 3.75, 10.5], "texture": "#0"},
				"up": {"uv": [8.25, 7.25, 7.5, 6.5], "texture": "#0"},
				"down": {"uv": [8.25, 7.5, 7.5, 8.25], "texture": "#0"}
			}
		},
		{
			"from": [7, 8.11684, 14.04983],
			"to": [9, 10.11684, 16.04983],
			"rotation": {"angle": -22.5, "axis": "x", "origin": [8, 8.20017, 15.04983]},
			"faces": {
				"north": {"uv": [9.75, 7.75, 10.25, 8.25], "texture": "#0"},
				"east": {"uv": [10, 8.5, 10.5, 9], "texture": "#0"},
				"south": {"uv": [10, 9.25, 10.5, 9.75], "texture": "#0"},
				"west": {"uv": [10, 10, 10.5, 10.5], "texture": "#0"},
				"up": {"uv": [0.5, 10.75, 0, 10.25], "texture": "#0"},
				"down": {"uv": [1.25, 10.25, 0.75, 10.75], "texture": "#0"}
			}
		},
		{
			"from": [7, 11, 0],
			"to": [9, 15, 4],
			"rotation": {"angle": -45, "axis": "x", "origin": [7.5, 13, 2]},
			"faces": {
				"north": {"uv": [8.5, 5.25, 8, 6.25], "texture": "#0"},
				"east": {"uv": [5.5, 5.5, 4.5, 6.5], "texture": "#0"},
				"south": {"uv": [8.5, 1.25, 8, 2.25], "texture": "#0"},
				"west": {"uv": [6.75, 5.5, 5.75, 6.5], "texture": "#0"},
				"up": {"uv": [0.5, 8.25, 0, 9.25], "texture": "#0"},
				"down": {"uv": [1.25, 9.25, 0.75, 8.25], "texture": "#0"}
			}
		},
		{
			"from": [7.55, 17.70711, 2.53553],
			"to": [8.45, 22.70711, 11.03553],
			"rotation": {"angle": -45, "axis": "x", "origin": [8, 20.70711, 5.53553]},
			"faces": {
				"north": {"uv": [6.75, 9, 6.5, 10.25], "texture": "#0"},
				"east": {"uv": [5, 4, 3, 5.25], "texture": "#0"},
				"south": {"uv": [6.25, 9, 6, 10.25], "texture": "#0"},
				"west": {"uv": [6.75, 0, 4.75, 1.25], "texture": "#0"},
				"up": {"uv": [3.25, 8, 3, 10], "texture": "#0"},
				"down": {"uv": [3.75, 10, 3.5, 8], "texture": "#0"}
			}
		},
		{
			"from": [7.525, 13, 2],
			"to": [8.475, 20, 8],
			"rotation": {"angle": 0, "axis": "y", "origin": [8, 16, 4]},
			"faces": {
				"north": {"uv": [8.75, 2.5, 8.5, 4.25], "texture": "#0"},
				"east": {"uv": [4.5, 0, 3, 1.75], "texture": "#0"},
				"south": {"uv": [4.25, 8, 4, 9.75], "texture": "#0"},
				"west": {"uv": [4.5, 2, 3, 3.75], "texture": "#0"},
				"up": {"uv": [5.25, 9, 5, 10.5], "texture": "#0"},
				"down": {"uv": [5.75, 10.5, 5.5, 9], "texture": "#0"}
			}
		},
		{
			"from": [7.5, 11, 2],
			"to": [8.5, 15, 8],
			"rotation": {"angle": -45, "axis": "x", "origin": [8, 13, 5]},
			"faces": {
				"north": {"uv": [4.25, 10, 4, 11], "texture": "#0"},
				"east": {"uv": [6.25, 1.5, 4.75, 2.5], "texture": "#0"},
				"south": {"uv": [10.25, 2.25, 10, 3.25], "texture": "#0"},
				"west": {"uv": [6.25, 2.75, 4.75, 3.75], "texture": "#0"},
				"up": {"uv": [2.75, 9, 2.5, 10.5], "texture": "#0"},
				"down": {"uv": [4.75, 10.5, 4.5, 9], "texture": "#0"}
			}
		}
	],
	"gui_light": "front",
	"display": {
		"thirdperson_righthand": {
			"translation": [0, 3.5, 1.5],
			"scale": [0.7, 0.7, 0.7]
		},
		"thirdperson_lefthand": {
			"translation": [0, 3.5, 1.5],
			"scale": [0.7, 0.7, 0.7]
		},
		"firstperson_righthand": {
			"translation": [0, 1, 0],
			"scale": [0.5, 0.5, 0.5]
		},
		"firstperson_lefthand": {
			"translation": [0, 1, 0],
			"scale": [0.5, 0.5, 0.5]
		},
		"ground": {
			"rotation": [45, 0, 0],
			"scale": [0.2, 0.2, 0.2]
		},
		"gui": {
			"rotation": [44, 45, 114],
			"translation": [0.75, 1, 0],
			"scale": [0.48, -0.48, 0.48]
		},
		"head": {
			"translation": [0, 6, 0]
		},
		"fixed": {
			"rotation": [90, -45, 90],
			"translation": [-0.5, 0.5, -0.5],
			"scale": [0.55, 0.55, 0.55]
		}
	},
	"groups": [
		0,
		1,
		2,
		3,
		4,
		5,
		6,
		7,
		8,
		{
			"name": "group",
			"origin": [8, 20.70711, 5.53553],
			"color": 0,
			"children": [9, 10, 11, 12]
		},
		{
			"name": "group",
			"origin": [8, 20.70711, 5.53553],
			"color": 0,
			"children": [
				{
					"name": "group",
					"origin": [8, 9.70017, -0.79983],
					"color": 0,
					"children": [13, 14, 15]
				},
				{
					"name": "group",
					"origin": [8, 9.70017, -0.79983],
					"color": 0,
					"children": [16, 17, 18]
				},
				19,
				20,
				21,
				22
			]
		}
	]
}