{"textures":{"0":"modelengine:entity/lrd_gargoyle"},"elements":[{"from":[-8.0,25.721153,-0.34215927],"to":[2.0,25.721153,8.657841],"faces":{"up":{"uv":[9.8125,4.625,10.4375,4.0625],"tintindex":0,"rotation":0,"texture":"#0"},"down":{"uv":[9.8125,4.625,10.4375,5.1875],"tintindex":0,"rotation":0,"texture":"#0"}},"rotation":{"origin":[-3.0,25.721153,4.1578407],"angle":-22.5,"axis":"x"}},{"from":[-8.0,8.0,-8.0],"to":[23.0,24.0,8.0],"faces":{"east":{"uv":[0.0,7.625,1.0,8.625],"tintindex":0,"rotation":0,"texture":"#0"},"south":{"uv":[6.0,0.0,7.9375,1.0],"tintindex":0,"rotation":0,"texture":"#0"},"north":{"uv":[4.5,5.875,6.4375,6.875],"tintindex":0,"rotation":0,"texture":"#0"},"west":{"uv":[1.0,7.625,0.0,8.625],"tintindex":0,"rotation":0,"texture":"#0"},"up":{"uv":[7.9375,2.0,6.0,1.0],"tintindex":0,"rotation":0,"texture":"#0"},"down":{"uv":[7.9375,2.0,6.0,3.0],"tintindex":0,"rotation":0,"texture":"#0"}}},{"from":[13.0,25.721153,-0.34215927],"to":[23.0,25.721153,8.657841],"faces":{"up":{"uv":[10.4375,4.625,9.8125,4.0625],"tintindex":0,"rotation":0,"texture":"#0"},"down":{"uv":[10.4375,4.625,9.8125,5.1875],"tintindex":0,"rotation":0,"texture":"#0"}},"rotation":{"origin":[18.0,25.721153,4.1578407],"angle":-22.5,"axis":"x"}}],"display":{"gui":{"rotation":[30,225,0]}}}