{"textures":{"0":"modelengine:entity/lrd_gargoyle"},"elements":[{"from":[0.8000002,5.0,6.8],"to":[14.2,7.0,8.0],"faces":{"east":{"uv":[9.5625,5.5,9.6375,5.625],"tintindex":0,"rotation":0,"texture":"#0"},"south":{"uv":[9.4375,7.0625,10.275,7.1875],"tintindex":0,"rotation":0,"texture":"#0"},"north":{"uv":[0.0,7.8125,0.8375,7.9375],"tintindex":0,"rotation":0,"texture":"#0"},"west":{"uv":[9.5625,5.5,9.6375,5.625],"tintindex":0,"rotation":0,"texture":"#0"},"up":{"uv":[0.8375,8.625,0.0,8.7],"tintindex":0,"rotation":0,"texture":"#0"},"down":{"uv":[9.4625,0.0,8.625,0.075],"tintindex":0,"rotation":0,"texture":"#0"}}}],"display":{"gui":{"rotation":[30,225,0]}}}