{"textures":{"0":"modelengine:entity/lrd_gargoyle"},"elements":[{"from":[18.985281,8.0,3.5],"to":[18.985281,16.0,16.5],"faces":{"east":{"uv":[9.4375,7.5625,10.25,8.0625],"tintindex":0,"rotation":0,"texture":"#0"},"west":{"uv":[9.4375,8.0625,10.25,8.5625],"tintindex":0,"rotation":0,"texture":"#0"}},"rotation":{"origin":[18.485281,12.0,10.0],"angle":45.0,"axis":"y"}},{"from":[1.2426405,8.0,0.050252438],"to":[14.2426405,16.0,12.050253],"faces":{"east":{"uv":[9.5625,5.5,10.3125,6.0],"tintindex":0,"rotation":0,"texture":"#0"},"south":{"uv":[9.4375,7.0625,10.25,7.5625],"tintindex":0,"rotation":0,"texture":"#0"},"north":{"uv":[2.0,9.4375,2.8125,9.9375],"tintindex":0,"rotation":0,"texture":"#0"},"west":{"uv":[10.3125,5.5,9.5625,6.0],"tintindex":0,"rotation":0,"texture":"#0"},"up":{"uv":[0.8125,9.375,0.0,8.625],"tintindex":0,"rotation":0,"texture":"#0"},"down":{"uv":[9.4375,0.0,8.625,0.75],"tintindex":0,"rotation":0,"texture":"#0"}}},{"from":[5.2426405,8.0,-1.9497471],"to":[10.2426405,11.0,0.050252438],"faces":{"east":{"uv":[7.3125,5.375,7.4375,5.5625],"tintindex":0,"rotation":0,"texture":"#0"},"south":{"uv":[10.0,1.875,10.3125,2.0625],"tintindex":0,"rotation":0,"texture":"#0"},"north":{"uv":[7.0,5.375,7.3125,5.5625],"tintindex":0,"rotation":0,"texture":"#0"},"west":{"uv":[6.3125,7.75,6.4375,7.9375],"tintindex":0,"rotation":0,"texture":"#0"},"up":{"uv":[10.0625,7.0625,9.75,6.9375],"tintindex":0,"rotation":0,"texture":"#0"},"down":{"uv":[0.6875,10.0,0.375,10.125],"tintindex":0,"rotation":0,"texture":"#0"}}},{"from":[1.2426405,12.0,-1.9497471],"to":[14.2426405,16.0,0.050252438],"faces":{"east":{"uv":[6.25,7.25,6.375,7.5],"tintindex":0,"rotation":0,"texture":"#0"},"south":{"uv":[10.4375,4.125,11.25,4.375],"tintindex":0,"rotation":0,"texture":"#0"},"north":{"uv":[10.25,8.25,11.0625,8.5],"tintindex":0,"rotation":0,"texture":"#0"},"west":{"uv":[6.25,7.5,6.375,7.75],"tintindex":0,"rotation":0,"texture":"#0"},"up":{"uv":[11.25,5.1875,10.4375,5.0625],"tintindex":0,"rotation":0,"texture":"#0"},"down":{"uv":[11.3125,0.625,10.5,0.75],"tintindex":0,"rotation":0,"texture":"#0"}}},{"from":[-2.5,8.0,3.5],"to":[-2.5,16.0,16.5],"faces":{"east":{"uv":[10.25,8.0625,9.4375,8.5625],"tintindex":0,"rotation":0,"texture":"#0"},"west":{"uv":[10.25,7.5625,9.4375,8.0625],"tintindex":0,"rotation":0,"texture":"#0"}},"rotation":{"origin":[-2.0,12.0,10.0],"angle":-45.0,"axis":"y"}},{"from":[3.2426405,2.0,-1.9497471],"to":[12.2426405,8.0,9.050253],"faces":{"east":{"uv":[10.125,0.75,10.8125,1.125],"tintindex":0,"rotation":0,"texture":"#0"},"south":{"uv":[10.0,10.3125,10.5625,10.6875],"tintindex":0,"rotation":0,"texture":"#0"},"north":{"uv":[9.4375,10.3125,10.0,10.6875],"tintindex":0,"rotation":0,"texture":"#0"},"west":{"uv":[10.8125,0.75,10.125,1.125],"tintindex":0,"rotation":0,"texture":"#0"},"up":{"uv":[10.0,9.25,9.4375,8.5625],"tintindex":0,"rotation":0,"texture":"#0"},"down":{"uv":[10.0625,2.9375,9.5,3.625],"tintindex":0,"rotation":0,"texture":"#0"}}}],"display":{"gui":{"rotation":[30,225,0]}}}