{"textures":{"0":"modelengine:entity/lrd_gargoyle"},"elements":[{"from":[6.0,4.0474854,17.815971],"to":[10.0,7.0474854,25.815971],"faces":{"east":{"uv":[9.5,6.3125,9.0,6.5],"tintindex":0,"rotation":0,"texture":"#0"},"south":{"uv":[11.0,9.5625,10.75,9.75],"tintindex":0,"rotation":0,"texture":"#0"},"north":{"uv":[10.875,2.75,10.625,2.9375],"tintindex":0,"rotation":0,"texture":"#0"},"west":{"uv":[9.4375,7.0625,8.9375,7.25],"tintindex":0,"rotation":0,"texture":"#0"},"up":{"uv":[4.75,10.1875,5.0,9.6875],"tintindex":0,"rotation":0,"texture":"#0"},"down":{"uv":[2.5625,10.625,2.8125,11.125],"tintindex":0,"rotation":0,"texture":"#0"}},"rotation":{"origin":[8.5,6.0474854,23.315971],"angle":22.5,"axis":"x"}},{"from":[5.5,6.0,8.0],"to":[10.5,10.0,19.0],"faces":{"east":{"uv":[5.375,10.5625,4.6875,10.8125],"tintindex":0,"rotation":0,"texture":"#0"},"south":{"uv":[3.75,10.8125,3.4375,11.0625],"tintindex":0,"rotation":0,"texture":"#0"},"north":{"uv":[3.4375,10.8125,3.125,11.0625],"tintindex":0,"rotation":0,"texture":"#0"},"west":{"uv":[3.875,10.5625,3.1875,10.8125],"tintindex":0,"rotation":0,"texture":"#0"},"up":{"uv":[10.3125,2.9375,10.625,2.25],"tintindex":0,"rotation":0,"texture":"#0"},"down":{"uv":[7.1875,10.3125,7.5,11.0],"tintindex":0,"rotation":0,"texture":"#0"}}}],"display":{"gui":{"rotation":[30,225,0]}}}