{"textures":{"0":"modelengine:entity/lrd_gargoyle"},"elements":[{"from":[7.9018574,-2.0144424,4.5],"to":[12.901857,7.985557,9.5],"faces":{"east":{"uv":[6.0625,10.5,5.75,11.125],"tintindex":0,"rotation":0,"texture":"#0"},"south":{"uv":[5.75,10.5,5.4375,11.125],"tintindex":0,"rotation":0,"texture":"#0"},"north":{"uv":[10.75,9.125,10.4375,9.75],"tintindex":0,"rotation":0,"texture":"#0"},"west":{"uv":[10.8125,0.0,10.5,0.625],"tintindex":0,"rotation":0,"texture":"#0"},"up":{"uv":[9.4375,11.0,9.75,10.6875],"tintindex":0,"rotation":0,"texture":"#0"},"down":{"uv":[9.75,10.6875,10.0625,11.0],"tintindex":0,"rotation":0,"texture":"#0"}}},{"from":[17.75,-1.25,6.5],"to":[21.75,-1.25,9.5],"faces":{"up":{"uv":[10.8125,4.0,11.0625,3.8125],"tintindex":0,"rotation":0,"texture":"#0"},"down":{"uv":[4.6875,10.8125,4.9375,11.0],"tintindex":0,"rotation":0,"texture":"#0"}},"rotation":{"origin":[19.75,-1.25,8.0],"angle":22.5,"axis":"z"}},{"from":[12.901857,-2.0144424,4.5],"to":[17.901857,2.985557,9.5],"faces":{"east":{"uv":[11.0625,5.1875,10.75,5.5],"tintindex":0,"rotation":0,"texture":"#0"},"south":{"uv":[11.0,10.6875,10.6875,11.0],"tintindex":0,"rotation":0,"texture":"#0"},"north":{"uv":[10.375,10.6875,10.0625,11.0],"tintindex":0,"rotation":0,"texture":"#0"},"west":{"uv":[10.6875,10.6875,10.375,11.0],"tintindex":0,"rotation":0,"texture":"#0"},"up":{"uv":[8.875,11.0625,9.1875,10.75],"tintindex":0,"rotation":0,"texture":"#0"},"down":{"uv":[10.75,8.9375,11.0625,9.25],"tintindex":0,"rotation":0,"texture":"#0"}}}],"display":{"gui":{"rotation":[30,225,0]}}}