{"textures":{"0":"modelengine:entity/lrd_gargoyle"},"elements":[{"from":[5.0,-5.5,-5.5],"to":[11.0,-0.5,8.5],"faces":{"east":{"uv":[10.9375,3.25,10.0625,3.5625],"tintindex":0,"rotation":0,"texture":"#0"},"south":{"uv":[8.3125,2.6875,7.9375,3.0],"tintindex":0,"rotation":0,"texture":"#0"},"north":{"uv":[6.375,5.5625,6.0,5.875],"tintindex":0,"rotation":0,"texture":"#0"},"west":{"uv":[10.9375,2.9375,10.0625,3.25],"tintindex":0,"rotation":0,"texture":"#0"},"up":{"uv":[9.9375,2.9375,10.3125,2.0625],"tintindex":0,"rotation":0,"texture":"#0"},"down":{"uv":[0.0,10.0,0.375,10.875],"tintindex":0,"rotation":0,"texture":"#0"}},"rotation":{"origin":[8.0,4.0,5.0],"angle":22.5,"axis":"x"}},{"from":[5.0,-0.5,1.5],"to":[11.0,8.5,8.5],"faces":{"east":{"uv":[8.1875,10.25,7.75,10.8125],"tintindex":0,"rotation":0,"texture":"#0"},"south":{"uv":[10.8125,3.5625,10.4375,4.125],"tintindex":0,"rotation":0,"texture":"#0"},"north":{"uv":[6.9375,10.375,6.5625,10.9375],"tintindex":0,"rotation":0,"texture":"#0"},"west":{"uv":[9.4375,10.1875,9.0,10.75],"tintindex":0,"rotation":0,"texture":"#0"},"up":{"uv":[8.1875,11.0,8.5625,10.5625],"tintindex":0,"rotation":0,"texture":"#0"},"down":{"uv":[10.5625,8.5,10.9375,8.9375],"tintindex":0,"rotation":0,"texture":"#0"}},"rotation":{"origin":[8.0,4.0,5.0],"angle":22.5,"axis":"x"}}],"display":{"gui":{"rotation":[30,225,0]}}}