{"textures":{"0":"modelengine:entity/lrd_gargoyle"},"elements":[{"from":[4.5,-7.5,0.5],"to":[10.0,1.0,8.5],"faces":{"east":{"uv":[7.4375,5.5625,6.4375,6.625],"tintindex":0,"rotation":0,"texture":"#0"},"south":{"uv":[8.625,0.0,7.9375,1.0625],"tintindex":0,"rotation":0,"texture":"#0"},"north":{"uv":[4.4375,7.625,3.75,8.6875],"tintindex":0,"rotation":0,"texture":"#0"},"west":{"uv":[7.0,4.5,6.0,5.5625],"tintindex":0,"rotation":0,"texture":"#0"},"up":{"uv":[8.3125,5.5,9.0,4.5],"tintindex":0,"rotation":0,"texture":"#0"},"down":{"uv":[8.3125,5.5,9.0,6.5],"tintindex":0,"rotation":0,"texture":"#0"}}},{"from":[4.0,1.0,-0.5],"to":[11.0,8.0,9.0],"faces":{"east":{"uv":[8.1875,4.5,7.0,5.375],"tintindex":0,"rotation":0,"texture":"#0"},"south":{"uv":[3.75,7.625,2.875,8.5],"tintindex":0,"rotation":0,"texture":"#0"},"north":{"uv":[2.875,7.625,2.0,8.5],"tintindex":0,"rotation":0,"texture":"#0"},"west":{"uv":[6.25,6.875,5.0625,7.75],"tintindex":0,"rotation":0,"texture":"#0"},"up":{"uv":[7.0,7.8125,7.875,6.625],"tintindex":0,"rotation":0,"texture":"#0"},"down":{"uv":[7.4375,5.375,8.3125,6.5625],"tintindex":0,"rotation":0,"texture":"#0"}}},{"from":[5.5,1.0,9.0],"to":[5.5,8.0,11.0],"faces":{"east":{"uv":[10.5625,5.5,10.3125,6.375],"tintindex":0,"rotation":0,"texture":"#0"},"west":{"uv":[1.3125,10.125,1.0625,11.0],"tintindex":0,"rotation":0,"texture":"#0"}}}],"display":{"gui":{"rotation":[30,225,0]}}}