{"textures":{"0":"modelengine:entity/lrd_gargoyle"},"elements":[{"from":[6.5,-5.0,8.0],"to":[9.5,8.0,11.5],"faces":{"east":{"uv":[8.375,1.0625,7.9375,2.6875],"tintindex":0,"rotation":0,"texture":"#0"},"south":{"uv":[6.6875,8.5,6.3125,10.125],"tintindex":0,"rotation":0,"texture":"#0"},"north":{"uv":[3.75,8.5,3.375,10.125],"tintindex":0,"rotation":0,"texture":"#0"},"west":{"uv":[6.3125,7.75,5.875,9.375],"tintindex":0,"rotation":0,"texture":"#0"},"up":{"uv":[10.5625,6.4375,10.9375,6.0],"tintindex":0,"rotation":0,"texture":"#0"},"down":{"uv":[10.5625,6.4375,10.9375,6.875],"tintindex":0,"rotation":0,"texture":"#0"}}},{"from":[5.25,-8.0,7.0],"to":[10.75,-5.0,12.5],"faces":{"east":{"uv":[3.1875,10.25,2.5,10.625],"tintindex":0,"rotation":0,"texture":"#0"},"south":{"uv":[9.0,10.1875,8.3125,10.5625],"tintindex":0,"rotation":0,"texture":"#0"},"north":{"uv":[4.0,10.1875,3.3125,10.5625],"tintindex":0,"rotation":0,"texture":"#0"},"west":{"uv":[5.4375,10.1875,4.75,10.5625],"tintindex":0,"rotation":0,"texture":"#0"},"up":{"uv":[8.8125,3.6875,9.5,3.0],"tintindex":0,"rotation":0,"texture":"#0"},"down":{"uv":[8.9375,3.6875,9.625,4.375],"tintindex":0,"rotation":0,"texture":"#0"}}},{"from":[7.75,-8.0,12.5],"to":[7.75,-5.0,15.5],"faces":{"east":{"uv":[5.0625,10.8125,4.6875,11.1875],"tintindex":0,"rotation":0,"texture":"#0"},"west":{"uv":[4.6875,10.8125,5.0625,11.1875],"tintindex":0,"rotation":0,"texture":"#0"}}}],"display":{"gui":{"rotation":[30,225,0]}}}