{"textures":{"0":"modelengine:entity/lrd_gargoyle"},"elements":[{"from":[3.522108,2.5949593,3.0],"to":[3.522108,5.0949593,10.5],"faces":{"east":{"uv":[10.5,10.0,9.5625,10.3125],"tintindex":0,"rotation":0,"texture":"#0"},"west":{"uv":[10.75,5.1875,9.8125,5.5],"tintindex":0,"rotation":0,"texture":"#0"}},"rotation":{"origin":[3.522108,3.8449593,6.75],"angle":-22.5,"axis":"z"}},{"from":[4.0,5.0,-4.5],"to":[8.5,11.0,10.5],"faces":{"east":{"uv":[7.875,3.75,6.0,4.5],"tintindex":0,"rotation":0,"texture":"#0"},"south":{"uv":[10.0,1.3125,9.4375,2.0625],"tintindex":0,"rotation":0,"texture":"#0"},"north":{"uv":[6.3125,9.375,5.75,10.125],"tintindex":0,"rotation":0,"texture":"#0"},"west":{"uv":[7.875,3.0,6.0,3.75],"tintindex":0,"rotation":0,"texture":"#0"},"up":{"uv":[6.4375,8.5,7.0,6.625],"tintindex":0,"rotation":0,"texture":"#0"},"down":{"uv":[4.5,6.875,5.0625,8.75],"tintindex":0,"rotation":0,"texture":"#0"}}}],"display":{"gui":{"rotation":[30,225,0]}}}