{"textures":{"0":"modelengine:entity/lrd_gargoyle"},"elements":[{"from":[8.0,-1.5,0.5],"to":[8.0,2.5,5.5],"faces":{"east":{"uv":[9.75,2.0625,9.4375,2.3125],"tintindex":0,"rotation":0,"texture":"#0"},"west":{"uv":[7.0,8.5,6.6875,8.75],"tintindex":0,"rotation":0,"texture":"#0"}},"rotation":{"origin":[5.0,12.0,21.0],"angle":22.5,"axis":"x"}},{"from":[6.0,2.5,0.5],"to":[10.0,8.5,10.5],"faces":{"east":{"uv":[10.9375,1.875,10.3125,2.25],"tintindex":0,"rotation":0,"texture":"#0"},"south":{"uv":[1.5625,10.8125,1.3125,11.1875],"tintindex":0,"rotation":0,"texture":"#0"},"north":{"uv":[9.4375,10.75,9.1875,11.125],"tintindex":0,"rotation":0,"texture":"#0"},"west":{"uv":[10.875,7.875,10.25,8.25],"tintindex":0,"rotation":0,"texture":"#0"},"up":{"uv":[8.3125,10.0625,8.5625,9.4375],"tintindex":0,"rotation":0,"texture":"#0"},"down":{"uv":[2.3125,10.625,2.5625,11.25],"tintindex":0,"rotation":0,"texture":"#0"}},"rotation":{"origin":[5.0,12.0,21.0],"angle":22.5,"axis":"x"}}],"display":{"gui":{"rotation":[30,225,0]}}}