{"textures":{"0":"modelengine:entity/lrd_gargoyle"},"elements":[{"from":[2.5,6.5,-1.0],"to":[13.5,17.5,9.0],"faces":{"east":{"uv":[9.4375,0.0,10.0625,0.6875],"tintindex":0,"rotation":0,"texture":"#0"},"south":{"uv":[8.75,7.9375,9.4375,8.625],"tintindex":0,"rotation":0,"texture":"#0"},"north":{"uv":[8.75,7.25,9.4375,7.9375],"tintindex":0,"rotation":0,"texture":"#0"},"west":{"uv":[0.6875,9.4375,1.3125,10.125],"tintindex":0,"rotation":0,"texture":"#0"},"up":{"uv":[10.125,1.3125,9.4375,0.6875],"tintindex":0,"rotation":0,"texture":"#0"},"down":{"uv":[2.0,9.4375,1.3125,10.0625],"tintindex":0,"rotation":0,"texture":"#0"}},"rotation":{"origin":[8.0,12.0,4.0],"angle":-22.5,"axis":"x"}}],"display":{"gui":{"rotation":[30,225,0]}}}