{"textures":{"0":"modelengine:entity/lrd_gargoyle"},"elements":[{"from":[8.0,14.413506,14.414921],"to":[19.0,14.413506,18.41492],"faces":{"up":{"uv":[11.25,5.75,10.5625,5.5],"tintindex":0,"rotation":0,"texture":"#0"},"down":{"uv":[11.25,5.75,10.5625,6.0],"tintindex":0,"rotation":0,"texture":"#0"}},"rotation":{"origin":[13.5,14.413506,16.41492],"angle":-45.0,"axis":"x"}},{"from":[9.0,-13.0,2.0],"to":[17.0,0.0,14.0],"faces":{"east":{"uv":[0.8125,8.625,1.5625,9.4375],"tintindex":0,"rotation":0,"texture":"#0"},"south":{"uv":[7.8125,9.4375,8.3125,10.25],"tintindex":0,"rotation":0,"texture":"#0"},"north":{"uv":[2.8125,9.4375,3.3125,10.25],"tintindex":0,"rotation":0,"texture":"#0"},"west":{"uv":[7.8125,8.625,8.5625,9.4375],"tintindex":0,"rotation":0,"texture":"#0"},"up":{"uv":[7.75,10.3125,7.25,9.5625],"tintindex":0,"rotation":0,"texture":"#0"},"down":{"uv":[10.0625,9.25,9.5625,10.0],"tintindex":0,"rotation":0,"texture":"#0"}}},{"from":[8.0,0.0,0.0],"to":[19.0,13.0,15.0],"faces":{"east":{"uv":[7.8125,7.8125,8.75,8.625],"tintindex":0,"rotation":0,"texture":"#0"},"south":{"uv":[5.0625,8.6875,5.75,9.5],"tintindex":0,"rotation":0,"texture":"#0"},"north":{"uv":[3.75,8.6875,4.4375,9.5],"tintindex":0,"rotation":0,"texture":"#0"},"west":{"uv":[7.875,3.0,8.8125,3.8125],"tintindex":0,"rotation":0,"texture":"#0"},"up":{"uv":[2.6875,9.4375,2.0,8.5],"tintindex":0,"rotation":0,"texture":"#0"},"down":{"uv":[3.375,8.5,2.6875,9.4375],"tintindex":0,"rotation":0,"texture":"#0"}}}],"display":{"gui":{"rotation":[30,225,0]}}}