{"textures":{"0":"modelengine:entity/lrd_gargoyle"},"elements":[{"from":[3.0981426,-2.0144424,4.5],"to":[8.098143,7.985557,9.5],"faces":{"east":{"uv":[10.5,0.0,10.8125,0.625],"tintindex":0,"rotation":0,"texture":"#0"},"south":{"uv":[5.4375,10.5,5.75,11.125],"tintindex":0,"rotation":0,"texture":"#0"},"north":{"uv":[10.4375,9.125,10.75,9.75],"tintindex":0,"rotation":0,"texture":"#0"},"west":{"uv":[5.75,10.5,6.0625,11.125],"tintindex":0,"rotation":0,"texture":"#0"},"up":{"uv":[9.75,11.0,9.4375,10.6875],"tintindex":0,"rotation":0,"texture":"#0"},"down":{"uv":[10.0625,10.6875,9.75,11.0],"tintindex":0,"rotation":0,"texture":"#0"}}},{"from":[-1.9018574,-2.0144424,4.5],"to":[3.0981426,2.985557,9.5],"faces":{"east":{"uv":[10.375,10.6875,10.6875,11.0],"tintindex":0,"rotation":0,"texture":"#0"},"south":{"uv":[10.6875,10.6875,11.0,11.0],"tintindex":0,"rotation":0,"texture":"#0"},"north":{"uv":[10.0625,10.6875,10.375,11.0],"tintindex":0,"rotation":0,"texture":"#0"},"west":{"uv":[10.75,5.1875,11.0625,5.5],"tintindex":0,"rotation":0,"texture":"#0"},"up":{"uv":[9.1875,11.0625,8.875,10.75],"tintindex":0,"rotation":0,"texture":"#0"},"down":{"uv":[11.0625,8.9375,10.75,9.25],"tintindex":0,"rotation":0,"texture":"#0"}}},{"from":[-5.749999,-1.25,6.5],"to":[-1.749999,-1.25,9.5],"faces":{"up":{"uv":[11.0625,4.0,10.8125,3.8125],"tintindex":0,"rotation":0,"texture":"#0"},"down":{"uv":[4.9375,10.8125,4.6875,11.0],"tintindex":0,"rotation":0,"texture":"#0"}},"rotation":{"origin":[-3.749999,-1.25,8.0],"angle":-22.5,"axis":"z"}}],"display":{"gui":{"rotation":[30,225,0]}}}