{"textures":{"0":"modelengine:entity/lrd_gargoyle"},"elements":[{"from":[6.0,-7.5,0.5],"to":[11.5,1.0,8.5],"faces":{"east":{"uv":[6.0,4.5,7.0,5.5625],"tintindex":0,"rotation":0,"texture":"#0"},"south":{"uv":[7.9375,0.0,8.625,1.0625],"tintindex":0,"rotation":0,"texture":"#0"},"north":{"uv":[3.75,7.625,4.4375,8.6875],"tintindex":0,"rotation":0,"texture":"#0"},"west":{"uv":[6.4375,5.5625,7.4375,6.625],"tintindex":0,"rotation":0,"texture":"#0"},"up":{"uv":[9.0,5.5,8.3125,4.5],"tintindex":0,"rotation":0,"texture":"#0"},"down":{"uv":[9.0,5.5,8.3125,6.5],"tintindex":0,"rotation":0,"texture":"#0"}}},{"from":[5.0,1.0,-0.5],"to":[12.0,8.0,9.0],"faces":{"east":{"uv":[5.0625,6.875,6.25,7.75],"tintindex":0,"rotation":0,"texture":"#0"},"south":{"uv":[2.875,7.625,3.75,8.5],"tintindex":0,"rotation":0,"texture":"#0"},"north":{"uv":[2.0,7.625,2.875,8.5],"tintindex":0,"rotation":0,"texture":"#0"},"west":{"uv":[7.0,4.5,8.1875,5.375],"tintindex":0,"rotation":0,"texture":"#0"},"up":{"uv":[7.875,7.8125,7.0,6.625],"tintindex":0,"rotation":0,"texture":"#0"},"down":{"uv":[8.3125,5.375,7.4375,6.5625],"tintindex":0,"rotation":0,"texture":"#0"}}},{"from":[10.5,1.0,9.0],"to":[10.5,8.0,11.0],"faces":{"east":{"uv":[1.0625,10.125,1.3125,11.0],"tintindex":0,"rotation":0,"texture":"#0"},"west":{"uv":[10.3125,5.5,10.5625,6.375],"tintindex":0,"rotation":0,"texture":"#0"}}}],"display":{"gui":{"rotation":[30,225,0]}}}