{"textures":{"0":"modelengine:entity/lrd_gargoyle"},"elements":[{"from":[5.0,-0.5,1.5],"to":[11.0,8.5,8.5],"faces":{"east":{"uv":[9.0,10.1875,9.4375,10.75],"tintindex":0,"rotation":0,"texture":"#0"},"south":{"uv":[10.4375,3.5625,10.8125,4.125],"tintindex":0,"rotation":0,"texture":"#0"},"north":{"uv":[6.5625,10.375,6.9375,10.9375],"tintindex":0,"rotation":0,"texture":"#0"},"west":{"uv":[7.75,10.25,8.1875,10.8125],"tintindex":0,"rotation":0,"texture":"#0"},"up":{"uv":[8.5625,11.0,8.1875,10.5625],"tintindex":0,"rotation":0,"texture":"#0"},"down":{"uv":[10.9375,8.5,10.5625,8.9375],"tintindex":0,"rotation":0,"texture":"#0"}},"rotation":{"origin":[8.0,4.0,5.0],"angle":22.5,"axis":"x"}},{"from":[5.0,-5.5,-5.5],"to":[11.0,-0.5,8.5],"faces":{"east":{"uv":[10.0625,2.9375,10.9375,3.25],"tintindex":0,"rotation":0,"texture":"#0"},"south":{"uv":[7.9375,2.6875,8.3125,3.0],"tintindex":0,"rotation":0,"texture":"#0"},"north":{"uv":[6.0,5.5625,6.375,5.875],"tintindex":0,"rotation":0,"texture":"#0"},"west":{"uv":[10.0625,3.25,10.9375,3.5625],"tintindex":0,"rotation":0,"texture":"#0"},"up":{"uv":[10.3125,2.9375,9.9375,2.0625],"tintindex":0,"rotation":0,"texture":"#0"},"down":{"uv":[0.375,10.0,0.0,10.875],"tintindex":0,"rotation":0,"texture":"#0"}},"rotation":{"origin":[8.0,4.0,5.0],"angle":22.5,"axis":"x"}}],"display":{"gui":{"rotation":[30,225,0]}}}