{"textures":{"0":"modelengine:entity/lrd_gargoyle"},"elements":[{"from":[-1.5,0.0,-1.0],"to":[3.5,8.0,4.0],"faces":{"east":{"uv":[10.5625,10.1875,10.875,10.6875],"tintindex":0,"rotation":0,"texture":"#0"},"south":{"uv":[2.0,10.625,2.3125,11.125],"tintindex":0,"rotation":0,"texture":"#0"},"north":{"uv":[8.5625,10.5625,8.875,11.0625],"tintindex":0,"rotation":0,"texture":"#0"},"west":{"uv":[10.625,2.25,10.9375,2.75],"tintindex":0,"rotation":0,"texture":"#0"},"up":{"uv":[2.8125,10.25,2.5,9.9375],"tintindex":0,"rotation":0,"texture":"#0"},"down":{"uv":[3.125,10.625,2.8125,10.9375],"tintindex":0,"rotation":0,"texture":"#0"}},"rotation":{"origin":[0.0,3.5,2.0],"angle":-45.0,"axis":"z"}},{"from":[1.5,-3.0,1.0],"to":[9.5,8.0,15.0],"faces":{"east":{"uv":[8.375,2.3125,9.25,3.0],"tintindex":0,"rotation":0,"texture":"#0"},"south":{"uv":[2.0,9.9375,2.5,10.625],"tintindex":0,"rotation":0,"texture":"#0"},"north":{"uv":[6.6875,9.6875,7.1875,10.375],"tintindex":0,"rotation":0,"texture":"#0"},"west":{"uv":[8.5625,8.625,9.4375,9.3125],"tintindex":0,"rotation":0,"texture":"#0"},"up":{"uv":[9.0625,10.1875,8.5625,9.3125],"tintindex":0,"rotation":0,"texture":"#0"},"down":{"uv":[9.5625,9.3125,9.0625,10.1875],"tintindex":0,"rotation":0,"texture":"#0"}}}],"display":{"gui":{"rotation":[30,225,0]}}}