{"textures":{"0":"modelengine:entity/lrd_gargoyle"},"elements":[{"from":[12.477892,2.5949593,3.0],"to":[12.477892,5.0949593,10.5],"faces":{"east":{"uv":[9.8125,5.1875,10.75,5.5],"tintindex":0,"rotation":0,"texture":"#0"},"west":{"uv":[9.5625,10.0,10.5,10.3125],"tintindex":0,"rotation":0,"texture":"#0"}},"rotation":{"origin":[12.477892,3.8449593,6.75],"angle":22.5,"axis":"z"}},{"from":[7.5,5.0,-4.5],"to":[12.0,11.0,10.5],"faces":{"east":{"uv":[6.0,3.0,7.875,3.75],"tintindex":0,"rotation":0,"texture":"#0"},"south":{"uv":[9.4375,1.3125,10.0,2.0625],"tintindex":0,"rotation":0,"texture":"#0"},"north":{"uv":[5.75,9.375,6.3125,10.125],"tintindex":0,"rotation":0,"texture":"#0"},"west":{"uv":[6.0,3.75,7.875,4.5],"tintindex":0,"rotation":0,"texture":"#0"},"up":{"uv":[7.0,8.5,6.4375,6.625],"tintindex":0,"rotation":0,"texture":"#0"},"down":{"uv":[5.0625,6.875,4.5,8.75],"tintindex":0,"rotation":0,"texture":"#0"}}}],"display":{"gui":{"rotation":[30,225,0]}}}