{"textures":{"0":"modelengine:entity/lrd_gargoyle"},"elements":[{"from":[3.0,4.0,-5.0],"to":[12.0,13.0,8.0],"faces":{"east":{"uv":[9.0,4.375,9.8125,4.9375],"tintindex":0,"rotation":0,"texture":"#0"},"south":{"uv":[10.0,8.5625,10.5625,9.125],"tintindex":0,"rotation":0,"texture":"#0"},"north":{"uv":[10.0,1.3125,10.5625,1.875],"tintindex":0,"rotation":0,"texture":"#0"},"west":{"uv":[9.0,4.9375,9.8125,5.5],"tintindex":0,"rotation":0,"texture":"#0"},"up":{"uv":[7.8125,9.5625,7.25,8.75],"tintindex":0,"rotation":0,"texture":"#0"},"down":{"uv":[9.5625,5.5,9.0,6.3125],"tintindex":0,"rotation":0,"texture":"#0"}}}],"display":{"gui":{"rotation":[30,225,0]}}}