{"textures":{"0":"modelengine:entity/lrd_gargoyle"},"elements":[{"from":[4.5,4.0,-5.0],"to":[11.5,11.0,8.0],"faces":{"east":{"uv":[9.625,3.625,10.4375,4.0625],"tintindex":0,"rotation":0,"texture":"#0"},"south":{"uv":[10.5625,1.3125,11.0,1.75],"tintindex":0,"rotation":0,"texture":"#0"},"north":{"uv":[10.5,9.75,10.9375,10.1875],"tintindex":0,"rotation":0,"texture":"#0"},"west":{"uv":[9.75,6.5,10.5625,6.9375],"tintindex":0,"rotation":0,"texture":"#0"},"up":{"uv":[2.0,9.4375,1.5625,8.625],"tintindex":0,"rotation":0,"texture":"#0"},"down":{"uv":[4.75,9.6875,4.3125,10.5],"tintindex":0,"rotation":0,"texture":"#0"}}}],"display":{"gui":{"rotation":[30,225,0]}}}