{"textures":{"0":"modelengine:entity/lrd_gargoyle"},"elements":[{"from":[5.5,5.5,-5.0],"to":[10.5,10.5,8.0],"faces":{"east":{"uv":[10.25,7.25,11.0625,7.5625],"tintindex":0,"rotation":0,"texture":"#0"},"south":{"uv":[10.8125,0.75,11.125,1.0625],"tintindex":0,"rotation":0,"texture":"#0"},"north":{"uv":[10.8125,0.3125,11.125,0.625],"tintindex":0,"rotation":0,"texture":"#0"},"west":{"uv":[10.25,7.5625,11.0625,7.875],"tintindex":0,"rotation":0,"texture":"#0"},"up":{"uv":[6.5625,10.9375,6.25,10.125],"tintindex":0,"rotation":0,"texture":"#0"},"down":{"uv":[4.3125,10.1875,4.0,11.0],"tintindex":0,"rotation":0,"texture":"#0"}}}],"display":{"gui":{"rotation":[30,225,0]}}}