{"textures":{"2":"modelengine:entity/crow"},"elements":[{"from":[6.25,9.0,7.5],"to":[7.25,11.0,8.5],"faces":{"east":{"uv":[8.0,1.5,9.0,2.0],"tintindex":0,"rotation":270,"texture":"#2"},"south":{"uv":[10.0,6.5,9.5,5.5],"tintindex":0,"rotation":0,"texture":"#2"},"north":{"uv":[10.5,5.0,10.0,6.0],"tintindex":0,"rotation":180,"texture":"#2"},"west":{"uv":[8.0,7.0,9.0,7.5],"tintindex":0,"rotation":90,"texture":"#2"},"up":{"uv":[9.5,1.0,10.0,1.5],"tintindex":0,"rotation":180,"texture":"#2"},"down":{"uv":[9.5,6.5,10.0,7.0],"tintindex":0,"rotation":0,"texture":"#2"}}},{"from":[8.25,7.0,6.5],"to":[10.25,9.0,8.5],"faces":{"east":{"uv":[10.5,0.0,9.5,1.0],"tintindex":0,"rotation":270,"texture":"#2"},"south":{"uv":[4.0,10.5,5.0,9.5],"tintindex":0,"rotation":0,"texture":"#2"},"north":{"uv":[5.0,9.5,6.0,10.5],"tintindex":0,"rotation":180,"texture":"#2"},"west":{"uv":[10.0,8.0,9.0,9.0],"tintindex":0,"rotation":90,"texture":"#2"},"up":{"uv":[9.0,9.0,8.0,10.0],"tintindex":0,"rotation":180,"texture":"#2"},"down":{"uv":[10.0,9.0,9.0,10.0],"tintindex":0,"rotation":0,"texture":"#2"}}},{"from":[5.0,10.662399,8.488285],"to":[11.0,10.662399,15.488285],"faces":{"up":{"uv":[3.0,3.5,0.0,0.0],"tintindex":0,"rotation":0,"texture":"#2"},"down":{"uv":[6.0,0.0,3.0,3.5],"tintindex":0,"rotation":0,"texture":"#2"}},"rotation":{"origin":[8.0,8.662399,13.988285],"angle":22.5,"axis":"x"}},{"from":[8.75,9.0,7.5],"to":[9.75,11.0,8.5],"faces":{"east":{"uv":[9.0,7.0,8.0,7.5],"tintindex":0,"rotation":270,"texture":"#2"},"south":{"uv":[9.5,6.5,10.0,5.5],"tintindex":0,"rotation":0,"texture":"#2"},"north":{"uv":[10.0,5.0,10.5,6.0],"tintindex":0,"rotation":180,"texture":"#2"},"west":{"uv":[9.0,1.5,8.0,2.0],"tintindex":0,"rotation":90,"texture":"#2"},"up":{"uv":[10.0,1.0,9.5,1.5],"tintindex":0,"rotation":180,"texture":"#2"},"down":{"uv":[10.0,6.5,9.5,7.0],"tintindex":0,"rotation":0,"texture":"#2"}}},{"from":[5.0,13.0,3.5],"to":[6.0,17.0,12.5],"faces":{"east":{"uv":[0.0,3.5,4.5,5.5],"tintindex":0,"rotation":0,"texture":"#2"},"south":{"uv":[10.0,3.0,10.5,5.0],"tintindex":0,"rotation":0,"texture":"#2"},"north":{"uv":[10.0,1.0,10.5,3.0],"tintindex":0,"rotation":0,"texture":"#2"},"west":{"uv":[4.5,3.5,9.0,5.5],"tintindex":0,"rotation":0,"texture":"#2"},"up":{"uv":[6.5,13.5,6.0,9.0],"tintindex":0,"rotation":0,"texture":"#2"},"down":{"uv":[7.0,9.0,6.5,13.5],"tintindex":0,"rotation":0,"texture":"#2"}},"rotation":{"origin":[8.0,14.0,6.0],"angle":45.0,"axis":"x"}},{"from":[5.75,7.0,6.5],"to":[7.75,9.0,8.5],"faces":{"east":{"uv":[9.0,8.0,10.0,9.0],"tintindex":0,"rotation":270,"texture":"#2"},"south":{"uv":[5.0,10.5,4.0,9.5],"tintindex":0,"rotation":0,"texture":"#2"},"north":{"uv":[6.0,9.5,5.0,10.5],"tintindex":0,"rotation":180,"texture":"#2"},"west":{"uv":[9.5,0.0,10.5,1.0],"tintindex":0,"rotation":90,"texture":"#2"},"up":{"uv":[8.0,9.0,9.0,10.0],"tintindex":0,"rotation":180,"texture":"#2"},"down":{"uv":[9.0,9.0,10.0,10.0],"tintindex":0,"rotation":0,"texture":"#2"}}},{"from":[10.0,13.0,3.5],"to":[11.0,17.0,12.5],"faces":{"east":{"uv":[9.0,3.5,4.5,5.5],"tintindex":0,"rotation":0,"texture":"#2"},"south":{"uv":[10.5,3.0,10.0,5.0],"tintindex":0,"rotation":0,"texture":"#2"},"north":{"uv":[10.5,1.0,10.0,3.0],"tintindex":0,"rotation":0,"texture":"#2"},"west":{"uv":[4.5,3.5,0.0,5.5],"tintindex":0,"rotation":0,"texture":"#2"},"up":{"uv":[6.0,13.5,6.5,9.0],"tintindex":0,"rotation":0,"texture":"#2"},"down":{"uv":[6.5,9.0,7.0,13.5],"tintindex":0,"rotation":0,"texture":"#2"}},"rotation":{"origin":[8.0,14.0,6.0],"angle":45.0,"axis":"x"}},{"from":[6.0,12.0,2.5],"to":[10.0,16.0,10.5],"faces":{"east":{"uv":[0.0,5.5,4.0,7.5],"tintindex":0,"rotation":0,"texture":"#2"},"south":{"uv":[4.0,7.5,6.0,9.5],"tintindex":0,"rotation":0,"texture":"#2"},"north":{"uv":[6.0,0.0,8.0,2.0],"tintindex":0,"rotation":0,"texture":"#2"},"west":{"uv":[4.0,5.5,8.0,7.5],"tintindex":0,"rotation":0,"texture":"#2"},"up":{"uv":[2.0,11.5,0.0,7.5],"tintindex":0,"rotation":0,"texture":"#2"},"down":{"uv":[4.0,7.5,2.0,11.5],"tintindex":0,"rotation":0,"texture":"#2"}},"rotation":{"origin":[8.0,14.0,6.0],"angle":45.0,"axis":"x"}}],"display":{"gui":{"rotation":[30,225,0]}}}