{"textures":{"1":"modelengine:entity/scarycrow"},"elements":[{"from":[5.0,5.0,2.0],"to":[12.0,13.0,9.0],"faces":{"east":{"uv":[6.75,7.375,7.625,8.375],"tintindex":0,"rotation":0,"texture":"#1"},"south":{"uv":[7.5,0.0,8.375,1.0],"tintindex":0,"rotation":0,"texture":"#1"},"north":{"uv":[2.25,7.375,3.125,8.375],"tintindex":0,"rotation":0,"texture":"#1"},"west":{"uv":[7.5,1.0,8.375,2.0],"tintindex":0,"rotation":0,"texture":"#1"},"up":{"uv":[9.0,5.5,8.125,4.625],"tintindex":0,"rotation":0,"texture":"#1"},"down":{"uv":[6.5,8.125,5.625,9.0],"tintindex":0,"rotation":0,"texture":"#1"}},"rotation":{"origin":[8.0,10.0,5.0],"angle":-45.0,"axis":"y"}},{"from":[4.0,14.0,1.0],"to":[12.0,17.0,10.0],"faces":{"east":{"uv":[8.125,5.5,9.25,5.875],"tintindex":0,"rotation":0,"texture":"#1"},"south":{"uv":[9.0,4.625,10.0,5.0],"tintindex":0,"rotation":0,"texture":"#1"},"north":{"uv":[8.875,0.75,9.875,1.125],"tintindex":0,"rotation":0,"texture":"#1"},"west":{"uv":[8.5,3.375,9.625,3.75],"tintindex":0,"rotation":0,"texture":"#1"},"up":{"uv":[7.625,4.125,6.625,3.0],"tintindex":0,"rotation":0,"texture":"#1"},"down":{"uv":[7.625,4.125,6.625,5.25],"tintindex":0,"rotation":0,"texture":"#1"}}},{"from":[-2.0,13.0,-4.0],"to":[18.0,14.0,16.0],"faces":{"east":{"uv":[8.5,3.875,11.0,4.0],"tintindex":0,"rotation":0,"texture":"#1"},"south":{"uv":[8.875,1.125,11.375,1.25],"tintindex":0,"rotation":0,"texture":"#1"},"north":{"uv":[8.5,3.75,11.0,3.875],"tintindex":0,"rotation":0,"texture":"#1"},"west":{"uv":[8.875,1.25,11.375,1.375],"tintindex":0,"rotation":0,"texture":"#1"},"up":{"uv":[2.5,2.5,0.0,0.0],"tintindex":0,"rotation":0,"texture":"#1"},"down":{"uv":[2.5,2.5,0.0,5.0],"tintindex":0,"rotation":0,"texture":"#1"}}}],"display":{"gui":{"rotation":[30,225,0]}}}