{"textures":{"1":"modelengine:entity/scarycrow"},"elements":[{"from":[7.5,0.0,5.0],"to":[9.5,9.0,8.0],"faces":{"east":{"uv":[6.25,9.0,5.875,10.125],"tintindex":0,"rotation":0,"texture":"#1"},"south":{"uv":[3.625,9.25,3.375,10.375],"tintindex":0,"rotation":0,"texture":"#1"},"north":{"uv":[8.125,9.125,7.875,10.25],"tintindex":0,"rotation":0,"texture":"#1"},"west":{"uv":[5.875,9.0,5.5,10.125],"tintindex":0,"rotation":0,"texture":"#1"},"up":{"uv":[2.25,10.375,2.5,10.0],"tintindex":0,"rotation":0,"texture":"#1"},"down":{"uv":[2.5,10.0,2.75,10.375],"tintindex":0,"rotation":0,"texture":"#1"}}}],"display":{"gui":{"rotation":[30,225,0]}}}