{"textures":{"1":"modelengine:entity/scarycrow"},"elements":[{"from":[4.2,-3.2000008,4.7],"to":[8.2,10.799999,10.7],"faces":{"east":{"uv":[6.75,6.375,6.0,8.125],"tintindex":0,"rotation":0,"texture":"#1"},"south":{"uv":[8.125,7.375,7.625,9.125],"tintindex":0,"rotation":0,"texture":"#1"},"north":{"uv":[8.125,4.0,7.625,5.75],"tintindex":0,"rotation":0,"texture":"#1"},"west":{"uv":[6.0,6.375,5.25,8.125],"tintindex":0,"rotation":0,"texture":"#1"},"up":{"uv":[7.0,9.75,7.5,9.0],"tintindex":0,"rotation":0,"texture":"#1"},"down":{"uv":[8.125,9.0,8.625,9.75],"tintindex":0,"rotation":0,"texture":"#1"}}}],"display":{"gui":{"rotation":[30,225,0]}}}