{"textures":{"1":"modelengine:entity/scarycrow"},"elements":[{"from":[7.0,-1.000001,9.0],"to":[9.0,3.999999,11.0],"faces":{"east":{"uv":[10.125,9.625,9.875,10.25],"tintindex":0,"rotation":0,"texture":"#1"},"south":{"uv":[10.125,9.0,9.875,9.625],"tintindex":0,"rotation":0,"texture":"#1"},"north":{"uv":[9.0,9.875,8.75,10.5],"tintindex":0,"rotation":0,"texture":"#1"},"west":{"uv":[9.25,9.875,9.0,10.5],"tintindex":0,"rotation":0,"texture":"#1"},"up":{"uv":[2.0,9.125,2.25,8.875],"tintindex":0,"rotation":0,"texture":"#1"},"down":{"uv":[6.75,9.5,7.0,9.75],"tintindex":0,"rotation":0,"texture":"#1"}}},{"from":[6.0,3.999999,8.0],"to":[10.0,8.0,12.0],"faces":{"east":{"uv":[10.0,7.875,9.5,8.375],"tintindex":0,"rotation":0,"texture":"#1"},"south":{"uv":[6.75,9.5,6.25,10.0],"tintindex":0,"rotation":0,"texture":"#1"},"north":{"uv":[10.0,0.0,9.5,0.5],"tintindex":0,"rotation":0,"texture":"#1"},"west":{"uv":[5.375,9.5,4.875,10.0],"tintindex":0,"rotation":0,"texture":"#1"},"up":{"uv":[9.375,10.0,9.875,9.5],"tintindex":0,"rotation":0,"texture":"#1"},"down":{"uv":[0.0,9.75,0.5,10.25],"tintindex":0,"rotation":0,"texture":"#1"}}}],"display":{"gui":{"rotation":[30,225,0]}}}