{"textures":{"1":"modelengine:entity/scarycrow"},"elements":[{"from":[9.5,4.0,6.0],"to":[11.5,6.0,9.0],"faces":{"east":{"uv":[9.875,0.5,9.5,0.75],"tintindex":0,"rotation":0,"texture":"#1"},"south":{"uv":[4.375,8.5,4.125,8.75],"tintindex":0,"rotation":0,"texture":"#1"},"north":{"uv":[6.75,8.125,6.5,8.375],"tintindex":0,"rotation":0,"texture":"#1"},"west":{"uv":[5.25,7.875,4.875,8.125],"tintindex":0,"rotation":0,"texture":"#1"},"up":{"uv":[4.125,10.375,4.375,10.0],"tintindex":0,"rotation":0,"texture":"#1"},"down":{"uv":[4.375,10.0,4.625,10.375],"tintindex":0,"rotation":0,"texture":"#1"}}},{"from":[5.5,6.0,5.0],"to":[10.5,10.0,11.0],"faces":{"east":{"uv":[9.75,7.375,9.0,7.875],"tintindex":0,"rotation":0,"texture":"#1"},"south":{"uv":[3.375,9.25,2.75,9.75],"tintindex":0,"rotation":0,"texture":"#1"},"north":{"uv":[9.875,2.625,9.25,3.125],"tintindex":0,"rotation":0,"texture":"#1"},"west":{"uv":[9.75,6.875,9.0,7.375],"tintindex":0,"rotation":0,"texture":"#1"},"up":{"uv":[4.875,9.5,5.5,8.75],"tintindex":0,"rotation":0,"texture":"#1"},"down":{"uv":[8.875,0.0,9.5,0.75],"tintindex":0,"rotation":0,"texture":"#1"}}},{"from":[6.5,1.0,6.0],"to":[9.5,8.0,10.0],"faces":{"east":{"uv":[2.0,8.875,1.5,9.75],"tintindex":0,"rotation":0,"texture":"#1"},"south":{"uv":[9.5,7.875,9.125,8.75],"tintindex":0,"rotation":0,"texture":"#1"},"north":{"uv":[7.875,9.125,7.5,10.0],"tintindex":0,"rotation":0,"texture":"#1"},"west":{"uv":[1.5,8.875,1.0,9.75],"tintindex":0,"rotation":0,"texture":"#1"},"up":{"uv":[9.875,1.0,10.25,0.5],"tintindex":0,"rotation":0,"texture":"#1"},"down":{"uv":[9.875,2.5,10.25,3.0],"tintindex":0,"rotation":0,"texture":"#1"}}},{"from":[9.5,1.0,6.0],"to":[11.5,4.0,10.0],"faces":{"east":{"uv":[10.125,3.375,9.625,3.75],"tintindex":0,"rotation":0,"texture":"#1"},"south":{"uv":[10.25,4.625,10.0,5.0],"tintindex":0,"rotation":0,"texture":"#1"},"north":{"uv":[4.875,10.0,4.625,10.375],"tintindex":0,"rotation":0,"texture":"#1"},"west":{"uv":[10.0,8.375,9.5,8.75],"tintindex":0,"rotation":0,"texture":"#1"},"up":{"uv":[10.0,0.5,10.25,0.0],"tintindex":0,"rotation":0,"texture":"#1"},"down":{"uv":[2.0,10.0,2.25,10.5],"tintindex":0,"rotation":0,"texture":"#1"}}}],"display":{"gui":{"rotation":[30,225,0]}}}