{"textures":{"1":"modelengine:entity/scarycrow"},"elements":[{"from":[4.0,-0.8331356,6.2157893],"to":[8.0,10.166864,10.21579],"faces":{"east":{"uv":[1.0,8.375,0.5,9.75],"tintindex":0,"rotation":0,"texture":"#1"},"south":{"uv":[8.875,0.0,8.375,1.375],"tintindex":0,"rotation":0,"texture":"#1"},"north":{"uv":[8.625,7.0,8.125,8.375],"tintindex":0,"rotation":0,"texture":"#1"},"west":{"uv":[0.5,8.375,0.0,9.75],"tintindex":0,"rotation":0,"texture":"#1"},"up":{"uv":[9.375,4.5,9.875,4.0],"tintindex":0,"rotation":0,"texture":"#1"},"down":{"uv":[9.375,9.0,9.875,9.5],"tintindex":0,"rotation":0,"texture":"#1"}},"rotation":{"origin":[11.0,8.166864,9.21579],"angle":22.5,"axis":"x"}}],"display":{"gui":{"rotation":[30,225,0]}}}