{"textures":{"1":"modelengine:entity/scarycrow"},"elements":[{"from":[7.0,-1.000001,9.0],"to":[9.0,3.999999,11.0],"faces":{"east":{"uv":[9.0,9.875,9.25,10.5],"tintindex":0,"rotation":0,"texture":"#1"},"south":{"uv":[9.875,9.0,10.125,9.625],"tintindex":0,"rotation":0,"texture":"#1"},"north":{"uv":[8.75,9.875,9.0,10.5],"tintindex":0,"rotation":0,"texture":"#1"},"west":{"uv":[9.875,9.625,10.125,10.25],"tintindex":0,"rotation":0,"texture":"#1"},"up":{"uv":[2.25,9.125,2.0,8.875],"tintindex":0,"rotation":0,"texture":"#1"},"down":{"uv":[7.0,9.5,6.75,9.75],"tintindex":0,"rotation":0,"texture":"#1"}}},{"from":[6.0,3.999999,8.0],"to":[10.0,8.0,12.0],"faces":{"east":{"uv":[4.875,9.5,5.375,10.0],"tintindex":0,"rotation":0,"texture":"#1"},"south":{"uv":[6.25,9.5,6.75,10.0],"tintindex":0,"rotation":0,"texture":"#1"},"north":{"uv":[9.5,0.0,10.0,0.5],"tintindex":0,"rotation":0,"texture":"#1"},"west":{"uv":[9.5,7.875,10.0,8.375],"tintindex":0,"rotation":0,"texture":"#1"},"up":{"uv":[9.875,10.0,9.375,9.5],"tintindex":0,"rotation":0,"texture":"#1"},"down":{"uv":[0.5,9.75,0.0,10.25],"tintindex":0,"rotation":0,"texture":"#1"}}}],"display":{"gui":{"rotation":[30,225,0]}}}