{"textures":{"1":"modelengine:entity/scarycrow"},"elements":[{"from":[7.8,-3.2000008,4.7],"to":[11.8,10.799999,10.7],"faces":{"east":{"uv":[5.25,6.375,6.0,8.125],"tintindex":0,"rotation":0,"texture":"#1"},"south":{"uv":[7.625,7.375,8.125,9.125],"tintindex":0,"rotation":0,"texture":"#1"},"north":{"uv":[7.625,4.0,8.125,5.75],"tintindex":0,"rotation":0,"texture":"#1"},"west":{"uv":[6.0,6.375,6.75,8.125],"tintindex":0,"rotation":0,"texture":"#1"},"up":{"uv":[7.5,9.75,7.0,9.0],"tintindex":0,"rotation":0,"texture":"#1"},"down":{"uv":[8.625,9.0,8.125,9.75],"tintindex":0,"rotation":0,"texture":"#1"}}}],"display":{"gui":{"rotation":[30,225,0]}}}