{"textures":{"1":"modelengine:entity/scarycrow"},"elements":[{"from":[5.5,-3.699709,6.5370054],"to":[11.5,0.30029106,12.537005],"faces":{"east":{"uv":[9.0,5.875,9.75,6.375],"tintindex":0,"rotation":0,"texture":"#1"},"south":{"uv":[6.25,9.0,7.0,9.5],"tintindex":0,"rotation":0,"texture":"#1"},"north":{"uv":[9.0,5.0,9.75,5.5],"tintindex":0,"rotation":0,"texture":"#1"},"west":{"uv":[9.0,6.375,9.75,6.875],"tintindex":0,"rotation":0,"texture":"#1"},"up":{"uv":[7.625,6.0,6.875,5.25],"tintindex":0,"rotation":0,"texture":"#1"},"down":{"uv":[3.0,8.375,2.25,9.125],"tintindex":0,"rotation":0,"texture":"#1"}},"rotation":{"origin":[8.5,-1.6997089,10.537005],"angle":-22.5,"axis":"x"}},{"from":[2.5,2.1722794,4.585079],"to":[14.5,11.172279,4.585079],"faces":{"south":{"uv":[5.125,3.0,6.625,4.125],"tintindex":0,"rotation":0,"texture":"#1"},"north":{"uv":[5.125,3.0,6.625,4.125],"tintindex":0,"rotation":0,"texture":"#1"}},"rotation":{"origin":[8.0,8.172279,5.585079],"angle":45.0,"axis":"x"}},{"from":[2.5,-11.0,6.0],"to":[14.5,10.0,6.0],"faces":{"east":{"uv":[4.125,0.0,5.125,2.625],"tintindex":0,"rotation":0,"texture":"#1"},"south":{"uv":[4.0,0.0,2.5,2.625],"tintindex":0,"rotation":0,"texture":"#1"},"north":{"uv":[2.5,0.0,4.0,2.625],"tintindex":0,"rotation":0,"texture":"#1"},"west":{"uv":[4.125,2.625,5.125,5.25],"tintindex":0,"rotation":0,"texture":"#1"},"up":{"uv":[1.625,7.375,0.0,6.375],"tintindex":0,"rotation":0,"texture":"#1"},"down":{"uv":[3.25,6.375,1.625,7.375],"tintindex":0,"rotation":0,"texture":"#1"}}},{"from":[1.5,12.0,5.0],"to":[4.5,17.0,15.0],"faces":{"east":{"uv":[8.125,4.0,9.375,4.625],"tintindex":0,"rotation":0,"texture":"#1"},"south":{"uv":[8.125,9.75,8.5,10.375],"tintindex":0,"rotation":0,"texture":"#1"},"north":{"uv":[7.125,9.75,7.5,10.375],"tintindex":0,"rotation":0,"texture":"#1"},"west":{"uv":[4.375,8.125,5.625,8.75],"tintindex":0,"rotation":0,"texture":"#1"},"up":{"uv":[4.5,10.0,4.125,8.75],"tintindex":0,"rotation":0,"texture":"#1"},"down":{"uv":[4.875,8.75,4.5,10.0],"tintindex":0,"rotation":0,"texture":"#1"}},"rotation":{"origin":[8.0,8.0,8.0],"angle":-22.5,"axis":"x"}},{"from":[-7.5,15.0,6.0],"to":[-0.5,15.0,14.0],"faces":{"up":{"uv":[7.5,3.0,8.375,2.0],"tintindex":0,"rotation":0,"texture":"#1"},"down":{"uv":[7.625,3.0,8.5,4.0],"tintindex":0,"rotation":0,"texture":"#1"}},"rotation":{"origin":[-4.0,12.0,11.0],"angle":-45.0,"axis":"z"}},{"from":[-1.5,4.0,7.0],"to":[17.5,12.0,15.0],"faces":{"east":{"uv":[6.75,6.375,7.75,7.375],"tintindex":0,"rotation":0,"texture":"#1"},"south":{"uv":[5.125,0.0,7.5,1.0],"tintindex":0,"rotation":0,"texture":"#1"},"north":{"uv":[0.0,5.0,2.375,6.0],"tintindex":0,"rotation":0,"texture":"#1"},"west":{"uv":[0.0,7.375,1.0,8.375],"tintindex":0,"rotation":0,"texture":"#1"},"up":{"uv":[7.5,2.0,5.125,1.0],"tintindex":0,"rotation":0,"texture":"#1"},"down":{"uv":[7.5,2.0,5.125,3.0],"tintindex":0,"rotation":0,"texture":"#1"}},"rotation":{"origin":[8.0,8.0,8.0],"angle":-22.5,"axis":"x"}},{"from":[17.5,15.0,6.0],"to":[24.5,15.0,14.0],"faces":{"up":{"uv":[8.375,3.0,7.5,2.0],"tintindex":0,"rotation":0,"texture":"#1"},"down":{"uv":[8.5,3.0,7.625,4.0],"tintindex":0,"rotation":0,"texture":"#1"}},"rotation":{"origin":[21.0,12.0,11.0],"angle":45.0,"axis":"z"}},{"from":[-9.5,8.0,11.0],"to":[26.5,11.0,14.0],"faces":{"east":{"uv":[7.75,7.0,8.125,7.375],"tintindex":0,"rotation":0,"texture":"#1"},"south":{"uv":[2.375,5.625,6.875,6.0],"tintindex":0,"rotation":0,"texture":"#1"},"north":{"uv":[2.375,5.25,6.875,5.625],"tintindex":0,"rotation":0,"texture":"#1"},"west":{"uv":[9.75,7.5,10.125,7.875],"tintindex":0,"rotation":0,"texture":"#1"},"up":{"uv":[4.5,6.375,0.0,6.0],"tintindex":0,"rotation":0,"texture":"#1"},"down":{"uv":[9.0,6.0,4.5,6.375],"tintindex":0,"rotation":0,"texture":"#1"}},"rotation":{"origin":[8.0,8.0,8.0],"angle":-22.5,"axis":"x"}},{"from":[12.5,5.0,5.0],"to":[12.5,12.0,8.0],"faces":{"east":{"uv":[8.625,9.0,9.0,9.875],"tintindex":0,"rotation":0,"texture":"#1"},"west":{"uv":[9.0,9.0,9.375,9.875],"tintindex":0,"rotation":0,"texture":"#1"}},"rotation":{"origin":[8.0,8.0,8.0],"angle":-22.5,"axis":"x"}},{"from":[4.5,5.0,5.0],"to":[4.5,12.0,8.0],"faces":{"east":{"uv":[2.0,9.125,2.375,10.0],"tintindex":0,"rotation":0,"texture":"#1"},"west":{"uv":[2.375,9.125,2.75,10.0],"tintindex":0,"rotation":0,"texture":"#1"}},"rotation":{"origin":[8.0,8.0,8.0],"angle":-22.5,"axis":"x"}},{"from":[4.5,-1.0,7.0],"to":[12.5,11.0,12.0],"faces":{"east":{"uv":[1.0,7.375,1.625,8.875],"tintindex":0,"rotation":0,"texture":"#1"},"south":{"uv":[4.25,6.375,5.25,7.875],"tintindex":0,"rotation":0,"texture":"#1"},"north":{"uv":[3.25,6.375,4.25,7.875],"tintindex":0,"rotation":0,"texture":"#1"},"west":{"uv":[1.625,7.375,2.25,8.875],"tintindex":0,"rotation":0,"texture":"#1"},"up":{"uv":[7.5,9.0,6.5,8.375],"tintindex":0,"rotation":0,"texture":"#1"},"down":{"uv":[9.125,8.375,8.125,9.0],"tintindex":0,"rotation":0,"texture":"#1"}}},{"from":[2.5,-11.0,14.0],"to":[14.5,10.0,14.0],"faces":{"east":{"uv":[4.125,0.0,5.125,2.625],"tintindex":0,"rotation":0,"texture":"#1"},"south":{"uv":[2.5,2.625,4.0,5.25],"tintindex":0,"rotation":0,"texture":"#1"},"north":{"uv":[4.0,2.625,2.5,5.25],"tintindex":0,"rotation":0,"texture":"#1"},"west":{"uv":[4.125,2.625,5.125,5.25],"tintindex":0,"rotation":0,"texture":"#1"},"up":{"uv":[1.625,7.375,0.0,6.375],"tintindex":0,"rotation":0,"texture":"#1"},"down":{"uv":[3.25,6.375,1.625,7.375],"tintindex":0,"rotation":0,"texture":"#1"}}},{"from":[4.5,12.0,13.0],"to":[12.5,17.0,15.0],"faces":{"east":{"uv":[9.875,4.0,10.125,4.625],"tintindex":0,"rotation":0,"texture":"#1"},"south":{"uv":[8.375,2.0,9.375,2.625],"tintindex":0,"rotation":0,"texture":"#1"},"north":{"uv":[8.375,1.375,9.375,2.0],"tintindex":0,"rotation":0,"texture":"#1"},"west":{"uv":[8.5,9.875,8.75,10.5],"tintindex":0,"rotation":0,"texture":"#1"},"up":{"uv":[10.125,9.0,9.125,8.75],"tintindex":0,"rotation":0,"texture":"#1"},"down":{"uv":[10.25,3.125,9.25,3.375],"tintindex":0,"rotation":0,"texture":"#1"}},"rotation":{"origin":[8.0,8.0,8.0],"angle":-22.5,"axis":"x"}},{"from":[2.5,-11.0,6.0],"to":[2.5,10.0,14.0],"faces":{"east":{"uv":[5.125,2.625,4.125,5.25],"tintindex":0,"rotation":0,"texture":"#1"},"south":{"uv":[2.5,2.625,4.0,5.25],"tintindex":0,"rotation":0,"texture":"#1"},"north":{"uv":[2.5,0.0,4.0,2.625],"tintindex":0,"rotation":0,"texture":"#1"},"west":{"uv":[4.125,2.625,5.125,5.25],"tintindex":0,"rotation":0,"texture":"#1"},"up":{"uv":[1.625,7.375,0.0,6.375],"tintindex":0,"rotation":0,"texture":"#1"},"down":{"uv":[3.25,6.375,1.625,7.375],"tintindex":0,"rotation":0,"texture":"#1"}}},{"from":[12.5,12.0,5.0],"to":[15.5,17.0,15.0],"faces":{"east":{"uv":[7.75,6.375,9.0,7.0],"tintindex":0,"rotation":0,"texture":"#1"},"south":{"uv":[9.75,6.875,10.125,7.5],"tintindex":0,"rotation":0,"texture":"#1"},"north":{"uv":[6.75,9.75,7.125,10.375],"tintindex":0,"rotation":0,"texture":"#1"},"west":{"uv":[3.125,7.875,4.375,8.5],"tintindex":0,"rotation":0,"texture":"#1"},"up":{"uv":[4.125,9.75,3.75,8.5],"tintindex":0,"rotation":0,"texture":"#1"},"down":{"uv":[9.0,7.0,8.625,8.25],"tintindex":0,"rotation":0,"texture":"#1"}},"rotation":{"origin":[8.0,8.0,8.0],"angle":-22.5,"axis":"x"}},{"from":[2.5,-1.8277206,15.585079],"to":[14.5,7.1722794,15.585079],"faces":{"south":{"uv":[5.125,3.0,6.625,4.125],"tintindex":0,"rotation":0,"texture":"#1"},"north":{"uv":[5.125,3.0,6.625,4.125],"tintindex":0,"rotation":0,"texture":"#1"}},"rotation":{"origin":[8.5,2.6722794,15.585079],"angle":-22.5,"axis":"x"}},{"from":[14.5,-11.0,6.0],"to":[14.5,10.0,14.0],"faces":{"east":{"uv":[4.125,0.0,5.125,2.625],"tintindex":0,"rotation":0,"texture":"#1"},"south":{"uv":[2.5,2.625,4.0,5.25],"tintindex":0,"rotation":0,"texture":"#1"},"north":{"uv":[2.5,0.0,4.0,2.625],"tintindex":0,"rotation":0,"texture":"#1"},"west":{"uv":[5.125,0.0,4.125,2.625],"tintindex":0,"rotation":0,"texture":"#1"},"up":{"uv":[1.625,7.375,0.0,6.375],"tintindex":0,"rotation":0,"texture":"#1"},"down":{"uv":[3.25,6.375,1.625,7.375],"tintindex":0,"rotation":0,"texture":"#1"}}}],"display":{"gui":{"rotation":[30,225,0]}}}