{"textures":{"0":"modelengine:entity/candy_cauldron"},"elements":[{"from":[14.25,19.030735,6.195518],"to":[19.25,23.030735,9.1955185],"faces":{"east":{"uv":[1.25,10.5,2.0,11.5],"tintindex":0,"rotation":0,"texture":"#0"},"south":{"uv":[4.75,9.0,6.0,10.0],"tintindex":0,"rotation":0,"texture":"#0"},"north":{"uv":[2.5,7.5,3.75,8.5],"tintindex":0,"rotation":0,"texture":"#0"},"west":{"uv":[4.75,10.5,5.5,11.5],"tintindex":0,"rotation":0,"texture":"#0"},"up":{"uv":[7.25,9.75,6.0,9.0],"tintindex":0,"rotation":0,"texture":"#0"},"down":{"uv":[1.25,10.5,0.0,11.25],"tintindex":0,"rotation":0,"texture":"#0"}},"rotation":{"origin":[16.75,20.030735,7.695518],"angle":22.5,"axis":"z"}},{"from":[-3.75,19.030735,6.195518],"to":[1.25,23.030735,9.1955185],"faces":{"east":{"uv":[5.5,10.5,4.75,11.5],"tintindex":0,"rotation":0,"texture":"#0"},"south":{"uv":[6.0,9.0,4.75,10.0],"tintindex":0,"rotation":0,"texture":"#0"},"north":{"uv":[3.75,7.5,2.5,8.5],"tintindex":0,"rotation":0,"texture":"#0"},"west":{"uv":[2.0,10.5,1.25,11.5],"tintindex":0,"rotation":0,"texture":"#0"},"up":{"uv":[6.0,9.75,7.25,9.0],"tintindex":0,"rotation":0,"texture":"#0"},"down":{"uv":[0.0,10.5,1.25,11.25],"tintindex":0,"rotation":0,"texture":"#0"}},"rotation":{"origin":[-1.25,20.030735,7.695518],"angle":-22.5,"axis":"z"}},{"from":[7.0,8.5,12.0],"to":[9.0,12.5,15.0],"faces":{"east":{"uv":[5.5,10.5,6.25,11.5],"tintindex":0,"rotation":0,"texture":"#0"},"south":{"uv":[10.75,1.75,11.25,2.75],"tintindex":0,"rotation":0,"texture":"#0"},"north":{"uv":[10.75,2.75,11.25,3.75],"tintindex":0,"rotation":0,"texture":"#0"},"west":{"uv":[6.25,10.5,7.0,11.5],"tintindex":0,"rotation":0,"texture":"#0"},"up":{"uv":[3.25,9.0,2.5,8.5],"tintindex":0,"rotation":90,"texture":"#0"},"down":{"uv":[11.5,3.75,10.75,4.25],"tintindex":0,"rotation":270,"texture":"#0"}},"rotation":{"origin":[8.0,10.0,14.0],"angle":-22.5,"axis":"x"}},{"from":[0.25,19.030735,0.19551802],"to":[15.25,22.030735,15.1955185],"faces":{"east":{"uv":[9.5,9.25,13.25,10.0],"tintindex":0,"rotation":0,"texture":"#0"},"south":{"uv":[9.75,6.0,13.5,6.75],"tintindex":0,"rotation":0,"texture":"#0"},"north":{"uv":[9.5,8.5,13.25,9.25],"tintindex":0,"rotation":0,"texture":"#0"},"west":{"uv":[9.75,6.75,13.5,7.5],"tintindex":0,"rotation":0,"texture":"#0"},"up":{"uv":[3.75,3.75,0.0,0.0],"tintindex":0,"rotation":0,"texture":"#0"},"down":{"uv":[3.75,3.75,0.0,7.5],"tintindex":0,"rotation":0,"texture":"#0"}}},{"from":[0.44551802,8.5,6.445518],"to":[3.445518,12.5,8.4455185],"faces":{"east":{"uv":[11.25,2.75,10.75,3.75],"tintindex":0,"rotation":0,"texture":"#0"},"south":{"uv":[7.0,10.5,6.25,11.5],"tintindex":0,"rotation":0,"texture":"#0"},"north":{"uv":[6.25,10.5,5.5,11.5],"tintindex":0,"rotation":0,"texture":"#0"},"west":{"uv":[11.25,1.75,10.75,2.75],"tintindex":0,"rotation":0,"texture":"#0"},"up":{"uv":[2.5,9.0,3.25,8.5],"tintindex":0,"rotation":0,"texture":"#0"},"down":{"uv":[10.75,3.75,11.5,4.25],"tintindex":0,"rotation":0,"texture":"#0"}},"rotation":{"origin":[1.445518,10.0,7.445518],"angle":-22.5,"axis":"z"}},{"from":[12.0544815,8.5,6.445518],"to":[15.0544815,12.5,8.4455185],"faces":{"east":{"uv":[10.75,1.75,11.25,2.75],"tintindex":0,"rotation":0,"texture":"#0"},"south":{"uv":[6.25,10.5,7.0,11.5],"tintindex":0,"rotation":0,"texture":"#0"},"north":{"uv":[5.5,10.5,6.25,11.5],"tintindex":0,"rotation":0,"texture":"#0"},"west":{"uv":[10.75,2.75,11.25,3.75],"tintindex":0,"rotation":0,"texture":"#0"},"up":{"uv":[3.25,9.0,2.5,8.5],"tintindex":0,"rotation":0,"texture":"#0"},"down":{"uv":[11.5,3.75,10.75,4.25],"tintindex":0,"rotation":0,"texture":"#0"}},"rotation":{"origin":[14.0544815,10.0,7.445518],"angle":22.5,"axis":"z"}},{"from":[7.0,8.5,0.39103603],"to":[9.0,12.5,3.391036],"faces":{"east":{"uv":[6.25,10.5,5.5,11.5],"tintindex":0,"rotation":0,"texture":"#0"},"south":{"uv":[11.25,2.75,10.75,3.75],"tintindex":0,"rotation":0,"texture":"#0"},"north":{"uv":[11.25,1.75,10.75,2.75],"tintindex":0,"rotation":0,"texture":"#0"},"west":{"uv":[7.0,10.5,6.25,11.5],"tintindex":0,"rotation":0,"texture":"#0"},"up":{"uv":[2.5,9.0,3.25,8.5],"tintindex":0,"rotation":90,"texture":"#0"},"down":{"uv":[10.75,3.75,11.5,4.25],"tintindex":0,"rotation":270,"texture":"#0"}},"rotation":{"origin":[8.0,10.0,1.391036],"angle":22.5,"axis":"x"}},{"from":[0.75,11.030734,0.695518],"to":[14.75,19.030735,14.6955185],"faces":{"east":{"uv":[7.25,0.0,10.75,2.0],"tintindex":0,"rotation":0,"texture":"#0"},"south":{"uv":[7.25,2.0,10.75,4.0],"tintindex":0,"rotation":0,"texture":"#0"},"north":{"uv":[3.75,7.0,7.25,9.0],"tintindex":0,"rotation":0,"texture":"#0"},"west":{"uv":[7.25,4.0,10.75,6.0],"tintindex":0,"rotation":0,"texture":"#0"},"up":{"uv":[7.25,3.5,3.75,0.0],"tintindex":0,"rotation":0,"texture":"#0"},"down":{"uv":[7.25,3.5,3.75,7.0],"tintindex":0,"rotation":0,"texture":"#0"}}},{"from":[3.25,22.030735,3.195518],"to":[12.25,23.030735,12.1955185],"faces":{"east":{"uv":[10.75,1.0,13.0,1.25],"tintindex":0,"rotation":0,"texture":"#0"},"south":{"uv":[10.75,1.25,13.0,1.5],"tintindex":0,"rotation":0,"texture":"#0"},"north":{"uv":[10.75,0.75,13.0,1.0],"tintindex":0,"rotation":0,"texture":"#0"},"west":{"uv":[10.75,1.5,13.0,1.75],"tintindex":0,"rotation":0,"texture":"#0"},"up":{"uv":[9.5,10.75,7.25,8.5],"tintindex":0,"rotation":0,"texture":"#0"},"down":{"uv":[4.75,9.0,2.5,11.25],"tintindex":0,"rotation":0,"texture":"#0"}}},{"from":[2.75,9.030734,2.695518],"to":[12.75,11.030734,12.6955185],"faces":{"east":{"uv":[9.75,8.0,12.25,8.5],"tintindex":0,"rotation":0,"texture":"#0"},"south":{"uv":[0.0,10.0,2.5,10.5],"tintindex":0,"rotation":0,"texture":"#0"},"north":{"uv":[9.75,7.5,12.25,8.0],"tintindex":0,"rotation":0,"texture":"#0"},"west":{"uv":[4.75,10.0,7.25,10.5],"tintindex":0,"rotation":0,"texture":"#0"},"up":{"uv":[9.75,8.5,7.25,6.0],"tintindex":0,"rotation":0,"texture":"#0"},"down":{"uv":[2.5,7.5,0.0,10.0],"tintindex":0,"rotation":0,"texture":"#0"}}}],"display":{"gui":{"rotation":[30,225,0]}}}