{"textures":{"0":"modelengine:entity/candy_cauldron"},"elements":[{"from":[16.5,2.5,9.5],"to":[17.5,3.5,20.5],"faces":{"east":{"uv":[10.75,0.25,13.5,0.5],"tintindex":0,"rotation":0,"texture":"#0"},"south":{"uv":[3.5,8.5,3.75,8.75],"tintindex":0,"rotation":0,"texture":"#0"},"north":{"uv":[3.25,8.5,3.5,8.75],"tintindex":0,"rotation":0,"texture":"#0"},"west":{"uv":[10.75,0.5,13.5,0.75],"tintindex":0,"rotation":0,"texture":"#0"},"up":{"uv":[2.25,13.25,2.0,10.5],"tintindex":0,"rotation":0,"texture":"#0"},"down":{"uv":[2.5,10.5,2.25,13.25],"tintindex":0,"rotation":0,"texture":"#0"}},"rotation":{"origin":[19.0,7.0,16.0],"angle":45.0,"axis":"x"}},{"from":[-1.5,2.5,9.5],"to":[-0.5,3.5,20.5],"faces":{"east":{"uv":[13.5,0.5,10.75,0.75],"tintindex":0,"rotation":0,"texture":"#0"},"south":{"uv":[3.75,8.5,3.5,8.75],"tintindex":0,"rotation":0,"texture":"#0"},"north":{"uv":[3.5,8.5,3.25,8.75],"tintindex":0,"rotation":0,"texture":"#0"},"west":{"uv":[13.5,0.25,10.75,0.5],"tintindex":0,"rotation":0,"texture":"#0"},"up":{"uv":[2.0,13.25,2.25,10.5],"tintindex":0,"rotation":0,"texture":"#0"},"down":{"uv":[2.25,10.5,2.5,13.25],"tintindex":0,"rotation":0,"texture":"#0"}},"rotation":{"origin":[-3.0,7.0,16.0],"angle":45.0,"axis":"x"}},{"from":[-0.5,2.5,19.5],"to":[16.5,3.5,20.5],"faces":{"east":{"uv":[3.25,8.75,3.5,9.0],"tintindex":0,"rotation":0,"texture":"#0"},"south":{"uv":[9.5,10.25,13.75,10.5],"tintindex":0,"rotation":0,"texture":"#0"},"north":{"uv":[9.5,10.0,13.75,10.25],"tintindex":0,"rotation":0,"texture":"#0"},"west":{"uv":[3.5,8.75,3.75,9.0],"tintindex":0,"rotation":0,"texture":"#0"},"up":{"uv":[13.75,10.75,9.5,10.5],"tintindex":0,"rotation":0,"texture":"#0"},"down":{"uv":[15.0,0.0,10.75,0.25],"tintindex":0,"rotation":0,"texture":"#0"}},"rotation":{"origin":[19.0,7.0,16.0],"angle":45.0,"axis":"x"}}],"display":{"gui":{"rotation":[30,225,0]}}}