{
	"credit": "Made with Blockbench",
	"ambientocclusion": false,
	"texture_size": [64, 64],
	"textures": {
		"0": "netherite_pickaxe/toffy_halloween_pickaxe",
		"particle": "netherite_pickaxe/toffy_halloween_pickaxe"
	},
	"elements": [
		{
			"from": [7, -7, 7],
			"to": [9, 15, 9],
			"faces": {
				"north": {"uv": [0, 3, 0.5, 8.5], "texture": "#0"},
				"east": {"uv": [0.75, 3, 1.25, 8.5], "texture": "#0"},
				"south": {"uv": [1.5, 3, 2, 8.5], "texture": "#0"},
				"west": {"uv": [2.25, 3, 2.75, 8.5], "texture": "#0"},
				"up": {"uv": [8.75, 6.5, 8.25, 6], "texture": "#0"},
				"down": {"uv": [8.75, 8, 8.25, 8.5], "texture": "#0"}
			}
		},
		{
			"from": [7.5, -4.5, 8.5],
			"to": [8.5, -3.5, 9.5],
			"rotation": {"angle": 22.5, "axis": "x", "origin": [8, -4.5, 9.5]},
			"faces": {
				"north": {"uv": [0.5, 9.75, 0.75, 10], "texture": "#0"},
				"east": {"uv": [1, 9.75, 1.25, 10], "texture": "#0"},
				"south": {"uv": [1.5, 9.75, 1.75, 10], "texture": "#0"},
				"west": {"uv": [2, 9.75, 2.25, 10], "texture": "#0"},
				"up": {"uv": [2.75, 10, 2.5, 9.75], "texture": "#0"},
				"down": {"uv": [3.25, 9.75, 3, 10], "texture": "#0"}
			}
		},
		{
			"from": [8, -14, 8],
			"to": [8, -3, 18],
			"faces": {
				"north": {"uv": [3.5, 8.25, 3.5, 11], "texture": "#0"},
				"east": {"uv": [0, 0, 2.5, 2.75], "texture": "#0"},
				"south": {"uv": [6.75, 9.5, 6.75, 12.25], "texture": "#0"},
				"west": {"uv": [2.75, 0, 5.25, 2.75], "texture": "#0"},
				"up": {"uv": [8, 12, 8, 9.5], "texture": "#0"},
				"down": {"uv": [9.75, 3, 9.75, 5.5], "texture": "#0"}
			}
		},
		{
			"from": [7.5, 6, -8.41421],
			"to": [8.5, 10, -6.41421],
			"rotation": {"angle": 45, "axis": "x", "origin": [0, 0, 0.58579]},
			"faces": {
				"north": {"uv": [8.5, 0, 8.75, 1], "texture": "#0"},
				"east": {"uv": [7.25, 0, 7.75, 1], "texture": "#0"},
				"south": {"uv": [8.5, 1.25, 8.75, 2.25], "texture": "#0"},
				"west": {"uv": [7.25, 1.25, 7.75, 2.25], "texture": "#0"},
				"up": {"uv": [5, 9.5, 4.75, 9], "texture": "#0"},
				"down": {"uv": [7.25, 9, 7, 9.5], "texture": "#0"}
			}
		},
		{
			"from": [7.5, 3, -8.41421],
			"to": [8.5, 6, -7.41421],
			"rotation": {"angle": 45, "axis": "x", "origin": [0, 0, 0.58579]},
			"faces": {
				"north": {"uv": [2.5, 8.75, 2.75, 9.5], "texture": "#0"},
				"east": {"uv": [8.75, 3.75, 9, 4.5], "texture": "#0"},
				"south": {"uv": [8.25, 8.75, 8.5, 9.5], "texture": "#0"},
				"west": {"uv": [8.75, 8.75, 9, 9.5], "texture": "#0"},
				"up": {"uv": [9.75, 2.75, 9.5, 2.5], "texture": "#0"},
				"down": {"uv": [6.5, 9.5, 6.25, 9.75], "texture": "#0"}
			}
		},
		{
			"from": [7, 10.43503, 1.29289],
			"to": [9, 13.43503, 7.29289],
			"rotation": {"angle": 0, "axis": "y", "origin": [0, 3.43503, -3.70711]},
			"faces": {
				"north": {"uv": [8, 4, 8.5, 4.75], "texture": "#0"},
				"east": {"uv": [3, 3, 4.5, 3.75], "texture": "#0"},
				"south": {"uv": [4.25, 8, 4.75, 8.75], "texture": "#0"},
				"west": {"uv": [3, 4, 4.5, 4.75], "texture": "#0"},
				"up": {"uv": [6.5, 6.5, 6, 5], "texture": "#0"},
				"down": {"uv": [7, 0, 6.5, 1.5], "texture": "#0"}
			}
		},
		{
			"from": [7, 10.43503, 8.70711],
			"to": [9, 13.43503, 14.70711],
			"rotation": {"angle": 0, "axis": "y", "origin": [0, 3.43503, 19.70711]},
			"faces": {
				"north": {"uv": [4.75, 8, 4.25, 8.75], "texture": "#0"},
				"east": {"uv": [4.5, 3, 3, 3.75], "texture": "#0"},
				"south": {"uv": [8.5, 4, 8, 4.75], "texture": "#0"},
				"west": {"uv": [4.5, 4, 3, 4.75], "texture": "#0"},
				"up": {"uv": [6.5, 5, 6, 6.5], "texture": "#0"},
				"down": {"uv": [7, 1.5, 6.5, 0], "texture": "#0"}
			}
		},
		{
			"from": [7.5, 6, 22.41421],
			"to": [8.5, 10, 24.41421],
			"rotation": {"angle": -45, "axis": "x", "origin": [0, 0, 15.41421]},
			"faces": {
				"north": {"uv": [8.75, 1.25, 8.5, 2.25], "texture": "#0"},
				"east": {"uv": [7.75, 0, 7.25, 1], "texture": "#0"},
				"south": {"uv": [8.75, 0, 8.5, 1], "texture": "#0"},
				"west": {"uv": [7.75, 1.25, 7.25, 2.25], "texture": "#0"},
				"up": {"uv": [5, 9, 4.75, 9.5], "texture": "#0"},
				"down": {"uv": [7.25, 9.5, 7, 9], "texture": "#0"}
			}
		},
		{
			"from": [7.5, 3, 23.41421],
			"to": [8.5, 6, 24.41421],
			"rotation": {"angle": -45, "axis": "x", "origin": [0, 0, 15.41421]},
			"faces": {
				"north": {"uv": [8.5, 8.75, 8.25, 9.5], "texture": "#0"},
				"east": {"uv": [9, 3.75, 8.75, 4.5], "texture": "#0"},
				"south": {"uv": [2.75, 8.75, 2.5, 9.5], "texture": "#0"},
				"west": {"uv": [9, 8.75, 8.75, 9.5], "texture": "#0"},
				"up": {"uv": [9.75, 2.5, 9.5, 2.75], "texture": "#0"},
				"down": {"uv": [6.5, 9.75, 6.25, 9.5], "texture": "#0"}
			}
		},
		{
			"from": [7.5, 15, 7.5],
			"to": [8.5, 16, 8.5],
			"faces": {
				"north": {"uv": [9.25, 4.25, 9.5, 4.5], "texture": "#0"},
				"east": {"uv": [9.25, 7, 9.5, 7.25], "texture": "#0"},
				"south": {"uv": [9.25, 7.5, 9.5, 7.75], "texture": "#0"},
				"west": {"uv": [9.25, 8.75, 9.5, 9], "texture": "#0"},
				"up": {"uv": [9.5, 9.5, 9.25, 9.25], "texture": "#0"},
				"down": {"uv": [9.75, 0, 9.5, 0.25], "texture": "#0"}
			}
		},
		{
			"from": [6.5, 9, 6.5],
			"to": [9.5, 14, 9.5],
			"faces": {
				"north": {"uv": [3, 5, 3.75, 6.25], "texture": "#0"},
				"east": {"uv": [4, 5, 4.75, 6.25], "texture": "#0"},
				"south": {"uv": [5, 5, 5.75, 6.25], "texture": "#0"},
				"west": {"uv": [5.5, 0, 6.25, 1.25], "texture": "#0"},
				"up": {"uv": [7.5, 5.75, 6.75, 5], "texture": "#0"},
				"down": {"uv": [6, 6.75, 5.25, 7.5], "texture": "#0"}
			}
		},
		{
			"from": [7, 17, 7.5],
			"to": [9, 22, 8.5],
			"rotation": {"angle": 0, "axis": "y", "origin": [0, -2, 0]},
			"faces": {
				"north": {"uv": [5.5, 1.5, 6, 2.75], "texture": "#0"},
				"east": {"uv": [7.75, 8, 8, 9.25], "texture": "#0"},
				"south": {"uv": [6.5, 3.5, 7, 4.75], "texture": "#0"},
				"west": {"uv": [3, 8.25, 3.25, 9.5], "texture": "#0"},
				"up": {"uv": [9.5, 3.25, 9, 3], "texture": "#0"},
				"down": {"uv": [9.5, 6, 9, 6.25], "texture": "#0"}
			}
		},
		{
			"from": [7.025, 19, 5.5],
			"to": [8.975, 20, 10.5],
			"rotation": {"angle": 0, "axis": "y", "origin": [0, -2, 0]},
			"faces": {
				"north": {"uv": [6.25, 9, 6.75, 9.25], "texture": "#0"},
				"east": {"uv": [8.25, 5, 9.5, 5.25], "texture": "#0"},
				"south": {"uv": [9, 6.5, 9.5, 6.75], "texture": "#0"},
				"west": {"uv": [8.25, 5.5, 9.5, 5.75], "texture": "#0"},
				"up": {"uv": [4.25, 7.75, 3.75, 6.5], "texture": "#0"},
				"down": {"uv": [5, 6.5, 4.5, 7.75], "texture": "#0"}
			}
		},
		{
			"from": [7.5, 19, 4.5],
			"to": [8.5, 20, 11.5],
			"rotation": {"angle": 45, "axis": "z", "origin": [8, 19.5, 8]},
			"faces": {
				"north": {"uv": [9.5, 0.5, 9.75, 0.75], "texture": "#0"},
				"east": {"uv": [7.25, 7, 9, 7.25], "texture": "#0"},
				"south": {"uv": [9.5, 1, 9.75, 1.25], "texture": "#0"},
				"west": {"uv": [7.25, 7.5, 9, 7.75], "texture": "#0"},
				"up": {"uv": [8, 6.75, 7.75, 5], "texture": "#0"},
				"down": {"uv": [5.5, 7.75, 5.25, 9.5], "texture": "#0"}
			}
		},
		{
			"from": [7.5, 18, 6.5],
			"to": [8.5, 21, 9.5],
			"rotation": {"angle": 0, "axis": "y", "origin": [0, -2, 0]},
			"faces": {
				"north": {"uv": [0.5, 8.75, 0.75, 9.5], "texture": "#0"},
				"east": {"uv": [6.75, 6, 7.5, 6.75], "texture": "#0"},
				"south": {"uv": [1, 8.75, 1.25, 9.5], "texture": "#0"},
				"west": {"uv": [6.25, 7, 7, 7.75], "texture": "#0"},
				"up": {"uv": [1.75, 9.5, 1.5, 8.75], "texture": "#0"},
				"down": {"uv": [2.25, 8.75, 2, 9.5], "texture": "#0"}
			}
		},
		{
			"from": [7.5, 16, 7.5],
			"to": [8.5, 23, 8.5],
			"rotation": {"angle": -45, "axis": "y", "origin": [8, 19.5, 8]},
			"faces": {
				"north": {"uv": [5.75, 7.75, 6, 9.5], "texture": "#0"},
				"east": {"uv": [8, 0, 8.25, 1.75], "texture": "#0"},
				"south": {"uv": [8, 2, 8.25, 3.75], "texture": "#0"},
				"west": {"uv": [3.75, 8, 4, 9.75], "texture": "#0"},
				"up": {"uv": [9.75, 1.75, 9.5, 1.5], "texture": "#0"},
				"down": {"uv": [9.75, 2, 9.5, 2.25], "texture": "#0"}
			}
		}
	],
	"gui_light": "front",
	"display": {
		"thirdperson_righthand": {
			"translation": [0, 3.25, 1.75],
			"scale": [0.65, 0.65, 0.65]
		},
		"thirdperson_lefthand": {
			"translation": [0, 3.25, 1.75],
			"scale": [0.65, 0.65, 0.65]
		},
		"firstperson_righthand": {
			"translation": [0, 3, 0],
			"scale": [0.5, 0.5, 0.5]
		},
		"firstperson_lefthand": {
			"translation": [0, 3, 0],
			"scale": [0.5, 0.5, 0.5]
		},
		"ground": {
			"rotation": [45, 0, 0],
			"scale": [0.25, 0.25, 0.25]
		},
		"gui": {
			"rotation": [40, 45, 116],
			"translation": [0.5, 1.25, 0],
			"scale": [0.55, -0.55, 0.55]
		},
		"head": {
			"rotation": [0, 90, 0],
			"translation": [0, 3.75, 0]
		},
		"fixed": {
			"rotation": [90, -45, 90],
			"translation": [-1, 1.25, -0.5],
			"scale": [0.65, 0.65, 0.65]
		}
	},
	"groups": [
		0,
		1,
		2,
		3,
		4,
		5,
		6,
		7,
		8,
		9,
		10,
		{
			"name": "star",
			"origin": [8, 21.5, 8],
			"color": 0,
			"children": [11, 12, 13, 14, 15]
		}
	]
}