{"textures":{"0":"modelengine:entity/chameleon","particle":"#0"},"elements":[{"from":[7.0,3.0,7.0],"to":[9.0,4.0,11.0],"faces":{"east":{"uv":[0.0,13.0,2.0,13.5],"tintindex":0,"rotation":0,"texture":"#0"},"south":{"uv":[1.5,13.5,2.5,14.0],"tintindex":0,"rotation":0,"texture":"#0"},"north":{"uv":[13.5,2.0,14.5,2.5],"tintindex":0,"rotation":0,"texture":"#0"},"west":{"uv":[12.5,12.5,14.5,13.0],"tintindex":0,"rotation":0,"texture":"#0"},"up":{"uv":[2.0,11.5,3.0,13.5],"tintindex":0,"rotation":0,"texture":"#0"},"down":{"uv":[11.5,4.0,12.5,2.0],"tintindex":0,"rotation":0,"texture":"#0"}}},{"from":[7.5,4.0,8.0],"to":[8.5,8.0,10.0],"faces":{"east":{"uv":[11.5,0.0,12.5,2.0],"tintindex":0,"rotation":0,"texture":"#0"},"south":{"uv":[11.5,12.5,12.0,14.5],"tintindex":0,"rotation":0,"texture":"#0"},"north":{"uv":[12.0,12.5,12.5,14.5],"tintindex":0,"rotation":0,"texture":"#0"},"west":{"uv":[11.0,10.5,12.0,12.5],"tintindex":0,"rotation":0,"texture":"#0"},"up":{"uv":[1.0,13.5,1.5,14.5],"tintindex":0,"rotation":0,"texture":"#0"},"down":{"uv":[13.5,2.0,14.0,1.0],"tintindex":0,"rotation":0,"texture":"#0"}}}],"display":{"head":{"rotation":[0.0,0.0,0.0]},"firstperson_righthand":{"rotation":[0.0,0.0,0.0]},"thirdperson_lefthand":{"rotation":[0.0,-0.0,-0.0]},"firstperson_lefthand":{"rotation":[0.0,-0.0,-0.0]},"fixed":{"rotation":[0.0,0.0,0.0]},"ground":{"rotation":[0.0,0.0,0.0]},"thirdperson_righthand":{"rotation":[0.0,0.0,0.0]},"gui":{"rotation":[-150.0,-45.0,180.0]}}}