{"textures":{"0":"modelengine:entity/chameleon","particle":"#0"},"elements":[{"from":[7.0,7.0,7.0],"to":[9.0,10.0,9.0],"faces":{"east":{"uv":[7.5,12.0,8.5,13.5],"tintindex":0,"rotation":0,"texture":"#0"},"south":{"uv":[11.5,5.5,12.5,7.0],"tintindex":0,"rotation":0,"texture":"#0"},"north":{"uv":[12.0,4.0,13.0,5.5],"tintindex":0,"rotation":0,"texture":"#0"},"west":{"uv":[11.5,7.0,12.5,8.5],"tintindex":0,"rotation":0,"texture":"#0"},"up":{"uv":[12.5,6.5,13.5,7.5],"tintindex":0,"rotation":0,"texture":"#0"},"down":{"uv":[12.5,8.5,13.5,7.5],"tintindex":0,"rotation":0,"texture":"#0"}}},{"from":[8.0,7.0,4.0],"to":[9.0,9.0,7.0],"faces":{"east":{"uv":[6.0,12.5,7.5,13.5],"tintindex":0,"rotation":0,"texture":"#0"},"south":{"uv":[13.5,0.0,14.0,1.0],"tintindex":0,"rotation":0,"texture":"#0"},"north":{"uv":[0.5,13.5,1.0,14.5],"tintindex":0,"rotation":0,"texture":"#0"},"west":{"uv":[12.5,5.5,14.0,6.5],"tintindex":0,"rotation":0,"texture":"#0"},"up":{"uv":[12.5,13.0,13.0,14.5],"tintindex":0,"rotation":0,"texture":"#0"},"down":{"uv":[13.0,14.5,13.5,13.0],"tintindex":0,"rotation":0,"texture":"#0"}}}],"display":{"head":{"rotation":[0.0,0.0,0.0]},"firstperson_righthand":{"rotation":[0.0,0.0,0.0]},"thirdperson_lefthand":{"rotation":[0.0,-0.0,-0.0]},"firstperson_lefthand":{"rotation":[0.0,-0.0,-0.0]},"fixed":{"rotation":[0.0,0.0,0.0]},"ground":{"rotation":[0.0,0.0,0.0]},"thirdperson_righthand":{"rotation":[0.0,0.0,0.0]},"gui":{"rotation":[-150.0,-45.0,180.0]}}}