{"textures":{"0":"modelengine:entity/chameleon","particle":"#0"},"elements":[{"from":[6.5,6.0,4.0],"to":[9.5,10.0,8.0],"faces":{"east":{"uv":[15.5,5.0,16.0,5.5],"tintindex":0,"rotation":0,"texture":"#0"},"south":{"uv":[15.5,5.0,16.0,5.5],"tintindex":0,"rotation":0,"texture":"#0"},"north":{"uv":[15.5,5.0,16.0,5.5],"tintindex":0,"rotation":0,"texture":"#0"},"west":{"uv":[15.5,5.0,16.0,5.5],"tintindex":0,"rotation":0,"texture":"#0"},"up":{"uv":[15.5,5.0,16.0,5.5],"tintindex":0,"rotation":0,"texture":"#0"},"down":{"uv":[15.5,5.0,16.0,5.5],"tintindex":0,"rotation":0,"texture":"#0"}}}],"display":{"head":{"rotation":[0.0,0.0,0.0]},"firstperson_righthand":{"rotation":[0.0,0.0,0.0]},"thirdperson_lefthand":{"rotation":[0.0,-0.0,-0.0]},"firstperson_lefthand":{"rotation":[0.0,-0.0,-0.0]},"fixed":{"rotation":[0.0,0.0,0.0]},"ground":{"rotation":[0.0,0.0,0.0]},"thirdperson_righthand":{"rotation":[0.0,0.0,0.0]},"gui":{"rotation":[-150.0,-45.0,180.0]}}}