{"credit":"MadewithBlockbench","texture_size":[32,32],"textures":{"0":"valentine_set/valentine_tex1","1":"valentine_set/valentine_tex2","2":"valentine_set/valentine_tex3","3":"valentine_set/valentine_tex4","4":"valentine_set/valentine_tex5","5":"valentine_set/cameralens1","6":"valentine_set/valentine_tex6","7":"valentine_set/cloudheart","particle":"valentine_set/valentine_tex1"},"elements":[{"from":[-6.1,-12.8,7.2],"to":[-4.1,-6.8,9.2],"rotation":{"angle":45,"axis":"z","origin":[-1,3,8]},"faces":{"north":{"uv":[13,7,16,6],"rotation":90,"texture":"#4"},"east":{"uv":[5,5.5,4,8.5],"texture":"#4"},"south":{"uv":[13,7,16,6],"rotation":90,"texture":"#4"},"west":{"uv":[5,5.5,4,8.5],"texture":"#4"},"up":{"uv":[9.975,11.5,8.975,12.5],"texture":"#4"},"down":{"uv":[9.975,11.5,8.975,12.5],"texture":"#4"}}},{"from":[-1.9,-8,6.7],"to":[0.1,3,9.7],"rotation":{"angle":22.5,"axis":"z","origin":[-1,3,8]},"faces":{"north":{"uv":[5,8.5,4,14],"texture":"#4"},"east":{"uv":[8,4.5,6.5,10],"texture":"#4"},"south":{"uv":[5,8.5,4,14],"texture":"#4"},"west":{"uv":[8,4.5,6.5,10],"texture":"#4"},"up":{"uv":[8,10,9.5,9],"rotation":90,"texture":"#4"},"down":{"uv":[8,10,9.5,9],"rotation":90,"texture":"#4"}}},{"from":[-0.8,1.1,6.8],"to":[1.2,5.1,9.6],"rotation":{"angle":-45,"axis":"z","origin":[0.6,3.1,8]},"faces":{"north":{"uv":[10,14.5,9,12.5],"texture":"#4"},"east":{"uv":[13,11.5,11.5,9.5],"texture":"#4"},"south":{"uv":[10,14.5,9,12.5],"texture":"#4"},"west":{"uv":[13,11.5,11.5,9.5],"texture":"#4"},"up":{"uv":[11.5,8.5,13,9.5],"rotation":90,"texture":"#4"},"down":{"uv":[11.5,8.5,13,9.5],"rotation":90,"texture":"#4"}}},{"from":[15.9,-8,6.8],"to":[17.9,3,9.8],"rotation":{"angle":-22.5,"axis":"z","origin":[17,3,8]},"faces":{"north":{"uv":[4,8.5,5,14],"texture":"#4"},"east":{"uv":[6.5,4.5,8,10],"texture":"#4"},"south":{"uv":[4,8.5,5,14],"texture":"#4"},"west":{"uv":[6.5,4.5,8,10],"texture":"#4"},"up":{"uv":[8,9,9.5,10],"rotation":90,"texture":"#4"},"down":{"uv":[8,9,9.5,10],"rotation":90,"texture":"#4"}}},{"from":[-2.1,7,18],"to":[-2.1,9,29],"rotation":{"angle":-45,"axis":"x","origin":[0,0,0]},"faces":{"north":{"uv":[0,0,0,1],"rotation":180,"texture":"#2"},"east":{"uv":[16,0,15,5.5],"rotation":270,"texture":"#2"},"south":{"uv":[0,0,0,1],"texture":"#2"},"west":{"uv":[15,0,16,5.5],"rotation":90,"texture":"#2"},"up":{"uv":[0,0,0,8.5],"rotation":180,"texture":"#2"},"down":{"uv":[0,0,0,8.5],"texture":"#2"}}},{"from":[18.1,7,18],"to":[18.1,9,29],"rotation":{"angle":-45,"axis":"x","origin":[16,0,0]},"faces":{"north":{"uv":[0,0,0,1],"rotation":180,"texture":"#2"},"east":{"uv":[15,5.5,16,0],"rotation":90,"texture":"#2"},"south":{"uv":[0,0,0,1],"texture":"#2"},"west":{"uv":[16,5.5,15,0],"rotation":270,"texture":"#2"},"up":{"uv":[0,0,0,8.5],"rotation":180,"texture":"#2"},"down":{"uv":[0,0,0,8.5],"texture":"#2"}}},{"from":[-5,4.5,8.3],"to":[1,15.5,8.3],"faces":{"north":{"uv":[16,0,13,5.5],"texture":"#4"},"east":{"uv":[13.5,0,13.5,5.5],"texture":"#4"},"south":{"uv":[13,0,16,5.5],"texture":"#4"},"west":{"uv":[13.5,0,13.5,5.5],"texture":"#4"},"up":{"uv":[0,0,5,0],"texture":"#4"},"down":{"uv":[0,0,5,0],"texture":"#4"}}},{"from":[15,4.5,8.3],"to":[21,15.5,8.3],"rotation":{"angle":0,"axis":"y","origin":[16,0,0]},"faces":{"north":{"uv":[13,0,16,5.5],"texture":"#4"},"east":{"uv":[13.5,0,13.5,5.5],"texture":"#4"},"south":{"uv":[16,0,13,5.5],"texture":"#4"},"west":{"uv":[13.5,0,13.5,5.5],"texture":"#4"},"up":{"uv":[5,0,0,0],"texture":"#4"},"down":{"uv":[5,0,0,0],"texture":"#4"}}},{"from":[14.8,1.1,6.9],"to":[16.8,5.1,9.7],"rotation":{"angle":45,"axis":"z","origin":[15.4,3.1,8]},"faces":{"north":{"uv":[9,14.5,10,12.5],"texture":"#4"},"east":{"uv":[11.5,11.5,13,9.5],"texture":"#4"},"south":{"uv":[9,14.5,10,12.5],"texture":"#4"},"west":{"uv":[11.5,11.5,13,9.5],"texture":"#4"},"up":{"uv":[11.5,9.5,13,8.5],"rotation":90,"texture":"#4"},"down":{"uv":[11.5,9.5,13,8.5],"rotation":90,"texture":"#4"}}},{"from":[20,-14.8,7.2],"to":[22,-6.8,9.2],"rotation":{"angle":-45,"axis":"z","origin":[17,3,8]},"faces":{"north":{"uv":[15,12,16,16],"texture":"#6"},"east":{"uv":[14,12,15,16],"texture":"#6"},"south":{"uv":[15,12,16,16],"texture":"#6"},"west":{"uv":[14,12,15,16],"texture":"#6"},"up":{"uv":[15,11,16,12],"texture":"#6"},"down":{"uv":[15,11,16,12],"texture":"#6"}}},{"from":[6.9,5,6.8],"to":[16.9,7,9.8],"rotation":{"angle":45,"axis":"z","origin":[15.4,3.1,8]},"faces":{"north":{"uv":[0,15,5,14],"texture":"#4"},"east":{"uv":[13,11.5,12,13],"rotation":90,"texture":"#4"},"south":{"uv":[5,15,0,14],"texture":"#4"},"west":{"uv":[13,11.5,12,13],"rotation":90,"texture":"#4"},"up":{"uv":[13,12,14.5,7],"rotation":90,"texture":"#4"},"down":{"uv":[13,12,14.5,7],"rotation":90,"texture":"#4"}}},{"from":[20.9,13,6.9],"to":[22.9,18,9.8],"rotation":{"angle":22.5,"axis":"z","origin":[15.4,3.1,8]},"faces":{"north":{"uv":[6.5,12,9,11],"rotation":90,"texture":"#4"},"east":{"uv":[5,15,6.5,12.5],"texture":"#4"},"south":{"uv":[6.5,12,9,11],"rotation":270,"texture":"#4"},"west":{"uv":[5,15,6.5,12.5],"texture":"#4"},"up":{"uv":[5,12.5,6.5,11.5],"rotation":270,"texture":"#4"},"down":{"uv":[5,12.5,6.5,11.5],"rotation":270,"texture":"#4"}}},{"from":[-6.7,13.1,6.9],"to":[-4.7,18.1,9.8],"rotation":{"angle":-22.5,"axis":"z","origin":[0.6,3.1,8]},"faces":{"north":{"uv":[6.5,11,9,12],"rotation":90,"texture":"#4"},"east":{"uv":[6.5,15,5,12.5],"texture":"#4"},"south":{"uv":[6.5,11,9,12],"rotation":270,"texture":"#4"},"west":{"uv":[6.5,15,5,12.5],"texture":"#4"},"up":{"uv":[5,11.5,6.5,12.5],"rotation":270,"texture":"#4"},"down":{"uv":[5,11.5,6.5,12.5],"rotation":270,"texture":"#4"}}},{"from":[26,14,6.8],"to":[28,26,9.8],"rotation":{"angle":45,"axis":"z","origin":[15.4,3.1,8]},"faces":{"north":{"uv":[10.75,4,9.75,10],"rotation":180,"texture":"#4"},"east":{"uv":[5,11.5,6.5,5.5],"texture":"#4"},"south":{"uv":[9.75,4,10.75,10],"rotation":180,"texture":"#4"},"west":{"uv":[5,11.5,6.5,5.5],"texture":"#4"},"up":{"uv":[10.5,12.5,12,11.5],"rotation":270,"texture":"#4"},"down":{"uv":[10.5,12.5,12,11.5],"rotation":270,"texture":"#4"}}},{"from":[-11.8,14.1,6.8],"to":[-9.8,24.1,9.8],"rotation":{"angle":-45,"axis":"z","origin":[0.7,3.1,8]},"faces":{"north":{"uv":[6.5,10,11.5,11],"rotation":90,"texture":"#4"},"east":{"uv":[8.5,16,3.5,14.5],"rotation":90,"texture":"#3"},"south":{"uv":[11.5,10,6.5,11],"rotation":270,"texture":"#4"},"west":{"uv":[8.5,16,3.5,14.5],"rotation":90,"texture":"#3"},"up":{"uv":[6.5,9,8,10],"rotation":270,"texture":"#4"},"down":{"uv":[6.5,9,8,10],"rotation":270,"texture":"#4"}}},{"from":[2,5.3,6.9],"to":[4,15.3,9.7],"rotation":{"angle":22.5,"axis":"z","origin":[0.7,3.1,8]},"faces":{"north":{"uv":[0,15,5,16],"rotation":90,"texture":"#4"},"east":{"uv":[16,13,14.5,8],"texture":"#4"},"south":{"uv":[0,15,5,16],"rotation":270,"texture":"#4"},"west":{"uv":[16,13,14.5,8],"texture":"#4"},"up":{"uv":[5,15,6.5,16],"rotation":270,"texture":"#4"},"down":{"uv":[5,15,6.5,16],"rotation":270,"texture":"#4"}}},{"from":[12.2,5.3,6.9],"to":[14.2,15.3,9.7],"rotation":{"angle":-22.5,"axis":"z","origin":[15.3,3.1,8]},"faces":{"north":{"uv":[0,16,5,15],"rotation":90,"texture":"#4"},"east":{"uv":[14.5,13,16,8],"texture":"#4"},"south":{"uv":[0,16,5,15],"rotation":270,"texture":"#4"},"west":{"uv":[14.5,13,16,8],"texture":"#4"},"up":{"uv":[5,16,6.5,15],"rotation":270,"texture":"#4"},"down":{"uv":[5,16,6.5,15],"rotation":270,"texture":"#4"}}},{"from":[6.9,7,6.8],"to":[8.9,15,9.8],"rotation":{"angle":45,"axis":"z","origin":[15.4,3.1,8]},"faces":{"north":{"uv":[8,16,9,12],"texture":"#4"},"east":{"uv":[6.5,16,8,12],"texture":"#4"},"south":{"uv":[9,16,8,12],"texture":"#4"},"west":{"uv":[6.5,16,8,12],"texture":"#4"},"up":{"uv":[13,13,14.5,12],"rotation":90,"texture":"#4"},"down":{"uv":[13,13,14.5,12],"rotation":90,"texture":"#4"}}},{"from":[4.3,14.5,5],"to":[5.3,18,7],"rotation":{"angle":0,"axis":"y","origin":[3.3,10.5,6]},"faces":{"north":{"uv":[10,0,10.5,1.75],"texture":"#3"},"east":{"uv":[9,0,10,1.75],"texture":"#3"},"south":{"uv":[10,0,10.5,1.75],"texture":"#3"},"west":{"uv":[9,1.75,10,3.5],"texture":"#3"},"up":{"uv":[11,1,11.5,2],"texture":"#3"},"down":{"uv":[11,1,11.5,2],"texture":"#3"}}},{"from":[4.6,17.7,5.1],"to":[5.6,20.2,6.9],"rotation":{"angle":-45,"axis":"z","origin":[4.8,18.25,6]},"faces":{"north":{"uv":[10.5,0,11,1.25],"texture":"#3"},"east":{"uv":[12.5,0,13.5,1.25],"texture":"#3"},"south":{"uv":[10.5,0,11,1.25],"texture":"#3"},"west":{"uv":[11.5,0,12.5,1.25],"texture":"#3"},"up":{"uv":[11,0,11.5,1],"texture":"#3"},"down":{"uv":[11,0,11.5,1],"texture":"#3"}}},{"from":[1.4,13.6,5.1],"to":[2.4,16.1,6.9],"rotation":{"angle":45,"axis":"z","origin":[4.8,18.75,6]},"faces":{"north":{"uv":[9,4.75,9.5,6],"texture":"#3"},"east":{"uv":[9,3.5,10,4.75],"texture":"#3"},"south":{"uv":[9,4.75,9.5,6],"texture":"#3"},"west":{"uv":[10,3.5,11,4.75],"texture":"#3"},"up":{"uv":[7.5,8.5,8,9.5],"texture":"#3"},"down":{"uv":[7.5,8.5,8,9.5],"texture":"#3"}}},{"from":[10.3,17.7,5.1],"to":[11.3,20.2,6.9],"rotation":{"angle":45,"axis":"z","origin":[11.1,18.25,6]},"faces":{"north":{"uv":[11,0,10.5,1.25],"texture":"#3"},"east":{"uv":[12.5,0,11.5,1.25],"texture":"#3"},"south":{"uv":[11,0,10.5,1.25],"texture":"#3"},"west":{"uv":[13.5,0,12.5,1.25],"texture":"#3"},"up":{"uv":[11.5,0,11,1],"texture":"#3"},"down":{"uv":[11.5,0,11,1],"texture":"#3"}}},{"from":[10.6,14.5,5],"to":[11.6,18,7],"rotation":{"angle":0,"axis":"y","origin":[12.6,10.5,6]},"faces":{"north":{"uv":[10.5,0,10,1.75],"texture":"#3"},"east":{"uv":[10,1.75,9,3.5],"texture":"#3"},"south":{"uv":[10.5,0,10,1.75],"texture":"#3"},"west":{"uv":[10,0,9,1.75],"texture":"#3"},"up":{"uv":[11.5,1,11,2],"texture":"#3"},"down":{"uv":[11.5,1,11,2],"texture":"#3"}}},{"from":[13.5,13.6,5.1],"to":[14.5,16.1,6.9],"rotation":{"angle":-45,"axis":"z","origin":[11.1,18.75,6]},"faces":{"north":{"uv":[9.5,4.75,9,6],"texture":"#3"},"east":{"uv":[11,3.5,10,4.75],"texture":"#3"},"south":{"uv":[9.5,4.75,9,6],"texture":"#3"},"west":{"uv":[10,3.5,9,4.75],"texture":"#3"},"up":{"uv":[8,8.5,7.5,9.5],"texture":"#3"},"down":{"uv":[8,8.5,7.5,9.5],"texture":"#3"}}},{"from":[5.7,19,5],"to":[10.2,20,7],"rotation":{"angle":0,"axis":"y","origin":[4.7,18.25,6]},"faces":{"north":{"uv":[2.5,9.5,3,11.75],"rotation":270,"texture":"#3"},"east":{"uv":[3.5,10.5,3,9.5],"rotation":90,"texture":"#3"},"south":{"uv":[2.5,9.5,3,11.75],"rotation":90,"texture":"#3"},"west":{"uv":[3,9.5,3.5,10.5],"rotation":90,"texture":"#3"},"up":{"uv":[1.5,9.5,2.5,11.75],"rotation":90,"texture":"#3"},"down":{"uv":[3.5,9.5,4.5,11.75],"rotation":90,"texture":"#3"}}},{"from":[19,14,8.3],"to":[31,20,8.3],"rotation":{"angle":0,"axis":"y","origin":[19,16,-1]},"faces":{"north":{"uv":[12,0,0,6],"texture":"#7"},"east":{"uv":[0,0,0,6],"texture":"#7"},"south":{"uv":[0,0,12,6],"texture":"#7"},"west":{"uv":[0,0,0,6],"texture":"#7"},"up":{"uv":[0,12,0,0],"rotation":90,"texture":"#7"},"down":{"uv":[0,12,0,0],"rotation":270,"texture":"#7"}}},{"from":[-15,14,8.3],"to":[-3,20,8.3],"rotation":{"angle":0,"axis":"y","origin":[-3,16,-1]},"faces":{"north":{"uv":[0,0,12,6],"texture":"#7"},"east":{"uv":[0,0,0,6],"texture":"#7"},"south":{"uv":[12,0,0,6],"texture":"#7"},"west":{"uv":[0,0,0,6],"texture":"#7"},"up":{"uv":[0,0,0,12],"rotation":90,"texture":"#7"},"down":{"uv":[0,0,0,12],"rotation":270,"texture":"#7"}}},{"from":[5.7,12.5,5],"to":[10.2,13.5,7],"rotation":{"angle":0,"axis":"y","origin":[4.7,18.75,6]},"faces":{"north":{"uv":[9.5,4.75,10,7],"rotation":270,"texture":"#3"},"east":{"uv":[9,6,9.5,7],"rotation":90,"texture":"#3"},"south":{"uv":[9.5,4.75,10,7],"rotation":90,"texture":"#3"},"west":{"uv":[9,7,9.5,6],"rotation":90,"texture":"#3"},"up":{"uv":[13,4.25,14,6.5],"rotation":90,"texture":"#3"},"down":{"uv":[13.5,1.25,12.5,3.5],"rotation":90,"texture":"#3"}}},{"from":[4.7,13,6],"to":[11.2,19.5,6],"rotation":{"angle":0,"axis":"y","origin":[3.2,10.5,6]},"faces":{"north":{"uv":[0.5,8.5,7,15],"texture":"#5"},"east":{"uv":[0,0,0,9],"texture":"#5"},"south":{"uv":[0.5,8.5,7,15],"texture":"#5"},"west":{"uv":[0,0,0,9],"texture":"#5"},"up":{"uv":[0,0,9,0],"texture":"#5"},"down":{"uv":[0,0,9,0],"texture":"#5"}}},{"from":[5,-3.3,5.5],"to":[6,-1.3,6.5],"rotation":{"angle":0,"axis":"y","origin":[-2.5,7.3,16.5]},"faces":{"north":{"uv":[5.5,4.5,6.5,5],"rotation":90,"texture":"#0"},"east":{"uv":[1,8,2,7.5],"rotation":90,"texture":"#0"},"south":{"uv":[5.5,4,6.5,4.5],"rotation":90,"texture":"#0"},"west":{"uv":[1,7.5,2,8],"rotation":90,"texture":"#0"},"up":{"uv":[5.5,3.5,6,4],"texture":"#0"},"down":{"uv":[5.5,3.5,6,4],"rotation":180,"texture":"#0"}}},{"from":[5.1,-1.5,5.3],"to":[5.9,-0.5,6.3],"rotation":{"angle":22.5,"axis":"x","origin":[5.5,-1.8,6]},"faces":{"north":{"uv":[5,1,5.5,1.5],"texture":"#0"},"east":{"uv":[5.5,2,5,2.5],"texture":"#0"},"south":{"uv":[5,1.5,5.5,2],"texture":"#0"},"west":{"uv":[5,2,5.5,2.5],"texture":"#0"},"up":{"uv":[5,2.5,5.5,3],"rotation":270,"texture":"#0"},"down":{"uv":[5,3,5.5,3.5],"rotation":90,"texture":"#0"}}},{"from":[5.2,-0.9,4.9],"to":[5.8,0.1,5.9],"rotation":{"angle":45,"axis":"x","origin":[5.5,-1.8,6]},"faces":{"north":{"uv":[5.25,3.5,5.5,4],"texture":"#0"},"east":{"uv":[5.5,4,5,4.5],"texture":"#0"},"south":{"uv":[5,3.5,5.25,4],"texture":"#0"},"west":{"uv":[5,4,5.5,4.5],"texture":"#0"},"up":{"uv":[5,4.5,5.5,4.75],"rotation":270,"texture":"#0"},"down":{"uv":[5,4.75,5.5,5],"rotation":90,"texture":"#0"}}},{"from":[5,-1.1,7.3],"to":[6,-0.1,8.3],"rotation":{"angle":-22.5,"axis":"x","origin":[5.5,-1.8,6]},"faces":{"north":{"uv":[4.5,4,5,4.5],"rotation":270,"texture":"#0"},"east":{"uv":[4,4.5,4.5,4],"rotation":90,"texture":"#0"},"south":{"uv":[4.5,4,5,4.5],"rotation":270,"texture":"#0"},"west":{"uv":[4,4,4.5,4.5],"rotation":90,"texture":"#0"},"up":{"uv":[4.5,4.5,5,5],"rotation":180,"texture":"#0"},"down":{"uv":[4,4.5,4.5,5],"rotation":180,"texture":"#0"}}},{"from":[9.9,-3.3,5.5],"to":[10.9,-1.3,6.5],"rotation":{"angle":0,"axis":"y","origin":[2.5,7.3,16.5]},"faces":{"north":{"uv":[5.5,4.5,6.5,5],"rotation":90,"texture":"#0"},"east":{"uv":[1,8,2,7.5],"rotation":90,"texture":"#0"},"south":{"uv":[5.5,4,6.5,4.5],"rotation":90,"texture":"#0"},"west":{"uv":[1,7.5,2,8],"rotation":90,"texture":"#0"},"up":{"uv":[5.5,3.5,6,4],"texture":"#0"},"down":{"uv":[5.5,3.5,6,4],"rotation":180,"texture":"#0"}}},{"from":[10.1,-1.5,5.3],"to":[10.9,-0.5,6.3],"rotation":{"angle":22.5,"axis":"x","origin":[10.5,-1.8,6]},"faces":{"north":{"uv":[5,1,5.5,1.5],"texture":"#0"},"east":{"uv":[5.5,2,5,2.5],"texture":"#0"},"south":{"uv":[5,1.5,5.5,2],"texture":"#0"},"west":{"uv":[5,2,5.5,2.5],"texture":"#0"},"up":{"uv":[5,2.5,5.5,3],"rotation":270,"texture":"#0"},"down":{"uv":[5,3,5.5,3.5],"rotation":90,"texture":"#0"}}},{"from":[10.2,-0.9,4.9],"to":[10.8,0.1,5.9],"rotation":{"angle":45,"axis":"x","origin":[10.5,-1.8,6]},"faces":{"north":{"uv":[5.25,3.5,5.5,4],"texture":"#0"},"east":{"uv":[5.5,4,5,4.5],"texture":"#0"},"south":{"uv":[5,3.5,5.25,4],"texture":"#0"},"west":{"uv":[5,4,5.5,4.5],"texture":"#0"},"up":{"uv":[5,4.5,5.5,4.75],"rotation":270,"texture":"#0"},"down":{"uv":[5,4.75,5.5,5],"rotation":90,"texture":"#0"}}},{"from":[10,-1.1,7.3],"to":[11,-0.1,8.3],"rotation":{"angle":-22.5,"axis":"x","origin":[10.5,-1.8,6]},"faces":{"north":{"uv":[4.5,4,5,4.5],"rotation":270,"texture":"#0"},"east":{"uv":[4,4.5,4.5,4],"rotation":90,"texture":"#0"},"south":{"uv":[4.5,4,5,4.5],"rotation":270,"texture":"#0"},"west":{"uv":[4,4,4.5,4.5],"rotation":90,"texture":"#0"},"up":{"uv":[4.5,4.5,5,5],"rotation":180,"texture":"#0"},"down":{"uv":[4,4.5,4.5,5],"rotation":180,"texture":"#0"}}},{"from":[5,-7.3,6],"to":[11,-2.3,7],"rotation":{"angle":0,"axis":"y","origin":[0,-16.3,23]},"faces":{"north":{"uv":[5.5,7,8.5,9.5],"texture":"#1"},"east":{"uv":[10,9,10.5,11.5],"texture":"#1"},"south":{"uv":[5.5,7,8.5,9.5],"texture":"#1"},"west":{"uv":[10.5,9,10,11.5],"texture":"#1"},"up":{"uv":[7,9.5,4,10],"rotation":180,"texture":"#1"},"down":{"uv":[7,10,4,9.5],"rotation":180,"texture":"#1"}}},{"from":[6,-6.3,5],"to":[10,-3.3,6],"rotation":{"angle":0,"axis":"y","origin":[0,-16.3,23]},"faces":{"north":{"uv":[7.5,10,9.5,11.5],"texture":"#1"},"east":{"uv":[10,10,9.5,11.5],"texture":"#1"},"south":{"uv":[7.5,10,9.5,11.5],"texture":"#1"},"west":{"uv":[9.5,10,10,11.5],"texture":"#1"},"up":{"uv":[9.5,10,7.5,9.5],"rotation":180,"texture":"#1"},"down":{"uv":[9.5,9.5,7.5,10],"rotation":180,"texture":"#1"}}},{"from":[-4.47657,13.97657,11.3],"to":[-3.47657,18.97657,12.3],"rotation":{"angle":0,"axis":"y","origin":[-2,16.47657,8.3]},"faces":{"north":{"uv":[11,7.5,11.5,10],"rotation":180,"texture":"#2"},"east":{"uv":[9.5,7,12,6.5],"rotation":270,"texture":"#2"},"south":{"uv":[6.5,10.5,7,13],"rotation":180,"texture":"#2"},"west":{"uv":[9.5,6.5,12,7],"rotation":270,"texture":"#2"},"up":{"uv":[6.25,9.5,7.25,10],"rotation":90,"texture":"#2"},"down":{"uv":[6.25,9.5,7.25,10],"rotation":90,"texture":"#2"}}},{"from":[-3.47657,13.97657,5.3],"to":[-0.47657,18.97657,11.3],"rotation":{"angle":0,"axis":"y","origin":[-2,16.47657,8.3]},"faces":{"north":{"uv":[10.5,10,9,12.5],"rotation":180,"texture":"#2"},"east":{"uv":[7.5,7.5,10.5,10],"rotation":180,"texture":"#2"},"south":{"uv":[9,10,10.5,12.5],"rotation":180,"texture":"#2"},"west":{"uv":[12,6.5,15,9],"rotation":180,"texture":"#2"},"up":{"uv":[7.5,10,9,13],"texture":"#2"},"down":{"uv":[7.5,10,9,13],"texture":"#2"}}},{"from":[-4.47657,18.97657,5.3],"to":[-3.47657,19.97657,11.3],"rotation":{"angle":0,"axis":"y","origin":[-2,16.47657,8.3]},"faces":{"north":{"uv":[7.5,13.5,8,13],"rotation":180,"texture":"#2"},"east":{"uv":[7.5,10.5,7,13.5],"rotation":270,"texture":"#2"},"south":{"uv":[7.5,13.5,8,13],"rotation":180,"texture":"#2"},"west":{"uv":[7.5,10.5,7,13.5],"rotation":270,"texture":"#2"},"up":{"uv":[10.5,10.5,11,7.5],"texture":"#2"},"down":{"uv":[10.5,13.5,11,10.5],"texture":"#2"}}},{"from":[-4.47657,13.97657,4.3],"to":[-3.47657,18.97657,5.3],"rotation":{"angle":0,"axis":"y","origin":[-2,16.47657,8.3]},"faces":{"north":{"uv":[7,10.5,6.5,13],"rotation":180,"texture":"#2"},"east":{"uv":[9.5,6.5,12,7],"rotation":270,"texture":"#2"},"south":{"uv":[12,7.5,11.5,10],"rotation":180,"texture":"#2"},"west":{"uv":[9.5,7,12,6.5],"rotation":270,"texture":"#2"},"up":{"uv":[7.25,9.5,6.25,10],"rotation":90,"texture":"#2"},"down":{"uv":[7.25,9.5,6.25,10],"rotation":90,"texture":"#2"}}},{"from":[-4.47657,12.97657,5.3],"to":[-3.47657,13.97657,11.3],"rotation":{"angle":0,"axis":"y","origin":[-2,16.47657,8.3]},"faces":{"north":{"uv":[7.5,13,8,13.5],"rotation":180,"texture":"#2"},"east":{"uv":[7,10.5,7.5,13.5],"rotation":270,"texture":"#2"},"south":{"uv":[7.5,13,8,13.5],"rotation":180,"texture":"#2"},"west":{"uv":[7,10.5,7.5,13.5],"rotation":270,"texture":"#2"},"up":{"uv":[10.5,10.5,11,13.5],"texture":"#2"},"down":{"uv":[10.5,7.5,11,10.5],"texture":"#2"}}},{"from":[-5.02343,17.22783,4.19812],"to":[-3.02343,18.22783,5.19812],"rotation":{"angle":0,"axis":"y","origin":[-2,16.47657,8.3]},"faces":{"north":{"uv":[5.5,4.5,6.5,5],"texture":"#0"},"east":{"uv":[5.5,3.5,6,4],"rotation":90,"texture":"#0"},"south":{"uv":[5.5,4,6.5,4.5],"rotation":180,"texture":"#0"},"west":{"uv":[5.5,3.5,6,4],"rotation":270,"texture":"#0"},"up":{"uv":[1,7.5,2,8],"rotation":180,"texture":"#0"},"down":{"uv":[1,8,2,7.5],"rotation":180,"texture":"#0"}}},{"from":[-4.48585,17.32783,4.85529],"to":[-3.48585,18.12783,5.85529],"rotation":{"angle":-22.5,"axis":"y","origin":[-2,16.47657,8.3]},"faces":{"north":{"uv":[5,1,5.5,1.5],"rotation":270,"texture":"#0"},"east":{"uv":[5,2.5,5.5,3],"texture":"#0"},"south":{"uv":[5,1.5,5.5,2],"rotation":90,"texture":"#0"},"west":{"uv":[5,3,5.5,3.5],"rotation":180,"texture":"#0"},"up":{"uv":[5,2,5.5,2.5],"rotation":90,"texture":"#0"},"down":{"uv":[5.5,2,5,2.5],"rotation":90,"texture":"#0"}}},{"from":[-4.72414,15.02783,5.73031],"to":[-3.72414,15.62783,6.73031],"rotation":{"angle":-45,"axis":"y","origin":[-2,16.47657,8.3]},"faces":{"north":{"uv":[5.25,3.5,5.5,4],"rotation":270,"texture":"#0"},"east":{"uv":[5,4.5,5.5,4.75],"texture":"#0"},"south":{"uv":[5,3.5,5.25,4],"rotation":90,"texture":"#0"},"west":{"uv":[5,4.75,5.5,5],"rotation":180,"texture":"#0"},"up":{"uv":[5,4,5.5,4.5],"rotation":90,"texture":"#0"},"down":{"uv":[5.5,4,5,4.5],"rotation":90,"texture":"#0"}}},{"from":[-4.48585,14.92783,4.85529],"to":[-3.48585,15.72783,5.85529],"rotation":{"angle":-22.5,"axis":"y","origin":[-2,16.47657,8.3]},"faces":{"north":{"uv":[5,1,5.5,1.5],"rotation":270,"texture":"#0"},"east":{"uv":[5,2.5,5.5,3],"texture":"#0"},"south":{"uv":[5,1.5,5.5,2],"rotation":90,"texture":"#0"},"west":{"uv":[5,3,5.5,3.5],"rotation":180,"texture":"#0"},"up":{"uv":[5,2,5.5,2.5],"rotation":90,"texture":"#0"},"down":{"uv":[5.5,2,5,2.5],"rotation":90,"texture":"#0"}}},{"from":[-5.02343,14.82783,4.19812],"to":[-3.02343,15.82783,5.19812],"rotation":{"angle":0,"axis":"y","origin":[-2,16.47657,8.3]},"faces":{"north":{"uv":[5.5,4.5,6.5,5],"texture":"#0"},"east":{"uv":[5.5,3.5,6,4],"rotation":90,"texture":"#0"},"south":{"uv":[5.5,4,6.5,4.5],"rotation":180,"texture":"#0"},"west":{"uv":[5.5,3.5,6,4],"rotation":270,"texture":"#0"},"up":{"uv":[1,7.5,2,8],"rotation":180,"texture":"#0"},"down":{"uv":[1,8,2,7.5],"rotation":180,"texture":"#0"}}},{"from":[-4.72414,17.42783,5.73031],"to":[-3.72414,18.02783,6.73031],"rotation":{"angle":-45,"axis":"y","origin":[-2,16.47657,8.3]},"faces":{"north":{"uv":[5.25,3.5,5.5,4],"rotation":270,"texture":"#0"},"east":{"uv":[5,4.5,5.5,4.75],"texture":"#0"},"south":{"uv":[5,3.5,5.25,4],"rotation":90,"texture":"#0"},"west":{"uv":[5,4.75,5.5,5],"rotation":180,"texture":"#0"},"up":{"uv":[5,4,5.5,4.5],"rotation":90,"texture":"#0"},"down":{"uv":[5.5,4,5,4.5],"rotation":90,"texture":"#0"}}},{"from":[-5.02343,17.22783,11.40188],"to":[-3.02343,18.22783,12.40188],"rotation":{"angle":0,"axis":"y","origin":[-2,16.47657,8.3]},"faces":{"north":{"uv":[6.5,4,5.5,4.5],"rotation":180,"texture":"#0"},"east":{"uv":[5.5,4,6,3.5],"rotation":90,"texture":"#0"},"south":{"uv":[6.5,4.5,5.5,5],"texture":"#0"},"west":{"uv":[5.5,4,6,3.5],"rotation":270,"texture":"#0"},"up":{"uv":[1,8,2,7.5],"rotation":180,"texture":"#0"},"down":{"uv":[1,7.5,2,8],"rotation":180,"texture":"#0"}}},{"from":[-4.48585,17.32783,10.74471],"to":[-3.48585,18.12783,11.74471],"rotation":{"angle":22.5,"axis":"y","origin":[-2,16.47657,8.3]},"faces":{"north":{"uv":[5,2,5.5,1.5],"rotation":90,"texture":"#0"},"east":{"uv":[5.5,2.5,5,3],"texture":"#0"},"south":{"uv":[5,1.5,5.5,1],"rotation":270,"texture":"#0"},"west":{"uv":[5.5,3,5,3.5],"rotation":180,"texture":"#0"},"up":{"uv":[5.5,2,5,2.5],"rotation":90,"texture":"#0"},"down":{"uv":[5,2,5.5,2.5],"rotation":90,"texture":"#0"}}},{"from":[-4.72414,15.02783,9.86969],"to":[-3.72414,15.62783,10.86969],"rotation":{"angle":45,"axis":"y","origin":[-2,16.47657,8.3]},"faces":{"north":{"uv":[5,4,5.25,3.5],"rotation":90,"texture":"#0"},"east":{"uv":[5.5,4.5,5,4.75],"texture":"#0"},"south":{"uv":[5.25,4,5.5,3.5],"rotation":270,"texture":"#0"},"west":{"uv":[5.5,4.75,5,5],"rotation":180,"texture":"#0"},"up":{"uv":[5.5,4,5,4.5],"rotation":90,"texture":"#0"},"down":{"uv":[5,4,5.5,4.5],"rotation":90,"texture":"#0"}}},{"from":[-4.48585,14.92783,10.74471],"to":[-3.48585,15.72783,11.74471],"rotation":{"angle":22.5,"axis":"y","origin":[-2,16.47657,8.3]},"faces":{"north":{"uv":[5,2,5.5,1.5],"rotation":90,"texture":"#0"},"east":{"uv":[5.5,2.5,5,3],"texture":"#0"},"south":{"uv":[5,1.5,5.5,1],"rotation":270,"texture":"#0"},"west":{"uv":[5.5,3,5,3.5],"rotation":180,"texture":"#0"},"up":{"uv":[5.5,2,5,2.5],"rotation":90,"texture":"#0"},"down":{"uv":[5,2,5.5,2.5],"rotation":90,"texture":"#0"}}},{"from":[-5.02343,14.82783,11.40188],"to":[-3.02343,15.82783,12.40188],"rotation":{"angle":0,"axis":"y","origin":[-2,16.47657,8.3]},"faces":{"north":{"uv":[6.5,4,5.5,4.5],"rotation":180,"texture":"#0"},"east":{"uv":[5.5,4,6,3.5],"rotation":90,"texture":"#0"},"south":{"uv":[6.5,4.5,5.5,5],"texture":"#0"},"west":{"uv":[5.5,4,6,3.5],"rotation":270,"texture":"#0"},"up":{"uv":[1,8,2,7.5],"rotation":180,"texture":"#0"},"down":{"uv":[1,7.5,2,8],"rotation":180,"texture":"#0"}}},{"from":[-4.72414,17.42783,9.86969],"to":[-3.72414,18.02783,10.86969],"rotation":{"angle":45,"axis":"y","origin":[-2,16.47657,8.3]},"faces":{"north":{"uv":[5,4,5.25,3.5],"rotation":90,"texture":"#0"},"east":{"uv":[5.5,4.5,5,4.75],"texture":"#0"},"south":{"uv":[5.25,4,5.5,3.5],"rotation":270,"texture":"#0"},"west":{"uv":[5.5,4.75,5,5],"rotation":180,"texture":"#0"},"up":{"uv":[5.5,4,5,4.5],"rotation":90,"texture":"#0"},"down":{"uv":[5,4,5.5,4.5],"rotation":90,"texture":"#0"}}},{"from":[19.47657,13.97657,11.3],"to":[20.47657,18.97657,12.3],"rotation":{"angle":0,"axis":"y","origin":[18,16.47657,8.3]},"faces":{"north":{"uv":[11.5,7.5,11,10],"rotation":180,"texture":"#2"},"east":{"uv":[9.5,7,12,6.5],"rotation":270,"texture":"#2"},"south":{"uv":[7,10.5,6.5,13],"rotation":180,"texture":"#2"},"west":{"uv":[9.5,6.5,12,7],"rotation":270,"texture":"#2"},"up":{"uv":[6.25,10,7.25,9.5],"rotation":90,"texture":"#2"},"down":{"uv":[6.25,10,7.25,9.5],"rotation":90,"texture":"#2"}}},{"from":[16.47657,13.97657,5.3],"to":[19.47657,18.97657,11.3],"rotation":{"angle":0,"axis":"y","origin":[18,16.47657,8.3]},"faces":{"north":{"uv":[9,10,10.5,12.5],"rotation":180,"texture":"#2"},"east":{"uv":[15,6.5,12,9],"rotation":180,"texture":"#2"},"south":{"uv":[10.5,10,9,12.5],"rotation":180,"texture":"#2"},"west":{"uv":[10.5,7.5,7.5,10],"rotation":180,"texture":"#2"},"up":{"uv":[9,10,7.5,13],"texture":"#2"},"down":{"uv":[9,10,7.5,13],"texture":"#2"}}},{"from":[19.47657,18.97657,5.3],"to":[20.47657,19.97657,11.3],"rotation":{"angle":0,"axis":"y","origin":[18,16.47657,8.3]},"faces":{"north":{"uv":[8,13.5,7.5,13],"rotation":180,"texture":"#2"},"east":{"uv":[7.5,13.5,7,10.5],"rotation":270,"texture":"#2"},"south":{"uv":[8,13.5,7.5,13],"rotation":180,"texture":"#2"},"west":{"uv":[7.5,13.5,7,10.5],"rotation":270,"texture":"#2"},"up":{"uv":[11,10.5,10.5,7.5],"texture":"#2"},"down":{"uv":[11,13.5,10.5,10.5],"texture":"#2"}}},{"from":[19.47657,13.97657,4.3],"to":[20.47657,18.97657,5.3],"rotation":{"angle":0,"axis":"y","origin":[18,16.47657,8.3]},"faces":{"north":{"uv":[6.5,10.5,7,13],"rotation":180,"texture":"#2"},"east":{"uv":[9.5,6.5,12,7],"rotation":270,"texture":"#2"},"south":{"uv":[11.5,7.5,12,10],"rotation":180,"texture":"#2"},"west":{"uv":[9.5,7,12,6.5],"rotation":270,"texture":"#2"},"up":{"uv":[7.25,10,6.25,9.5],"rotation":90,"texture":"#2"},"down":{"uv":[7.25,10,6.25,9.5],"rotation":90,"texture":"#2"}}},{"from":[19.47657,12.97657,5.3],"to":[20.47657,13.97657,11.3],"rotation":{"angle":0,"axis":"y","origin":[18,16.47657,8.3]},"faces":{"north":{"uv":[8,13,7.5,13.5],"rotation":180,"texture":"#2"},"east":{"uv":[7,13.5,7.5,10.5],"rotation":270,"texture":"#2"},"south":{"uv":[8,13,7.5,13.5],"rotation":180,"texture":"#2"},"west":{"uv":[7,13.5,7.5,10.5],"rotation":270,"texture":"#2"},"up":{"uv":[11,10.5,10.5,13.5],"texture":"#2"},"down":{"uv":[11,7.5,10.5,10.5],"texture":"#2"}}},{"from":[19.02343,17.22783,4.19812],"to":[21.02343,18.22783,5.19812],"rotation":{"angle":0,"axis":"y","origin":[18,16.47657,8.3]},"faces":{"north":{"uv":[6.5,4.5,5.5,5],"texture":"#0"},"east":{"uv":[5.5,4,6,3.5],"rotation":270,"texture":"#0"},"south":{"uv":[6.5,4,5.5,4.5],"rotation":180,"texture":"#0"},"west":{"uv":[5.5,4,6,3.5],"rotation":90,"texture":"#0"},"up":{"uv":[2,7.5,1,8],"rotation":180,"texture":"#0"},"down":{"uv":[2,8,1,7.5],"rotation":180,"texture":"#0"}}},{"from":[19.48585,17.32783,4.85529],"to":[20.48585,18.12783,5.85529],"rotation":{"angle":22.5,"axis":"y","origin":[18,16.47657,8.3]},"faces":{"north":{"uv":[5,1.5,5.5,1],"rotation":270,"texture":"#0"},"east":{"uv":[5.5,3,5,3.5],"rotation":180,"texture":"#0"},"south":{"uv":[5,2,5.5,1.5],"rotation":90,"texture":"#0"},"west":{"uv":[5.5,2.5,5,3],"texture":"#0"},"up":{"uv":[5,2.5,5.5,2],"rotation":90,"texture":"#0"},"down":{"uv":[5.5,2.5,5,2],"rotation":90,"texture":"#0"}}},{"from":[19.72414,15.02783,5.73031],"to":[20.72414,15.62783,6.73031],"rotation":{"angle":45,"axis":"y","origin":[18,16.47657,8.3]},"faces":{"north":{"uv":[5.25,4,5.5,3.5],"rotation":270,"texture":"#0"},"east":{"uv":[5.5,4.75,5,5],"rotation":180,"texture":"#0"},"south":{"uv":[5,4,5.25,3.5],"rotation":90,"texture":"#0"},"west":{"uv":[5.5,4.5,5,4.75],"texture":"#0"},"up":{"uv":[5,4.5,5.5,4],"rotation":90,"texture":"#0"},"down":{"uv":[5.5,4.5,5,4],"rotation":90,"texture":"#0"}}},{"from":[19.48585,14.92783,4.85529],"to":[20.48585,15.72783,5.85529],"rotation":{"angle":22.5,"axis":"y","origin":[18,16.47657,8.3]},"faces":{"north":{"uv":[5,1.5,5.5,1],"rotation":270,"texture":"#0"},"east":{"uv":[5.5,3,5,3.5],"rotation":180,"texture":"#0"},"south":{"uv":[5,2,5.5,1.5],"rotation":90,"texture":"#0"},"west":{"uv":[5.5,2.5,5,3],"texture":"#0"},"up":{"uv":[5,2.5,5.5,2],"rotation":90,"texture":"#0"},"down":{"uv":[5.5,2.5,5,2],"rotation":90,"texture":"#0"}}},{"from":[19.02343,14.82783,4.19812],"to":[21.02343,15.82783,5.19812],"rotation":{"angle":0,"axis":"y","origin":[18,16.47657,8.3]},"faces":{"north":{"uv":[6.5,4.5,5.5,5],"texture":"#0"},"east":{"uv":[5.5,4,6,3.5],"rotation":270,"texture":"#0"},"south":{"uv":[6.5,4,5.5,4.5],"rotation":180,"texture":"#0"},"west":{"uv":[5.5,4,6,3.5],"rotation":90,"texture":"#0"},"up":{"uv":[2,7.5,1,8],"rotation":180,"texture":"#0"},"down":{"uv":[2,8,1,7.5],"rotation":180,"texture":"#0"}}},{"from":[19.72414,17.42783,5.73031],"to":[20.72414,18.02783,6.73031],"rotation":{"angle":45,"axis":"y","origin":[18,16.47657,8.3]},"faces":{"north":{"uv":[5.25,4,5.5,3.5],"rotation":270,"texture":"#0"},"east":{"uv":[5.5,4.75,5,5],"rotation":180,"texture":"#0"},"south":{"uv":[5,4,5.25,3.5],"rotation":90,"texture":"#0"},"west":{"uv":[5.5,4.5,5,4.75],"texture":"#0"},"up":{"uv":[5,4.5,5.5,4],"rotation":90,"texture":"#0"},"down":{"uv":[5.5,4.5,5,4],"rotation":90,"texture":"#0"}}},{"from":[19.02343,17.22783,11.40188],"to":[21.02343,18.22783,12.40188],"rotation":{"angle":0,"axis":"y","origin":[18,16.47657,8.3]},"faces":{"north":{"uv":[5.5,4,6.5,4.5],"rotation":180,"texture":"#0"},"east":{"uv":[5.5,3.5,6,4],"rotation":270,"texture":"#0"},"south":{"uv":[5.5,4.5,6.5,5],"texture":"#0"},"west":{"uv":[5.5,3.5,6,4],"rotation":90,"texture":"#0"},"up":{"uv":[2,8,1,7.5],"rotation":180,"texture":"#0"},"down":{"uv":[2,7.5,1,8],"rotation":180,"texture":"#0"}}},{"from":[19.48585,17.32783,10.74471],"to":[20.48585,18.12783,11.74471],"rotation":{"angle":-22.5,"axis":"y","origin":[18,16.47657,8.3]},"faces":{"north":{"uv":[5,1.5,5.5,2],"rotation":90,"texture":"#0"},"east":{"uv":[5,3,5.5,3.5],"rotation":180,"texture":"#0"},"south":{"uv":[5,1,5.5,1.5],"rotation":270,"texture":"#0"},"west":{"uv":[5,2.5,5.5,3],"texture":"#0"},"up":{"uv":[5.5,2.5,5,2],"rotation":90,"texture":"#0"},"down":{"uv":[5,2.5,5.5,2],"rotation":90,"texture":"#0"}}},{"from":[19.72414,15.02783,9.86969],"to":[20.72414,15.62783,10.86969],"rotation":{"angle":-45,"axis":"y","origin":[18,16.47657,8.3]},"faces":{"north":{"uv":[5,3.5,5.25,4],"rotation":90,"texture":"#0"},"east":{"uv":[5,4.75,5.5,5],"rotation":180,"texture":"#0"},"south":{"uv":[5.25,3.5,5.5,4],"rotation":270,"texture":"#0"},"west":{"uv":[5,4.5,5.5,4.75],"texture":"#0"},"up":{"uv":[5.5,4.5,5,4],"rotation":90,"texture":"#0"},"down":{"uv":[5,4.5,5.5,4],"rotation":90,"texture":"#0"}}},{"from":[19.48585,14.92783,10.74471],"to":[20.48585,15.72783,11.74471],"rotation":{"angle":-22.5,"axis":"y","origin":[18,16.47657,8.3]},"faces":{"north":{"uv":[5,1.5,5.5,2],"rotation":90,"texture":"#0"},"east":{"uv":[5,3,5.5,3.5],"rotation":180,"texture":"#0"},"south":{"uv":[5,1,5.5,1.5],"rotation":270,"texture":"#0"},"west":{"uv":[5,2.5,5.5,3],"texture":"#0"},"up":{"uv":[5.5,2.5,5,2],"rotation":90,"texture":"#0"},"down":{"uv":[5,2.5,5.5,2],"rotation":90,"texture":"#0"}}},{"from":[19.02343,14.82783,11.40188],"to":[21.02343,15.82783,12.40188],"rotation":{"angle":0,"axis":"y","origin":[18,16.47657,8.3]},"faces":{"north":{"uv":[5.5,4,6.5,4.5],"rotation":180,"texture":"#0"},"east":{"uv":[5.5,3.5,6,4],"rotation":270,"texture":"#0"},"south":{"uv":[5.5,4.5,6.5,5],"texture":"#0"},"west":{"uv":[5.5,3.5,6,4],"rotation":90,"texture":"#0"},"up":{"uv":[2,8,1,7.5],"rotation":180,"texture":"#0"},"down":{"uv":[2,7.5,1,8],"rotation":180,"texture":"#0"}}},{"from":[19.72414,17.42783,9.86969],"to":[20.72414,18.02783,10.86969],"rotation":{"angle":-45,"axis":"y","origin":[18,16.47657,8.3]},"faces":{"north":{"uv":[5,3.5,5.25,4],"rotation":90,"texture":"#0"},"east":{"uv":[5,4.75,5.5,5],"rotation":180,"texture":"#0"},"south":{"uv":[5.25,3.5,5.5,4],"rotation":270,"texture":"#0"},"west":{"uv":[5,4.5,5.5,4.75],"texture":"#0"},"up":{"uv":[5.5,4.5,5,4],"rotation":90,"texture":"#0"},"down":{"uv":[5,4.5,5.5,4],"rotation":90,"texture":"#0"}}},{"from":[-1,0,7],"to":[8,26,7],"faces":{"north":{"uv":[0,0,4.5,13],"texture":"#6"},"east":{"uv":[0,0,0,13],"texture":"#6"},"south":{"uv":[4.5,0,0,13],"texture":"#6"},"west":{"uv":[0,0,0,13],"texture":"#6"},"up":{"uv":[0,0,4.5,0],"texture":"#6"},"down":{"uv":[0,0,4.5,0],"texture":"#6"}}},{"from":[8,0,7],"to":[17,26,7],"rotation":{"angle":0,"axis":"y","origin":[16,0,0]},"faces":{"north":{"uv":[9,0,4.5,13],"texture":"#6"},"east":{"uv":[0,0,0,13],"texture":"#6"},"south":{"uv":[4.5,0,9,13],"texture":"#6"},"west":{"uv":[0,0,0,13],"texture":"#6"},"up":{"uv":[4.5,0,0,0],"texture":"#6"},"down":{"uv":[4.5,0,0,0],"texture":"#6"}}},{"from":[-1,0,9],"to":[8,26,9],"rotation":{"angle":0,"axis":"y","origin":[0,0,16]},"faces":{"north":{"uv":[0,0,4.5,13],"texture":"#6"},"east":{"uv":[0,0,0,13],"texture":"#6"},"south":{"uv":[4.5,0,0,13],"texture":"#6"},"west":{"uv":[0,0,0,13],"texture":"#6"},"up":{"uv":[0,0,4.5,0],"texture":"#6"},"down":{"uv":[0,0,4.5,0],"texture":"#6"}}},{"from":[8,0,9],"to":[17,26,9],"rotation":{"angle":0,"axis":"y","origin":[16,0,16]},"faces":{"north":{"uv":[9,0,4.5,13],"texture":"#6"},"east":{"uv":[0,0,0,13],"texture":"#6"},"south":{"uv":[4.5,0,9,13],"texture":"#6"},"west":{"uv":[0,0,0,13],"texture":"#6"},"up":{"uv":[4.5,0,0,0],"texture":"#6"},"down":{"uv":[4.5,0,0,0],"texture":"#6"}}},{"from":[4.3,14.5,9],"to":[5.3,18,11],"rotation":{"angle":0,"axis":"y","origin":[3.3,10.5,10]},"faces":{"north":{"uv":[10.5,0,10,1.75],"texture":"#3"},"east":{"uv":[10,0,9,1.75],"texture":"#3"},"south":{"uv":[10.5,0,10,1.75],"texture":"#3"},"west":{"uv":[10,1.75,9,3.5],"texture":"#3"},"up":{"uv":[11,2,11.5,1],"texture":"#3"},"down":{"uv":[11,2,11.5,1],"texture":"#3"}}},{"from":[4.6,17.7,9.1],"to":[5.6,20.2,10.9],"rotation":{"angle":-45,"axis":"z","origin":[4.8,18.25,10]},"faces":{"north":{"uv":[11,0,10.5,1.25],"texture":"#3"},"east":{"uv":[13.5,0,12.5,1.25],"texture":"#3"},"south":{"uv":[11,0,10.5,1.25],"texture":"#3"},"west":{"uv":[12.5,0,11.5,1.25],"texture":"#3"},"up":{"uv":[11,1,11.5,0],"texture":"#3"},"down":{"uv":[11,1,11.5,0],"texture":"#3"}}},{"from":[1.4,13.6,9.1],"to":[2.4,16.1,10.9],"rotation":{"angle":45,"axis":"z","origin":[4.8,18.75,10]},"faces":{"north":{"uv":[9.5,4.75,9,6],"texture":"#3"},"east":{"uv":[10,3.5,9,4.75],"texture":"#3"},"south":{"uv":[9.5,4.75,9,6],"texture":"#3"},"west":{"uv":[11,3.5,10,4.75],"texture":"#3"},"up":{"uv":[7.5,9.5,8,8.5],"texture":"#3"},"down":{"uv":[7.5,9.5,8,8.5],"texture":"#3"}}},{"from":[10.3,17.7,9.1],"to":[11.3,20.2,10.9],"rotation":{"angle":45,"axis":"z","origin":[11.1,18.25,10]},"faces":{"north":{"uv":[10.5,0,11,1.25],"texture":"#3"},"east":{"uv":[11.5,0,12.5,1.25],"texture":"#3"},"south":{"uv":[10.5,0,11,1.25],"texture":"#3"},"west":{"uv":[12.5,0,13.5,1.25],"texture":"#3"},"up":{"uv":[11.5,1,11,0],"texture":"#3"},"down":{"uv":[11.5,1,11,0],"texture":"#3"}}},{"from":[10.6,14.5,9],"to":[11.6,18,11],"rotation":{"angle":0,"axis":"y","origin":[12.6,10.5,10]},"faces":{"north":{"uv":[10,0,10.5,1.75],"texture":"#3"},"east":{"uv":[9,1.75,10,3.5],"texture":"#3"},"south":{"uv":[10,0,10.5,1.75],"texture":"#3"},"west":{"uv":[9,0,10,1.75],"texture":"#3"},"up":{"uv":[11.5,2,11,1],"texture":"#3"},"down":{"uv":[11.5,2,11,1],"texture":"#3"}}},{"from":[13.5,13.6,9.1],"to":[14.5,16.1,10.9],"rotation":{"angle":-45,"axis":"z","origin":[11.1,18.75,10]},"faces":{"north":{"uv":[9,4.75,9.5,6],"texture":"#3"},"east":{"uv":[10,3.5,11,4.75],"texture":"#3"},"south":{"uv":[9,4.75,9.5,6],"texture":"#3"},"west":{"uv":[9,3.5,10,4.75],"texture":"#3"},"up":{"uv":[8,9.5,7.5,8.5],"texture":"#3"},"down":{"uv":[8,9.5,7.5,8.5],"texture":"#3"}}},{"from":[5.7,19,9],"to":[10.2,20,11],"rotation":{"angle":0,"axis":"y","origin":[4.7,18.25,10]},"faces":{"north":{"uv":[2.5,11.75,3,9.5],"rotation":90,"texture":"#3"},"east":{"uv":[3.5,9.5,3,10.5],"rotation":90,"texture":"#3"},"south":{"uv":[2.5,11.75,3,9.5],"rotation":270,"texture":"#3"},"west":{"uv":[3,10.5,3.5,9.5],"rotation":90,"texture":"#3"},"up":{"uv":[2.5,9.5,1.5,11.75],"rotation":90,"texture":"#3"},"down":{"uv":[4.5,9.5,3.5,11.75],"rotation":90,"texture":"#3"}}},{"from":[5.7,12.5,9],"to":[10.2,13.5,11],"rotation":{"angle":0,"axis":"y","origin":[4.7,18.75,10]},"faces":{"north":{"uv":[9.5,7,10,4.75],"rotation":90,"texture":"#3"},"east":{"uv":[9,7,9.5,6],"rotation":90,"texture":"#3"},"south":{"uv":[9.5,7,10,4.75],"rotation":270,"texture":"#3"},"west":{"uv":[9,6,9.5,7],"rotation":90,"texture":"#3"},"up":{"uv":[14,4.25,13,6.5],"rotation":90,"texture":"#3"},"down":{"uv":[12.5,1.25,13.5,3.5],"rotation":90,"texture":"#3"}}},{"from":[4.7,13,10],"to":[11.2,19.5,10],"rotation":{"angle":0,"axis":"y","origin":[3.2,10.5,10]},"faces":{"north":{"uv":[7,8.5,0.5,15],"texture":"#5"},"east":{"uv":[0,0,0,9],"texture":"#5"},"south":{"uv":[7,8.5,0.5,15],"texture":"#5"},"west":{"uv":[0,0,0,9],"texture":"#5"},"up":{"uv":[0,0,9,0],"texture":"#5"},"down":{"uv":[0,0,9,0],"texture":"#5"}}},{"from":[8,-11,8],"to":[16,5,8],"rotation":{"angle":0,"axis":"y","origin":[16,0,0]},"faces":{"north":{"uv":[16,0,12,8],"texture":"#6"},"east":{"uv":[0,0,0,8],"texture":"#6"},"south":{"uv":[12,0,16,8],"texture":"#6"},"west":{"uv":[0,0,0,8],"texture":"#6"},"up":{"uv":[4,0,0,0],"texture":"#6"},"down":{"uv":[4,0,0,0],"texture":"#6"}}},{"from":[0,-11,8],"to":[8,5,8],"faces":{"north":{"uv":[10,8,14,16],"texture":"#6"},"east":{"uv":[0,0,0,8],"texture":"#6"},"south":{"uv":[14,8,10,16],"texture":"#6"},"west":{"uv":[0,0,0,8],"texture":"#6"},"up":{"uv":[0,0,4,0],"texture":"#6"},"down":{"uv":[0,0,4,0],"texture":"#6"}}},{"from":[5.1,-3.3,9.5],"to":[6.1,-1.3,10.5],"rotation":{"angle":0,"axis":"y","origin":[-2.5,7.3,-0.5]},"faces":{"north":{"uv":[5.5,4.5,6.5,4],"rotation":90,"texture":"#0"},"east":{"uv":[1,7.5,2,8],"rotation":90,"texture":"#0"},"south":{"uv":[5.5,5,6.5,4.5],"rotation":90,"texture":"#0"},"west":{"uv":[1,8,2,7.5],"rotation":90,"texture":"#0"},"up":{"uv":[5.5,4,6,3.5],"texture":"#0"},"down":{"uv":[5.5,4,6,3.5],"rotation":180,"texture":"#0"}}},{"from":[5.1,-1.5,9.7],"to":[5.9,-0.5,10.7],"rotation":{"angle":-22.5,"axis":"x","origin":[5.5,-1.8,10]},"faces":{"north":{"uv":[5.5,1.5,5,2],"texture":"#0"},"east":{"uv":[5,2,5.5,2.5],"texture":"#0"},"south":{"uv":[5.5,1,5,1.5],"texture":"#0"},"west":{"uv":[5.5,2,5,2.5],"texture":"#0"},"up":{"uv":[5.5,2.5,5,3],"rotation":270,"texture":"#0"},"down":{"uv":[5.5,3,5,3.5],"rotation":90,"texture":"#0"}}},{"from":[5.2,-0.9,10.1],"to":[5.8,0.1,11.1],"rotation":{"angle":-45,"axis":"x","origin":[5.5,-1.8,10]},"faces":{"north":{"uv":[5.25,3.5,5,4],"texture":"#0"},"east":{"uv":[5,4,5.5,4.5],"texture":"#0"},"south":{"uv":[5.5,3.5,5.25,4],"texture":"#0"},"west":{"uv":[5.5,4,5,4.5],"texture":"#0"},"up":{"uv":[5.5,4.5,5,4.75],"rotation":270,"texture":"#0"},"down":{"uv":[5.5,4.75,5,5],"rotation":90,"texture":"#0"}}},{"from":[5,-1.1,7.7],"to":[6,-0.1,8.7],"rotation":{"angle":22.5,"axis":"x","origin":[5.5,-1.8,10]},"faces":{"north":{"uv":[4.5,4.5,5,4],"rotation":270,"texture":"#0"},"east":{"uv":[4,4,4.5,4.5],"rotation":90,"texture":"#0"},"south":{"uv":[4.5,4.5,5,4],"rotation":270,"texture":"#0"},"west":{"uv":[4,4.5,4.5,4],"rotation":90,"texture":"#0"},"up":{"uv":[4.5,5,5,4.5],"rotation":180,"texture":"#0"},"down":{"uv":[4,5,4.5,4.5],"rotation":180,"texture":"#0"}}},{"from":[10,-3.3,9.5],"to":[11,-1.3,10.5],"rotation":{"angle":0,"axis":"y","origin":[2.5,7.3,-0.5]},"faces":{"north":{"uv":[5.5,4.5,6.5,4],"rotation":90,"texture":"#0"},"east":{"uv":[1,7.5,2,8],"rotation":90,"texture":"#0"},"south":{"uv":[5.5,5,6.5,4.5],"rotation":90,"texture":"#0"},"west":{"uv":[1,8,2,7.5],"rotation":90,"texture":"#0"},"up":{"uv":[5.5,4,6,3.5],"texture":"#0"},"down":{"uv":[5.5,4,6,3.5],"rotation":180,"texture":"#0"}}},{"from":[10.1,-1.5,9.7],"to":[10.9,-0.5,10.7],"rotation":{"angle":-22.5,"axis":"x","origin":[10.5,-1.8,10]},"faces":{"north":{"uv":[5.5,1.5,5,2],"texture":"#0"},"east":{"uv":[5,2,5.5,2.5],"texture":"#0"},"south":{"uv":[5.5,1,5,1.5],"texture":"#0"},"west":{"uv":[5.5,2,5,2.5],"texture":"#0"},"up":{"uv":[5.5,2.5,5,3],"rotation":270,"texture":"#0"},"down":{"uv":[5.5,3,5,3.5],"rotation":90,"texture":"#0"}}},{"from":[10.2,-0.9,10.1],"to":[10.8,0.1,11.1],"rotation":{"angle":-45,"axis":"x","origin":[10.5,-1.8,10]},"faces":{"north":{"uv":[5.25,3.5,5,4],"texture":"#0"},"east":{"uv":[5,4,5.5,4.5],"texture":"#0"},"south":{"uv":[5.5,3.5,5.25,4],"texture":"#0"},"west":{"uv":[5.5,4,5,4.5],"texture":"#0"},"up":{"uv":[5.5,4.5,5,4.75],"rotation":270,"texture":"#0"},"down":{"uv":[5.5,4.75,5,5],"rotation":90,"texture":"#0"}}},{"from":[10,-1.1,7.7],"to":[11,-0.1,8.7],"rotation":{"angle":22.5,"axis":"x","origin":[10.5,-1.8,10]},"faces":{"north":{"uv":[4.5,4.5,5,4],"rotation":270,"texture":"#0"},"east":{"uv":[4,4,4.5,4.5],"rotation":90,"texture":"#0"},"south":{"uv":[4.5,4.5,5,4],"rotation":270,"texture":"#0"},"west":{"uv":[4,4.5,4.5,4],"rotation":90,"texture":"#0"},"up":{"uv":[4.5,5,5,4.5],"rotation":180,"texture":"#0"},"down":{"uv":[4,5,4.5,4.5],"rotation":180,"texture":"#0"}}},{"from":[5,-7.3,9],"to":[11,-2.3,10],"rotation":{"angle":0,"axis":"y","origin":[0,-16.3,-7]},"faces":{"north":{"uv":[8.5,7,5.5,9.5],"texture":"#1"},"east":{"uv":[10.5,9,10,11.5],"texture":"#1"},"south":{"uv":[8.5,7,5.5,9.5],"texture":"#1"},"west":{"uv":[10,9,10.5,11.5],"texture":"#1"},"up":{"uv":[7,10,4,9.5],"rotation":180,"texture":"#1"},"down":{"uv":[7,9.5,4,10],"rotation":180,"texture":"#1"}}},{"from":[6,-6.3,10],"to":[10,-3.3,11],"rotation":{"angle":0,"axis":"y","origin":[0,-16.3,-7]},"faces":{"north":{"uv":[9.5,10,7.5,11.5],"texture":"#1"},"east":{"uv":[9.5,10,10,11.5],"texture":"#1"},"south":{"uv":[9.5,10,7.5,11.5],"texture":"#1"},"west":{"uv":[10,10,9.5,11.5],"texture":"#1"},"up":{"uv":[9.5,9.5,7.5,10],"rotation":180,"texture":"#1"},"down":{"uv":[9.5,10,7.5,9.5],"rotation":180,"texture":"#1"}}},{"from":[1,8,6.5],"to":[3,12,9.5],"rotation":{"angle":45,"axis":"y","origin":[1,5.5,1]},"faces":{"north":{"uv":[10,5.75,9,7.75],"texture":"#0"},"east":{"uv":[11.5,5.75,10,7.75],"texture":"#0"},"south":{"uv":[10,5.75,9,7.75],"texture":"#0"},"west":{"uv":[10,5.75,11.5,7.75],"texture":"#0"},"up":{"uv":[7,1,8.5,0],"rotation":90,"texture":"#0"},"down":{"uv":[7,1,8.5,0],"rotation":270,"texture":"#0"}}},{"from":[13,8,6.5],"to":[15,12,9.5],"rotation":{"angle":-45,"axis":"y","origin":[15,5.5,1]},"faces":{"north":{"uv":[9,5.75,10,7.75],"texture":"#0"},"east":{"uv":[10,5.75,11.5,7.75],"texture":"#0"},"south":{"uv":[9,5.75,10,7.75],"texture":"#0"},"west":{"uv":[10,5.75,11.5,7.75],"texture":"#0"},"up":{"uv":[7,0,8.5,1],"rotation":90,"texture":"#0"},"down":{"uv":[7,0,8.5,1],"rotation":270,"texture":"#0"}}},{"from":[8,3,6.5],"to":[14,11,6.5],"rotation":{"angle":22.5,"axis":"y","origin":[10.5,7.5,6.5]},"faces":{"north":{"uv":[7.75,0.5,4.75,4.5],"texture":"#4"},"east":{"uv":[0,0,0,4],"texture":"#4"},"south":{"uv":[4.75,0.5,7.75,4.5],"texture":"#4"},"west":{"uv":[0,0,0,4],"texture":"#4"},"up":{"uv":[3,0,0,0],"texture":"#4"},"down":{"uv":[3,0,0,0],"texture":"#4"}}},{"from":[2,3,6.5],"to":[8,11,6.5],"rotation":{"angle":-22.5,"axis":"y","origin":[5.5,7.5,6.5]},"faces":{"north":{"uv":[4.75,0.5,7.75,4.5],"texture":"#4"},"east":{"uv":[0,0,0,4],"texture":"#4"},"south":{"uv":[7.75,0.5,4.75,4.5],"texture":"#4"},"west":{"uv":[0,0,0,4],"texture":"#4"},"up":{"uv":[0,0,3,0],"texture":"#4"},"down":{"uv":[0,0,3,0],"texture":"#4"}}}],"gui_light":"front","display":{"thirdperson_righthand":{"rotation":[78,-78,-17.34],"translation":[2.5,-2.5,1.75],"scale":[0.7,0.7,0.7]},"thirdperson_lefthand":{"rotation":[78,-78,-17.34],"translation":[2.5,-2.5,1.75],"scale":[0.7,0.7,0.7]},"firstperson_righthand":{"translation":[-1.5,2,1.75],"scale":[0.38,0.38,0.38]},"firstperson_lefthand":{"translation":[-1.5,2,1.75],"scale":[0.38,0.38,0.38]},"ground":{"rotation":[45,0,0],"translation":[0,10,0],"scale":[0.39,0.39,0.39]},"gui":{"rotation":[-180,0,-180],"translation":[0.5,0,-2],"scale":[0.35,0.35,0.35]},"head":{"rotation":[-135.5,0,0],"translation":[0,20.5,4.75],"scale":[0,0,0]},"fixed":{"translation":[-0.5,0,-7.75],"scale":[1.5,1.5,1.5]}},"groups":[0,1,2,3,4,5,6,7,8,9,10,11,12,13,14,15,16,17,{"name":"group","origin":[0,0,0],"color":0,"children":[18,19,20,21,22,23,24,25,26,27,28]},{"name":"group","origin":[0,-4,22],"color":0,"children":[29,30,31,32,33,34,35,36,37,38]},{"name":"group","origin":[0,0,0],"color":0,"children":[39,40,41,42,43,{"name":"group","origin":[8,-9.1,10.5],"color":0,"children":[44,45,46,47,48,49]},{"name":"group","origin":[8,-9.1,10.5],"color":0,"children":[50,51,52,53,54,55]}]},{"name":"group","origin":[0,0,0],"color":0,"children":[56,57,58,59,60,{"name":"group","origin":[8,-9.1,10.5],"color":0,"children":[61,62,63,64,65,66]},{"name":"group","origin":[8,-9.1,10.5],"color":0,"children":[67,68,69,70,71,72]}]},73,74,75,76,{"name":"group","origin":[0,0,0],"color":0,"children":[77,78,79,80,81,82,83,84,85]},86,87,{"name":"group","origin":[0,-4,22],"color":0,"children":[88,89,90,91,92,93,94,95,96,97]},{"name":"group","origin":[5.5,11.5,9],"color":0,"children":[98,99,100,101]}],"mcmodels":"a3af94fde0f99e25ef61aa762dfa0c0f"}