{"textures":{"1":"modelengine:entity/pet_moon","particle":"#1"},"elements":[{"from":[3.8806024,3.5,5.413417],"to":[12.880602,12.5,14.413418],"faces":{"east":{"uv":[4.75,2.5,2.5,4.75],"tintindex":0,"rotation":0,"texture":"#1"},"south":{"uv":[2.5,0.0,4.75,2.25],"tintindex":0,"rotation":0,"texture":"#1"},"north":{"uv":[0.0,0.0,2.25,2.25],"tintindex":0,"rotation":0,"texture":"#1"},"west":{"uv":[2.5,2.5,4.75,4.75],"tintindex":0,"rotation":0,"texture":"#1"},"up":{"uv":[2.25,7.25,0.0,5.0],"tintindex":0,"rotation":0,"texture":"#1"},"down":{"uv":[7.25,0.0,5.0,2.25],"tintindex":0,"rotation":0,"texture":"#1"}},"rotation":{"origin":[3.3806024,9.0,9.913417],"angle":22.5,"axis":"y"}}],"display":{"head":{"rotation":[0.0,0.0,0.0]},"firstperson_righthand":{"rotation":[0.0,0.0,0.0]},"thirdperson_lefthand":{"rotation":[0.0,-0.0,-0.0]},"firstperson_lefthand":{"rotation":[0.0,-0.0,-0.0]},"fixed":{"rotation":[0.0,0.0,0.0]},"ground":{"rotation":[0.0,0.0,0.0]},"thirdperson_righthand":{"rotation":[0.0,0.0,0.0]},"gui":{"rotation":[-150.0,-45.0,180.0]}}}