{
	"credit": "Made by Geode",
	"texture_size": [32, 32],
	"textures": {
		"6": "bow/nebula_bowflame",
		"9": "bow/nebula_bow_pulling_3"
	},
	"elements": [
		{
			"from": [6.49975, 6.98818, 1.13447],
			"to": [9.49975, 8.98818, 2.13447],
			"rotation": {"angle": -45, "axis": "x", "origin": [7.99975, 7.98818, 3.13447]},
			"faces": {
				"north": {"uv": [8.5, 4, 10, 5], "texture": "#9"},
				"east": {"uv": [12.5, 4, 13, 5], "texture": "#9"},
				"south": {"uv": [8.5, 5, 10, 6], "texture": "#9"},
				"west": {"uv": [4.5, 12.5, 5, 13.5], "texture": "#9"},
				"up": {"uv": [13.5, 4, 12, 3.5], "texture": "#9"},
				"down": {"uv": [5.5, 12, 4, 12.5], "texture": "#9"}
			}
		},
		{
			"from": [6.49975, 5.98818, 1.13447],
			"to": [9.49975, 6.98818, 5.13447],
			"rotation": {"angle": -45, "axis": "x", "origin": [7.99975, 7.98818, 3.13447]},
			"faces": {
				"north": {"uv": [12, 1.5, 13.5, 2], "texture": "#9"},
				"east": {"uv": [11, 9, 13, 9.5], "texture": "#9"},
				"south": {"uv": [12, 2, 13.5, 2.5], "texture": "#9"},
				"west": {"uv": [11, 9.5, 13, 10], "texture": "#9"},
				"up": {"uv": [6.5, 7.5, 5, 5.5], "texture": "#9"},
				"down": {"uv": [7.5, 3, 6, 5], "texture": "#9"}
			}
		},
		{
			"from": [6.74975, 6.98818, 2.13447],
			"to": [9.24975, 8.98818, 4.13447],
			"rotation": {"angle": -45, "axis": "x", "origin": [7.99975, 7.98818, 3.13447]},
			"faces": {
				"north": {"uv": [8.5, 6, 10, 7], "texture": "#9"},
				"east": {"uv": [2, 11.5, 3, 12.5], "texture": "#9"},
				"south": {"uv": [7, 8.5, 8.5, 9.5], "texture": "#9"},
				"west": {"uv": [3, 11.5, 4, 12.5], "texture": "#9"},
				"up": {"uv": [10, 8, 8.5, 7], "texture": "#9"},
				"down": {"uv": [10, 8, 8.5, 9], "texture": "#9"}
			}
		},
		{
			"from": [6.49975, 6.98818, 4.13447],
			"to": [9.49975, 8.98818, 5.13447],
			"rotation": {"angle": -45, "axis": "x", "origin": [7.99975, 7.98818, 3.13447]},
			"faces": {
				"north": {"uv": [7, 7.5, 8.5, 8.5], "texture": "#9"},
				"east": {"uv": [3.5, 12.5, 4, 13.5], "texture": "#9"},
				"south": {"uv": [8.5, 3, 10, 4], "texture": "#9"},
				"west": {"uv": [4, 12.5, 4.5, 13.5], "texture": "#9"},
				"up": {"uv": [13.5, 3, 12, 2.5], "texture": "#9"},
				"down": {"uv": [13.5, 3, 12, 3.5], "texture": "#9"}
			}
		},
		{
			"from": [6.49975, 8.98818, 1.13447],
			"to": [9.49975, 9.98818, 5.13447],
			"rotation": {"angle": -45, "axis": "x", "origin": [7.99975, 7.98818, 3.13447]},
			"faces": {
				"north": {"uv": [10.5, 11.5, 12, 12], "texture": "#9"},
				"east": {"uv": [11, 5, 13, 5.5], "texture": "#9"},
				"south": {"uv": [11.5, 11, 13, 11.5], "texture": "#9"},
				"west": {"uv": [11, 5.5, 13, 6], "texture": "#9"},
				"up": {"uv": [3.5, 7.5, 2, 5.5], "texture": "#9"},
				"down": {"uv": [5, 5.5, 3.5, 7.5], "texture": "#9"}
			}
		},
		{
			"from": [7.25, 14.83756, 4.88253],
			"to": [8.75, 15.83756, 5.88253],
			"rotation": {"angle": -22.5, "axis": "x", "origin": [8, 11.80463, 1.85094]},
			"faces": {
				"north": {"uv": [13, 9.5, 14, 10], "texture": "#9"},
				"east": {"uv": [2.5, 14, 3, 14.5], "texture": "#9"},
				"south": {"uv": [13, 10, 14, 10.5], "texture": "#9"},
				"west": {"uv": [14, 2.5, 14.5, 3], "texture": "#9"},
				"up": {"uv": [14, 11, 13, 10.5], "texture": "#9"},
				"down": {"uv": [14, 11, 13, 11.5], "texture": "#9"}
			}
		},
		{
			"from": [7, 8.05, 1.25],
			"to": [9, 13.05, 4.25],
			"rotation": {"angle": -22.5, "axis": "x", "origin": [8, 10.55, 2.75]},
			"faces": {
				"north": {"uv": [6.5, 5, 7.5, 7.5], "texture": "#9"},
				"east": {"uv": [0, 3, 1.5, 5.5], "texture": "#9"},
				"south": {"uv": [2, 7.5, 3, 10], "texture": "#9"},
				"west": {"uv": [1.5, 3, 3, 5.5], "texture": "#9"},
				"up": {"uv": [9.5, 10.5, 8.5, 9], "texture": "#9"},
				"down": {"uv": [5, 9.5, 4, 11], "texture": "#9"}
			}
		},
		{
			"from": [7.5, 12.3, 0.85],
			"to": [8.5, 16.3, 2.85],
			"rotation": {"angle": 22.5, "axis": "x", "origin": [8, 11.80463, 1.85094]},
			"faces": {
				"north": {"uv": [9, 10.5, 9.5, 12.5], "texture": "#9"},
				"east": {"uv": [4, 7.5, 5, 9.5], "texture": "#9"},
				"south": {"uv": [6.5, 11, 7, 13], "texture": "#9"},
				"west": {"uv": [5, 7.5, 6, 9.5], "texture": "#9"},
				"up": {"uv": [5.5, 13.5, 5, 12.5], "texture": "#9"},
				"down": {"uv": [6, 12.5, 5.5, 13.5], "texture": "#9"}
			}
		},
		{
			"from": [7.5, 14.33756, 6.88253],
			"to": [8.5, 16.33756, 9.88253],
			"rotation": {"angle": -22.5, "axis": "x", "origin": [8, 11.80463, 1.85094]},
			"faces": {
				"north": {"uv": [6, 12.5, 6.5, 13.5], "texture": "#9"},
				"east": {"uv": [7, 9.5, 8.5, 10.5], "texture": "#9"},
				"south": {"uv": [12.5, 7, 13, 8], "texture": "#9"},
				"west": {"uv": [9.5, 9, 11, 10], "texture": "#9"},
				"up": {"uv": [8.5, 13.5, 8, 12], "texture": "#9"},
				"down": {"uv": [9, 12, 8.5, 13.5], "texture": "#9"}
			}
		},
		{
			"from": [7, 16.37054, 7.07402],
			"to": [9, 19.37054, 8.07402],
			"rotation": {"angle": 0, "axis": "y", "origin": [8, 11.80463, 1.85094]},
			"faces": {
				"north": {"uv": [2, 10, 3, 11.5], "texture": "#9"},
				"east": {"uv": [10.5, 12, 11, 13.5], "texture": "#9"},
				"south": {"uv": [3, 10, 4, 11.5], "texture": "#9"},
				"west": {"uv": [11, 12, 11.5, 13.5], "texture": "#9"},
				"up": {"uv": [13.5, 8.5, 12.5, 8], "texture": "#9"},
				"down": {"uv": [13.5, 8.5, 12.5, 9], "texture": "#9"}
			}
		},
		{
			"from": [7.499, 16.87054, 8.07402],
			"to": [8.501, 18.87054, 10.07402],
			"rotation": {"angle": 0, "axis": "y", "origin": [8, 11.80463, 1.85094]},
			"faces": {
				"north": {"uv": [9, 12.5, 9.5, 13.5], "texture": "#9"},
				"east": {"uv": [11.5, 6, 12.5, 7], "texture": "#9"},
				"south": {"uv": [12.5, 10, 13, 11], "texture": "#9"},
				"west": {"uv": [11.5, 7, 12.5, 8], "texture": "#9"},
				"up": {"uv": [13, 12.5, 12.5, 11.5], "texture": "#9"},
				"down": {"uv": [13, 12.5, 12.5, 13.5], "texture": "#9"}
			}
		},
		{
			"from": [7.5, 21.20137, 2.66919],
			"to": [8.5, 22.61558, 4.0834],
			"rotation": {"angle": 45, "axis": "x", "origin": [8, 11.80463, 1.85094]},
			"faces": {
				"north": {"uv": [6, 5, 6.5, 5.5], "texture": "#9"},
				"east": {"uv": [10.5, 2.5, 11, 3], "texture": "#9"},
				"south": {"uv": [14, 0, 14.5, 0.5], "texture": "#9"},
				"west": {"uv": [14, 0.5, 14.5, 1], "texture": "#9"},
				"up": {"uv": [1.5, 14.5, 1, 14], "texture": "#9"},
				"down": {"uv": [14.5, 1, 14, 1.5], "texture": "#9"}
			}
		},
		{
			"from": [7, 13.83756, 3.88253],
			"to": [9, 16.83756, 4.88253],
			"rotation": {"angle": -22.5, "axis": "x", "origin": [8, 11.80463, 1.85094]},
			"faces": {
				"north": {"uv": [5, 9.5, 6, 11], "texture": "#9"},
				"east": {"uv": [7, 12, 7.5, 13.5], "texture": "#9"},
				"south": {"uv": [6, 9.5, 7, 11], "texture": "#9"},
				"west": {"uv": [7.5, 12, 8, 13.5], "texture": "#9"},
				"up": {"uv": [13.5, 6.5, 12.5, 6], "texture": "#9"},
				"down": {"uv": [13.5, 6.5, 12.5, 7], "texture": "#9"}
			}
		},
		{
			"from": [8, 14.83756, 0.88253],
			"to": [8, 16.83756, 3.88253],
			"rotation": {"angle": -22.5, "axis": "x", "origin": [8, 11.80463, 1.85094]},
			"faces": {
				"north": {"uv": [0, 0, 0, 1], "texture": "#9"},
				"east": {"uv": [10, 6, 11.5, 7], "texture": "#9"},
				"south": {"uv": [0, 0, 0, 1], "texture": "#9"},
				"west": {"uv": [10, 7, 11.5, 8], "texture": "#9"},
				"up": {"uv": [0, 1.5, 0, 0], "texture": "#9"},
				"down": {"uv": [0, 0, 0, 1.5], "texture": "#9"}
			}
		},
		{
			"from": [7, 13.83756, 5.88253],
			"to": [9, 16.83756, 6.88253],
			"rotation": {"angle": -22.5, "axis": "x", "origin": [8, 11.80463, 1.85094]},
			"faces": {
				"north": {"uv": [10, 3, 11, 4.5], "texture": "#9"},
				"east": {"uv": [11.5, 12, 12, 13.5], "texture": "#9"},
				"south": {"uv": [10, 4.5, 11, 6], "texture": "#9"},
				"west": {"uv": [12, 11.5, 12.5, 13], "texture": "#9"},
				"up": {"uv": [14, 0.5, 13, 0], "texture": "#9"},
				"down": {"uv": [14, 0.5, 13, 1], "texture": "#9"}
			}
		},
		{
			"from": [7, 15.83756, 4.88253],
			"to": [9, 16.83756, 5.88253],
			"rotation": {"angle": -22.5, "axis": "x", "origin": [8, 11.80463, 1.85094]},
			"faces": {
				"north": {"uv": [13, 1, 14, 1.5], "texture": "#9"},
				"east": {"uv": [1.5, 14, 2, 14.5], "texture": "#9"},
				"south": {"uv": [13, 4, 14, 4.5], "texture": "#9"},
				"west": {"uv": [14, 1.5, 14.5, 2], "texture": "#9"},
				"up": {"uv": [14, 5, 13, 4.5], "texture": "#9"},
				"down": {"uv": [14, 5, 13, 5.5], "texture": "#9"}
			}
		},
		{
			"from": [7, 13.83756, 4.88253],
			"to": [9, 14.83756, 5.88253],
			"rotation": {"angle": -22.5, "axis": "x", "origin": [8, 11.80463, 1.85094]},
			"faces": {
				"north": {"uv": [13, 5.5, 14, 6], "texture": "#9"},
				"east": {"uv": [2, 14, 2.5, 14.5], "texture": "#9"},
				"south": {"uv": [13, 7, 14, 7.5], "texture": "#9"},
				"west": {"uv": [14, 2, 14.5, 2.5], "texture": "#9"},
				"up": {"uv": [14, 8, 13, 7.5], "texture": "#9"},
				"down": {"uv": [14, 9, 13, 9.5], "texture": "#9"}
			}
		},
		{
			"from": [8, 17.19071, -2.9199],
			"to": [8, 23.19071, 2.0801],
			"rotation": {"angle": 45, "axis": "x", "origin": [8, 11.80463, 1.85094]},
			"faces": {
				"north": {"uv": [0, 0, 0, 3], "texture": "#missing"},
				"east": {"uv": [2, 4, 13, 16], "texture": "#6"},
				"south": {"uv": [0, 0, 0, 3], "texture": "#missing"},
				"west": {"uv": [2, 4, 13, 16], "texture": "#6"},
				"up": {"uv": [0, 0, 0, 2.5], "texture": "#missing"},
				"down": {"uv": [0, 0, 0, 2.5], "texture": "#missing"}
			}
		},
		{
			"from": [8, 4.6524, 10.52571],
			"to": [8, 18.2524, 11.52571],
			"rotation": {"angle": -45, "axis": "x", "origin": [8, 14.4024, 10.77571]},
			"faces": {
				"north": {"uv": [0, 0, 0, 7], "texture": "#9"},
				"east": {"uv": [0, 5.5, 0.5, 12.5], "texture": "#9"},
				"south": {"uv": [0, 0, 0, 7], "texture": "#9"},
				"west": {"uv": [0.5, 5.5, 1, 12.5], "texture": "#9"},
				"up": {"uv": [0, 0.5, 0, 0], "texture": "#9"},
				"down": {"uv": [0, 0, 0, 0.5], "texture": "#9"}
			}
		},
		{
			"from": [8, -2.2524, 10.52571],
			"to": [8, 11.3476, 11.52571],
			"rotation": {"angle": 45, "axis": "x", "origin": [8, 1.5976, 10.77571]},
			"faces": {
				"north": {"uv": [0, 0, 0, 7], "texture": "#9"},
				"east": {"uv": [1, 5.5, 1.5, 12.5], "texture": "#9"},
				"south": {"uv": [0, 0, 0, 7], "texture": "#9"},
				"west": {"uv": [1.5, 5.5, 2, 12.5], "texture": "#9"},
				"up": {"uv": [0, 0.5, 0, 0], "texture": "#9"},
				"down": {"uv": [0, 0, 0, 0.5], "texture": "#9"}
			}
		},
		{
			"from": [8, 6.5, -3],
			"to": [8, 9.5, 18],
			"rotation": {"angle": -22.5, "axis": "z", "origin": [8, 8, 8]},
			"faces": {
				"north": {"uv": [0, 0, 0, 1.5], "texture": "#9"},
				"east": {"uv": [0, 0, 10.5, 1.5], "texture": "#9"},
				"south": {"uv": [0, 0, 0, 1.5], "texture": "#9"},
				"west": {"uv": [0, 1.5, 10.5, 3], "texture": "#9"},
				"up": {"uv": [0, 10.5, 0, 0], "texture": "#9"},
				"down": {"uv": [0, 0, 0, 10.5], "texture": "#9"}
			}
		},
		{
			"from": [7.25, 0.16244, 4.88253],
			"to": [8.75, 1.16244, 5.88253],
			"rotation": {"angle": 22.5, "axis": "x", "origin": [8, 4.19537, 1.85094]},
			"faces": {
				"north": {"uv": [13, 10, 14, 9.5], "texture": "#9"},
				"east": {"uv": [2.5, 14.5, 3, 14], "texture": "#9"},
				"south": {"uv": [13, 10.5, 14, 10], "texture": "#9"},
				"west": {"uv": [14, 3, 14.5, 2.5], "texture": "#9"},
				"up": {"uv": [14, 11.5, 13, 11], "texture": "#9"},
				"down": {"uv": [14, 10.5, 13, 11], "texture": "#9"}
			}
		},
		{
			"from": [7, 2.95, 1.25],
			"to": [9, 7.95, 4.25],
			"rotation": {"angle": 22.5, "axis": "x", "origin": [8, 5.45, 2.75]},
			"faces": {
				"north": {"uv": [6.5, 7.5, 7.5, 5], "texture": "#9"},
				"east": {"uv": [0, 5.5, 1.5, 3], "texture": "#9"},
				"south": {"uv": [2, 10, 3, 7.5], "texture": "#9"},
				"west": {"uv": [1.5, 5.5, 3, 3], "texture": "#9"},
				"up": {"uv": [5, 11, 4, 9.5], "texture": "#9"},
				"down": {"uv": [9.5, 9, 8.5, 10.5], "texture": "#9"}
			}
		},
		{
			"from": [7.5, -0.3, 0.85],
			"to": [8.5, 3.7, 2.85],
			"rotation": {"angle": -22.5, "axis": "x", "origin": [8, 4.19537, 1.85094]},
			"faces": {
				"north": {"uv": [9, 12.5, 9.5, 10.5], "texture": "#9"},
				"east": {"uv": [4, 9.5, 5, 7.5], "texture": "#9"},
				"south": {"uv": [6.5, 13, 7, 11], "texture": "#9"},
				"west": {"uv": [5, 9.5, 6, 7.5], "texture": "#9"},
				"up": {"uv": [6, 13.5, 5.5, 12.5], "texture": "#9"},
				"down": {"uv": [5.5, 12.5, 5, 13.5], "texture": "#9"}
			}
		},
		{
			"from": [7.5, -0.33756, 6.88253],
			"to": [8.5, 1.66244, 9.88253],
			"rotation": {"angle": 22.5, "axis": "x", "origin": [8, 4.19537, 1.85094]},
			"faces": {
				"north": {"uv": [6, 13.5, 6.5, 12.5], "texture": "#9"},
				"east": {"uv": [7, 10.5, 8.5, 9.5], "texture": "#9"},
				"south": {"uv": [12.5, 8, 13, 7], "texture": "#9"},
				"west": {"uv": [9.5, 10, 11, 9], "texture": "#9"},
				"up": {"uv": [9, 13.5, 8.5, 12], "texture": "#9"},
				"down": {"uv": [8.5, 12, 8, 13.5], "texture": "#9"}
			}
		},
		{
			"from": [7, -3.37054, 7.07402],
			"to": [9, -0.37054, 8.07402],
			"rotation": {"angle": 0, "axis": "y", "origin": [8, 4.19537, 1.85094]},
			"faces": {
				"north": {"uv": [2, 11.5, 3, 10], "texture": "#9"},
				"east": {"uv": [10.5, 13.5, 11, 12], "texture": "#9"},
				"south": {"uv": [3, 11.5, 4, 10], "texture": "#9"},
				"west": {"uv": [11, 13.5, 11.5, 12], "texture": "#9"},
				"up": {"uv": [13.5, 9, 12.5, 8.5], "texture": "#9"},
				"down": {"uv": [13.5, 8, 12.5, 8.5], "texture": "#9"}
			}
		},
		{
			"from": [7.499, -2.87054, 8.07402],
			"to": [8.501, -0.87054, 10.07402],
			"rotation": {"angle": 0, "axis": "y", "origin": [8, 4.19537, 1.85094]},
			"faces": {
				"north": {"uv": [9, 13.5, 9.5, 12.5], "texture": "#9"},
				"east": {"uv": [11.5, 7, 12.5, 6], "texture": "#9"},
				"south": {"uv": [12.5, 11, 13, 10], "texture": "#9"},
				"west": {"uv": [11.5, 8, 12.5, 7], "texture": "#9"},
				"up": {"uv": [13, 13.5, 12.5, 12.5], "texture": "#9"},
				"down": {"uv": [13, 11.5, 12.5, 12.5], "texture": "#9"}
			}
		},
		{
			"from": [7.5, -6.61558, 2.66919],
			"to": [8.5, -5.20137, 4.0834],
			"rotation": {"angle": -45, "axis": "x", "origin": [8, 4.19537, 1.85094]},
			"faces": {
				"north": {"uv": [6, 5.5, 6.5, 5], "texture": "#9"},
				"east": {"uv": [10.5, 3, 11, 2.5], "texture": "#9"},
				"south": {"uv": [14, 0.5, 14.5, 0], "texture": "#9"},
				"west": {"uv": [14, 1, 14.5, 0.5], "texture": "#9"},
				"up": {"uv": [14.5, 1.5, 14, 1], "texture": "#9"},
				"down": {"uv": [1.5, 14, 1, 14.5], "texture": "#9"}
			}
		},
		{
			"from": [7, -0.83756, 3.88253],
			"to": [9, 2.16244, 4.88253],
			"rotation": {"angle": 22.5, "axis": "x", "origin": [8, 4.19537, 1.85094]},
			"faces": {
				"north": {"uv": [5, 11, 6, 9.5], "texture": "#9"},
				"east": {"uv": [7, 13.5, 7.5, 12], "texture": "#9"},
				"south": {"uv": [6, 11, 7, 9.5], "texture": "#9"},
				"west": {"uv": [7.5, 13.5, 8, 12], "texture": "#9"},
				"up": {"uv": [13.5, 7, 12.5, 6.5], "texture": "#9"},
				"down": {"uv": [13.5, 6, 12.5, 6.5], "texture": "#9"}
			}
		},
		{
			"from": [8, -0.83756, 0.88253],
			"to": [8, 1.16244, 3.88253],
			"rotation": {"angle": 22.5, "axis": "x", "origin": [8, 4.19537, 1.85094]},
			"faces": {
				"north": {"uv": [0, 1, 0, 0], "texture": "#9"},
				"east": {"uv": [10, 7, 11.5, 6], "texture": "#9"},
				"south": {"uv": [0, 1, 0, 0], "texture": "#9"},
				"west": {"uv": [10, 8, 11.5, 7], "texture": "#9"},
				"up": {"uv": [0, 1.5, 0, 0], "texture": "#9"},
				"down": {"uv": [0, 0, 0, 1.5], "texture": "#9"}
			}
		},
		{
			"from": [7, -0.83756, 5.88253],
			"to": [9, 2.16244, 6.88253],
			"rotation": {"angle": 22.5, "axis": "x", "origin": [8, 4.19537, 1.85094]},
			"faces": {
				"north": {"uv": [10, 4.5, 11, 3], "texture": "#9"},
				"east": {"uv": [11.5, 13.5, 12, 12], "texture": "#9"},
				"south": {"uv": [10, 6, 11, 4.5], "texture": "#9"},
				"west": {"uv": [12, 13, 12.5, 11.5], "texture": "#9"},
				"up": {"uv": [14, 1, 13, 0.5], "texture": "#9"},
				"down": {"uv": [14, 0, 13, 0.5], "texture": "#9"}
			}
		},
		{
			"from": [7, -0.83756, 4.88253],
			"to": [9, 0.16244, 5.88253],
			"rotation": {"angle": 22.5, "axis": "x", "origin": [8, 4.19537, 1.85094]},
			"faces": {
				"north": {"uv": [13, 1.5, 14, 1], "texture": "#9"},
				"east": {"uv": [1.5, 14.5, 2, 14], "texture": "#9"},
				"south": {"uv": [13, 4.5, 14, 4], "texture": "#9"},
				"west": {"uv": [14, 2, 14.5, 1.5], "texture": "#9"},
				"up": {"uv": [14, 5.5, 13, 5], "texture": "#9"},
				"down": {"uv": [14, 4.5, 13, 5], "texture": "#9"}
			}
		},
		{
			"from": [7, 1.16244, 4.88253],
			"to": [9, 2.16244, 5.88253],
			"rotation": {"angle": 22.5, "axis": "x", "origin": [8, 4.19537, 1.85094]},
			"faces": {
				"north": {"uv": [13, 6, 14, 5.5], "texture": "#9"},
				"east": {"uv": [2, 14.5, 2.5, 14], "texture": "#9"},
				"south": {"uv": [13, 7.5, 14, 7], "texture": "#9"},
				"west": {"uv": [14, 2.5, 14.5, 2], "texture": "#9"},
				"up": {"uv": [14, 9.5, 13, 9], "texture": "#9"},
				"down": {"uv": [14, 7.5, 13, 8], "texture": "#9"}
			}
		},
		{
			"from": [8, -7.19071, -2.9199],
			"to": [8, -1.19071, 2.0801],
			"rotation": {"angle": -45, "axis": "x", "origin": [8, 4.19537, 1.85094]},
			"faces": {
				"north": {"uv": [0, 3, 0, 0], "texture": "#missing"},
				"east": {"uv": [2, 16, 13, 4], "texture": "#6"},
				"south": {"uv": [0, 3, 0, 0], "texture": "#missing"},
				"west": {"uv": [2, 16, 13, 4], "texture": "#6"},
				"up": {"uv": [0, 2.5, 0, 0], "texture": "#missing"},
				"down": {"uv": [0, 2.5, 0, 0], "texture": "#missing"}
			}
		}
	],
	"display": {
		"thirdperson_righthand": {
			"translation": [-2.5, -2, 5]
		},
		"thirdperson_lefthand": {
			"translation": [-2.5, -2, 5]
		},
		"firstperson_righthand": {
			"rotation": [19.08, 17.05, 3.45],
			"translation": [3.25, 3.75, 0.25],
			"scale": [0.7, 0.7, 0.7]
		},
		"firstperson_lefthand": {
			"rotation": [22.83, -18.01, 4.89],
			"translation": [3.25, 3.25, 2.25],
			"scale": [0.7, 0.7, 0.7]
		},
		"ground": {
			"scale": [0.8, 0.8, 0.8]
		},
		"gui": {
			"rotation": [-90, -44, -90],
			"translation": [-5.75, -5.75, -0.75],
			"scale": [0.53, 0.53, 0.54]
		},
		"fixed": {
			"rotation": [-90, 45, 90],
			"translation": [7.75, -7.75, -1.5],
			"scale": [0.8, 0.8, 0.8]
		}
	},
	"groups": [
		{
			"name": "Handle",
			"origin": [-0.18301, 12.1995, -0.0005],
			"color": 0,
			"children": [0, 1, 2, 3, 4]
		},
		{
			"name": "Top Fletching",
			"origin": [8, 23.1, 1.85],
			"color": 0,
			"children": [5, 6, 7, 8, 9, 10, 11, 12, 13, 14, 15, 16, 17]
		},
		18,
		19,
		20,
		{
			"name": "Top Fletching",
			"origin": [8, 23.1, 1.85],
			"color": 0,
			"children": [21, 22, 23, 24, 25, 26, 27, 28, 29, 30, 31, 32, 33]
		}
	]
}