{	"credit":"MadewithBlockbench",	"texture_size":[32,32],	"textures":{		"3":"netherite_hoe/blue_cyber_hoe"	},	"elements":[		{			"from":[6,1,6],			"to":[10,5,10],			"rotation":{"angle":0,"axis":"y","origin":[7,16,16]},			"faces":{				"north":{"uv":[7,6,9,8],"texture":"#3"},				"east":{"uv":[7,8,9,10],"texture":"#3"},				"south":{"uv":[3,9,5,11],"texture":"#3"},				"west":{"uv":[5,9,7,11],"texture":"#3"},				"up":{"uv":[11,8,9,6],"texture":"#3"},				"down":{"uv":[11,8,9,10],"texture":"#3"}			}		},		{			"from":[7,5,7],			"to":[9,19,9],			"rotation":{"angle":0,"axis":"y","origin":[7,14,16]},			"faces":{				"north":{"uv":[0,0,1,7],"texture":"#3"},				"east":{"uv":[1,0,2,7],"texture":"#3"},				"south":{"uv":[2,0,3,7],"texture":"#3"},				"west":{"uv":[3,0,4,7],"texture":"#3"},				"up":{"uv":[1,14,0,13],"texture":"#3"},				"down":{"uv":[2,13,1,14],"texture":"#3"}			}		},		{			"from":[6.75,7,6.75],			"to":[9.25,16,9.25],			"rotation":{"angle":0,"axis":"y","origin":[7,14,16]},			"faces":{				"north":{"uv":[4,0,5.5,4.5],"texture":"#3"},				"east":{"uv":[4,4.5,5.5,9],"texture":"#3"},				"south":{"uv":[5.5,0,7,4.5],"texture":"#3"},				"west":{"uv":[5.5,4.5,7,9],"texture":"#3"},				"up":{"uv":[9.5,13.5,8,12],"texture":"#3"},				"down":{"uv":[11,12,9.5,13.5],"texture":"#3"}			}		},		{			"from":[7,0,7],			"to":[9,1,9],			"rotation":{"angle":0,"axis":"y","origin":[7,16,16]},			"faces":{				"north":{"uv":[3,8.5,4,9],"texture":"#3"},				"east":{"uv":[11.5,2.5,12.5,3],"texture":"#3"},				"south":{"uv":[13,10.5,14,11],"texture":"#3"},				"west":{"uv":[13.5,3,14.5,3.5],"texture":"#3"},				"up":{"uv":[4,14,3,13],"texture":"#3"},				"down":{"uv":[5,13,4,14],"texture":"#3"}			}		},		{			"from":[6,19,6],			"to":[10,23,10],			"rotation":{"angle":0,"axis":"y","origin":[7,21,16]},			"faces":{				"north":{"uv":[7,10,9,12],"texture":"#3"},				"east":{"uv":[9,10,11,12],"texture":"#3"},				"south":{"uv":[10.5,3,12.5,5],"texture":"#3"},				"west":{"uv":[3,11,5,13],"texture":"#3"},				"up":{"uv":[7,13,5,11],"texture":"#3"},				"down":{"uv":[13,5,11,7],"texture":"#3"}			}		},		{			"from":[6.5,21,2],			"to":[9.5,24,11],			"rotation":{"angle":0,"axis":"y","origin":[7,22,16]},			"faces":{				"north":{"uv":[12.5,0,14,1.5],"texture":"#3"},				"east":{"uv":[7,0,11.5,1.5],"texture":"#3"},				"south":{"uv":[12.5,1.5,14,3],"texture":"#3"},				"west":{"uv":[7,1.5,11.5,3],"texture":"#3"},				"up":{"uv":[1.5,11.5,0,7],"texture":"#3"},				"down":{"uv":[3,7,1.5,11.5],"texture":"#3"}			}		},		{			"from":[6,17,6],			"to":[10,18,10],			"rotation":{"angle":0,"axis":"y","origin":[7,21,16]},			"faces":{				"north":{"uv":[12.5,4.5,14.5,5],"texture":"#3"},				"east":{"uv":[5,13,7,13.5],"texture":"#3"},				"south":{"uv":[13,5,15,5.5],"texture":"#3"},				"west":{"uv":[13,5.5,15,6],"texture":"#3"},				"up":{"uv":[13,9,11,7],"texture":"#3"},				"down":{"uv":[13,9,11,11],"texture":"#3"}			}		},		{			"from":[7,19,1],			"to":[9,22,6],			"rotation":{"angle":0,"axis":"z","origin":[6.5,11,3]},			"faces":{				"north":{"uv":[3,7,4,8.5],"texture":"#3"},				"east":{"uv":[11,11,13.5,12.5],"texture":"#3"},				"south":{"uv":[12.5,3,13.5,4.5],"texture":"#3"},				"west":{"uv":[0,11.5,2.5,13],"texture":"#3"},				"up":{"uv":[12.5,2.5,11.5,0],"texture":"#3"},				"down":{"uv":[8,12,7,14.5],"texture":"#3"}			}		},		{			"from":[7.5,17.61315,0.5552],			"to":[8.5,20.61315,7.5552],			"rotation":{"angle":-22.5,"axis":"x","origin":[7,10.61315,2.0552]},			"faces":{				"north":{"uv":[2,13,2.5,14.5],"texture":"#3"},				"east":{"uv":[7,3,10.5,4.5],"texture":"#3"},				"south":{"uv":[13,6,13.5,7.5],"texture":"#3"},				"west":{"uv":[7,4.5,10.5,6],"texture":"#3"},				"up":{"uv":[3,15,2.5,11.5],"texture":"#3"},				"down":{"uv":[11.5,12.5,11,16],"texture":"#3"}			}		},		{			"from":[7.5,19.60248,-3.29189],			"to":[8.5,22.60248,-1.29189],			"rotation":{"angle":-45,"axis":"x","origin":[7,21.10248,4.70811]},			"faces":{				"north":{"uv":[13,7.5,13.5,9],"texture":"#3"},				"east":{"uv":[11.5,12.5,12.5,14],"texture":"#3"},				"south":{"uv":[13,9,13.5,10.5],"texture":"#3"},				"west":{"uv":[12.5,12.5,13.5,14],"texture":"#3"},				"up":{"uv":[11,6,10.5,5],"texture":"#3"},				"down":{"uv":[14,3.5,13.5,4.5],"texture":"#3"}			}		}	],	"gui_light":"front",	"display":{		"thirdperson_righthand":{			"rotation":[0,-1,0],			"translation":[0,-4,2],			"scale":[0.75,0.75,0.75]		},		"thirdperson_lefthand":{			"rotation":[0,-1,0],			"translation":[0,-4,2],			"scale":[0.75,0.75,0.75]		},		"firstperson_righthand":{			"rotation":[7.52,0,-4.53],			"translation":[2.5,-0.5,0],			"scale":[0.5,0.5,0.5]		},		"firstperson_lefthand":{			"rotation":[7.52,0,-4.53],			"translation":[2.5,-0.5,0],			"scale":[0.5,0.5,0.5]		},		"ground":{			"rotation":[45,0,0],			"translation":[0,2,0],			"scale":[0.4,0.4,0.4]		},		"gui":{			"rotation":[90,45,-90],			"translation":[-1.5,-3,0],			"scale":[0.6,0.6,0.6]		},		"fixed":{			"rotation":[90,-45,90],			"translation":[2,-3.25,-0.5],			"scale":[0.7,0.7,0.7]		}	}}