{"credit":"MadewithBlockbench","texture_size":[64,64],"textures":{"2":"netherite_axe/axe_cold_blood_core","3":"netherite_axe/axe_cold_blood_effect","4":"netherite_axe/axe_cold_blood","particle":"netherite_axe/axe_cold_blood_effect"},"elements":[{"from":[7.745,4.48323,3.33133],"to":[8.245,9.98323,4.33133],"rotation":{"angle":22.5,"axis":"x","origin":[8,8,8]},"faces":{"north":{"uv":[6.25,7.5,6.375,8.875],"texture":"#4"},"east":{"uv":[5.75,4.25,6,5.625],"texture":"#4"},"south":{"uv":[2.5,7.75,2.625,9.125],"texture":"#4"},"west":{"uv":[5.75,2.75,6,4.125],"texture":"#4"},"up":{"uv":[9.25,4.375,9,4.25],"rotation":270,"texture":"#4"},"down":{"uv":[5.25,9,5,9.125],"rotation":90,"texture":"#4"}}},{"from":[7.77,5.48323,2.33133],"to":[8.22,6.98323,3.33133],"rotation":{"angle":22.5,"axis":"x","origin":[8,8,8]},"faces":{"north":{"uv":[9,3.75,9.125,4.125],"texture":"#4"},"east":{"uv":[5,8.5,5.25,8.875],"texture":"#4"},"south":{"uv":[4.25,9,4.375,9.375],"texture":"#4"},"west":{"uv":[8.5,4.75,8.75,5.125],"texture":"#4"},"up":{"uv":[9.25,5.125,9,5],"rotation":270,"texture":"#4"},"down":{"uv":[5.5,9,5.25,9.125],"rotation":90,"texture":"#4"}}},{"from":[7.745,8.1074,1.91913],"to":[8.245,14.6074,2.91913],"rotation":{"angle":-22.5,"axis":"x","origin":[8,8,8]},"faces":{"north":{"uv":[1.5,7.25,1.625,8.875],"texture":"#4"},"east":{"uv":[1.75,5.5,2,7.125],"texture":"#4"},"south":{"uv":[1.75,7.25,1.875,8.875],"texture":"#4"},"west":{"uv":[1.5,5.5,1.75,7.125],"texture":"#4"},"up":{"uv":[9.25,5.375,9,5.25],"rotation":270,"texture":"#4"},"down":{"uv":[5.75,9,5.5,9.125],"rotation":90,"texture":"#4"}}},{"from":[7.745,12.07224,8.04564],"to":[8.245,13.07224,12.54564],"rotation":{"angle":-45,"axis":"x","origin":[8,8,8]},"faces":{"north":{"uv":[9,5.5,9.125,5.75],"texture":"#4"},"east":{"uv":[5.5,5.75,6.625,6],"texture":"#4"},"south":{"uv":[5.75,9,5.875,9.25],"texture":"#4"},"west":{"uv":[5.5,2.25,6.625,2.5],"texture":"#4"},"up":{"uv":[9.125,1.625,8,1.5],"rotation":270,"texture":"#4"},"down":{"uv":[9.125,1.75,8,1.875],"rotation":90,"texture":"#4"}}},{"from":[7.745,13.42567,10.25857],"to":[8.245,14.42567,14.75857],"rotation":{"angle":-22.5,"axis":"x","origin":[8,8,8]},"faces":{"north":{"uv":[9,5.75,9.125,6],"texture":"#4"},"east":{"uv":[6,0.25,7.125,0.5],"texture":"#4"},"south":{"uv":[6.25,9,6.375,9.25],"texture":"#4"},"west":{"uv":[6,0,7.125,0.25],"texture":"#4"},"up":{"uv":[9.125,2.625,8,2.5],"rotation":270,"texture":"#4"},"down":{"uv":[9.125,2.75,8,2.875],"rotation":90,"texture":"#4"}}},{"from":[7.745,11.7774,-0.14654],"to":[8.245,16.2774,0.85346],"rotation":{"angle":0,"axis":"z","origin":[8,8,8]},"faces":{"north":{"uv":[1,8,1.125,9.125],"texture":"#4"},"east":{"uv":[2.75,6,3,7.125],"texture":"#4"},"south":{"uv":[1.25,8,1.375,9.125],"texture":"#4"},"west":{"uv":[2.5,6,2.75,7.125],"texture":"#4"},"up":{"uv":[6.75,9.125,6.5,9],"rotation":270,"texture":"#4"},"down":{"uv":[7,9,6.75,9.125],"rotation":90,"texture":"#4"}}},{"from":[7.745,12.52977,-2.69405],"to":[8.245,18.02977,-1.69405],"rotation":{"angle":22.5,"axis":"x","origin":[8,8,8]},"faces":{"north":{"uv":[2.75,7.75,2.875,9.125],"texture":"#4"},"east":{"uv":[5.25,5.75,5.5,7.125],"texture":"#4"},"south":{"uv":[3,7.75,3.125,9.125],"texture":"#4"},"west":{"uv":[5,5.75,5.25,7.125],"texture":"#4"},"up":{"uv":[7.25,9.125,7,9],"rotation":270,"texture":"#4"},"down":{"uv":[9.25,7.25,9,7.375],"rotation":90,"texture":"#4"}}},{"from":[7.745,18.29436,12.55655],"to":[8.245,20.79436,13.55655],"rotation":{"angle":-45,"axis":"x","origin":[8,8,8]},"faces":{"north":{"uv":[8.75,8.75,8.875,9.375],"texture":"#4"},"east":{"uv":[5,7.75,5.25,8.375],"texture":"#4"},"south":{"uv":[0,9,0.125,9.625],"texture":"#4"},"west":{"uv":[3.25,7.75,3.5,8.375],"texture":"#4"},"up":{"uv":[9.25,7.625,9,7.5],"rotation":270,"texture":"#4"},"down":{"uv":[8,9,7.75,9.125],"rotation":90,"texture":"#4"}}},{"from":[7.745,18.50119,3.94276],"to":[8.245,19.50119,10.44276],"rotation":{"angle":0,"axis":"z","origin":[8,8,8]},"faces":{"north":{"uv":[8,9,8.125,9.25],"texture":"#4"},"east":{"uv":[5.5,1.5,7.125,1.75],"texture":"#4"},"south":{"uv":[8.25,9,8.375,9.25],"texture":"#4"},"west":{"uv":[5.5,1.25,7.125,1.5],"texture":"#4"},"up":{"uv":[8.625,4.125,7,4],"rotation":270,"texture":"#4"},"down":{"uv":[8.625,5.25,7,5.375],"rotation":90,"texture":"#4"}}},{"from":[7.045,6.46029,2.58474],"to":[8.945,10.11029,3.38474],"rotation":{"angle":22.5,"axis":"x","origin":[8,8,8]},"faces":{"north":{"uv":[5.5,0,6,0.875],"texture":"#4"},"east":{"uv":[7.25,1,7.5,1.875],"texture":"#4"},"south":{"uv":[1,5.5,1.5,6.375],"texture":"#4"},"west":{"uv":[4.25,7,4.5,7.875],"texture":"#4"},"up":{"uv":[2.25,8.5,2,8],"rotation":270,"texture":"#4"},"down":{"uv":[2.5,8,2.25,8.5],"rotation":90,"texture":"#4"}}},{"from":[7.045,10.17474,2.84777],"to":[8.945,14.54974,3.64777],"rotation":{"angle":-22.5,"axis":"x","origin":[8,8,8]},"faces":{"north":{"uv":[2.5,4.75,3,5.875],"texture":"#4"},"east":{"uv":[3,6,3.25,7.125],"texture":"#4"},"south":{"uv":[3,4.75,3.5,5.875],"texture":"#4"},"west":{"uv":[6,2.75,6.25,3.875],"texture":"#4"},"up":{"uv":[8.25,3.5,8,3],"rotation":270,"texture":"#4"},"down":{"uv":[3.75,8,3.5,8.5],"rotation":90,"texture":"#4"}}},{"from":[7.045,13.01063,7.87731],"to":[8.945,13.81063,12.75231],"rotation":{"angle":-45,"axis":"x","origin":[8,8,8]},"faces":{"north":{"uv":[8,3.5,8.5,3.75],"texture":"#4"},"east":{"uv":[5.5,2,6.75,2.25],"texture":"#4"},"south":{"uv":[8,3.75,8.5,4],"texture":"#4"},"west":{"uv":[5.5,1.75,6.75,2],"texture":"#4"},"up":{"uv":[5.5,4.25,4.25,3.75],"rotation":270,"texture":"#4"},"down":{"uv":[5.5,4.25,4.25,4.75],"rotation":90,"texture":"#4"}}},{"from":[7.045,14.38695,10.16693],"to":[8.945,15.18695,14.26693],"rotation":{"angle":-22.5,"axis":"x","origin":[8,8,8]},"faces":{"north":{"uv":[8,6,8.5,6.25],"texture":"#4"},"east":{"uv":[5.5,6,6.5,6.25],"texture":"#4"},"south":{"uv":[8,6.25,8.5,6.5],"texture":"#4"},"west":{"uv":[6,5.25,7,5.5],"texture":"#4"},"up":{"uv":[5.5,3.25,4.5,2.75],"rotation":270,"texture":"#4"},"down":{"uv":[5.5,3.25,4.5,3.75],"rotation":90,"texture":"#4"}}},{"from":[7.045,17.79785,3.72728],"to":[8.945,18.59785,10.92728],"rotation":{"angle":0,"axis":"z","origin":[8,8,8]},"faces":{"north":{"uv":[8,6.5,8.5,6.75],"texture":"#4"},"east":{"uv":[5.5,1,7.25,1.25],"texture":"#4"},"south":{"uv":[7,8,7.5,8.25],"texture":"#4"},"west":{"uv":[5,2.5,6.75,2.75],"texture":"#4"},"up":{"uv":[4.25,4.25,2.5,3.75],"rotation":270,"texture":"#4"},"down":{"uv":[4.25,4.25,2.5,4.75],"rotation":90,"texture":"#4"}}},{"from":[7.045,17.9494,11.90686],"to":[8.945,19.6244,12.70686],"rotation":{"angle":-45,"axis":"x","origin":[8,8,8]},"faces":{"north":{"uv":[7.25,2,7.75,2.375],"texture":"#4"},"east":{"uv":[5.5,8.5,5.75,8.875],"texture":"#4"},"south":{"uv":[2.5,7.25,3,7.625],"texture":"#4"},"west":{"uv":[5.25,8.5,5.5,8.875],"texture":"#4"},"up":{"uv":[4,8.5,3.75,8],"rotation":270,"texture":"#4"},"down":{"uv":[4.5,8,4.25,8.5],"rotation":90,"texture":"#4"}}},{"from":[7.045,19.62439,12.40071],"to":[8.945,20.3635,12.70685],"rotation":{"angle":-45,"axis":"x","origin":[8,8,8]},"faces":{"north":{"uv":[9,0.25,9.5,0.375],"texture":"#4"},"east":{"uv":[9,8.75,9.125,8.875],"texture":"#4"},"south":{"uv":[9,0.5,9.5,0.625],"texture":"#4"},"west":{"uv":[8.5,9,8.625,9.125],"texture":"#4"},"up":{"uv":[0.875,9.5,0.75,9],"rotation":270,"texture":"#4"},"down":{"uv":[1.625,9,1.5,9.5],"rotation":90,"texture":"#4"}}},{"from":[7.045,12.52203,-1.73831],"to":[8.945,16.79703,-0.93831],"rotation":{"angle":22.5,"axis":"x","origin":[8,8,8]},"faces":{"north":{"uv":[3.5,4.75,4,5.875],"texture":"#4"},"east":{"uv":[3.5,6,3.75,7.125],"texture":"#4"},"south":{"uv":[4,4.75,4.5,5.875],"texture":"#4"},"west":{"uv":[3.25,6,3.5,7.125],"texture":"#4"},"up":{"uv":[8.25,7.5,8,7],"rotation":270,"texture":"#4"},"down":{"uv":[7.75,8,7.5,8.5],"rotation":90,"texture":"#4"}}},{"from":[7.045,12.0795,0.73349],"to":[8.945,15.9045,1.53349],"rotation":{"angle":0,"axis":"z","origin":[8,8,8]},"faces":{"north":{"uv":[5,1.5,5.5,2.5],"texture":"#4"},"east":{"uv":[6.25,2.75,6.5,3.75],"texture":"#4"},"south":{"uv":[5,4.75,5.5,5.75],"texture":"#4"},"west":{"uv":[4.25,6,4.5,7],"texture":"#4"},"up":{"uv":[8.25,8,8,7.5],"rotation":270,"texture":"#4"},"down":{"uv":[8.25,8,8,8.5],"rotation":90,"texture":"#4"}}},{"from":[7.255,17.61376,5.80491],"to":[8.735,19.61376,6.55491],"rotation":{"angle":22.5,"axis":"x","origin":[8,8,8]},"faces":{"north":{"uv":[3,7.25,3.375,7.75],"texture":"#4"},"east":{"uv":[0.25,8.25,0.5,8.75],"texture":"#4"},"south":{"uv":[7.25,4.25,7.625,4.75],"texture":"#4"},"west":{"uv":[0,8.25,0.25,8.75],"texture":"#4"},"up":{"uv":[6,8.875,5.75,8.5],"rotation":270,"texture":"#4"},"down":{"uv":[8.75,6,8.5,6.375],"rotation":90,"texture":"#4"}}},{"from":[7.245,14.35012,13.24579],"to":[8.745,16.35012,13.99579],"rotation":{"angle":-22.5,"axis":"x","origin":[8,8,8]},"faces":{"north":{"uv":[5,7.25,5.375,7.75],"texture":"#4"},"east":{"uv":[0.5,8.25,0.75,8.75],"texture":"#4"},"south":{"uv":[7.25,6,7.625,6.5],"texture":"#4"},"west":{"uv":[8.25,0.25,8.5,0.75],"texture":"#4"},"up":{"uv":[6.75,8.875,6.5,8.5],"rotation":270,"texture":"#4"},"down":{"uv":[8.75,6.5,8.5,6.875],"rotation":90,"texture":"#4"}}},{"from":[7.245,16.19955,7.21912],"to":[8.745,16.94955,9.21912],"rotation":{"angle":22.5,"axis":"x","origin":[8,8,8]},"faces":{"north":{"uv":[6.75,8.5,7.125,8.75],"texture":"#4"},"east":{"uv":[8.25,3,8.75,3.25],"texture":"#4"},"south":{"uv":[7.25,8.5,7.625,8.75],"texture":"#4"},"west":{"uv":[8.25,0.75,8.75,1],"texture":"#4"},"up":{"uv":[7.75,6.875,7.25,6.5],"rotation":270,"texture":"#4"},"down":{"uv":[0.5,7.5,0,7.875],"rotation":90,"texture":"#4"}}},{"from":[7.255,17.61376,9.88333],"to":[8.735,19.61376,10.63333],"rotation":{"angle":22.5,"axis":"x","origin":[8,8,8]},"faces":{"north":{"uv":[0.5,7.5,0.875,8],"texture":"#4"},"east":{"uv":[4.5,8.25,4.75,8.75],"texture":"#4"},"south":{"uv":[7.5,0.5,7.875,1],"texture":"#4"},"west":{"uv":[4,8.25,4.25,8.75],"texture":"#4"},"up":{"uv":[8,8.875,7.75,8.5],"rotation":270,"texture":"#4"},"down":{"uv":[8.25,8.5,8,8.875],"rotation":90,"texture":"#4"}}},{"from":[7.245,14.35013,17.32421],"to":[8.745,16.35013,18.07421],"rotation":{"angle":-22.5,"axis":"x","origin":[8,8,8]},"faces":{"north":{"uv":[1,7.5,1.375,8],"texture":"#4"},"east":{"uv":[8.25,4.75,8.5,5.25],"texture":"#4"},"south":{"uv":[7.5,1,7.875,1.5],"texture":"#4"},"west":{"uv":[4.75,8.25,5,8.75],"texture":"#4"},"up":{"uv":[8.5,8.875,8.25,8.5],"rotation":270,"texture":"#4"},"down":{"uv":[8.75,8.5,8.5,8.875],"rotation":90,"texture":"#4"}}},{"from":[7.245,12.95317,14.66001],"to":[8.745,13.70317,16.66001],"rotation":{"angle":-22.5,"axis":"x","origin":[8,8,8]},"faces":{"north":{"uv":[0,8.75,0.375,9],"texture":"#4"},"east":{"uv":[5.5,8.25,6,8.5],"texture":"#4"},"south":{"uv":[8.75,0,9.125,0.25],"texture":"#4"},"west":{"uv":[8.25,3.25,8.75,3.5],"texture":"#4"},"up":{"uv":[8,1.875,7.5,1.5],"rotation":270,"texture":"#4"},"down":{"uv":[2.5,7.5,2,7.875],"rotation":90,"texture":"#4"}}},{"from":[7.255,20.27798,7.21912],"to":[8.735,21.02798,9.21912],"rotation":{"angle":22.5,"axis":"x","origin":[8,8,8]},"faces":{"north":{"uv":[0.5,8.75,0.875,9],"texture":"#4"},"east":{"uv":[8.25,5.75,8.75,6],"texture":"#4"},"south":{"uv":[8.75,0.75,9.125,1],"texture":"#4"},"west":{"uv":[8.25,5.5,8.75,5.75],"texture":"#4"},"up":{"uv":[8,2.875,7.5,2.5],"rotation":270,"texture":"#4"},"down":{"uv":[8,3,7.5,3.375],"rotation":90,"texture":"#4"}}},{"from":[7.245,17.01434,14.66001],"to":[8.745,17.76434,16.66001],"rotation":{"angle":-22.5,"axis":"x","origin":[8,8,8]},"faces":{"north":{"uv":[8.75,1,9.125,1.25],"texture":"#4"},"east":{"uv":[8.25,7,8.75,7.25],"texture":"#4"},"south":{"uv":[8.75,1.25,9.125,1.5],"texture":"#4"},"west":{"uv":[7,8.25,7.5,8.5],"texture":"#4"},"up":{"uv":[4,7.875,3.5,7.5],"rotation":270,"texture":"#4"},"down":{"uv":[8,3.5,7.5,3.875],"rotation":90,"texture":"#4"}}},{"from":[6.745,16.42595,14.92517],"to":[9.245,17.17595,16.42517],"rotation":{"angle":-22.5,"axis":"x","origin":[8,8,8]},"faces":{"north":{"uv":[7.75,2,8.375,2.25],"texture":"#4"},"east":{"uv":[8.75,2,9.125,2.25],"texture":"#4"},"south":{"uv":[7.75,2.25,8.375,2.5],"texture":"#4"},"west":{"uv":[2,8.75,2.375,9],"texture":"#4"},"up":{"uv":[6.875,3.375,6.5,2.75],"rotation":270,"texture":"#4"},"down":{"uv":[6.875,3.5,6.5,4.125],"rotation":90,"texture":"#4"}}},{"from":[6.755,17.88521,6.40846],"to":[9.235,19.38521,7.15846],"rotation":{"angle":22.5,"axis":"x","origin":[8,8,8]},"faces":{"north":{"uv":[6.5,4.25,7.125,4.625],"texture":"#4"},"east":{"uv":[8.75,3.5,9,3.875],"texture":"#4"},"south":{"uv":[6.5,6,7.125,6.375],"texture":"#4"},"west":{"uv":[8.75,3,9,3.375],"texture":"#4"},"up":{"uv":[5.5,8.375,5.25,7.75],"rotation":270,"texture":"#4"},"down":{"uv":[8,6,7.75,6.625],"rotation":90,"texture":"#4"}}},{"from":[6.745,14.61529,13.86451],"to":[9.245,16.11529,14.61451],"rotation":{"angle":-22.5,"axis":"x","origin":[8,8,8]},"faces":{"north":{"uv":[6.5,6.5,7.125,6.875],"texture":"#4"},"east":{"uv":[8.75,4,9,4.375],"texture":"#4"},"south":{"uv":[6.75,0.5,7.375,0.875],"texture":"#4"},"west":{"uv":[4,8.75,4.25,9.125],"texture":"#4"},"up":{"uv":[6.75,8.375,6.5,7.75],"rotation":270,"texture":"#4"},"down":{"uv":[7,7.75,6.75,8.375],"rotation":90,"texture":"#4"}}},{"from":[6.745,16.82455,7.46912],"to":[9.245,17.57455,8.96912],"rotation":{"angle":22.5,"axis":"x","origin":[8,8,8]},"faces":{"north":{"uv":[7.75,4.25,8.375,4.5],"texture":"#4"},"east":{"uv":[4.5,8.75,4.875,9],"texture":"#4"},"south":{"uv":[7.75,4.5,8.375,4.75],"texture":"#4"},"west":{"uv":[8.75,2.25,9.125,2.5],"texture":"#4"},"up":{"uv":[7.125,2.375,6.75,1.75],"rotation":270,"texture":"#4"},"down":{"uv":[4.125,6.75,3.75,7.375],"rotation":90,"texture":"#4"}}},{"from":[6.745,13.55463,14.92516],"to":[9.245,14.30463,16.42516],"rotation":{"angle":-22.5,"axis":"x","origin":[8,8,8]},"faces":{"north":{"uv":[7.75,6.75,8.375,7],"texture":"#4"},"east":{"uv":[8.75,4.75,9.125,5],"texture":"#4"},"south":{"uv":[7,7.75,7.625,8],"texture":"#4"},"west":{"uv":[8.75,4.5,9.125,4.75],"texture":"#4"},"up":{"uv":[4.875,7.375,4.5,6.75],"rotation":270,"texture":"#4"},"down":{"uv":[5.875,6.75,5.5,7.375],"rotation":90,"texture":"#4"}}},{"from":[6.755,17.88521,9.27978],"to":[9.235,19.38521,10.02978],"rotation":{"angle":22.5,"axis":"x","origin":[8,8,8]},"faces":{"north":{"uv":[6.75,4.75,7.375,5.125],"texture":"#4"},"east":{"uv":[4.75,9,4.875,9.375],"texture":"#4"},"south":{"uv":[6.75,5.5,7.375,5.875],"texture":"#4"},"west":{"uv":[4.5,9,4.625,9.375],"texture":"#4"},"up":{"uv":[0.375,9.625,0.25,9],"rotation":270,"texture":"#4"},"down":{"uv":[0.625,9,0.5,9.625],"rotation":90,"texture":"#4"}}},{"from":[6.745,14.61529,16.73582],"to":[9.245,16.11529,17.48582],"rotation":{"angle":-22.5,"axis":"x","origin":[8,8,8]},"faces":{"north":{"uv":[0,7,0.625,7.375],"texture":"#4"},"east":{"uv":[8.75,5.5,9,5.875],"texture":"#4"},"south":{"uv":[0.75,7,1.375,7.375],"texture":"#4"},"west":{"uv":[8.75,5,9,5.375],"texture":"#4"},"up":{"uv":[8,7.625,7.75,7],"rotation":270,"texture":"#4"},"down":{"uv":[8,7.75,7.75,8.375],"rotation":90,"texture":"#4"}}},{"from":[6.745,19.69587,7.46912],"to":[9.245,20.44587,8.96912],"rotation":{"angle":22.5,"axis":"x","origin":[8,8,8]},"faces":{"north":{"uv":[0,8,0.625,8.25],"texture":"#4"},"east":{"uv":[8.75,6.25,9.125,6.5],"texture":"#4"},"south":{"uv":[8,0,8.625,0.25],"texture":"#4"},"west":{"uv":[8.75,6,9.125,6.25],"texture":"#4"},"up":{"uv":[6.375,7.375,6,6.75],"rotation":270,"texture":"#4"},"down":{"uv":[7.375,2.5,7,3.125],"rotation":90,"texture":"#4"}}},{"from":[6.995,14.12543,14.43531],"to":[8.995,16.62543,16.93531],"rotation":{"angle":-22.5,"axis":"x","origin":[8,8,8]},"faces":{"north":{"uv":[3,0,5,2.5],"texture":"#2"},"east":{"uv":[0,3,2.5,5.5],"texture":"#2"},"south":{"uv":[3,3,5,5.5],"texture":"#2"},"west":{"uv":[0,0,2.5,2.5],"texture":"#2"},"up":{"uv":[7.5,2,5,0],"rotation":270,"texture":"#2"},"down":{"uv":[7.5,2,5,4],"rotation":90,"texture":"#2"}}},{"from":[7.495,11.2396,7.55341],"to":[8.495,17.2396,9.05341],"rotation":{"angle":22.5,"axis":"x","origin":[8,8,8]},"faces":{"north":{"uv":[5.5,2.75,5.75,4.25],"texture":"#4"},"east":{"uv":[5,0,5.375,1.5],"texture":"#4"},"south":{"uv":[5.5,4.25,5.75,5.75],"texture":"#4"},"west":{"uv":[4.5,4.75,4.875,6.25],"texture":"#4"},"up":{"uv":[9.125,6.75,8.75,6.5],"rotation":270,"texture":"#4"},"down":{"uv":[7.125,8.75,6.75,9],"rotation":90,"texture":"#4"}}},{"from":[7.495,-3.62821,14.10943],"to":[8.495,-2.62821,16.10943],"rotation":{"angle":22.5,"axis":"x","origin":[8,8,8]},"faces":{"north":{"uv":[6.25,3.75,6.5,4],"texture":"#4"},"east":{"uv":[8.25,7.5,8.75,7.75],"texture":"#4"},"south":{"uv":[6.75,2.5,7,2.75],"texture":"#4"},"west":{"uv":[8.25,7.25,8.75,7.5],"texture":"#4"},"up":{"uv":[8.75,8,8.25,7.75],"rotation":270,"texture":"#4"},"down":{"uv":[8.75,8,8.25,8.25],"rotation":90,"texture":"#4"}}},{"from":[7.495,-3.83609,8.82714],"to":[8.495,11.16391,10.32714],"rotation":{"angle":0,"axis":"y","origin":[8,8,8]},"faces":{"north":{"uv":[2,3.75,2.25,7.5],"texture":"#4"},"east":{"uv":[0.5,2.75,0.875,6.5],"texture":"#4"},"south":{"uv":[2.25,3.75,2.5,7.5],"texture":"#4"},"west":{"uv":[0,2.75,0.375,6.5],"texture":"#4"},"up":{"uv":[9.125,7,8.75,6.75],"rotation":270,"texture":"#4"},"down":{"uv":[9.125,7,8.75,7.25],"rotation":90,"texture":"#4"}}},{"from":[6.995,-2.71162,-0.4812],"to":[8.995,-0.71162,1.5188],"rotation":{"angle":-45,"axis":"x","origin":[8,8,8]},"faces":{"north":{"uv":[5.5,6.25,6,6.75],"texture":"#4"},"east":{"uv":[6,6.25,6.5,6.75],"texture":"#4"},"south":{"uv":[0,6.5,0.5,7],"texture":"#4"},"west":{"uv":[4.5,6.25,5,6.75],"texture":"#4"},"up":{"uv":[1,7,0.5,6.5],"rotation":270,"texture":"#4"},"down":{"uv":[1.5,6.5,1,7],"rotation":90,"texture":"#4"}}},{"from":[7.495,-4.8353,2.80474],"to":[8.495,-3.8353,4.80474],"rotation":{"angle":-22.5,"axis":"x","origin":[8,8,8]},"faces":{"north":{"uv":[3.5,7.25,3.75,7.5],"texture":"#4"},"east":{"uv":[8.5,0.25,9,0.5],"texture":"#4"},"south":{"uv":[1.75,9,2,9.25],"texture":"#4"},"west":{"uv":[8.25,8.25,8.75,8.5],"texture":"#4"},"up":{"uv":[9,0.75,8.5,0.5],"rotation":270,"texture":"#4"},"down":{"uv":[2.5,8.5,2,8.75],"rotation":90,"texture":"#4"}}},{"from":[7.495,-4.74953,13.40233],"to":[8.495,-2.74953,14.40233],"rotation":{"angle":22.5,"axis":"x","origin":[8,8,8]},"faces":{"north":{"uv":[8.5,2,8.75,2.5],"texture":"#4"},"east":{"uv":[3.25,8.5,3.5,9],"texture":"#4"},"south":{"uv":[3.5,8.5,3.75,9],"texture":"#4"},"west":{"uv":[6,8.25,6.25,8.75],"texture":"#4"},"up":{"uv":[2.25,9.25,2,9],"rotation":270,"texture":"#4"},"down":{"uv":[2.5,9,2.25,9.25],"rotation":90,"texture":"#4"}}},{"from":[7.07,8.0795,1.53349],"to":[8.92,18.9045,11.33349],"rotation":{"angle":0,"axis":"y","origin":[8,8,8]},"faces":{"north":{"uv":[1,2.75,1.5,5.5],"texture":"#4"},"east":{"uv":[2.5,0,5,2.75],"texture":"#4"},"south":{"uv":[1.5,2.75,2,5.5],"texture":"#4"},"west":{"uv":[0,0,2.5,2.75],"texture":"#4"},"up":{"uv":[4.5,3.25,2,2.75],"rotation":270,"texture":"#4"},"down":{"uv":[4.5,3.25,2,3.75],"rotation":90,"texture":"#4"}}},{"from":[7.495,-5.95662,4.51185],"to":[8.495,-3.95662,5.51185],"rotation":{"angle":-22.5,"axis":"x","origin":[8,8,8]},"faces":{"north":{"uv":[3.75,8.5,4,9],"texture":"#4"},"east":{"uv":[4.25,8.5,4.5,9],"texture":"#4"},"south":{"uv":[8.5,4.25,8.75,4.75],"texture":"#4"},"west":{"uv":[8.5,3.5,8.75,4],"texture":"#4"},"up":{"uv":[9.25,3.25,9,3],"rotation":270,"texture":"#4"},"down":{"uv":[3.5,9,3.25,9.25],"rotation":90,"texture":"#4"}}},{"from":[7.505,17.88042,4.90807],"to":[8.505,20.88042,5.90807],"rotation":{"angle":45,"axis":"x","origin":[8,8,8]},"faces":{"north":{"uv":[4.5,7.5,4.75,8.25],"texture":"#4"},"east":{"uv":[4.75,7.5,5,8.25],"texture":"#4"},"south":{"uv":[5.5,7.5,5.75,8.25],"texture":"#4"},"west":{"uv":[4,7.5,4.25,8.25],"texture":"#4"},"up":{"uv":[9.25,3.5,9,3.25],"rotation":270,"texture":"#4"},"down":{"uv":[3.75,9,3.5,9.25],"rotation":90,"texture":"#4"}}},{"from":[7.255,13.78571,18.71673],"to":[8.755,16.41071,19.71673],"rotation":{"angle":-22.5,"axis":"x","origin":[8,8,8]},"faces":{"north":{"uv":[7,3.25,7.375,3.875],"texture":"#4"},"east":{"uv":[0.75,8,1,8.625],"texture":"#4"},"south":{"uv":[6.5,7,6.875,7.625],"texture":"#4"},"west":{"uv":[8,0.25,8.25,0.875],"texture":"#4"},"up":{"uv":[6.25,9.125,6,8.75],"rotation":270,"texture":"#4"},"down":{"uv":[7.5,8.75,7.25,9.125],"rotation":90,"texture":"#4"}}},{"from":[7.255,17.37609,11.19387],"to":[8.755,20.37609,12.19387],"rotation":{"angle":22.5,"axis":"x","origin":[8,8,8]},"faces":{"north":{"uv":[3.75,6,4.125,6.75],"texture":"#4"},"east":{"uv":[6,7.5,6.25,8.25],"texture":"#4"},"south":{"uv":[6,4,6.375,4.75],"texture":"#4"},"west":{"uv":[5.75,7.5,6,8.25],"texture":"#4"},"up":{"uv":[9,7.625,8.75,7.25],"rotation":270,"texture":"#4"},"down":{"uv":[7.75,8.75,7.5,9.125],"rotation":90,"texture":"#4"}}},{"from":[7.255,18.32585,14.44478],"to":[8.755,19.32585,17.44478],"rotation":{"angle":-22.5,"axis":"x","origin":[8,8,8]},"faces":{"north":{"uv":[8.75,7.75,9.125,8],"texture":"#4"},"east":{"uv":[7.5,4.75,8.25,5],"texture":"#4"},"south":{"uv":[8.75,8,9.125,8.25],"texture":"#4"},"west":{"uv":[6,5.5,6.75,5.75],"texture":"#4"},"up":{"uv":[6.75,0.875,6,0.5],"rotation":270,"texture":"#4"},"down":{"uv":[6.75,4.75,6,5.125],"rotation":90,"texture":"#4"}}},{"from":[7.255,21.68706,6.66988],"to":[8.755,22.68706,9.29488],"rotation":{"angle":22.5,"axis":"x","origin":[8,8,8]},"faces":{"north":{"uv":[8.75,8.25,9.125,8.5],"texture":"#4"},"east":{"uv":[8,1.25,8.625,1.5],"texture":"#4"},"south":{"uv":[8.75,8.5,9.125,8.75],"texture":"#4"},"west":{"uv":[8,1,8.625,1.25],"texture":"#4"},"up":{"uv":[7.625,7.375,7,7],"rotation":270,"texture":"#4"},"down":{"uv":[7.875,0,7.25,0.375],"rotation":90,"texture":"#4"}}},{"from":[7.505,12.61892,17.90153],"to":[8.505,13.61892,20.90153],"rotation":{"angle":-45,"axis":"x","origin":[8,8,8]},"faces":{"north":{"uv":[9,3.5,9.25,3.75],"texture":"#4"},"east":{"uv":[7.5,5.5,8.25,5.75],"texture":"#4"},"south":{"uv":[3.75,9,4,9.25],"texture":"#4"},"west":{"uv":[7.5,5,8.25,5.25],"texture":"#4"},"up":{"uv":[8.25,6,7.5,5.75],"rotation":270,"texture":"#4"},"down":{"uv":[7.75,7.5,7,7.75],"rotation":90,"texture":"#4"}}},{"from":[3.995,13.27236,15.69597],"to":[11.995,22.27236,15.69597],"rotation":{"angle":-22.5,"axis":"x","origin":[8,8,8]},"faces":{"north":{"uv":[15.5,0,16,0.5],"texture":"#3"},"east":{"uv":[0,0,0,2.25],"texture":"#3"},"south":{"uv":[6,2.25,8,4.5],"texture":"#3"},"west":{"uv":[0,0,0,2.25],"texture":"#3"},"up":{"uv":[0,2,0,0],"rotation":270,"texture":"#3"},"down":{"uv":[0,0,0,2],"rotation":90,"texture":"#3"}}},{"from":[3.995,1.53325,3.35008],"to":[11.995,23.53325,3.35008],"rotation":{"angle":22.5,"axis":"x","origin":[8,8,8]},"faces":{"north":{"uv":[15.5,0,16,0.5],"texture":"#3"},"east":{"uv":[0,0,0,5.5],"texture":"#3"},"south":{"uv":[2,0,4,5.5],"texture":"#3"},"west":{"uv":[0,0,0,5.5],"texture":"#3"},"up":{"uv":[0,2,0,0],"rotation":270,"texture":"#3"},"down":{"uv":[0,0,0,2],"rotation":90,"texture":"#3"}}},{"from":[3.995,3.80533,1.2294],"to":[11.995,24.80533,1.2294],"rotation":{"angle":0,"axis":"z","origin":[8,8,8]},"faces":{"north":{"uv":[15.5,0,16,0.5],"texture":"#3"},"east":{"uv":[0,0,0,5.25],"texture":"#3"},"south":{"uv":[4,5.25,6,10.5],"texture":"#3"},"west":{"uv":[0,0,0,5.25],"texture":"#3"},"up":{"uv":[0,2,0,0],"rotation":270,"texture":"#3"},"down":{"uv":[0,0,0,2],"rotation":90,"texture":"#3"}}},{"from":[3.995,11.11748,8.17497],"to":[11.995,26.11748,8.17497],"rotation":{"angle":-22.5,"axis":"x","origin":[8,8,8]},"faces":{"north":{"uv":[15.5,0,16,0.5],"texture":"#3"},"east":{"uv":[0,0,0,3.75],"texture":"#3"},"south":{"uv":[2,5.5,4,9.25],"texture":"#3"},"west":{"uv":[0,0,0,3.75],"texture":"#3"},"up":{"uv":[0,2,0,0],"rotation":270,"texture":"#3"},"down":{"uv":[0,0,0,2],"rotation":90,"texture":"#3"}}},{"from":[3.995,9.35374,5.1874],"to":[11.995,15.35374,5.1874],"rotation":{"angle":45,"axis":"x","origin":[8,8,8]},"faces":{"north":{"uv":[15.5,0,16,0.5],"texture":"#3"},"east":{"uv":[0,0,0,1.5],"texture":"#3"},"south":{"uv":[6,6,8,7.5],"texture":"#3"},"west":{"uv":[0,0,0,1.5],"texture":"#3"},"up":{"uv":[0,2,0,0],"rotation":270,"texture":"#3"},"down":{"uv":[0,0,0,2],"rotation":90,"texture":"#3"}}},{"from":[3.995,15.87069,8.21573],"to":[11.995,19.87069,8.21573],"rotation":{"angle":22.5,"axis":"x","origin":[8,8,8]},"faces":{"north":{"uv":[15.5,0,16,0.5],"texture":"#3"},"east":{"uv":[0,0,0,1],"texture":"#3"},"south":{"uv":[8,0,10,1],"texture":"#3"},"west":{"uv":[0,0,0,1],"texture":"#3"},"up":{"uv":[0,2,0,0],"rotation":270,"texture":"#3"},"down":{"uv":[0,0,0,2],"rotation":90,"texture":"#3"}}}],"gui_light":"front","display":{"thirdperson_righthand":{"translation":[0,2.75,-0.25]},"thirdperson_lefthand":{"translation":[0,2.75,-0.25]},"firstperson_righthand":{"rotation":[-18.91,-2.01,5.89],"translation":[2.25,1.5,0],"scale":[0.86523,0.86523,0.86523]},"firstperson_lefthand":{"rotation":[-18.91,-2.01,5.89],"translation":[2.25,1.5,0],"scale":[0.86523,0.86523,0.86523]},"ground":{"rotation":[0,0,-80],"translation":[-0.25,-1,-0.25],"scale":[0.68164,0.68164,0.68164]},"gui":{"rotation":[90,50.25,-90],"translation":[-1.5,-0.5,0],"scale":[0.5625,0.5625,0.5625]},"head":{"rotation":[-90,57.5,90],"translation":[-1.5,16.25,0],"scale":[0.89648,0.89648,0.89648]},"fixed":{"rotation":[0,90,0],"translation":[-0.75,1,-2],"scale":[2.11523,2.11523,2.11523]}},"groups":[{"name":"group","origin":[5.23507,26.74063,8.11],"color":0,"boneType":"","children":[0,1,2,3,4,5,6,7,8,9,10,11,12,13,14,15,16,17,18,19,20,21,22,23,24,25,26,27,28,29,30,31,32,33,34,35,36,37,38,39,40,41,42,43,44,45,46,47,48]},{"name":"group","origin":[0,0,0],"color":0,"boneType":"","children":[49,50,51,52,53,54]}],"mcmodels":"68f2816ae565be26ad8827ec2d34e0ac"}