{
	"credit": "Made with Blockbench",
	"texture_size": [64, 64],
	"textures": {
		"0": "netherite_axe/purple_dragon_axe"
	},
	"elements": [
		{
			"from": [6, 1, 6],
			"to": [10, 5, 10],
			"rotation": {"angle": 45, "axis": "x", "origin": [8, 3, 8]},
			"faces": {
				"north": {"uv": [6.5, 3, 7.5, 4], "texture": "#0"},
				"east": {"uv": [6.5, 4, 7.5, 5], "texture": "#0"},
				"south": {"uv": [7, 0, 8, 1], "texture": "#0"},
				"west": {"uv": [7, 1, 8, 2], "texture": "#0"},
				"up": {"uv": [7, 8, 6, 7], "texture": "#0"},
				"down": {"uv": [8, 7, 7, 8], "texture": "#0"}
			}
		},
		{
			"from": [7, 5, 7],
			"to": [9, 19, 9],
			"rotation": {"angle": 0, "axis": "y", "origin": [7, 14, 16]},
			"faces": {
				"north": {"uv": [3.75, 4.75, 4.25, 8.25], "texture": "#0"},
				"east": {"uv": [4.25, 5, 4.75, 8.5], "texture": "#0"},
				"south": {"uv": [4.75, 5, 5.25, 8.5], "texture": "#0"},
				"west": {"uv": [0, 5.25, 0.5, 8.75], "texture": "#0"},
				"up": {"uv": [9, 5, 8.5, 4.5], "texture": "#0"},
				"down": {"uv": [0.5, 8.75, 0, 9.25], "texture": "#0"}
			}
		},
		{
			"from": [6.75, 7, 6.75],
			"to": [9.25, 16, 9.25],
			"rotation": {"angle": 0, "axis": "y", "origin": [7, 14, 16]},
			"faces": {
				"north": {"uv": [0.5, 5.25, 1.25, 7.5], "texture": "#0"},
				"east": {"uv": [5.25, 5, 6, 7.25], "texture": "#0"},
				"south": {"uv": [1.25, 5.5, 2, 7.75], "texture": "#0"},
				"west": {"uv": [2, 5.5, 2.75, 7.75], "texture": "#0"},
				"up": {"uv": [5.5, 9.25, 4.75, 8.5], "texture": "#0"},
				"down": {"uv": [9.25, 6.75, 8.5, 7.5], "texture": "#0"}
			}
		},
		{
			"from": [5.5, 19, 6],
			"to": [10.5, 23, 10],
			"rotation": {"angle": -45, "axis": "x", "origin": [8, 21, 8]},
			"faces": {
				"north": {"uv": [5.25, 2, 6.5, 3], "texture": "#0"},
				"east": {"uv": [7.25, 5, 8.25, 6], "texture": "#0"},
				"south": {"uv": [6, 5, 7.25, 6], "texture": "#0"},
				"west": {"uv": [7.25, 6, 8.25, 7], "texture": "#0"},
				"up": {"uv": [7.25, 7, 6, 6], "texture": "#0"},
				"down": {"uv": [7.75, 2, 6.5, 3], "texture": "#0"}
			}
		},
		{
			"from": [7.025, 18.5, -2],
			"to": [8.975, 24.5, 8],
			"rotation": {"angle": 0, "axis": "z", "origin": [7, 20.5, 16]},
			"faces": {
				"north": {"uv": [8, 7, 8.5, 8.5], "texture": "#0"},
				"east": {"uv": [2.75, 0, 5.25, 1.5], "texture": "#0"},
				"south": {"uv": [7.5, 8, 8, 9.5], "texture": "#0"},
				"west": {"uv": [2.75, 1.5, 5.25, 3], "texture": "#0"},
				"up": {"uv": [3.25, 9.25, 2.75, 6.75], "texture": "#0"},
				"down": {"uv": [3.75, 6.75, 3.25, 9.25], "texture": "#0"}
			}
		},
		{
			"from": [6, 21.5, 4],
			"to": [10, 25.5, 12],
			"rotation": {"angle": 0, "axis": "z", "origin": [7, 20.5, 16]},
			"faces": {
				"north": {"uv": [7.5, 3, 8.5, 4], "texture": "#0"},
				"east": {"uv": [4.5, 3, 6.5, 4], "texture": "#0"},
				"south": {"uv": [7.5, 4, 8.5, 5], "texture": "#0"},
				"west": {"uv": [4.5, 4, 6.5, 5], "texture": "#0"},
				"up": {"uv": [2.75, 5.5, 1.75, 3.5], "texture": "#0"},
				"down": {"uv": [3.75, 4.75, 2.75, 6.75], "texture": "#0"}
			}
		},
		{
			"from": [7.5, 21.21023, -2.63121],
			"to": [8.5, 25.21023, 4.36879],
			"rotation": {"angle": -22.5, "axis": "x", "origin": [7, 28.21023, 14.46879]},
			"faces": {
				"north": {"uv": [5.75, 8.5, 6, 9.5], "texture": "#0"},
				"east": {"uv": [5.25, 0, 7, 1], "texture": "#0"},
				"south": {"uv": [0.5, 9, 0.75, 10], "texture": "#0"},
				"west": {"uv": [5.25, 1, 7, 2], "texture": "#0"},
				"up": {"uv": [2.75, 9.5, 2.5, 7.75], "texture": "#0"},
				"down": {"uv": [5.75, 8.5, 5.5, 10.25], "texture": "#0"}
			}
		},
		{
			"from": [6.5, 18.88686, 8.4312],
			"to": [9.5, 21.88686, 13.4312],
			"rotation": {"angle": 0, "axis": "y", "origin": [8, 19.38686, 10.9312]},
			"faces": {
				"north": {"uv": [8.5, 7.5, 9.25, 8.25], "texture": "#0"},
				"east": {"uv": [0.5, 7.75, 1.75, 8.5], "texture": "#0"},
				"south": {"uv": [8, 8.5, 8.75, 9.25], "texture": "#0"},
				"west": {"uv": [7.75, 2, 9, 2.75], "texture": "#0"},
				"up": {"uv": [6, 8.5, 5.25, 7.25], "texture": "#0"},
				"down": {"uv": [2.5, 7.75, 1.75, 9], "texture": "#0"}
			}
		},
		{
			"from": [7.25, 19.38686, 13.4312],
			"to": [8.75, 21.38686, 18.4312],
			"rotation": {"angle": 0, "axis": "y", "origin": [8, 19.38686, 10.9312]},
			"faces": {
				"north": {"uv": [8.75, 6.25, 9.25, 6.75], "texture": "#0"},
				"east": {"uv": [8, 1.5, 9.25, 2], "texture": "#0"},
				"south": {"uv": [0.75, 9, 1.25, 9.5], "texture": "#0"},
				"west": {"uv": [8.25, 5, 9.5, 5.5], "texture": "#0"},
				"up": {"uv": [4.25, 9.5, 3.75, 8.25], "texture": "#0"},
				"down": {"uv": [8.75, 5.5, 8.25, 6.75], "texture": "#0"}
			}
		},
		{
			"from": [6.5, 23.03387, 9.19761],
			"to": [9.5, 26.03387, 14.19761],
			"rotation": {"angle": -22.5, "axis": "x", "origin": [8, 23.53387, 11.69761]},
			"faces": {
				"north": {"uv": [8.75, 5.5, 9.5, 6.25], "texture": "#0"},
				"east": {"uv": [8, 0, 9.25, 0.75], "texture": "#0"},
				"south": {"uv": [8.75, 8.25, 9.5, 9], "texture": "#0"},
				"west": {"uv": [8, 0.75, 9.25, 1.5], "texture": "#0"},
				"up": {"uv": [6.75, 9.25, 6, 8], "texture": "#0"},
				"down": {"uv": [7.5, 8, 6.75, 9.25], "texture": "#0"}
			}
		},
		{
			"from": [7, 23.53387, 14.19761],
			"to": [9, 25.53387, 19.19761],
			"rotation": {"angle": -22.5, "axis": "x", "origin": [8, 23.53387, 11.69761]},
			"faces": {
				"north": {"uv": [1.25, 9, 1.75, 9.5], "texture": "#0"},
				"east": {"uv": [0.5, 8.5, 1.75, 9], "texture": "#0"},
				"south": {"uv": [1.75, 9, 2.25, 9.5], "texture": "#0"},
				"west": {"uv": [8.5, 2.75, 9.75, 3.25], "texture": "#0"},
				"up": {"uv": [9, 4.5, 8.5, 3.25], "texture": "#0"},
				"down": {"uv": [4.75, 8.5, 4.25, 9.75], "texture": "#0"}
			}
		},
		{
			"from": [5, 21.5, 8],
			"to": [5, 28.5, 15],
			"rotation": {"angle": -22.5, "axis": "y", "origin": [5, 23.5, 11.5]},
			"faces": {
				"north": {"uv": [0, 0, 0, 1.75], "texture": "#0"},
				"east": {"uv": [2.75, 3, 4.5, 4.75], "texture": "#0"},
				"south": {"uv": [0, 0, 0, 1.75], "texture": "#0"},
				"west": {"uv": [0, 3.5, 1.75, 5.25], "texture": "#0"},
				"up": {"uv": [0, 1.75, 0, 0], "texture": "#0"},
				"down": {"uv": [0, 0, 0, 1.75], "texture": "#0"}
			}
		},
		{
			"from": [11, 21.5, 8],
			"to": [11, 28.5, 15],
			"rotation": {"angle": 22.5, "axis": "y", "origin": [11, 23.5, 11.5]},
			"faces": {
				"north": {"uv": [0, 0, 0, 1.75], "texture": "#0"},
				"east": {"uv": [1.75, 3.5, 0, 5.25], "texture": "#0"},
				"south": {"uv": [0, 0, 0, 1.75], "texture": "#0"},
				"west": {"uv": [4.5, 3, 2.75, 4.75], "texture": "#0"},
				"up": {"uv": [0, 1.75, 0, 0], "texture": "#0"},
				"down": {"uv": [0, 0, 0, 1.75], "texture": "#0"}
			}
		},
		{
			"from": [8, 24, 2],
			"to": [8, 31, 13],
			"rotation": {"angle": 0, "axis": "y", "origin": [7, 27, 16]},
			"faces": {
				"north": {"uv": [0, 0, 0, 1.75], "texture": "#0"},
				"east": {"uv": [0, 0, 2.75, 1.75], "texture": "#0"},
				"south": {"uv": [0, 0, 0, 1.75], "texture": "#0"},
				"west": {"uv": [0, 1.75, 2.75, 3.5], "texture": "#0"},
				"up": {"uv": [0, 2.75, 0, 0], "texture": "#0"},
				"down": {"uv": [0, 0, 0, 2.75], "texture": "#0"}
			}
		}
	],
	"gui_light": "front",
	"display": {
		"thirdperson_righthand": {
			"rotation": [0, -1, 0],
			"translation": [0, -4.25, 2],
			"scale": [0.75, 0.75, 0.75]
		},
		"thirdperson_lefthand": {
			"rotation": [0, -1, 0],
			"translation": [0, -4.25, 2],
			"scale": [0.75, 0.75, 0.75]
		},
		"firstperson_righthand": {
			"rotation": [7.52, 0, -4.53],
			"translation": [2.5, -0.5, 0],
			"scale": [0.5, 0.5, 0.5]
		},
		"firstperson_lefthand": {
			"rotation": [7.52, 0, -4.53],
			"translation": [2.5, -0.5, 0],
			"scale": [0.5, 0.5, 0.5]
		},
		"ground": {
			"rotation": [45, 0, 0],
			"translation": [0, 2, 0],
			"scale": [0.4, 0.4, 0.4]
		},
		"gui": {
			"rotation": [90, 45, -90],
			"translation": [-4.5, -4, 0],
			"scale": [0.6, 0.6, 0.6]
		},
		"fixed": {
			"rotation": [90, -45, 90],
			"translation": [2, -4.25, -0.5],
			"scale": [0.7, 0.7, 0.7]
		}
	},
	"groups": [
		0,
		1,
		2,
		3,
		4,
		5,
		6,
		{
			"name": "group",
			"origin": [7, 21, 19],
			"color": 0,
			"children": []
		},
		7,
		8,
		9,
		10,
		11,
		12,
		13
	]
}