{"textures":{"0":"modelengine:entity/pet_undead_ent","particle":"#0"},"elements":[{"from":[6.5,5.0,6.5],"to":[9.5,8.0,9.5],"faces":{"east":{"uv":[9.5,10.25,10.25,11.0],"tintindex":0,"rotation":0,"texture":"#0"},"south":{"uv":[4.5,10.5,5.25,11.25],"tintindex":0,"rotation":0,"texture":"#0"},"north":{"uv":[8.5,10.25,9.25,11.0],"tintindex":0,"rotation":0,"texture":"#0"},"west":{"uv":[5.5,10.5,6.25,11.25],"tintindex":0,"rotation":0,"texture":"#0"},"up":{"uv":[7.25,11.25,6.5,10.5],"tintindex":0,"rotation":0,"texture":"#0"},"down":{"uv":[8.25,10.5,7.5,11.25],"tintindex":0,"rotation":0,"texture":"#0"}}}],"display":{"head":{"rotation":[0.0,0.0,0.0]},"firstperson_righthand":{"rotation":[0.0,0.0,0.0]},"thirdperson_lefthand":{"rotation":[0.0,-0.0,-0.0]},"firstperson_lefthand":{"rotation":[0.0,-0.0,-0.0]},"fixed":{"rotation":[0.0,0.0,0.0]},"ground":{"rotation":[0.0,0.0,0.0]},"thirdperson_righthand":{"rotation":[0.0,0.0,0.0]},"gui":{"rotation":[-150.0,-45.0,180.0]}}}