{"textures":{"0":"modelengine:entity/pet_undead_ent","particle":"#0"},"elements":[{"from":[6.5,5.0,6.5],"to":[9.5,8.0,9.5],"faces":{"east":{"uv":[1.25,10.75,2.0,11.5],"tintindex":0,"rotation":0,"texture":"#0"},"south":{"uv":[2.25,10.75,3.0,11.5],"tintindex":0,"rotation":0,"texture":"#0"},"north":{"uv":[10.5,10.25,11.25,11.0],"tintindex":0,"rotation":0,"texture":"#0"},"west":{"uv":[3.25,10.75,4.0,11.5],"tintindex":0,"rotation":0,"texture":"#0"},"up":{"uv":[11.5,4.5,10.75,3.75],"tintindex":0,"rotation":0,"texture":"#0"},"down":{"uv":[11.5,7.75,10.75,8.5],"tintindex":0,"rotation":0,"texture":"#0"}}}],"display":{"head":{"rotation":[0.0,0.0,0.0]},"firstperson_righthand":{"rotation":[0.0,0.0,0.0]},"thirdperson_lefthand":{"rotation":[0.0,-0.0,-0.0]},"firstperson_lefthand":{"rotation":[0.0,-0.0,-0.0]},"fixed":{"rotation":[0.0,0.0,0.0]},"ground":{"rotation":[0.0,0.0,0.0]},"thirdperson_righthand":{"rotation":[0.0,0.0,0.0]},"gui":{"rotation":[-150.0,-45.0,180.0]}}}