{"textures":{"0":"modelengine:entity/pet_undead_ent","particle":"#0"},"elements":[{"from":[2.2248545,2.1064973,5.0],"to":[2.2248545,10.106497,12.0],"faces":{"east":{"uv":[1.75,7.5,0.0,9.5],"tintindex":0,"rotation":0,"texture":"#0"},"west":{"uv":[0.0,7.5,1.75,9.5],"tintindex":0,"rotation":0,"texture":"#0"}},"rotation":{"origin":[1.9748545,6.356497,9.5],"angle":-22.5,"axis":"z"}},{"from":[13.025146,2.1064973,5.0],"to":[13.025146,10.106497,12.0],"faces":{"east":{"uv":[1.75,7.5,0.0,9.5],"tintindex":0,"rotation":0,"texture":"#0"},"west":{"uv":[0.0,7.5,1.75,9.5],"tintindex":0,"rotation":0,"texture":"#0"}},"rotation":{"origin":[13.275146,6.356497,9.5],"angle":22.5,"axis":"z"}},{"from":[4.625,10.125,5.0],"to":[11.625,15.125,11.0],"faces":{"east":{"uv":[8.0,2.5,9.5,3.75],"tintindex":0,"rotation":0,"texture":"#0"},"south":{"uv":[6.0,7.5,7.75,8.75],"tintindex":0,"rotation":0,"texture":"#0"},"north":{"uv":[7.5,4.75,9.25,6.0],"tintindex":0,"rotation":0,"texture":"#0"},"west":{"uv":[8.0,6.25,9.5,7.5],"tintindex":0,"rotation":0,"texture":"#0"},"up":{"uv":[3.75,9.0,2.0,7.5],"tintindex":0,"rotation":0,"texture":"#0"},"down":{"uv":[5.75,7.5,4.0,9.0],"tintindex":0,"rotation":0,"texture":"#0"}}},{"from":[8.625,9.125,4.0],"to":[12.625,13.125,9.0],"faces":{"east":{"uv":[8.5,1.25,9.75,2.25],"tintindex":0,"rotation":0,"texture":"#0"},"south":{"uv":[10.0,9.0,11.0,10.0],"tintindex":0,"rotation":0,"texture":"#0"},"north":{"uv":[10.0,1.25,11.0,2.25],"tintindex":0,"rotation":0,"texture":"#0"},"west":{"uv":[8.5,9.0,9.75,10.0],"tintindex":0,"rotation":0,"texture":"#0"},"up":{"uv":[3.0,10.5,2.0,9.25],"tintindex":0,"rotation":0,"texture":"#0"},"down":{"uv":[4.25,9.25,3.25,10.5],"tintindex":0,"rotation":0,"texture":"#0"}}},{"from":[5.625,8.125,6.0],"to":[9.625,12.125,10.0],"faces":{"east":{"uv":[9.5,4.0,10.5,5.0],"tintindex":0,"rotation":0,"texture":"#0"},"south":{"uv":[9.5,7.75,10.5,8.75],"tintindex":0,"rotation":0,"texture":"#0"},"north":{"uv":[4.5,9.25,5.5,10.25],"tintindex":0,"rotation":0,"texture":"#0"},"west":{"uv":[0.0,9.75,1.0,10.75],"tintindex":0,"rotation":0,"texture":"#0"},"up":{"uv":[10.75,3.5,9.75,2.5],"tintindex":0,"rotation":0,"texture":"#0"},"down":{"uv":[10.75,5.25,9.75,6.25],"tintindex":0,"rotation":0,"texture":"#0"}}},{"from":[3.625,9.125,7.0],"to":[7.625,13.125,12.0],"faces":{"east":{"uv":[8.0,7.75,9.25,8.75],"tintindex":0,"rotation":0,"texture":"#0"},"south":{"uv":[10.0,0.0,11.0,1.0],"tintindex":0,"rotation":0,"texture":"#0"},"north":{"uv":[9.75,6.5,10.75,7.5],"tintindex":0,"rotation":0,"texture":"#0"},"west":{"uv":[8.5,0.0,9.75,1.0],"tintindex":0,"rotation":0,"texture":"#0"},"up":{"uv":[7.0,10.25,6.0,9.0],"tintindex":0,"rotation":0,"texture":"#0"},"down":{"uv":[8.25,9.0,7.25,10.25],"tintindex":0,"rotation":0,"texture":"#0"}}}],"display":{"head":{"rotation":[0.0,0.0,0.0]},"firstperson_righthand":{"rotation":[0.0,0.0,0.0]},"thirdperson_lefthand":{"rotation":[0.0,-0.0,-0.0]},"firstperson_lefthand":{"rotation":[0.0,-0.0,-0.0]},"fixed":{"rotation":[0.0,0.0,0.0]},"ground":{"rotation":[0.0,0.0,0.0]},"thirdperson_righthand":{"rotation":[0.0,0.0,0.0]},"gui":{"rotation":[-150.0,-45.0,180.0]}}}