{"textures":{"0":"modelengine:entity/pet_fire","particle":"#0"},"elements":[{"from":[-0.30997086,0.5,7.556087],"to":[16.69003,19.5,7.556087],"faces":{"south":{"uv":[4.25,0.0,0.0,4.75],"tintindex":0,"rotation":0,"texture":"#0"},"north":{"uv":[0.0,0.0,4.25,4.75],"tintindex":0,"rotation":0,"texture":"#0"}},"rotation":{"origin":[8.190029,9.0,7.556087],"angle":-22.5,"axis":"y"}},{"from":[3.6900287,3.5,3.056087],"to":[12.690029,12.5,12.0560875],"faces":{"east":{"uv":[2.5,5.0,4.75,7.25],"tintindex":0,"rotation":0,"texture":"#0"},"south":{"uv":[5.0,5.0,7.25,7.25],"tintindex":0,"rotation":0,"texture":"#0"},"north":{"uv":[0.0,5.0,2.25,7.25],"tintindex":0,"rotation":0,"texture":"#0"},"west":{"uv":[0.0,7.5,2.25,9.75],"tintindex":0,"rotation":0,"texture":"#0"},"up":{"uv":[4.75,9.75,2.5,7.5],"tintindex":0,"rotation":0,"texture":"#0"},"down":{"uv":[7.25,7.5,5.0,9.75],"tintindex":0,"rotation":0,"texture":"#0"}},"rotation":{"origin":[8.190029,9.0,7.556087],"angle":-22.5,"axis":"y"}}],"display":{"head":{"rotation":[0.0,0.0,0.0]},"firstperson_righthand":{"rotation":[0.0,0.0,0.0]},"thirdperson_lefthand":{"rotation":[0.0,-0.0,-0.0]},"firstperson_lefthand":{"rotation":[0.0,-0.0,-0.0]},"fixed":{"rotation":[0.0,0.0,0.0]},"ground":{"rotation":[0.0,0.0,0.0]},"thirdperson_righthand":{"rotation":[0.0,0.0,0.0]},"gui":{"rotation":[-150.0,-45.0,180.0]}}}