{"textures":{"0":"modelengine:entity/wizpiglin_2_rift","particle":"#0"},"elements":[{"from":[-6.0,7.6000004,-6.0],"to":[22.0,7.6000004,22.0],"faces":{"up":{"uv":[3.5,9.625,0.0,6.125],"tintindex":0,"rotation":0,"texture":"#0"},"down":{"uv":[3.5,6.125,0.0,9.625],"tintindex":0,"rotation":0,"texture":"#0"}}}],"display":{"head":{"rotation":[0.0,0.0,0.0]},"firstperson_righthand":{"rotation":[0.0,0.0,0.0]},"thirdperson_lefthand":{"rotation":[0.0,-0.0,-0.0]},"firstperson_lefthand":{"rotation":[0.0,-0.0,-0.0]},"fixed":{"rotation":[0.0,0.0,0.0]},"ground":{"rotation":[0.0,0.0,0.0]},"thirdperson_righthand":{"rotation":[0.0,0.0,0.0]},"gui":{"rotation":[-150.0,-45.0,180.0]}}}