{"textures":{"1":"modelengine:entity/chameleon_tongue","particle":"#1"},"elements":[{"from":[7.5,7.5,-5.5],"to":[8.5,8.5,-4.5],"faces":{"east":{"uv":[1.0,2.0,2.0,3.0],"tintindex":0,"rotation":0,"texture":"#1"},"south":{"uv":[2.0,1.0,3.0,2.0],"tintindex":0,"rotation":0,"texture":"#1"},"north":{"uv":[1.0,1.0,2.0,2.0],"tintindex":0,"rotation":0,"texture":"#1"},"west":{"uv":[2.0,2.0,3.0,3.0],"tintindex":0,"rotation":0,"texture":"#1"},"up":{"uv":[2.0,4.0,1.0,3.0],"tintindex":0,"rotation":0,"texture":"#1"},"down":{"uv":[4.0,1.0,3.0,2.0],"tintindex":0,"rotation":0,"texture":"#1"}}},{"from":[7.75,7.75,-4.5],"to":[8.25,8.25,8.5],"faces":{"east":{"uv":[0.0,0.0,13.0,0.5],"tintindex":0,"rotation":0,"texture":"#1"},"south":{"uv":[3.0,2.0,3.5,2.5],"tintindex":0,"rotation":0,"texture":"#1"},"north":{"uv":[2.0,3.0,2.5,3.5],"tintindex":0,"rotation":0,"texture":"#1"},"west":{"uv":[0.0,0.5,13.0,1.0],"tintindex":0,"rotation":0,"texture":"#1"},"up":{"uv":[0.5,14.0,0.0,1.0],"tintindex":0,"rotation":0,"texture":"#1"},"down":{"uv":[1.0,1.0,0.5,14.0],"tintindex":0,"rotation":0,"texture":"#1"}}}],"display":{"head":{"rotation":[0.0,0.0,0.0]},"firstperson_righthand":{"rotation":[0.0,0.0,0.0]},"thirdperson_lefthand":{"rotation":[0.0,-0.0,-0.0]},"firstperson_lefthand":{"rotation":[0.0,-0.0,-0.0]},"fixed":{"rotation":[0.0,0.0,0.0]},"ground":{"rotation":[0.0,0.0,0.0]},"thirdperson_righthand":{"rotation":[0.0,0.0,0.0]},"gui":{"rotation":[-150.0,-45.0,180.0]}}}