{"textures":{"0":"modelengine:entity/broom"},"elements":[{"from":[4.702161,3.9181395,18.48693],"to":[4.702161,9.418139,26.486929],"faces":{"east":{"uv":[2.75,0.0,0.0,4.0],"tintindex":0,"rotation":270,"texture":"#0"},"west":{"uv":[2.75,4.0,0.0,0.0],"tintindex":0,"rotation":270,"texture":"#0"}},"rotation":{"origin":[4.702161,5.1681395,22.486929],"angle":-22.5,"axis":"y"}},{"from":[7.25,6.3102446,10.291411],"to":[8.75,7.8102446,15.791411],"faces":{"east":{"uv":[5.5,3.25,8.25,4.0],"tintindex":0,"rotation":0,"texture":"#0"},"south":{"uv":[8.25,8.0,9.0,8.75],"tintindex":0,"rotation":0,"texture":"#0"},"north":{"uv":[8.25,7.25,9.0,8.0],"tintindex":0,"rotation":0,"texture":"#0"},"west":{"uv":[6.75,5.75,9.5,6.5],"tintindex":0,"rotation":0,"texture":"#0"},"up":{"uv":[7.5,9.25,6.75,6.5],"tintindex":0,"rotation":0,"texture":"#0"},"down":{"uv":[5.75,7.5,5.0,10.25],"tintindex":0,"rotation":0,"texture":"#0"}}},{"from":[5.25,10.340979,18.48693],"to":[10.75,10.340979,26.486929],"faces":{"up":{"uv":[2.75,4.0,0.0,0.0],"tintindex":0,"rotation":0,"texture":"#0"},"down":{"uv":[2.75,0.25,0.0,4.25],"tintindex":0,"rotation":0,"texture":"#0"}},"rotation":{"origin":[6.5,10.340979,22.486929],"angle":-22.5,"axis":"x"}},{"from":[11.297839,3.9181395,18.48693],"to":[11.297839,9.418139,26.486929],"faces":{"east":{"uv":[2.75,0.0,0.0,4.0],"tintindex":0,"rotation":270,"texture":"#0"},"west":{"uv":[2.75,4.0,0.0,0.0],"tintindex":0,"rotation":270,"texture":"#0"}},"rotation":{"origin":[11.297839,5.1681395,22.486929],"angle":22.5,"axis":"y"}},{"from":[6.25,5.3102446,15.791411],"to":[9.75,8.810245,25.79141],"faces":{"east":{"uv":[0.0,4.0,5.0,5.75],"tintindex":0,"rotation":0,"texture":"#0"},"south":{"uv":[5.0,5.75,6.75,7.5],"tintindex":0,"rotation":0,"texture":"#0"},"north":{"uv":[5.5,1.5,7.25,3.25],"tintindex":0,"rotation":0,"texture":"#0"},"west":{"uv":[5.0,4.0,10.0,5.75],"tintindex":0,"rotation":0,"texture":"#0"},"up":{"uv":[1.75,10.75,0.0,5.75],"tintindex":0,"rotation":0,"texture":"#0"},"down":{"uv":[3.5,5.75,1.75,10.75],"tintindex":0,"rotation":0,"texture":"#0"}}},{"from":[7.25,7.9181395,-10.292021],"to":[8.75,9.418139,6.7079787],"faces":{"east":{"uv":[5.5,0.0,14.0,0.75],"tintindex":0,"rotation":0,"texture":"#0"},"south":{"uv":[8.25,8.75,9.0,9.5],"tintindex":0,"rotation":0,"texture":"#0"},"north":{"uv":[7.5,8.75,8.25,9.5],"tintindex":0,"rotation":0,"texture":"#0"},"west":{"uv":[5.5,0.75,14.0,1.5],"tintindex":0,"rotation":0,"texture":"#0"},"up":{"uv":[4.25,14.25,3.5,5.75],"tintindex":0,"rotation":0,"texture":"#0"},"down":{"uv":[5.0,5.75,4.25,14.25],"tintindex":0,"rotation":0,"texture":"#0"}}},{"from":[5.25,3.7453003,18.48693],"to":[10.75,3.7453003,26.486929],"faces":{"up":{"uv":[2.75,4.0,0.0,0.0],"tintindex":0,"rotation":0,"texture":"#0"},"down":{"uv":[2.75,0.0,0.0,4.0],"tintindex":0,"rotation":0,"texture":"#0"}},"rotation":{"origin":[6.5,3.7453003,22.486929],"angle":22.5,"axis":"x"}},{"from":[7.25,7.114192,6.249695],"to":[8.75,8.614192,10.749695],"faces":{"east":{"uv":[7.25,1.5,9.5,2.25],"tintindex":0,"rotation":0,"texture":"#0"},"south":{"uv":[8.25,6.5,9.0,7.25],"tintindex":0,"rotation":0,"texture":"#0"},"north":{"uv":[8.25,3.0,9.0,3.75],"tintindex":0,"rotation":0,"texture":"#0"},"west":{"uv":[7.25,2.25,9.5,3.0],"tintindex":0,"rotation":0,"texture":"#0"},"up":{"uv":[6.5,9.75,5.75,7.5],"tintindex":0,"rotation":0,"texture":"#0"},"down":{"uv":[8.25,6.5,7.5,8.75],"tintindex":0,"rotation":0,"texture":"#0"}},"rotation":{"origin":[8.0,7.864192,8.499695],"angle":22.5,"axis":"x"}}],"display":{"gui":{"rotation":[30,225,0]}}}