{"textures":{"1":"modelengine:entity/witch"},"elements":[{"from":[3.0,8.691444,2.9694738],"to":[13.0,12.691444,12.969474],"faces":{"east":{"uv":[10.125,5.125,11.375,5.625],"tintindex":0,"rotation":0,"texture":"#1"},"south":{"uv":[10.25,0.75,11.5,1.25],"tintindex":0,"rotation":0,"texture":"#1"},"north":{"uv":[3.5,10.125,4.75,10.625],"tintindex":0,"rotation":0,"texture":"#1"},"west":{"uv":[10.25,6.625,11.5,7.125],"tintindex":0,"rotation":0,"texture":"#1"},"up":{"uv":[8.75,3.75,7.5,2.5],"tintindex":0,"rotation":0,"texture":"#1"},"down":{"uv":[8.75,3.75,7.5,5.0],"tintindex":0,"rotation":0,"texture":"#1"}}},{"from":[6.0,12.887741,12.5202055],"to":[10.0,16.887741,17.520206],"faces":{"east":{"uv":[6.0,10.625,6.5,11.25],"tintindex":0,"rotation":270,"texture":"#1"},"south":{"uv":[11.125,8.375,10.625,7.875],"tintindex":0,"rotation":0,"texture":"#1"},"north":{"uv":[10.875,10.625,10.375,11.125],"tintindex":0,"rotation":180,"texture":"#1"},"west":{"uv":[7.5,10.625,8.0,11.25],"tintindex":0,"rotation":90,"texture":"#1"},"up":{"uv":[4.5,7.375,5.0,8.0],"tintindex":0,"rotation":180,"texture":"#1"},"down":{"uv":[10.625,7.25,11.125,7.875],"tintindex":0,"rotation":0,"texture":"#1"}}},{"from":[4.0,7.933895,-2.681055],"to":[12.0,12.933895,7.3189454],"faces":{"east":{"uv":[0.0,9.125,1.25,9.75],"tintindex":0,"rotation":0,"texture":"#1"},"south":{"uv":[8.5,10.125,9.5,10.75],"tintindex":0,"rotation":0,"texture":"#1"},"north":{"uv":[1.75,10.125,2.75,10.75],"tintindex":0,"rotation":0,"texture":"#1"},"west":{"uv":[9.125,4.5,10.375,5.125],"tintindex":0,"rotation":0,"texture":"#1"},"up":{"uv":[5.5,9.25,4.5,8.0],"tintindex":0,"rotation":0,"texture":"#1"},"down":{"uv":[6.5,8.0,5.5,9.25],"tintindex":0,"rotation":0,"texture":"#1"}},"rotation":{"origin":[8.0,-6.654562,10.318945],"angle":22.5,"axis":"x"}},{"from":[-4.0,7.6914444,-4.030526],"to":[20.0,8.691444,19.969473],"faces":{"east":{"uv":[10.25,1.375,13.25,1.5],"tintindex":0,"rotation":0,"texture":"#1"},"south":{"uv":[10.25,1.5,13.25,1.625],"tintindex":0,"rotation":0,"texture":"#1"},"north":{"uv":[10.25,1.25,13.25,1.375],"tintindex":0,"rotation":0,"texture":"#1"},"west":{"uv":[10.25,7.125,13.25,7.25],"tintindex":0,"rotation":0,"texture":"#1"},"up":{"uv":[3.0,3.0,0.0,0.0],"tintindex":0,"rotation":0,"texture":"#1"},"down":{"uv":[3.0,3.0,0.0,6.0],"tintindex":0,"rotation":0,"texture":"#1"}}},{"from":[5.0,15.428398,22.52842],"to":[11.0,22.428398,29.52842],"faces":{"east":{"uv":[3.75,9.25,4.625,10.125],"tintindex":0,"rotation":270,"texture":"#1"},"south":{"uv":[10.5,3.5,9.75,2.625],"tintindex":0,"rotation":0,"texture":"#1"},"north":{"uv":[3.5,9.75,2.75,10.625],"tintindex":0,"rotation":180,"texture":"#1"},"west":{"uv":[4.625,9.25,5.5,10.125],"tintindex":0,"rotation":90,"texture":"#1"},"up":{"uv":[9.5,0.75,10.25,1.625],"tintindex":0,"rotation":180,"texture":"#1"},"down":{"uv":[0.0,9.75,0.75,10.625],"tintindex":0,"rotation":0,"texture":"#1"}},"rotation":{"origin":[8.0,-22.071602,33.02842],"angle":-22.5,"axis":"x"}}],"display":{"gui":{"rotation":[30,225,0]}}}