{"textures":{"1":"modelengine:entity/witch"},"elements":[{"from":[5.8879147,6.0,2.5771608],"to":[11.887915,8.0,8.577161],"faces":{"east":{"uv":[6.25,4.0,7.0,4.25],"tintindex":0,"rotation":0,"texture":"#1"},"south":{"uv":[10.375,6.375,11.125,6.625],"tintindex":0,"rotation":0,"texture":"#1"},"north":{"uv":[5.5,4.0,6.25,4.25],"tintindex":0,"rotation":0,"texture":"#1"},"west":{"uv":[10.75,2.0,11.5,2.25],"tintindex":0,"rotation":0,"texture":"#1"},"up":{"uv":[8.75,2.5,8.0,1.75],"tintindex":0,"rotation":0,"texture":"#1"},"down":{"uv":[5.5,10.125,4.75,10.875],"tintindex":0,"rotation":0,"texture":"#1"}}},{"from":[7.8879147,7.92284,-0.8107538],"to":[9.887915,10.92284,2.1892462],"faces":{"east":{"uv":[10.875,10.625,11.25,11.0],"tintindex":0,"rotation":0,"texture":"#1"},"south":{"uv":[1.75,9.625,2.0,10.0],"tintindex":0,"rotation":0,"texture":"#1"},"north":{"uv":[7.5,9.5,7.75,9.875],"tintindex":0,"rotation":0,"texture":"#1"},"west":{"uv":[11.0,0.0,11.375,0.375],"tintindex":0,"rotation":0,"texture":"#1"},"up":{"uv":[3.75,10.125,3.5,9.75],"tintindex":0,"rotation":0,"texture":"#1"},"down":{"uv":[11.25,4.0,11.0,4.375],"tintindex":0,"rotation":0,"texture":"#1"}},"rotation":{"origin":[8.887915,9.42284,1.6892462],"angle":-22.5,"axis":"x"}},{"from":[7.8879147,9.0,1.5771608],"to":[9.887915,11.0,2.5771608],"faces":{"east":{"uv":[10.5,7.25,10.625,7.5],"tintindex":0,"rotation":0,"texture":"#1"},"south":{"uv":[11.0,9.375,11.25,9.625],"tintindex":0,"rotation":0,"texture":"#1"},"north":{"uv":[11.0,9.125,11.25,9.375],"tintindex":0,"rotation":0,"texture":"#1"},"west":{"uv":[11.0,11.0,11.125,11.25],"tintindex":0,"rotation":0,"texture":"#1"},"up":{"uv":[9.75,1.75,9.5,1.625],"tintindex":0,"rotation":0,"texture":"#1"},"down":{"uv":[10.0,1.625,9.75,1.75],"tintindex":0,"rotation":0,"texture":"#1"}}},{"from":[12.275829,8.25,6.5],"to":[13.275829,12.25,9.5],"faces":{"east":{"uv":[2.75,10.75,2.375,11.25],"tintindex":0,"rotation":0,"texture":"#1"},"south":{"uv":[11.0,11.0,10.875,11.5],"tintindex":0,"rotation":0,"texture":"#1"},"north":{"uv":[11.125,10.125,11.0,10.625],"tintindex":0,"rotation":0,"texture":"#1"},"west":{"uv":[9.125,4.5,8.75,5.0],"tintindex":0,"rotation":0,"texture":"#1"},"up":{"uv":[2.875,7.375,3.0,7.0],"tintindex":0,"rotation":0,"texture":"#1"},"down":{"uv":[7.125,6.75,7.25,7.125],"tintindex":0,"rotation":0,"texture":"#1"}},"rotation":{"origin":[12.775829,11.0,8.0],"angle":22.5,"axis":"y"}},{"from":[6.8879147,8.0,0.57716084],"to":[10.887915,9.0,2.5771608],"faces":{"east":{"uv":[9.75,4.375,10.0,4.5],"tintindex":0,"rotation":0,"texture":"#1"},"south":{"uv":[9.375,6.625,9.875,6.75],"tintindex":0,"rotation":0,"texture":"#1"},"north":{"uv":[9.25,7.5,9.75,7.625],"tintindex":0,"rotation":0,"texture":"#1"},"west":{"uv":[9.875,6.625,10.125,6.75],"tintindex":0,"rotation":0,"texture":"#1"},"up":{"uv":[11.5,2.75,11.0,2.5],"tintindex":0,"rotation":0,"texture":"#1"},"down":{"uv":[11.5,2.75,11.0,3.0],"tintindex":0,"rotation":0,"texture":"#1"}}},{"from":[4.8879147,8.0,2.5771608],"to":[12.887915,13.0,10.577162],"faces":{"east":{"uv":[7.5,10.0,8.5,10.625],"tintindex":0,"rotation":0,"texture":"#1"},"south":{"uv":[10.0,9.375,11.0,10.0],"tintindex":0,"rotation":0,"texture":"#1"},"north":{"uv":[5.5,10.0,6.5,10.625],"tintindex":0,"rotation":0,"texture":"#1"},"west":{"uv":[10.0,10.0,11.0,10.625],"tintindex":0,"rotation":0,"texture":"#1"},"up":{"uv":[9.75,3.625,8.75,2.625],"tintindex":0,"rotation":0,"texture":"#1"},"down":{"uv":[3.75,8.75,2.75,9.75],"tintindex":0,"rotation":0,"texture":"#1"}}},{"from":[4.5,8.25,6.5],"to":[5.5,12.25,9.5],"faces":{"east":{"uv":[8.75,4.5,9.125,5.0],"tintindex":0,"rotation":0,"texture":"#1"},"south":{"uv":[10.875,11.0,11.0,11.5],"tintindex":0,"rotation":0,"texture":"#1"},"north":{"uv":[11.0,10.125,11.125,10.625],"tintindex":0,"rotation":0,"texture":"#1"},"west":{"uv":[2.375,10.75,2.75,11.25],"tintindex":0,"rotation":0,"texture":"#1"},"up":{"uv":[3.0,7.375,2.875,7.0],"tintindex":0,"rotation":0,"texture":"#1"},"down":{"uv":[7.25,6.75,7.125,7.125],"tintindex":0,"rotation":0,"texture":"#1"}},"rotation":{"origin":[5.0,11.0,8.0],"angle":-22.5,"axis":"y"}},{"from":[6.8879147,3.92807,1.966116],"to":[10.887915,5.92807,3.966116],"faces":{"east":{"uv":[11.0,9.625,11.25,9.875],"tintindex":0,"rotation":0,"texture":"#1"},"south":{"uv":[11.0,3.25,11.5,3.5],"tintindex":0,"rotation":0,"texture":"#1"},"north":{"uv":[11.0,3.0,11.5,3.25],"tintindex":0,"rotation":0,"texture":"#1"},"west":{"uv":[11.0,9.875,11.25,10.125],"tintindex":0,"rotation":0,"texture":"#1"},"up":{"uv":[11.5,3.75,11.0,3.5],"tintindex":0,"rotation":0,"texture":"#1"},"down":{"uv":[11.5,3.75,11.0,4.0],"tintindex":0,"rotation":0,"texture":"#1"}},"rotation":{"origin":[8.887915,3.92807,4.966116],"angle":22.5,"axis":"x"}},{"from":[14.992674,2.418663,2.5771608],"to":[14.992674,13.418663,12.577162],"faces":{"east":{"uv":[4.5,7.375,3.25,8.75],"tintindex":0,"rotation":0,"texture":"#1"},"west":{"uv":[3.25,7.375,4.5,8.75],"tintindex":0,"rotation":0,"texture":"#1"}},"rotation":{"origin":[14.992674,7.918663,6.577161],"angle":22.5,"axis":"z"}},{"from":[2.783156,2.418663,2.5771608],"to":[2.783156,13.418663,12.577162],"faces":{"east":{"uv":[2.0,7.375,3.25,8.75],"tintindex":0,"rotation":0,"texture":"#1"},"west":{"uv":[3.25,7.375,4.5,8.75],"tintindex":0,"rotation":0,"texture":"#1"}},"rotation":{"origin":[2.783156,7.918663,6.577161],"angle":-22.5,"axis":"z"}}],"display":{"gui":{"rotation":[30,225,0]}}}