{"textures":{"1":"modelengine:entity/witch"},"elements":[{"from":[6.0,1.0000005,5.0],"to":[10.0,8.0,11.0],"faces":{"east":{"uv":[9.75,3.5,10.5,4.375],"tintindex":0,"rotation":0,"texture":"#1"},"south":{"uv":[10.5,2.5,11.0,3.375],"tintindex":0,"rotation":0,"texture":"#1"},"north":{"uv":[0.75,9.75,1.25,10.625],"tintindex":0,"rotation":0,"texture":"#1"},"west":{"uv":[9.75,8.5,10.5,9.375],"tintindex":0,"rotation":0,"texture":"#1"},"up":{"uv":[3.75,11.375,3.25,10.625],"tintindex":0,"rotation":0,"texture":"#1"},"down":{"uv":[4.25,10.625,3.75,11.375],"tintindex":0,"rotation":0,"texture":"#1"}}}],"display":{"gui":{"rotation":[30,225,0]}}}