{"textures":{"1":"modelengine:entity/witch"},"elements":[{"from":[4.0,-1.0,5.0],"to":[8.0,11.0,11.0],"faces":{"east":{"uv":[1.25,8.125,2.0,9.625],"tintindex":0,"rotation":0,"texture":"#1"},"south":{"uv":[7.0,9.5,7.5,11.0],"tintindex":0,"rotation":0,"texture":"#1"},"north":{"uv":[6.5,9.5,7.0,11.0],"tintindex":0,"rotation":0,"texture":"#1"},"west":{"uv":[7.75,8.5,8.5,10.0],"tintindex":0,"rotation":0,"texture":"#1"},"up":{"uv":[11.0,0.75,10.5,0.0],"tintindex":0,"rotation":0,"texture":"#1"},"down":{"uv":[0.5,10.625,0.0,11.375],"tintindex":0,"rotation":0,"texture":"#1"}}}],"display":{"gui":{"rotation":[30,225,0]}}}