{"textures":{"1":"modelengine:entity/witch"},"elements":[{"from":[6.0,-3.0,1.9999995],"to":[10.0,8.0,8.0],"faces":{"east":{"uv":[2.125,6.0,2.875,7.375],"tintindex":0,"rotation":0,"texture":"#1"},"south":{"uv":[1.25,9.625,1.75,11.0],"tintindex":0,"rotation":0,"texture":"#1"},"north":{"uv":[9.5,9.375,10.0,10.75],"tintindex":0,"rotation":0,"texture":"#1"},"west":{"uv":[2.0,8.75,2.75,10.125],"tintindex":0,"rotation":0,"texture":"#1"},"up":{"uv":[1.0,11.375,0.5,10.625],"tintindex":0,"rotation":0,"texture":"#1"},"down":{"uv":[3.25,10.625,2.75,11.375],"tintindex":0,"rotation":0,"texture":"#1"}}}],"display":{"gui":{"rotation":[30,225,0]}}}