{"textures":{"1":"modelengine:entity/witch"},"elements":[{"from":[5.8999996,1.0,6.0],"to":[9.9,3.0,8.0],"faces":{"east":{"uv":[10.125,5.625,10.375,5.875],"tintindex":0,"rotation":0,"texture":"#1"},"south":{"uv":[10.75,2.25,11.25,2.5],"tintindex":0,"rotation":0,"texture":"#1"},"north":{"uv":[7.0,4.0,7.5,4.25],"tintindex":0,"rotation":0,"texture":"#1"},"west":{"uv":[10.25,7.25,10.5,7.5],"tintindex":0,"rotation":0,"texture":"#1"},"up":{"uv":[11.5,0.625,11.0,0.375],"tintindex":0,"rotation":0,"texture":"#1"},"down":{"uv":[1.75,11.0,1.25,11.25],"tintindex":0,"rotation":0,"texture":"#1"}}},{"from":[5.8999996,1.0,8.0],"to":[9.9,8.0,14.0],"faces":{"east":{"uv":[9.875,7.5,10.625,8.375],"tintindex":0,"rotation":0,"texture":"#1"},"south":{"uv":[10.5,8.375,11.0,9.25],"tintindex":0,"rotation":0,"texture":"#1"},"north":{"uv":[10.5,3.375,11.0,4.25],"tintindex":0,"rotation":0,"texture":"#1"},"west":{"uv":[10.0,1.625,10.75,2.5],"tintindex":0,"rotation":0,"texture":"#1"},"up":{"uv":[4.75,11.375,4.25,10.625],"tintindex":0,"rotation":0,"texture":"#1"},"down":{"uv":[6.0,10.625,5.5,11.375],"tintindex":0,"rotation":0,"texture":"#1"}}}],"display":{"gui":{"rotation":[30,225,0]}}}