{"textures":{"1":"modelengine:entity/witch"},"elements":[{"from":[6.0,1.0000005,5.0],"to":[10.0,8.0,11.0],"faces":{"east":{"uv":[10.5,8.5,9.75,9.375],"tintindex":0,"rotation":0,"texture":"#1"},"south":{"uv":[11.0,2.5,10.5,3.375],"tintindex":0,"rotation":0,"texture":"#1"},"north":{"uv":[1.25,9.75,0.75,10.625],"tintindex":0,"rotation":0,"texture":"#1"},"west":{"uv":[10.5,3.5,9.75,4.375],"tintindex":0,"rotation":0,"texture":"#1"},"up":{"uv":[3.25,11.375,3.75,10.625],"tintindex":0,"rotation":0,"texture":"#1"},"down":{"uv":[3.75,10.625,4.25,11.375],"tintindex":0,"rotation":0,"texture":"#1"}}}],"display":{"gui":{"rotation":[30,225,0]}}}