{"textures":{"1":"modelengine:entity/witch"},"elements":[{"from":[6.1,1.0,8.0],"to":[10.1,8.0,14.0],"faces":{"east":{"uv":[10.75,1.625,10.0,2.5],"tintindex":0,"rotation":0,"texture":"#1"},"south":{"uv":[11.0,8.375,10.5,9.25],"tintindex":0,"rotation":0,"texture":"#1"},"north":{"uv":[11.0,3.375,10.5,4.25],"tintindex":0,"rotation":0,"texture":"#1"},"west":{"uv":[10.625,7.5,9.875,8.375],"tintindex":0,"rotation":0,"texture":"#1"},"up":{"uv":[4.25,11.375,4.75,10.625],"tintindex":0,"rotation":0,"texture":"#1"},"down":{"uv":[5.5,10.625,6.0,11.375],"tintindex":0,"rotation":0,"texture":"#1"}}},{"from":[6.1,1.0,6.0],"to":[10.1,3.0,8.0],"faces":{"east":{"uv":[10.5,7.25,10.25,7.5],"tintindex":0,"rotation":0,"texture":"#1"},"south":{"uv":[11.25,2.25,10.75,2.5],"tintindex":0,"rotation":0,"texture":"#1"},"north":{"uv":[7.5,4.0,7.0,4.25],"tintindex":0,"rotation":0,"texture":"#1"},"west":{"uv":[10.375,5.625,10.125,5.875],"tintindex":0,"rotation":0,"texture":"#1"},"up":{"uv":[11.0,0.625,11.5,0.375],"tintindex":0,"rotation":0,"texture":"#1"},"down":{"uv":[1.25,11.0,1.75,11.25],"tintindex":0,"rotation":0,"texture":"#1"}}}],"display":{"gui":{"rotation":[30,225,0]}}}