{"textures":{"1":"modelengine:entity/witch"},"elements":[{"from":[8.0,-1.0,4.9999995],"to":[12.0,11.0,11.0],"faces":{"east":{"uv":[8.5,8.5,7.75,10.0],"tintindex":0,"rotation":0,"texture":"#1"},"south":{"uv":[7.5,9.5,7.0,11.0],"tintindex":0,"rotation":0,"texture":"#1"},"north":{"uv":[7.0,9.5,6.5,11.0],"tintindex":0,"rotation":0,"texture":"#1"},"west":{"uv":[2.0,8.125,1.25,9.625],"tintindex":0,"rotation":0,"texture":"#1"},"up":{"uv":[10.5,0.75,11.0,0.0],"tintindex":0,"rotation":0,"texture":"#1"},"down":{"uv":[0.0,10.625,0.5,11.375],"tintindex":0,"rotation":0,"texture":"#1"}}}],"display":{"gui":{"rotation":[30,225,0]}}}