{"textures":{"1":"modelengine:entity/witch"},"elements":[{"from":[7.5,4.999998,8.0],"to":[8.5,11.0,16.1],"faces":{"east":{"uv":[9.25,6.75,10.25,7.5],"tintindex":0,"rotation":0,"texture":"#1"},"south":{"uv":[7.125,11.0,7.25,11.75],"tintindex":0,"rotation":0,"texture":"#1"},"north":{"uv":[7.0,11.0,7.125,11.75],"tintindex":0,"rotation":0,"texture":"#1"},"west":{"uv":[9.375,5.875,10.375,6.625],"tintindex":0,"rotation":0,"texture":"#1"},"up":{"uv":[5.375,11.875,5.25,10.875],"tintindex":0,"rotation":0,"texture":"#1"},"down":{"uv":[5.5,10.875,5.375,11.875],"tintindex":0,"rotation":0,"texture":"#1"}}}],"display":{"gui":{"rotation":[30,225,0]}}}