{"textures":{"1":"modelengine:entity/witch"},"elements":[{"from":[0.0,14.78178,4.657541],"to":[16.0,21.78178,16.657541],"faces":{"east":{"uv":[8.0,0.0,9.5,0.875],"tintindex":0,"rotation":0,"texture":"#1"},"south":{"uv":[7.25,6.75,9.25,7.625],"tintindex":0,"rotation":0,"texture":"#1"},"north":{"uv":[0.0,7.25,2.0,8.125],"tintindex":0,"rotation":0,"texture":"#1"},"west":{"uv":[8.0,0.875,9.5,1.75],"tintindex":0,"rotation":0,"texture":"#1"},"up":{"uv":[7.5,4.0,5.5,2.5],"tintindex":0,"rotation":0,"texture":"#1"},"down":{"uv":[5.0,5.875,3.0,7.375],"tintindex":0,"rotation":0,"texture":"#1"}}},{"from":[-2.0,1.3599968,-2.2220068],"to":[18.0,11.359997,14.777993],"faces":{"east":{"uv":[5.0,5.875,7.125,7.125],"tintindex":0,"rotation":0,"texture":"#1"},"south":{"uv":[5.5,1.25,8.0,2.5],"tintindex":0,"rotation":0,"texture":"#1"},"north":{"uv":[5.5,0.0,8.0,1.25],"tintindex":0,"rotation":0,"texture":"#1"},"west":{"uv":[0.0,6.0,2.125,7.25],"tintindex":0,"rotation":0,"texture":"#1"},"up":{"uv":[5.5,2.125,3.0,0.0],"tintindex":0,"rotation":0,"texture":"#1"},"down":{"uv":[5.5,2.125,3.0,4.25],"tintindex":0,"rotation":0,"texture":"#1"}},"rotation":{"origin":[8.0,6.359997,6.277993],"angle":22.5,"axis":"x"}},{"from":[-1.0,11.78178,0.6575408],"to":[17.0,18.78178,13.657541],"faces":{"east":{"uv":[7.5,5.0,9.125,5.875],"tintindex":0,"rotation":0,"texture":"#1"},"south":{"uv":[7.125,5.875,9.375,6.75],"tintindex":0,"rotation":0,"texture":"#1"},"north":{"uv":[5.0,7.125,7.25,8.0],"tintindex":0,"rotation":0,"texture":"#1"},"west":{"uv":[7.25,7.625,8.875,8.5],"tintindex":0,"rotation":0,"texture":"#1"},"up":{"uv":[5.25,5.875,3.0,4.25],"tintindex":0,"rotation":0,"texture":"#1"},"down":{"uv":[7.5,4.25,5.25,5.875],"tintindex":0,"rotation":0,"texture":"#1"}},"rotation":{"origin":[8.0,8.78178,5.657541],"angle":22.5,"axis":"x"}},{"from":[3.0,18.78178,6.657541],"to":[13.0,25.78178,14.657541],"faces":{"east":{"uv":[8.75,3.625,9.75,4.5],"tintindex":0,"rotation":0,"texture":"#1"},"south":{"uv":[8.75,1.75,10.0,2.625],"tintindex":0,"rotation":0,"texture":"#1"},"north":{"uv":[8.5,8.5,9.75,9.375],"tintindex":0,"rotation":0,"texture":"#1"},"west":{"uv":[8.875,7.625,9.875,8.5],"tintindex":0,"rotation":0,"texture":"#1"},"up":{"uv":[1.25,9.125,0.0,8.125],"tintindex":0,"rotation":0,"texture":"#1"},"down":{"uv":[7.75,8.5,6.5,9.5],"tintindex":0,"rotation":0,"texture":"#1"}},"rotation":{"origin":[8.0,21.78178,10.657541],"angle":-22.5,"axis":"x"}}],"display":{"gui":{"rotation":[30,225,0]}}}