{"textures":{"0":"modelengine:entity/fx_root","particle":"#0"},"elements":[{"from":[2.3407998,-4.2616005,-1.4320002],"to":[2.3407998,20.2616,17.432],"faces":{"east":{"uv":[5.0,0.0,0.0,6.5],"tintindex":0,"rotation":0,"texture":"#0"},"west":{"uv":[0.0,0.0,5.0,6.5],"tintindex":0,"rotation":0,"texture":"#0"}}},{"from":[-1.4320002,-4.2616005,2.3407998],"to":[17.432,20.2616,2.3407998],"faces":{"south":{"uv":[5.0,0.0,0.0,6.5],"tintindex":0,"rotation":0,"texture":"#0"},"north":{"uv":[0.0,0.0,5.0,6.5],"tintindex":0,"rotation":0,"texture":"#0"}}},{"from":[-1.4320002,-4.2616005,13.659201],"to":[17.432,20.2616,13.659201],"faces":{"south":{"uv":[0.0,0.0,5.0,6.5],"tintindex":0,"rotation":0,"texture":"#0"},"north":{"uv":[5.0,0.0,0.0,6.5],"tintindex":0,"rotation":0,"texture":"#0"}}},{"from":[13.659201,-4.2616005,-1.4320002],"to":[13.659201,20.2616,17.432],"faces":{"east":{"uv":[0.0,0.0,5.0,6.5],"tintindex":0,"rotation":0,"texture":"#0"},"west":{"uv":[5.0,0.0,0.0,6.5],"tintindex":0,"rotation":0,"texture":"#0"}}}],"display":{"head":{"rotation":[0.0,0.0,0.0]},"firstperson_righthand":{"rotation":[0.0,0.0,0.0]},"thirdperson_lefthand":{"rotation":[0.0,-0.0,-0.0]},"firstperson_lefthand":{"rotation":[0.0,-0.0,-0.0]},"fixed":{"rotation":[0.0,0.0,0.0]},"ground":{"rotation":[0.0,0.0,0.0]},"thirdperson_righthand":{"rotation":[0.0,0.0,0.0]},"gui":{"rotation":[-150.0,-45.0,180.0]}}}