{
    "parent": "item/handheld",
    "textures": {
        "layer0": "item/netherite_hoe"
    },
    "overrides": [
        {
            "predicate": {
                "custom_model_data": 1
            },
            "model": "netherite_hoe/creeper_vine_planter"
        },
        {
            "predicate": {
                "custom_model_data": 2
            },
            "model": "netherite_hoe/skeleton_bone_hoe"
        },
        {
            "predicate": {
                "custom_model_data": 3
            },
            "model": "netherite_hoe/zombie_tiller"
        },
        {
            "predicate": {
                "custom_model_data": 4
            },
            "model": "netherite_hoe/discord_nitro_hoe"
        },
        {
            "predicate": {
                "custom_model_data": 5
            },
            "model": "netherite_hoe/toffy_halloween_hoe"
        },
        {
            "predicate": {
                "custom_model_data": 6
            },
            "model": "netherite_hoe/vortex_hoe_golden"
        },
        {
            "predicate": {
                "custom_model_data": 7
            },
            "model": "netherite_hoe/blue_dragon_hoe"
        },
        {
            "predicate": {
                "custom_model_data": 8
            },
            "model": "netherite_hoe/purple_dragon_hoe"
        },
        {
            "predicate": {
                "custom_model_data": 9
            },
            "model": "netherite_hoe/blue_cyber_hoe"
        },
        {
            "predicate": {
                "custom_model_data": 10
            },
            "model": "netherite_hoe/x10"
        },
        {
            "predicate": {
                "custom_model_data": 11
            },
            "model": "netherite_hoe/x11"
        },
        {
            "predicate": {
                "custom_model_data": 12
            },
            "model": "netherite_hoe/x12"
        },
        {
            "predicate": {
                "custom_model_data": 13
            },
            "model": "netherite_hoe/x13"
        },
        {
            "predicate": {
                "custom_model_data": 14
            },
            "model": "netherite_hoe/x14"
        },
        {
            "predicate": {
                "custom_model_data": 15
            },
            "model": "netherite_hoe/x15"
        },
        {
            "predicate": {
                "custom_model_data": 16
            },
            "model": "netherite_hoe/x16"
        },
        {
            "predicate": {
                "custom_model_data": 17
            },
            "model": "netherite_hoe/x17"
        },
        {
            "predicate": {
                "custom_model_data": 18
            },
            "model": "netherite_hoe/x18"
        },
        {
            "predicate": {
                "custom_model_data": 19
            },
            "model": "netherite_hoe/x19"
        },
        {
            "predicate": {
                "custom_model_data": 20
            },
            "model": "netherite_hoe/x20"
        }        
    ]
}