{"texture_size":[128,128],"textures":{"15":"paper/bed"},"elements":[{"from":[-14,0,-15],"to":[-12,14,-13],"rotation":{"angle":0,"axis":"y","origin":[0,0,1]},"faces":{"north":{"uv":[3.375,10.5,3.625,12.25],"texture":"#15"},"east":{"uv":[3.625,10.5,3.875,12.25],"texture":"#15"},"south":{"uv":[3.875,10.5,4.125,12.25],"texture":"#15"},"west":{"uv":[4.125,10.5,4.375,12.25],"texture":"#15"},"up":{"uv":[9.625,2.75,9.375,2.5],"texture":"#15"},"down":{"uv":[5.125,9.625,4.875,9.875],"texture":"#15"}}},{"from":[-14.5,14,-15.5],"to":[-11.5,15,-12.5],"rotation":{"angle":0,"axis":"y","origin":[0,0,1]},"faces":{"north":{"uv":[7.25,7,7.625,7.125],"texture":"#15"},"east":{"uv":[7.625,7,8,7.125],"texture":"#15"},"south":{"uv":[8,7,8.375,7.125],"texture":"#15"},"west":{"uv":[8.375,7,8.75,7.125],"texture":"#15"},"up":{"uv":[6.875,3.125,6.5,2.75],"texture":"#15"},"down":{"uv":[6.875,3.125,6.5,3.5],"texture":"#15"}}},{"from":[11.5,14,-15.5],"to":[14.5,15,-12.5],"rotation":{"angle":0,"axis":"y","origin":[0,0,1]},"faces":{"north":{"uv":[9.625,5.625,10,5.75],"texture":"#15"},"east":{"uv":[4.875,10.75,5.25,10.875],"texture":"#15"},"south":{"uv":[5.25,10.75,5.625,10.875],"texture":"#15"},"west":{"uv":[5.625,10.75,6,10.875],"texture":"#15"},"up":{"uv":[2.375,11,2,10.625],"texture":"#15"},"down":{"uv":[2.375,11,2,11.375],"texture":"#15"}}},{"from":[12,0,-15],"to":[14,14,-13],"rotation":{"angle":0,"axis":"y","origin":[0,0,1]},"faces":{"north":{"uv":[2.625,10.25,2.875,12],"texture":"#15"},"east":{"uv":[2.875,10.25,3.125,12],"texture":"#15"},"south":{"uv":[3.125,10.25,3.375,12],"texture":"#15"},"west":{"uv":[10.375,9.625,10.625,11.375],"texture":"#15"},"up":{"uv":[7.25,6,7,5.75],"texture":"#15"},"down":{"uv":[9.375,2.5,9.125,2.75],"texture":"#15"}}},{"from":[-14,-1,15],"to":[-12,20,17],"rotation":{"angle":0,"axis":"y","origin":[0,0,1]},"faces":{"north":{"uv":[8,9.875,8.25,12.5],"texture":"#15"},"east":{"uv":[8.25,9.875,8.5,12.5],"texture":"#15"},"south":{"uv":[8.5,9.875,8.75,12.5],"texture":"#15"},"west":{"uv":[8.75,9.875,9,12.5],"texture":"#15"},"up":{"uv":[5.375,9.875,5.125,9.625],"texture":"#15"},"down":{"uv":[5.625,9.625,5.375,9.875],"texture":"#15"}}},{"from":[-14.5,20,14.5],"to":[-11.5,21,17.5],"rotation":{"angle":0,"axis":"y","origin":[0,0,1]},"faces":{"north":{"uv":[11.25,5.375,11.625,5.5],"texture":"#15"},"east":{"uv":[11.25,5.5,11.625,5.625],"texture":"#15"},"south":{"uv":[4.875,11.5,5.25,11.625],"texture":"#15"},"west":{"uv":[5.25,11.5,5.625,11.625],"texture":"#15"},"up":{"uv":[7,11.5,6.625,11.125],"texture":"#15"},"down":{"uv":[7.375,11.125,7,11.5],"texture":"#15"}}},{"from":[-13.5,19,15.5],"to":[-12.5,24,16.5],"rotation":{"angle":0,"axis":"y","origin":[0,0,15]},"faces":{"north":{"uv":[11.125,11.125,11.25,11.75],"texture":"#15"},"east":{"uv":[10.25,11.25,10.375,11.875],"texture":"#15"},"south":{"uv":[11.25,11.125,11.375,11.75],"texture":"#15"},"west":{"uv":[2,11.375,2.125,12],"texture":"#15"},"up":{"uv":[6,9.75,5.875,9.625],"texture":"#15"},"down":{"uv":[6,9.75,5.875,9.875],"texture":"#15"}}},{"from":[-13.5,24,16],"to":[-12.5,27,16],"rotation":{"angle":0,"axis":"y","origin":[0,0,15]},"faces":{"north":{"uv":[1.375,11.5,1.5,11.875],"texture":"#15"},"east":{"uv":[0,0,0,0.375],"texture":"#15"},"south":{"uv":[1.5,11.5,1.625,11.875],"texture":"#15"},"west":{"uv":[0,0,0,0.375],"texture":"#15"},"up":{"uv":[0.125,0,0,0],"texture":"#15"},"down":{"uv":[0.125,0,0,0],"texture":"#15"}}},{"from":[-13,24,15.5],"to":[-13,27,16.5],"rotation":{"angle":0,"axis":"y","origin":[-13,25.5,16]},"faces":{"north":{"uv":[0,0,0,0.375],"texture":"#15"},"east":{"uv":[1.625,11.5,1.75,11.875],"texture":"#15"},"south":{"uv":[0,0,0,0.375],"texture":"#15"},"west":{"uv":[1.75,11.5,1.875,11.875],"texture":"#15"},"up":{"uv":[0,0.125,0,0],"texture":"#15"},"down":{"uv":[0,0,0,0.125],"texture":"#15"}}},{"from":[-13.7,22,15.3],"to":[-12.3,23,16.7],"rotation":{"angle":0,"axis":"y","origin":[0,0,15]},"faces":{"north":{"uv":[7,6,7.1875,6.125],"texture":"#15"},"east":{"uv":[8.75,7,8.9375,7.125],"texture":"#15"},"south":{"uv":[10,5.625,10.1875,5.75],"texture":"#15"},"west":{"uv":[6,10.75,6.1875,10.875],"texture":"#15"},"up":{"uv":[11.8125,1.6875,11.625,1.5],"texture":"#15"},"down":{"uv":[5.4375,11.625,5.25,11.8125],"texture":"#15"}}},{"from":[12.5,19,15.5],"to":[13.5,24,16.5],"rotation":{"angle":0,"axis":"y","origin":[16,0,15]},"faces":{"north":{"uv":[2.125,11.375,2.25,12],"texture":"#15"},"east":{"uv":[2.25,11.375,2.375,12],"texture":"#15"},"south":{"uv":[10.375,11.375,10.5,12],"texture":"#15"},"west":{"uv":[10.5,11.375,10.625,12],"texture":"#15"},"up":{"uv":[3.5,10.375,3.375,10.25],"texture":"#15"},"down":{"uv":[3.5,10.375,3.375,10.5],"texture":"#15"}}},{"from":[12.3,22,15.3],"to":[13.7,23,16.7],"rotation":{"angle":0,"axis":"y","origin":[16,0,15]},"faces":{"north":{"uv":[11.625,5.625,11.8125,5.75],"texture":"#15"},"east":{"uv":[5.75,11.625,5.9375,11.75],"texture":"#15"},"south":{"uv":[11.625,5.75,11.8125,5.875],"texture":"#15"},"west":{"uv":[11.625,5.875,11.8125,6],"texture":"#15"},"up":{"uv":[11.8125,5.5625,11.625,5.375],"texture":"#15"},"down":{"uv":[5.6875,11.625,5.5,11.8125],"texture":"#15"}}},{"from":[12.5,24,16],"to":[13.5,27,16],"rotation":{"angle":0,"axis":"y","origin":[16,0,15]},"faces":{"north":{"uv":[7.375,11.5,7.5,11.875],"texture":"#15"},"east":{"uv":[0,0,0,0.375],"texture":"#15"},"south":{"uv":[7.5,11.5,7.625,11.875],"texture":"#15"},"west":{"uv":[0,0,0,0.375],"texture":"#15"},"up":{"uv":[0.125,0,0,0],"texture":"#15"},"down":{"uv":[0.125,0,0,0],"texture":"#15"}}},{"from":[13,24,15.5],"to":[13,27,16.5],"rotation":{"angle":0,"axis":"y","origin":[29,25.5,16]},"faces":{"north":{"uv":[0,0,0,0.375],"texture":"#15"},"east":{"uv":[7.125,11.5,7.25,11.875],"texture":"#15"},"south":{"uv":[0,0,0,0.375],"texture":"#15"},"west":{"uv":[7.25,11.5,7.375,11.875],"texture":"#15"},"up":{"uv":[0,0.125,0,0],"texture":"#15"},"down":{"uv":[0,0,0,0.125],"texture":"#15"}}},{"from":[11.5,20,14.5],"to":[14.5,21,17.5],"rotation":{"angle":0,"axis":"y","origin":[16,0,1]},"faces":{"north":{"uv":[5.625,11.5,6,11.625],"texture":"#15"},"east":{"uv":[6,11.5,6.375,11.625],"texture":"#15"},"south":{"uv":[6.375,11.5,6.75,11.625],"texture":"#15"},"west":{"uv":[6.75,11.5,7.125,11.625],"texture":"#15"},"up":{"uv":[7.75,11.5,7.375,11.125],"texture":"#15"},"down":{"uv":[11,11.125,10.625,11.5],"texture":"#15"}}},{"from":[12,-1,15],"to":[14,20,17],"rotation":{"angle":0,"axis":"y","origin":[16,0,1]},"faces":{"north":{"uv":[0,10.25,0.25,12.875],"texture":"#15"},"east":{"uv":[0.25,10.25,0.5,12.875],"texture":"#15"},"south":{"uv":[0.5,10.25,0.75,12.875],"texture":"#15"},"west":{"uv":[0.75,10.25,1,12.875],"texture":"#15"},"up":{"uv":[5.875,9.875,5.625,9.625],"texture":"#15"},"down":{"uv":[11.25,5.375,11,5.625],"texture":"#15"}}},{"from":[12.5,3,-13],"to":[13.5,6,15],"rotation":{"angle":0,"axis":"y","origin":[0,0,15]},"faces":{"north":{"uv":[11.375,11.125,11.5,11.5],"texture":"#15"},"east":{"uv":[9,7,12.5,7.375],"texture":"#15"},"south":{"uv":[1,11.5,1.125,11.875],"texture":"#15"},"west":{"uv":[9,7.375,12.5,7.75],"texture":"#15"},"up":{"uv":[2.5,13.75,2.375,10.25],"texture":"#15"},"down":{"uv":[2.625,10.25,2.5,13.75],"texture":"#15"}}},{"from":[-13.5,3,-13],"to":[-12.5,6,15],"rotation":{"angle":0,"axis":"y","origin":[0,0,15]},"faces":{"north":{"uv":[1.125,11.5,1.25,11.875],"texture":"#15"},"east":{"uv":[9,7.75,12.5,8.125],"texture":"#15"},"south":{"uv":[1.25,11.5,1.375,11.875],"texture":"#15"},"west":{"uv":[9,8.125,12.5,8.5],"texture":"#15"},"up":{"uv":[4.5,14,4.375,10.5],"texture":"#15"},"down":{"uv":[4.625,10.5,4.5,14],"texture":"#15"}}},{"from":[-10.6,3,-13],"to":[-9.6,6,15],"rotation":{"angle":0,"axis":"y","origin":[0,0,15]},"faces":{"north":{"uv":[7.625,11.5,7.75,11.875],"texture":"#15"},"east":{"uv":[9,8.5,12.5,8.875],"texture":"#15"},"south":{"uv":[10.625,11.5,10.75,11.875],"texture":"#15"},"west":{"uv":[9,8.875,12.5,9.25],"texture":"#15"},"up":{"uv":[4.75,14,4.625,10.5],"texture":"#15"},"down":{"uv":[4.875,10.5,4.75,14],"texture":"#15"}}},{"from":[-6.6,3,-13],"to":[-5.6,6,15],"rotation":{"angle":0,"axis":"y","origin":[0,0,15]},"faces":{"north":{"uv":[10.75,11.5,10.875,11.875],"texture":"#15"},"east":{"uv":[9.125,1.75,12.625,2.125],"texture":"#15"},"south":{"uv":[10.875,11.5,11,11.875],"texture":"#15"},"west":{"uv":[9.125,2.125,12.625,2.5],"texture":"#15"},"up":{"uv":[9.125,14,9,10.5],"texture":"#15"},"down":{"uv":[9.25,10.5,9.125,14],"texture":"#15"}}},{"from":[-2.6,3,-13],"to":[-1.6,6,15],"rotation":{"angle":0,"axis":"y","origin":[0,0,15]},"faces":{"north":{"uv":[11.5,11.125,11.625,11.5],"texture":"#15"},"east":{"uv":[9,9.25,12.5,9.625],"texture":"#15"},"south":{"uv":[11.375,11.5,11.5,11.875],"texture":"#15"},"west":{"uv":[0,9.625,3.5,10],"texture":"#15"},"up":{"uv":[9.375,14,9.25,10.5],"texture":"#15"},"down":{"uv":[9.5,10.5,9.375,14],"texture":"#15"}}},{"from":[1.4,3,-13],"to":[2.4,6,15],"rotation":{"angle":0,"axis":"y","origin":[0,0,15]},"faces":{"north":{"uv":[11.5,11.5,11.625,11.875],"texture":"#15"},"east":{"uv":[9.625,2.5,13.125,2.875],"texture":"#15"},"south":{"uv":[11.625,0.75,11.75,1.125],"texture":"#15"},"west":{"uv":[9.625,2.875,13.125,3.25],"texture":"#15"},"up":{"uv":[9.625,14,9.5,10.5],"texture":"#15"},"down":{"uv":[9.75,10.5,9.625,14],"texture":"#15"}}},{"from":[5.4,3,-13],"to":[6.4,6,15],"rotation":{"angle":0,"axis":"y","origin":[0,0,15]},"faces":{"north":{"uv":[11.625,1.125,11.75,1.5],"texture":"#15"},"east":{"uv":[9.625,3.25,13.125,3.625],"texture":"#15"},"south":{"uv":[4.875,11.625,5,12],"texture":"#15"},"west":{"uv":[9.625,3.625,13.125,4],"texture":"#15"},"up":{"uv":[9.875,14,9.75,10.5],"texture":"#15"},"down":{"uv":[10,10.5,9.875,14],"texture":"#15"}}},{"from":[9.4,3,-13],"to":[10.4,6,15],"rotation":{"angle":0,"axis":"y","origin":[0,0,15]},"faces":{"north":{"uv":[5,11.625,5.125,12],"texture":"#15"},"east":{"uv":[9.625,4,13.125,4.375],"texture":"#15"},"south":{"uv":[5.125,11.625,5.25,12],"texture":"#15"},"west":{"uv":[9.625,4.375,13.125,4.75],"texture":"#15"},"up":{"uv":[10.125,14,10,10.5],"texture":"#15"},"down":{"uv":[10.25,10.5,10.125,14],"texture":"#15"}}},{"from":[-12,3,-14.5],"to":[12,9,-13.5],"rotation":{"angle":0,"axis":"y","origin":[0,4.5,0.5]},"faces":{"north":{"uv":[0,7.125,3,7.875],"texture":"#15"},"east":{"uv":[6.875,2.75,7,3.5],"texture":"#15"},"south":{"uv":[3,7.125,6,7.875],"texture":"#15"},"west":{"uv":[10.25,10.5,10.375,11.25],"texture":"#15"},"up":{"uv":[13.25,6.875,10.25,6.75],"texture":"#15"},"down":{"uv":[13.25,6.875,10.25,7],"texture":"#15"}}},{"from":[-12,9,-14],"to":[12,13,-14],"rotation":{"angle":0,"axis":"y","origin":[0,4.5,0.5]},"faces":{"north":{"uv":[7.25,6.5,10.25,7],"texture":"#15"},"east":{"uv":[0,0,0,0.5],"texture":"#15"},"south":{"uv":[6,7.875,9,8.375],"texture":"#15"},"west":{"uv":[0,0,0,0.5],"texture":"#15"},"up":{"uv":[3,0,0,0],"texture":"#15"},"down":{"uv":[3,0,0,0],"texture":"#15"}}},{"from":[-12,14,16],"to":[12,18,16],"rotation":{"angle":0,"axis":"y","origin":[0,4.5,0.5]},"faces":{"north":{"uv":[6,8.375,9,8.875],"texture":"#15"},"east":{"uv":[0,0,0,0.5],"texture":"#15"},"south":{"uv":[0,8.625,3,9.125],"texture":"#15"},"west":{"uv":[0,0,0,0.5],"texture":"#15"},"up":{"uv":[3,0,0,0],"texture":"#15"},"down":{"uv":[3,0,0,0],"texture":"#15"}}},{"from":[-12,8,15.5],"to":[12,14,16.5],"rotation":{"angle":0,"axis":"y","origin":[0,4.5,0.5]},"faces":{"north":{"uv":[6,7.125,9,7.875],"texture":"#15"},"east":{"uv":[7.875,10.875,8,11.625],"texture":"#15"},"south":{"uv":[7.25,5.75,10.25,6.5],"texture":"#15"},"west":{"uv":[1.875,11.125,2,11.875],"texture":"#15"},"up":{"uv":[7.875,11,4.875,10.875],"texture":"#15"},"down":{"uv":[14,4.75,11,4.875],"texture":"#15"}}},{"from":[-12,2,15.5],"to":[12,8,16.5],"rotation":{"angle":0,"axis":"y","origin":[0,4.5,0.5]},"faces":{"north":{"uv":[0,7.875,3,8.625],"texture":"#15"},"east":{"uv":[7.75,11.125,7.875,11.875],"texture":"#15"},"south":{"uv":[3,7.875,6,8.625],"texture":"#15"},"west":{"uv":[11,11.125,11.125,11.875],"texture":"#15"},"up":{"uv":[7.875,11.125,4.875,11],"texture":"#15"},"down":{"uv":[14,4.875,11,5],"texture":"#15"}}},{"from":[-13,6,-13],"to":[13,8,15],"faces":{"north":{"uv":[10.125,0.25,13.375,0.5],"texture":"#15"},"east":{"uv":[0,10,3.5,10.25],"texture":"#15"},"south":{"uv":[10.125,0.5,13.375,0.75],"texture":"#15"},"west":{"uv":[10.125,0,13.625,0.25],"texture":"#15"},"up":{"uv":[3.25,3.5,0,0],"texture":"#15"},"down":{"uv":[6.5,0,3.25,3.5],"texture":"#15"}}},{"from":[-14.1,0.3,-13],"to":[-14.1,8.4,8],"faces":{"north":{"uv":[0,0,0,1],"texture":"#15"},"east":{"uv":[7,3.75,9.625,4.75],"texture":"#15"},"south":{"uv":[0,0,0,1],"texture":"#15"},"west":{"uv":[7,4.75,9.625,5.75],"texture":"#15"},"up":{"uv":[0,2.625,0,0],"texture":"#15"},"down":{"uv":[0,0,0,2.625],"texture":"#15"}}},{"from":[14,0.3,-13],"to":[14,8.4,8],"faces":{"north":{"uv":[0,0,0,1],"texture":"#15"},"east":{"uv":[6.5,1.75,9.125,2.75],"texture":"#15"},"south":{"uv":[0,0,0,1],"texture":"#15"},"west":{"uv":[7,2.75,9.625,3.75],"texture":"#15"},"up":{"uv":[0,2.625,0,0],"texture":"#15"},"down":{"uv":[0,0,0,2.625],"texture":"#15"}}},{"from":[-14,8.4,-13],"to":[14,8.4,8],"faces":{"north":{"uv":[0,0,0,1],"texture":"#15"},"east":{"uv":[6.5,1.75,9.125,2.75],"texture":"#15"},"south":{"uv":[0,0,0,1],"texture":"#15"},"west":{"uv":[7,2.75,9.625,3.75],"texture":"#15"},"up":{"uv":[0,6.125,3.5,3.5],"texture":"#15"},"down":{"uv":[13.8125,0.75,15.0625,3.375],"texture":"#15"}}},{"from":[-14.4,0.9,1.3],"to":[14.3,8.9,8],"faces":{"north":{"uv":[0,6.125,3.5625,7.125],"texture":"#15"},"east":{"uv":[6.25,9.875,7.0625,10.875],"texture":"#15"},"south":{"uv":[3.625,6.125,7.1875,7.125],"texture":"#15"},"west":{"uv":[7.125,9.875,7.9375,10.875],"texture":"#15"},"up":{"uv":[10.0625,0.8125,6.5,0],"texture":"#15"},"down":{"uv":[10.0625,0.875,6.5,1.6875],"texture":"#15"}}},{"from":[0.9,8,8.4],"to":[11.9,11,15.4],"rotation":{"angle":-22.5,"axis":"x","origin":[-4.1,8.5,12.5]},"faces":{"north":{"uv":[1,10.25,2.375,10.625],"texture":"#15"},"east":{"uv":[11,5,11.875,5.375],"texture":"#15"},"south":{"uv":[10.25,5.625,11.625,6],"texture":"#15"},"west":{"uv":[1,11.125,1.875,11.5],"texture":"#15"},"up":{"uv":[4.875,10.5,3.5,9.625],"texture":"#15"},"down":{"uv":[11,4.75,9.625,5.625],"texture":"#15"}}},{"from":[0.6,7.7,8.2],"to":[12.2,11.3,15.6],"rotation":{"angle":-22.5,"axis":"x","origin":[-4.1,8.5,12.5]},"faces":{"north":{"uv":[0,9.125,1.4375,9.5625],"texture":"#15"},"east":{"uv":[1,10.625,1.9375,11.0625],"texture":"#15"},"south":{"uv":[1.5,9.125,2.9375,9.5625],"texture":"#15"},"west":{"uv":[10.625,9.625,11.5625,10.0625],"texture":"#15"},"up":{"uv":[4.4375,9.5625,3,8.625],"texture":"#15"},"down":{"uv":[5.9375,8.625,4.5,9.5625],"texture":"#15"}}},{"from":[-11.6,8,8.4],"to":[-0.6,11,15.4],"rotation":{"angle":-22.5,"axis":"x","origin":[-4.1,8.5,12.5]},"faces":{"north":{"uv":[10.25,6,11.625,6.375],"texture":"#15"},"east":{"uv":[4.875,11.125,5.75,11.5],"texture":"#15"},"south":{"uv":[10.25,6.375,11.625,6.75],"texture":"#15"},"west":{"uv":[5.75,11.125,6.625,11.5],"texture":"#15"},"up":{"uv":[10.375,10.5,9,9.625],"texture":"#15"},"down":{"uv":[6.25,9.875,4.875,10.75],"texture":"#15"}}},{"from":[-11.9,7.7,8.2],"to":[-0.3,11.3,15.6],"rotation":{"angle":-22.5,"axis":"x","origin":[-4.1,8.5,12.5]},"faces":{"north":{"uv":[10.125,0.75,11.5625,1.1875],"texture":"#15"},"east":{"uv":[10.625,10.125,11.5625,10.5625],"texture":"#15"},"south":{"uv":[10.125,1.25,11.5625,1.6875],"texture":"#15"},"west":{"uv":[10.625,10.625,11.5625,11.0625],"texture":"#15"},"up":{"uv":[7.4375,9.8125,6,8.875],"texture":"#15"},"down":{"uv":[8.9375,8.875,7.5,9.8125],"texture":"#15"}}}],"display":{"thirdperson_righthand":{"rotation":[73.15,20.91,3.31],"translation":[0,3,0],"scale":[0.3125,0.3125,0.3125]},"thirdperson_lefthand":{"rotation":[73.15,20.91,3.31],"translation":[0,3,0],"scale":[0.3125,0.3125,0.3125]},"firstperson_righthand":{"rotation":[170.6,60.54,-176.46],"translation":[0.75,2,0],"scale":[0.15781,0.15781,0.15781]},"firstperson_lefthand":{"rotation":[170.6,60.54,-176.46],"translation":[0.75,2,0],"scale":[0.15781,0.15781,0.15781]},"ground":{"translation":[0,1.75,0],"scale":[0.50586,0.50586,0.50586]},"gui":{"rotation":[30,225,0],"translation":[-3,-1,0],"scale":[0.33204,0.33204,0.33204]},"head":{"rotation":[-180,0,-180],"translation":[0,-30.4,0.75],"scale":[1.6,1.6,1.6]},"fixed":{"rotation":[-90,180,0],"translation":[0,0,-16],"scale":[2.01,2.01,2.01]}}}