{"texture_size":[64,64],"textures":{"2":"paper/bedside_table","particle":"paper/bedside_table"},"elements":[{"from":[1,15,0],"to":[15,16,15],"rotation":{"angle":0,"axis":"y","origin":[16,0,0]},"faces":{"north":{"uv":[10,4.25,13.5,4.5],"texture":"#2"},"east":{"uv":[10,3.75,13.75,4],"texture":"#2"},"south":{"uv":[10,4.5,13.5,4.75],"texture":"#2"},"west":{"uv":[10,4,13.75,4.25],"texture":"#2"},"up":{"uv":[3.5,3.75,0,0],"texture":"#2"},"down":{"uv":[7,0,3.5,3.75],"texture":"#2"}}},{"from":[1,0,1],"to":[3,15,3],"faces":{"north":{"uv":[5,8.25,5.5,12],"texture":"#2"},"east":{"uv":[5.5,8.25,6,12],"texture":"#2"},"south":{"uv":[6,8.25,6.5,12],"texture":"#2"},"west":{"uv":[8.25,6.25,8.75,10],"texture":"#2"},"up":{"uv":[8,6.75,7.5,6.25],"texture":"#2"},"down":{"uv":[10.5,4.75,10,5.25],"texture":"#2"}}},{"from":[1,0,12],"to":[3,15,14],"faces":{"north":{"uv":[6.5,8.25,7,12],"texture":"#2"},"east":{"uv":[7,8.25,7.5,12],"texture":"#2"},"south":{"uv":[7.5,8.25,8,12],"texture":"#2"},"west":{"uv":[8.75,6.25,9.25,10],"texture":"#2"},"up":{"uv":[10.5,5.75,10,5.25],"texture":"#2"},"down":{"uv":[10.5,5.75,10,6.25],"texture":"#2"}}},{"from":[13,0,1],"to":[15,15,3],"rotation":{"angle":0,"axis":"y","origin":[16,0,0]},"faces":{"north":{"uv":[4,9.5,4.5,13.25],"texture":"#2"},"east":{"uv":[4.5,9.5,5,13.25],"texture":"#2"},"south":{"uv":[9.75,6.25,10.25,10],"texture":"#2"},"west":{"uv":[8,10,8.5,13.75],"texture":"#2"},"up":{"uv":[10,10.5,9.5,10],"texture":"#2"},"down":{"uv":[10.5,10,10,10.5],"texture":"#2"}}},{"from":[13,0,12],"to":[15,15,14],"rotation":{"angle":0,"axis":"y","origin":[16,0,0]},"faces":{"north":{"uv":[9.25,6.25,9.75,10],"texture":"#2"},"east":{"uv":[2.5,9.5,3,13.25],"texture":"#2"},"south":{"uv":[3,9.5,3.5,13.25],"texture":"#2"},"west":{"uv":[3.5,9.5,4,13.25],"texture":"#2"},"up":{"uv":[9,10.5,8.5,10],"texture":"#2"},"down":{"uv":[9.5,10,9,10.5],"texture":"#2"}}},{"from":[3,10,1],"to":[13,15,14],"rotation":{"angle":0,"axis":"y","origin":[16,0,0]},"faces":{"north":{"uv":[5.75,7,8.25,8.25],"texture":"#2"},"east":{"uv":[7,0,10.25,1.25],"texture":"#2"},"south":{"uv":[7.5,3.75,10,5],"texture":"#2"},"west":{"uv":[7,1.25,10.25,2.5],"texture":"#2"},"up":{"uv":[2.5,7,0,3.75],"texture":"#2"},"down":{"uv":[5,3.75,2.5,7],"texture":"#2"}}},{"from":[3,2,1],"to":[13,7,14],"rotation":{"angle":0,"axis":"y","origin":[16,0,0]},"faces":{"north":{"uv":[7.5,5,10,6.25],"texture":"#2"},"east":{"uv":[2.5,7,5.75,8.25],"texture":"#2"},"south":{"uv":[2.5,8.25,5,9.5],"texture":"#2"},"west":{"uv":[7,2.5,10.25,3.75],"texture":"#2"},"up":{"uv":[7.5,7,5,3.75],"texture":"#2"},"down":{"uv":[2.5,7,0,10.25],"texture":"#2"}}}],"display":{"thirdperson_righthand":{"rotation":[73.15,20.91,3.31],"translation":[0,3,0],"scale":[0.3125,0.3125,0.3125]},"thirdperson_lefthand":{"rotation":[73.15,20.91,3.31],"translation":[0,3,0],"scale":[0.3125,0.3125,0.3125]},"firstperson_righthand":{"rotation":[170.6,60.54,-176.46],"translation":[0.75,2,0],"scale":[0.15781,0.15781,0.15781]},"firstperson_lefthand":{"rotation":[170.6,60.54,-176.46],"translation":[0.75,2,0],"scale":[0.15781,0.15781,0.15781]},"ground":{"translation":[0,1.75,0],"scale":[0.50586,0.50586,0.50586]},"gui":{"rotation":[30,225,0],"translation":[0,-1,0],"scale":[0.54493,0.54493,0.54493]},"head":{"rotation":[-180,0,-180],"translation":[0,-30.4,0],"scale":[1.6,1.6,1.6]},"fixed":{"rotation":[-90,0,0],"translation":[0,0,-16],"scale":[2.01,2.01,2.01]}}}