{"texture_size":[128,128],"textures":{"1":"paper/boxes","particle":"paper/boxes"},"elements":[{"from":[0,0,0],"to":[16,16,16],"rotation":{"angle":0,"axis":"y","origin":[0,0,1]},"faces":{"north":{"uv":[4,0,2,2],"texture":"#1"},"east":{"uv":[2,2,0,4],"texture":"#1"},"south":{"uv":[2,0,0,2],"texture":"#1"},"west":{"uv":[4,2,2,4],"texture":"#1"},"up":{"uv":[2,4,0,6],"texture":"#1"},"down":{"uv":[6,2,4,0],"texture":"#1"}}},{"from":[6.3,15,0.1],"to":[14.3,23,8.1],"rotation":{"angle":22.5,"axis":"y","origin":[20.5,6.05,9.05]},"faces":{"north":{"uv":[7.625,1,6.625,2],"texture":"#1"},"east":{"uv":[7.625,0,6.625,1],"texture":"#1"},"south":{"uv":[6.875,2.375,5.875,3.375],"texture":"#1"},"west":{"uv":[7.75,3.375,6.75,4.375],"texture":"#1"},"up":{"uv":[7.75,4.375,6.75,5.375],"texture":"#1"},"down":{"uv":[7.875,3,6.875,2],"texture":"#1"}}},{"from":[-8.72828,0,-0.04863],"to":[-1.72828,1,18.20137],"rotation":{"angle":22.5,"axis":"y","origin":[-2.72828,0.5,12.20137]},"faces":{"north":{"uv":[6.75,3.5,5.875,3.625],"texture":"#1"},"east":{"uv":[9.1875,3.25,6.875,3.375],"texture":"#1"},"south":{"uv":[6.75,3.375,5.875,3.5],"texture":"#1"},"west":{"uv":[9.9375,0,7.625,0.125],"texture":"#1"},"up":{"uv":[4.75,5.5,3.875,7.8125],"texture":"#1"},"down":{"uv":[5.625,7.8125,4.75,5.5],"texture":"#1"}}},{"from":[-8.72828,1,-0.04863],"to":[-1.72828,2,18.20137],"rotation":{"angle":0,"axis":"y","origin":[-2.72828,0.5,12.20137]},"faces":{"north":{"uv":[8.5,0.75,7.625,0.875],"texture":"#1"},"east":{"uv":[9.9375,0.125,7.625,0.25],"texture":"#1"},"south":{"uv":[8.5,0.625,7.625,0.75],"texture":"#1"},"west":{"uv":[9.9375,0.25,7.625,0.375],"texture":"#1"},"up":{"uv":[2.875,5.625,2,7.9375],"texture":"#1"},"down":{"uv":[3.75,7.9375,2.875,5.625],"texture":"#1"}}},{"from":[18.87172,0,-0.04863],"to":[25.87172,1,18.20137],"rotation":{"angle":0,"axis":"y","origin":[24.87172,0.5,12.20137]},"faces":{"north":{"uv":[6.75,3.5,5.875,3.625],"texture":"#1"},"east":{"uv":[9.1875,3.25,6.875,3.375],"texture":"#1"},"south":{"uv":[6.75,3.375,5.875,3.5],"texture":"#1"},"west":{"uv":[9.9375,0,7.625,0.125],"texture":"#1"},"up":{"uv":[4.75,5.5,3.875,7.8125],"texture":"#1"},"down":{"uv":[5.625,7.8125,4.75,5.5],"texture":"#1"}}},{"from":[18.87172,1,-0.04863],"to":[25.87172,2,18.20137],"rotation":{"angle":-22.5,"axis":"y","origin":[24.87172,0.5,12.20137]},"faces":{"north":{"uv":[8.5,0.75,7.625,0.875],"texture":"#1"},"east":{"uv":[9.9375,0.125,7.625,0.25],"texture":"#1"},"south":{"uv":[8.5,0.625,7.625,0.75],"texture":"#1"},"west":{"uv":[9.9375,0.25,7.625,0.375],"texture":"#1"},"up":{"uv":[2.875,5.625,2,7.9375],"texture":"#1"},"down":{"uv":[3.75,7.9375,2.875,5.625],"texture":"#1"}}},{"from":[-7.72828,2,-0.04863],"to":[-2.72828,3,20.20137],"rotation":{"angle":0,"axis":"y","origin":[-2.72828,0.5,12.20137]},"faces":{"north":{"uv":[6.875,7.5,6.25,7.625],"texture":"#1"},"east":{"uv":[9.4375,3,6.875,3.125],"texture":"#1"},"south":{"uv":[6.875,7.375,6.25,7.5],"texture":"#1"},"west":{"uv":[9.4375,3.125,6.875,3.25],"texture":"#1"},"up":{"uv":[6.25,5.5,5.625,8.0625],"texture":"#1"},"down":{"uv":[0.625,8.5625,0,6],"texture":"#1"}}},{"from":[-6.72828,3,1.95137],"to":[-1.72828,4,20.20137],"rotation":{"angle":22.5,"axis":"y","origin":[-2.72828,0.5,12.20137]},"faces":{"north":{"uv":[8.25,1,7.625,1.125],"texture":"#1"},"east":{"uv":[9.9375,0.375,7.625,0.5],"texture":"#1"},"south":{"uv":[8.25,0.875,7.625,1],"texture":"#1"},"west":{"uv":[9.9375,0.5,7.625,0.625],"texture":"#1"},"up":{"uv":[6.625,0,6,2.3125],"texture":"#1"},"down":{"uv":[1.25,8.3125,0.625,6],"texture":"#1"}}},{"from":[-6.72828,3,1.95137],"to":[-1.72828,4,20.20137],"rotation":{"angle":22.5,"axis":"y","origin":[-2.72828,0.5,12.20137]},"faces":{"north":{"uv":[8.25,1,7.625,1.125],"texture":"#1"},"east":{"uv":[9.9375,0.375,7.625,0.5],"texture":"#1"},"south":{"uv":[8.25,0.875,7.625,1],"texture":"#1"},"west":{"uv":[9.9375,0.5,7.625,0.625],"texture":"#1"},"up":{"uv":[6.625,0,6,2.3125],"texture":"#1"},"down":{"uv":[1.25,8.3125,0.625,6],"texture":"#1"}}},{"from":[20.35474,2,-2.61522],"to":[25.35474,3,15.63478],"rotation":{"angle":22.5,"axis":"y","origin":[22.85474,2.5,6.50978]},"faces":{"north":{"uv":[8.25,1,7.625,1.125],"texture":"#1"},"east":{"uv":[9.9375,0.375,7.625,0.5],"texture":"#1"},"south":{"uv":[8.25,0.875,7.625,1],"texture":"#1"},"west":{"uv":[9.9375,0.5,7.625,0.625],"texture":"#1"},"up":{"uv":[6.625,0,6,2.3125],"texture":"#1"},"down":{"uv":[1.25,8.3125,0.625,6],"texture":"#1"}}},{"from":[20.85474,3,-0.81522],"to":[25.85474,4,17.43478],"rotation":{"angle":0,"axis":"y","origin":[22.85474,2.5,6.50978]},"faces":{"north":{"uv":[8.25,1,7.625,1.125],"texture":"#1"},"east":{"uv":[9.9375,0.375,7.625,0.5],"texture":"#1"},"south":{"uv":[8.25,0.875,7.625,1],"texture":"#1"},"west":{"uv":[9.9375,0.5,7.625,0.625],"texture":"#1"},"up":{"uv":[6.625,0,6,2.3125],"texture":"#1"},"down":{"uv":[1.25,8.3125,0.625,6],"texture":"#1"}}},{"from":[20.35474,4,-1.61522],"to":[25.35474,5,16.63478],"rotation":{"angle":0,"axis":"y","origin":[22.85474,2.5,6.50978]},"faces":{"north":{"uv":[8.25,1,7.625,1.125],"texture":"#1"},"east":{"uv":[9.9375,0.375,7.625,0.5],"texture":"#1"},"south":{"uv":[8.25,0.875,7.625,1],"texture":"#1"},"west":{"uv":[9.9375,0.5,7.625,0.625],"texture":"#1"},"up":{"uv":[6.625,0,6,2.3125],"texture":"#1"},"down":{"uv":[1.25,8.3125,0.625,6],"texture":"#1"}}},{"from":[19.25474,6,-1.61522],"to":[24.25474,7,16.63478],"rotation":{"angle":0,"axis":"y","origin":[22.85474,2.5,6.50978]},"faces":{"north":{"uv":[8.25,1,7.625,1.125],"texture":"#1"},"east":{"uv":[9.9375,0.375,7.625,0.5],"texture":"#1"},"south":{"uv":[8.25,0.875,7.625,1],"texture":"#1"},"west":{"uv":[9.9375,0.5,7.625,0.625],"texture":"#1"},"up":{"uv":[6.625,0,6,2.3125],"texture":"#1"},"down":{"uv":[1.25,8.3125,0.625,6],"texture":"#1"}}},{"from":[20.35474,7,-0.31522],"to":[25.35474,8,17.93478],"rotation":{"angle":0,"axis":"y","origin":[22.85474,2.5,6.50978]},"faces":{"north":{"uv":[8.25,1,7.625,1.125],"texture":"#1"},"east":{"uv":[9.9375,0.375,7.625,0.5],"texture":"#1"},"south":{"uv":[8.25,0.875,7.625,1],"texture":"#1"},"west":{"uv":[9.9375,0.5,7.625,0.625],"texture":"#1"},"up":{"uv":[6.625,0,6,2.3125],"texture":"#1"},"down":{"uv":[1.25,8.3125,0.625,6],"texture":"#1"}}},{"from":[20.35474,5,-0.81522],"to":[25.35474,6,17.43478],"rotation":{"angle":0,"axis":"y","origin":[22.85474,2.5,6.50978]},"faces":{"north":{"uv":[8.25,1,7.625,1.125],"texture":"#1"},"east":{"uv":[9.9375,0.375,7.625,0.5],"texture":"#1"},"south":{"uv":[8.25,0.875,7.625,1],"texture":"#1"},"west":{"uv":[9.9375,0.5,7.625,0.625],"texture":"#1"},"up":{"uv":[6.625,0,6,2.3125],"texture":"#1"},"down":{"uv":[1.25,8.3125,0.625,6],"texture":"#1"}}},{"from":[-0.1,16.2,0.7],"to":[10.9,16.2,15.7],"rotation":{"angle":0,"axis":"y","origin":[17.2,0,15.7]},"faces":{"north":{"uv":[1.375,0,0,0],"texture":"#1"},"east":{"uv":[1.875,0,0,0],"texture":"#1"},"south":{"uv":[1.375,0,0,0],"texture":"#1"},"west":{"uv":[1.875,0,0,0],"texture":"#1"},"up":{"uv":[5.375,3.625,4,5.5],"texture":"#1"},"down":{"uv":[6.75,5.5,5.375,3.625],"texture":"#1"}}},{"from":[-9.75,4.12,0.7],"to":[-4.95,4.12,15.7],"rotation":{"angle":0,"axis":"y","origin":[17.2,0,15.7]},"faces":{"north":{"uv":[0.625,0,0,0],"texture":"#1"},"east":{"uv":[1.875,0,0,0],"texture":"#1"},"south":{"uv":[0.625,0,0,0],"texture":"#1"},"west":{"uv":[1.875,0,0,0],"texture":"#1"},"up":{"uv":[1.875,6,1.25,7.875],"texture":"#1"},"down":{"uv":[6.875,7.375,6.25,5.5],"texture":"#1"}}},{"from":[-0.1,3.2,0.7],"to":[-0.1,16.2,15.7],"rotation":{"angle":-22.5,"axis":"z","origin":[-0.1,16.2,6.7]},"faces":{"north":{"uv":[0,0,0,1.625],"texture":"#1"},"east":{"uv":[3.875,4,2,5.625],"texture":"#1"},"south":{"uv":[0,0,0,1.625],"texture":"#1"},"west":{"uv":[5.875,2,4,3.625],"texture":"#1"},"up":{"uv":[0,0,0,1.875],"texture":"#1"},"down":{"uv":[0,1.875,0,0],"texture":"#1"}}},{"from":[25.55,3.6,5.45],"to":[25.55,8.3,12.45],"rotation":{"angle":0,"axis":"y","origin":[20.5,6.05,9.05]},"faces":{"north":{"uv":[0,0,0,0.5625],"texture":"#1"},"east":{"uv":[7.75,6.625,6.875,7.1875],"texture":"#1"},"south":{"uv":[0,0,0,0.5625],"texture":"#1"},"west":{"uv":[7.75,7.25,6.875,7.8125],"texture":"#1"},"up":{"uv":[0,0,0.875,0],"rotation":90,"texture":"#1"},"down":{"uv":[0,0,0.875,0],"rotation":270,"texture":"#1"}}},{"from":[20.55,8.3,5.45],"to":[25.55,8.3,12.45],"rotation":{"angle":0,"axis":"y","origin":[20.5,6.05,9.05]},"faces":{"north":{"uv":[0.625,0,0,0],"texture":"#1"},"east":{"uv":[0.875,0,0,0],"texture":"#1"},"south":{"uv":[0.625,0,0,0],"texture":"#1"},"west":{"uv":[0.875,0,0,0],"texture":"#1"},"up":{"uv":[6.875,6,7.75,5.375],"rotation":90,"texture":"#1"},"down":{"uv":[6.875,6,7.75,6.625],"rotation":270,"texture":"#1"}}}],"display":{"thirdperson_righthand":{"rotation":[72.95,-15.16,6.83],"translation":[0,3,0],"scale":[0.3125,0.3125,0.3125]},"thirdperson_lefthand":{"rotation":[-118.82,33.08,-171.18],"translation":[0,3,0],"scale":[0.3125,0.3125,0.3125]},"firstperson_righthand":{"rotation":[170.6,60.54,-176.46],"translation":[0.75,2,0],"scale":[0.15781,0.15781,0.15781]},"firstperson_lefthand":{"rotation":[170.6,60.54,-176.46],"translation":[0.75,2,0],"scale":[0.15781,0.15781,0.15781]},"ground":{"translation":[0,1.75,0],"scale":[0.50586,0.50586,0.50586]},"gui":{"rotation":[-148.08,37.68,-179.38],"translation":[0.25,-0.5,0],"scale":[0.36524,0.36524,0.36524]},"head":{"rotation":[-180,0,-180],"translation":[0,-30.4,0],"scale":[1.6,1.6,1.6]},"fixed":{"rotation":[-90,180,0],"translation":[0,0,-16],"scale":[2.01,2.01,2.01]}}}