{"credit":"magic_store_official","texture_size":[128,128],"textures":{"1":"paper/cart","particle":"paper/cart"},"elements":[{"from":[14,5,19],"to":[16,28,21],"rotation":{"angle":0,"axis":"y","origin":[1,4.5,1]},"faces":{"north":{"uv":[2.5,3.875,2.75,6.75],"texture":"#1"},"east":{"uv":[2.75,3.875,3,6.75],"texture":"#1"},"south":{"uv":[4,1.875,4.25,4.75],"texture":"#1"},"west":{"uv":[4.25,1.875,4.5,4.75],"texture":"#1"},"up":{"uv":[2.5,8,2.25,7.75],"texture":"#1"},"down":{"uv":[3.625,8,3.375,8.25],"texture":"#1"}}},{"from":[0,5,19],"to":[2,28,21],"rotation":{"angle":0,"axis":"y","origin":[1,4.5,1]},"faces":{"north":{"uv":[1,4.5,1.25,7.375],"texture":"#1"},"east":{"uv":[1.25,4.5,1.5,7.375],"texture":"#1"},"south":{"uv":[1.5,4.5,1.75,7.375],"texture":"#1"},"west":{"uv":[1.75,4.5,2,7.375],"texture":"#1"},"up":{"uv":[8.25,3.75,8,3.5],"texture":"#1"},"down":{"uv":[3.875,8,3.625,8.25],"texture":"#1"}}},{"from":[-1,3,19],"to":[17,5,21],"rotation":{"angle":0,"axis":"z","origin":[1,4.5,1]},"faces":{"north":{"uv":[3,5.375,5.25,5.625],"texture":"#1"},"east":{"uv":[8,3.75,8.25,4],"texture":"#1"},"south":{"uv":[5.25,5.375,7.5,5.625],"texture":"#1"},"west":{"uv":[3.875,8,4.125,8.25],"texture":"#1"},"up":{"uv":[7.75,1.5,5.5,1.25],"texture":"#1"},"down":{"uv":[7.75,1.5,5.5,1.75],"texture":"#1"}}},{"from":[2,26,19],"to":[14,28,21],"rotation":{"angle":0,"axis":"z","origin":[1,4.5,1]},"faces":{"north":{"uv":[3,5.125,4.5,5.375],"texture":"#1"},"east":{"uv":[8,4,8.25,4.25],"texture":"#1"},"south":{"uv":[6.625,4.75,8.125,5],"texture":"#1"},"west":{"uv":[4.125,8,4.375,8.25],"texture":"#1"},"up":{"uv":[8.375,0.25,6.875,0],"texture":"#1"},"down":{"uv":[8.375,0.25,6.875,0.5],"texture":"#1"}}},{"from":[14,26,-1],"to":[16,28,19],"rotation":{"angle":0,"axis":"z","origin":[1,4.5,1]},"faces":{"north":{"uv":[8,4.25,8.25,4.5],"texture":"#1"},"east":{"uv":[4.5,1.875,7,2.125],"texture":"#1"},"south":{"uv":[8,4.5,8.25,4.75],"texture":"#1"},"west":{"uv":[4.5,2.125,7,2.375],"texture":"#1"},"up":{"uv":[2.25,7,2,4.5],"texture":"#1"},"down":{"uv":[2.5,4.5,2.25,7],"texture":"#1"}}},{"from":[0,26,-1],"to":[2,28,19],"rotation":{"angle":0,"axis":"z","origin":[1,4.5,1]},"faces":{"north":{"uv":[4.875,8,5.125,8.25],"texture":"#1"},"east":{"uv":[4.5,2.375,7,2.625],"texture":"#1"},"south":{"uv":[5.125,8,5.375,8.25],"texture":"#1"},"west":{"uv":[4.5,2.625,7,2.875],"texture":"#1"},"up":{"uv":[4.75,5.375,4.5,2.875],"texture":"#1"},"down":{"uv":[5,2.875,4.75,5.375],"texture":"#1"}}},{"from":[0,10,-16],"to":[2,12,-3],"rotation":{"angle":0,"axis":"z","origin":[1,4.5,1]},"faces":{"north":{"uv":[5.375,8,5.625,8.25],"texture":"#1"},"east":{"uv":[6,5.125,7.625,5.375],"texture":"#1"},"south":{"uv":[5.625,8,5.875,8.25],"texture":"#1"},"west":{"uv":[6.125,5.625,7.75,5.875],"texture":"#1"},"up":{"uv":[6.375,7.5,6.125,5.875],"texture":"#1"},"down":{"uv":[3.25,6.375,3,8],"texture":"#1"}}},{"from":[14,10,-16],"to":[16,12,-3],"rotation":{"angle":0,"axis":"z","origin":[1,4.5,1]},"faces":{"north":{"uv":[5.875,8,6.125,8.25],"texture":"#1"},"east":{"uv":[3.25,6.375,4.875,6.625],"texture":"#1"},"south":{"uv":[8,5.875,8.25,6.125],"texture":"#1"},"west":{"uv":[6.375,5.875,8,6.125],"texture":"#1"},"up":{"uv":[5.125,8,4.875,6.375],"texture":"#1"},"down":{"uv":[5.375,6.375,5.125,8],"texture":"#1"}}},{"from":[2,26,-3],"to":[14,28,-1],"rotation":{"angle":0,"axis":"z","origin":[1,4.5,1]},"faces":{"north":{"uv":[6.875,0.5,8.375,0.75],"texture":"#1"},"east":{"uv":[1,8.125,1.25,8.375],"texture":"#1"},"south":{"uv":[6.875,0.75,8.375,1],"texture":"#1"},"west":{"uv":[1.25,8.125,1.5,8.375],"texture":"#1"},"up":{"uv":[8.375,1.25,6.875,1],"texture":"#1"},"down":{"uv":[8.5,1.75,7,2],"texture":"#1"}}},{"from":[2,6,-3],"to":[14,8,-1],"rotation":{"angle":0,"axis":"z","origin":[1,4.5,1]},"faces":{"north":{"uv":[7,2,8.5,2.25],"texture":"#1"},"east":{"uv":[1.5,8.125,1.75,8.375],"texture":"#1"},"south":{"uv":[7,2.25,8.5,2.5],"texture":"#1"},"west":{"uv":[1.75,8.125,2,8.375],"texture":"#1"},"up":{"uv":[8.5,2.75,7,2.5],"texture":"#1"},"down":{"uv":[8.5,6.125,7,6.375],"texture":"#1"}}},{"from":[14,-3,-3],"to":[16,28,-1],"shade":false,"rotation":{"angle":0,"axis":"y","origin":[1,4.5,1]},"faces":{"north":{"uv":[3,1.25,3.25,5.125],"texture":"#1"},"east":{"uv":[3.25,1.25,3.5,5.125],"texture":"#1"},"south":{"uv":[3.5,1.25,3.75,5.125],"texture":"#1"},"west":{"uv":[3.75,1.25,4,5.125],"texture":"#1"},"up":{"uv":[4.75,8.375,4.5,8.125],"texture":"#1"},"down":{"uv":[8.375,4.75,8.125,5],"texture":"#1"}}},{"from":[0,-3,-3],"to":[2,28,-1],"rotation":{"angle":0,"axis":"y","origin":[1,4.5,1]},"faces":{"north":{"uv":[0,3.875,0.25,7.75],"texture":"#1"},"east":{"uv":[0.25,3.875,0.5,7.75],"texture":"#1"},"south":{"uv":[0.5,3.875,0.75,7.75],"texture":"#1"},"west":{"uv":[0.75,3.875,1,7.75],"texture":"#1"},"up":{"uv":[6.625,8.375,6.375,8.125],"texture":"#1"},"down":{"uv":[6.875,8.125,6.625,8.375],"texture":"#1"}}},{"from":[2,8,-6],"to":[14,13,25],"rotation":{"angle":0,"axis":"y","origin":[-0.36478,6.2,-0.16076]},"faces":{"north":{"uv":[1,3.875,2.5,4.5],"texture":"#1"},"east":{"uv":[3,0,6.875,0.625],"texture":"#1"},"south":{"uv":[4,1.25,5.5,1.875],"texture":"#1"},"west":{"uv":[3,0.625,6.875,1.25],"texture":"#1"},"up":{"uv":[1.5,3.875,0,0],"texture":"#1"},"down":{"uv":[3,0,1.5,3.875],"texture":"#1"}}},{"from":[10.97747,28.25064,22.698],"to":[15.81747,28.25064,27.698],"shade":false,"rotation":{"angle":-22.5,"axis":"z","origin":[15.58295,27.27497,22.698]},"faces":{"up":{"uv":[6,7,5.375,6.375],"texture":"#1"},"down":{"uv":[7,6.125,6.375,6.75],"texture":"#1"}}},{"from":[4.27747,29.95064,22.698],"to":[11.71747,29.95064,27.698],"shade":false,"rotation":{"angle":0,"axis":"z","origin":[8.59747,25.95064,25.198]},"faces":{"up":{"uv":[5.9375,3.5,5,2.875],"texture":"#1"},"down":{"uv":[5.9375,3.5,5,4.125],"texture":"#1"}}},{"from":[4.27747,29.95064,17.698],"to":[11.71747,29.95064,22.698],"shade":false,"rotation":{"angle":0,"axis":"z","origin":[8.59747,25.95064,25.198]},"faces":{"up":{"uv":[5.9375,4.75,5,4.125],"texture":"#1"},"down":{"uv":[5.9375,4.75,5,5.375],"texture":"#1"}}},{"from":[10.97747,28.25064,17.698],"to":[15.81747,28.25064,22.698],"rotation":{"angle":-22.5,"axis":"z","origin":[15.58295,27.27497,22.298]},"faces":{"up":{"uv":[7.25,3.5,6.625,2.875],"texture":"#1"},"down":{"uv":[3.875,6.625,3.25,7.25],"texture":"#1"}}},{"from":[16.43841,22.2797,17.698],"to":[16.43841,27.7997,22.698],"rotation":{"angle":22.5,"axis":"z","origin":[15.58295,27.27497,22.298]},"faces":{"east":{"uv":[3,5.625,3.625,6.3125],"texture":"#1"},"west":{"uv":[3.625,5.625,4.25,6.3125],"texture":"#1"}}},{"from":[16.43841,22.2797,22.698],"to":[16.43841,27.7997,27.698],"rotation":{"angle":22.5,"axis":"z","origin":[15.58295,27.27497,22.698]},"faces":{"east":{"uv":[4.25,5.625,4.875,6.3125],"texture":"#1"},"west":{"uv":[4.875,5.625,5.5,6.3125],"texture":"#1"}}},{"from":[0.18253,28.25064,22.698],"to":[5.02253,28.25064,27.698],"shade":false,"rotation":{"angle":22.5,"axis":"z","origin":[0.41705,27.27497,22.698]},"faces":{"up":{"uv":[7.25,4.125,6.625,3.5],"texture":"#1"},"down":{"uv":[4.5,6.625,3.875,7.25],"texture":"#1"}}},{"from":[0.18253,28.25064,17.698],"to":[5.02253,28.25064,22.698],"rotation":{"angle":22.5,"axis":"z","origin":[0.41705,27.27497,22.298]},"faces":{"up":{"uv":[7.25,4.75,6.625,4.125],"texture":"#1"},"down":{"uv":[7,6.75,6.375,7.375],"texture":"#1"}}},{"from":[-0.43841,22.2797,17.698],"to":[-0.43841,27.7997,22.698],"rotation":{"angle":-22.5,"axis":"z","origin":[0.41705,27.27497,22.298]},"faces":{"east":{"uv":[5.5,5.625,6.125,6.3125],"texture":"#1"},"west":{"uv":[6,2.875,6.625,3.5625],"texture":"#1"}}},{"from":[-0.43841,22.2797,22.698],"to":[-0.43841,27.7997,27.698],"rotation":{"angle":-22.5,"axis":"z","origin":[0.41705,27.27497,22.698]},"faces":{"east":{"uv":[6,3.625,6.625,4.3125],"texture":"#1"},"west":{"uv":[6,4.375,6.625,5.0625],"texture":"#1"}}},{"from":[10.97747,28.25064,12.698],"to":[15.81747,28.25064,17.698],"shade":false,"rotation":{"angle":-22.5,"axis":"z","origin":[15.58295,27.27497,12.698]},"faces":{"up":{"uv":[6,7,5.375,6.375],"texture":"#1"},"down":{"uv":[7,6.125,6.375,6.75],"texture":"#1"}}},{"from":[4.27747,29.95064,12.698],"to":[11.71747,29.95064,17.698],"shade":false,"rotation":{"angle":0,"axis":"z","origin":[8.59747,25.95064,15.198]},"faces":{"up":{"uv":[5.9375,3.5,5,2.875],"texture":"#1"},"down":{"uv":[5.9375,3.5,5,4.125],"texture":"#1"}}},{"from":[4.27747,29.95064,7.698],"to":[11.71747,29.95064,12.698],"shade":false,"rotation":{"angle":0,"axis":"z","origin":[8.59747,25.95064,15.198]},"faces":{"up":{"uv":[5.9375,4.75,5,4.125],"texture":"#1"},"down":{"uv":[5.9375,4.75,5,5.375],"texture":"#1"}}},{"from":[10.97747,28.25064,7.698],"to":[15.81747,28.25064,12.698],"rotation":{"angle":-22.5,"axis":"z","origin":[15.58295,27.27497,12.298]},"faces":{"up":{"uv":[7.25,3.5,6.625,2.875],"texture":"#1"},"down":{"uv":[3.875,6.625,3.25,7.25],"texture":"#1"}}},{"from":[16.43841,22.2797,7.698],"to":[16.43841,27.7997,12.698],"rotation":{"angle":22.5,"axis":"z","origin":[15.58295,27.27497,12.298]},"faces":{"east":{"uv":[3,5.625,3.625,6.315],"texture":"#1"},"west":{"uv":[3.625,5.625,4.25,6.315],"texture":"#1"}}},{"from":[16.43841,22.2797,12.698],"to":[16.43841,27.7997,17.698],"rotation":{"angle":22.5,"axis":"z","origin":[15.58295,27.27497,12.698]},"faces":{"east":{"uv":[4.25,5.625,4.875,6.3125],"texture":"#1"},"west":{"uv":[4.875,5.625,5.5,6.3125],"texture":"#1"}}},{"from":[0.18253,28.25064,12.698],"to":[5.02253,28.25064,17.698],"shade":false,"rotation":{"angle":22.5,"axis":"z","origin":[0.41705,27.27497,12.698]},"faces":{"up":{"uv":[7.25,4.125,6.625,3.5],"texture":"#1"},"down":{"uv":[4.5,6.625,3.875,7.25],"texture":"#1"}}},{"from":[0.18253,28.25064,7.698],"to":[5.02253,28.25064,12.698],"rotation":{"angle":22.5,"axis":"z","origin":[0.41705,27.27497,12.298]},"faces":{"up":{"uv":[7.25,4.75,6.625,4.125],"texture":"#1"},"down":{"uv":[7,6.75,6.375,7.375],"texture":"#1"}}},{"from":[-0.43841,22.2797,7.698],"to":[-0.43841,27.7997,12.698],"rotation":{"angle":-22.5,"axis":"z","origin":[0.41705,27.27497,12.298]},"faces":{"east":{"uv":[5.5,5.625,6.125,6.3125],"texture":"#1"},"west":{"uv":[6,2.875,6.625,3.5625],"texture":"#1"}}},{"from":[-0.43841,22.2797,12.698],"to":[-0.43841,27.7997,17.698],"rotation":{"angle":-22.5,"axis":"z","origin":[0.41705,27.27497,12.698]},"faces":{"east":{"uv":[6,3.625,6.625,4.3125],"texture":"#1"},"west":{"uv":[6,4.375,6.625,5.0625],"texture":"#1"}}},{"from":[10.97747,28.25064,2.698],"to":[15.81747,28.25064,7.698],"shade":false,"rotation":{"angle":-22.5,"axis":"z","origin":[15.58295,27.27497,2.698]},"faces":{"up":{"uv":[6,7,5.375,6.375],"texture":"#1"},"down":{"uv":[7,6.125,6.375,6.75],"texture":"#1"}}},{"from":[4.27747,29.95064,2.698],"to":[11.71747,29.95064,7.698],"shade":false,"rotation":{"angle":0,"axis":"z","origin":[8.59747,25.95064,5.198]},"faces":{"up":{"uv":[5.9375,3.5,5,2.875],"texture":"#1"},"down":{"uv":[5.9375,3.5,5,4.125],"texture":"#1"}}},{"from":[4.27747,29.95064,-2.302],"to":[11.71747,29.95064,2.698],"shade":false,"rotation":{"angle":0,"axis":"z","origin":[8.59747,25.95064,5.198]},"faces":{"up":{"uv":[5.9375,4.75,5,4.125],"texture":"#1"},"down":{"uv":[5.9375,4.75,5,5.375],"texture":"#1"}}},{"from":[10.97747,28.25064,-2.302],"to":[15.81747,28.25064,2.698],"rotation":{"angle":-22.5,"axis":"z","origin":[15.58295,27.27497,2.298]},"faces":{"up":{"uv":[7.25,3.5,6.625,2.875],"texture":"#1"},"down":{"uv":[3.875,6.625,3.25,7.25],"texture":"#1"}}},{"from":[16.43841,22.2797,-2.302],"to":[16.43841,27.7997,2.698],"rotation":{"angle":22.5,"axis":"z","origin":[15.58295,27.27497,2.298]},"faces":{"east":{"uv":[3,5.625,3.625,6.315],"texture":"#1"},"west":{"uv":[3.625,5.625,4.25,6.315],"texture":"#1"}}},{"from":[16.43841,22.2797,2.698],"to":[16.43841,27.7997,7.698],"rotation":{"angle":22.5,"axis":"z","origin":[15.58295,27.27497,2.698]},"faces":{"east":{"uv":[4.25,5.625,4.875,6.3125],"texture":"#1"},"west":{"uv":[4.875,5.625,5.5,6.3125],"texture":"#1"}}},{"from":[0.18253,28.25064,2.698],"to":[5.02253,28.25064,7.698],"shade":false,"rotation":{"angle":22.5,"axis":"z","origin":[0.41705,27.27497,2.698]},"faces":{"up":{"uv":[7.25,4.125,6.625,3.5],"texture":"#1"},"down":{"uv":[4.5,6.625,3.875,7.25],"texture":"#1"}}},{"from":[0.18253,28.25064,-2.302],"to":[5.02253,28.25064,2.698],"rotation":{"angle":22.5,"axis":"z","origin":[0.41705,27.27497,2.298]},"faces":{"up":{"uv":[7.25,4.75,6.625,4.125],"texture":"#1"},"down":{"uv":[7,6.75,6.375,7.375],"texture":"#1"}}},{"from":[-0.43841,22.2797,-2.302],"to":[-0.43841,27.7997,2.698],"rotation":{"angle":-22.5,"axis":"z","origin":[0.41705,27.27497,2.298]},"faces":{"east":{"uv":[5.5,5.625,6.125,6.3125],"texture":"#1"},"west":{"uv":[6,2.875,6.625,3.5625],"texture":"#1"}}},{"from":[-0.43841,22.2797,2.698],"to":[-0.43841,27.7997,7.698],"rotation":{"angle":-22.5,"axis":"z","origin":[0.41705,27.27497,2.698]},"faces":{"east":{"uv":[6,3.625,6.625,4.3125],"texture":"#1"},"west":{"uv":[6,4.375,6.625,5.0625],"texture":"#1"}}},{"from":[10.97747,28.25064,-7.302],"to":[15.81747,28.25064,-2.302],"shade":false,"rotation":{"angle":-22.5,"axis":"z","origin":[15.58295,27.27497,-7.302]},"faces":{"up":{"uv":[6,7,5.375,6.375],"texture":"#1"},"down":{"uv":[7,6.125,6.375,6.75],"texture":"#1"}}},{"from":[4.27747,29.95064,-7.302],"to":[11.71747,29.95064,-2.302],"shade":false,"rotation":{"angle":0,"axis":"z","origin":[8.59747,25.95064,-4.802]},"faces":{"up":{"uv":[5.9375,3.5,5,2.875],"texture":"#1"},"down":{"uv":[5.9375,3.5,5,4.125],"texture":"#1"}}},{"from":[16.43841,22.2797,-7.302],"to":[16.43841,27.7997,-2.302],"rotation":{"angle":22.5,"axis":"z","origin":[15.58295,27.27497,-7.302]},"faces":{"east":{"uv":[4.25,5.625,4.875,6.3125],"texture":"#1"},"west":{"uv":[4.875,5.625,5.5,6.3125],"texture":"#1"}}},{"from":[0.18253,28.25064,-7.302],"to":[5.02253,28.25064,-2.302],"shade":false,"rotation":{"angle":22.5,"axis":"z","origin":[0.41705,27.27497,-7.302]},"faces":{"up":{"uv":[7.25,4.125,6.625,3.5],"texture":"#1"},"down":{"uv":[4.5,6.625,3.875,7.25],"texture":"#1"}}},{"from":[-0.43841,22.2797,-7.302],"to":[-0.43841,27.7997,-2.302],"rotation":{"angle":-22.5,"axis":"z","origin":[0.41705,27.27497,-7.302]},"faces":{"east":{"uv":[6,3.625,6.625,4.3125],"texture":"#1"},"west":{"uv":[6,4.375,6.625,5.0625],"texture":"#1"}}},{"from":[-3.01,9,18.10051],"to":[0.04,11,23.89949],"rotation":{"angle":45,"axis":"x","origin":[-1,4,21]},"faces":{"north":{"uv":[4,4.75,4.375,5],"texture":"#1"},"east":{"uv":[7.25,4.5,8,4.75],"texture":"#1"},"south":{"uv":[7.75,7.375,8.125,7.125],"texture":"#1"},"west":{"uv":[7.25,4.5,8,4.75],"texture":"#1"},"up":{"uv":[5.75,7.75,5.375,7],"texture":"#1"},"down":{"uv":[6.125,7,5.75,7.75],"texture":"#1"}}},{"from":[-2.5,3,20.00051],"to":[-0.5,5,22.00051],"rotation":{"angle":45,"axis":"x","origin":[-1,4,21]},"faces":{"north":{"uv":[6.875,8.125,7.125,8.375],"texture":"#1"},"east":{"uv":[7.375,8.125,7.625,8.375],"texture":"#1"},"south":{"uv":[8.125,7.125,8.375,7.375],"texture":"#1"},"west":{"uv":[7.375,8.125,7.625,8.375],"texture":"#1"},"up":{"uv":[8.375,7.625,8.125,7.375],"texture":"#1"},"down":{"uv":[7.875,8.125,7.625,8.375],"texture":"#1"}}},{"from":[-2,-1,20.10051],"to":[-1,9,21.89949],"rotation":{"angle":45,"axis":"x","origin":[-1,4,21]},"faces":{"north":{"uv":[2.5,6.75,2.625,8],"texture":"#1"},"east":{"uv":[2.5,6.75,2.75,8],"texture":"#1"},"south":{"uv":[2.5,6.75,2.625,8],"texture":"#1"},"west":{"uv":[2.5,6.75,2.75,8],"texture":"#1"},"up":{"uv":[4.5,5,4.375,4.75],"texture":"#1"},"down":{"uv":[6.125,6.375,6,6.625],"texture":"#1"}}},{"from":[-1.9,-1,20.10051],"to":[-0.9,9,21.89949],"rotation":{"angle":0,"axis":"x","origin":[-1,4,21]},"faces":{"north":{"uv":[2.5,6.75,2.625,8],"texture":"#1"},"east":{"uv":[2.5,6.75,2.75,8],"texture":"#1"},"south":{"uv":[2.5,6.75,2.625,8],"texture":"#1"},"west":{"uv":[2.5,6.75,2.75,8],"texture":"#1"},"up":{"uv":[4.5,5,4.375,4.75],"texture":"#1"},"down":{"uv":[6.125,6.375,6,6.625],"texture":"#1"}}},{"from":[-1.9,3.10051,16],"to":[-0.9,4.89949,26],"rotation":{"angle":0,"axis":"x","origin":[-1,4,21]},"faces":{"north":{"uv":[6.125,6.375,6,6.625],"rotation":180,"texture":"#1"},"east":{"uv":[2.5,6.75,2.75,8],"rotation":270,"texture":"#1"},"south":{"uv":[4.5,5,4.375,4.75],"texture":"#1"},"west":{"uv":[2.5,6.75,2.75,8],"rotation":90,"texture":"#1"},"up":{"uv":[2.5,6.75,2.625,8],"rotation":180,"texture":"#1"},"down":{"uv":[2.5,6.75,2.625,8],"texture":"#1"}}},{"from":[-2,3.10051,16],"to":[-1,4.89949,26],"rotation":{"angle":45,"axis":"x","origin":[-1,4,21]},"faces":{"north":{"uv":[4.5,5,4.375,4.75],"rotation":180,"texture":"#1"},"east":{"uv":[2.5,6.75,2.75,8],"rotation":90,"texture":"#1"},"south":{"uv":[6.125,6.375,6,6.625],"texture":"#1"},"west":{"uv":[2.5,6.75,2.75,8],"rotation":270,"texture":"#1"},"up":{"uv":[2.5,6.75,2.625,8],"texture":"#1"},"down":{"uv":[2.5,6.75,2.625,8],"rotation":180,"texture":"#1"}}},{"from":[-3.01,-3,18.10051],"to":[0.04,-1,23.89949],"rotation":{"angle":45,"axis":"x","origin":[-1,4,21]},"faces":{"north":{"uv":[4,5,4.375,4.75],"texture":"#1"},"east":{"uv":[7.25,4.75,8,4.5],"texture":"#1"},"south":{"uv":[7.75,7.125,8.125,7.375],"texture":"#1"},"west":{"uv":[7.25,4.75,8,4.5],"texture":"#1"},"up":{"uv":[6.125,7,5.75,7.75],"texture":"#1"},"down":{"uv":[5.75,7.75,5.375,7],"texture":"#1"}}},{"from":[-3.01,9,18.10051],"to":[0.04,11,23.89949],"rotation":{"angle":-45,"axis":"x","origin":[-1,4,21]},"faces":{"north":{"uv":[4,4.75,4.375,5],"texture":"#1"},"east":{"uv":[7.25,4.5,8,4.75],"texture":"#1"},"south":{"uv":[7.75,7.375,8.125,7.125],"texture":"#1"},"west":{"uv":[7.25,4.5,8,4.75],"texture":"#1"},"up":{"uv":[5.75,7.75,5.375,7],"texture":"#1"},"down":{"uv":[6.125,7,5.75,7.75],"texture":"#1"}}},{"from":[-3.01,-3,18.10051],"to":[0.04,-1,23.89949],"rotation":{"angle":-45,"axis":"x","origin":[-1,4,21]},"faces":{"north":{"uv":[4,5,4.375,4.75],"texture":"#1"},"east":{"uv":[7.25,4.75,8,4.5],"texture":"#1"},"south":{"uv":[7.75,7.125,8.125,7.375],"texture":"#1"},"west":{"uv":[7.25,4.75,8,4.5],"texture":"#1"},"up":{"uv":[6.125,7,5.75,7.75],"texture":"#1"},"down":{"uv":[5.75,7.75,5.375,7],"texture":"#1"}}},{"from":[-3,9,18.10051],"to":[0,11,23.89949],"rotation":{"angle":0,"axis":"x","origin":[-1,4,21]},"faces":{"north":{"uv":[4.5,7.875,4.875,8.125],"texture":"#1"},"east":{"uv":[7.75,1.25,8.5,1.5],"texture":"#1"},"south":{"uv":[7,7.875,7.375,8.125],"texture":"#1"},"west":{"uv":[7.75,1.25,8.5,1.5],"texture":"#1"},"up":{"uv":[5.75,7.75,5.375,7],"texture":"#1"},"down":{"uv":[3.625,7.25,3.25,8],"texture":"#1"}}},{"from":[-3,-3,18.10051],"to":[0,-1,23.89949],"rotation":{"angle":0,"axis":"x","origin":[-1,4,21]},"faces":{"north":{"uv":[7.375,7.875,7.75,8.125],"texture":"#1"},"east":{"uv":[7.25,4.75,8,4.5],"texture":"#1"},"south":{"uv":[7.75,7.875,8.125,8.125],"texture":"#1"},"west":{"uv":[7.25,4.75,8,4.5],"texture":"#1"},"up":{"uv":[6.125,7,5.75,7.75],"texture":"#1"},"down":{"uv":[5.75,7.75,5.375,7],"texture":"#1"}}},{"from":[-3,1.10051,14],"to":[0,6.89949,16],"rotation":{"angle":0,"axis":"x","origin":[-1,4,21]},"faces":{"north":{"uv":[5.75,7.75,5.375,7],"rotation":180,"texture":"#1"},"east":{"uv":[7.75,1.25,8.5,1.5],"rotation":90,"texture":"#1"},"south":{"uv":[3.625,7.25,3.25,8],"texture":"#1"},"west":{"uv":[7.75,1.25,8.5,1.5],"rotation":270,"texture":"#1"},"up":{"uv":[7,7.875,7.375,8.125],"texture":"#1"},"down":{"uv":[4.5,7.875,4.875,8.125],"rotation":180,"texture":"#1"}}},{"from":[-3,1.10051,26],"to":[0,6.89949,28],"rotation":{"angle":0,"axis":"x","origin":[-1,4,21]},"faces":{"north":{"uv":[6.125,7,5.75,7.75],"rotation":180,"texture":"#1"},"east":{"uv":[7.25,4.75,8,4.5],"rotation":90,"texture":"#1"},"south":{"uv":[5.75,7.75,5.375,7],"texture":"#1"},"west":{"uv":[7.25,4.75,8,4.5],"rotation":270,"texture":"#1"},"up":{"uv":[7.75,7.875,8.125,8.125],"texture":"#1"},"down":{"uv":[7.375,7.875,7.75,8.125],"rotation":180,"texture":"#1"}}},{"from":[15.96,9,18.10051],"to":[19.01,11,23.89949],"rotation":{"angle":45,"axis":"x","origin":[17,4,21]},"faces":{"north":{"uv":[4.375,4.75,4,5],"texture":"#1"},"east":{"uv":[8,4.5,7.25,4.75],"texture":"#1"},"south":{"uv":[8.125,7.375,7.75,7.125],"texture":"#1"},"west":{"uv":[8,4.5,7.25,4.75],"texture":"#1"},"up":{"uv":[5.375,7.75,5.75,7],"texture":"#1"},"down":{"uv":[5.75,7,6.125,7.75],"texture":"#1"}}},{"from":[16.5,3,20.00051],"to":[18.5,5,22.00051],"rotation":{"angle":45,"axis":"x","origin":[17,4,21]},"faces":{"north":{"uv":[7.125,8.125,6.875,8.375],"texture":"#1"},"east":{"uv":[7.625,8.125,7.375,8.375],"texture":"#1"},"south":{"uv":[8.375,7.125,8.125,7.375],"texture":"#1"},"west":{"uv":[7.625,8.125,7.375,8.375],"texture":"#1"},"up":{"uv":[8.125,7.625,8.375,7.375],"texture":"#1"},"down":{"uv":[7.625,8.125,7.875,8.375],"texture":"#1"}}},{"from":[17,-1,20.10051],"to":[18,9,21.89949],"rotation":{"angle":45,"axis":"x","origin":[17,4,21]},"faces":{"north":{"uv":[2.625,6.75,2.5,8],"texture":"#1"},"east":{"uv":[2.75,6.75,2.5,8],"texture":"#1"},"south":{"uv":[2.625,6.75,2.5,8],"texture":"#1"},"west":{"uv":[2.75,6.75,2.5,8],"texture":"#1"},"up":{"uv":[4.375,5,4.5,4.75],"texture":"#1"},"down":{"uv":[6,6.375,6.125,6.625],"texture":"#1"}}},{"from":[16.9,-1,20.10051],"to":[17.9,9,21.89949],"rotation":{"angle":0,"axis":"x","origin":[17,4,21]},"faces":{"north":{"uv":[2.625,6.75,2.5,8],"texture":"#1"},"east":{"uv":[2.75,6.75,2.5,8],"texture":"#1"},"south":{"uv":[2.625,6.75,2.5,8],"texture":"#1"},"west":{"uv":[2.75,6.75,2.5,8],"texture":"#1"},"up":{"uv":[4.375,5,4.5,4.75],"texture":"#1"},"down":{"uv":[6,6.375,6.125,6.625],"texture":"#1"}}},{"from":[16.9,3.10051,16],"to":[17.9,4.89949,26],"rotation":{"angle":0,"axis":"x","origin":[17,4,21]},"faces":{"north":{"uv":[6,6.375,6.125,6.625],"rotation":180,"texture":"#1"},"east":{"uv":[2.5,8,2.75,6.75],"rotation":90,"texture":"#1"},"south":{"uv":[4.375,5,4.5,4.75],"texture":"#1"},"west":{"uv":[2.5,8,2.75,6.75],"rotation":270,"texture":"#1"},"up":{"uv":[2.625,6.75,2.5,8],"rotation":180,"texture":"#1"},"down":{"uv":[2.625,6.75,2.5,8],"texture":"#1"}}},{"from":[17,3.10051,16],"to":[18,4.89949,26],"rotation":{"angle":45,"axis":"x","origin":[17,4,21]},"faces":{"north":{"uv":[4.375,5,4.5,4.75],"rotation":180,"texture":"#1"},"east":{"uv":[2.5,8,2.75,6.75],"rotation":270,"texture":"#1"},"south":{"uv":[6,6.375,6.125,6.625],"texture":"#1"},"west":{"uv":[2.5,8,2.75,6.75],"rotation":90,"texture":"#1"},"up":{"uv":[2.625,6.75,2.5,8],"texture":"#1"},"down":{"uv":[2.625,6.75,2.5,8],"rotation":180,"texture":"#1"}}},{"from":[15.96,-3,18.10051],"to":[19.01,-1,23.89949],"rotation":{"angle":45,"axis":"x","origin":[17,4,21]},"faces":{"north":{"uv":[4.375,5,4,4.75],"texture":"#1"},"east":{"uv":[8,4.75,7.25,4.5],"texture":"#1"},"south":{"uv":[8.125,7.125,7.75,7.375],"texture":"#1"},"west":{"uv":[8,4.75,7.25,4.5],"texture":"#1"},"up":{"uv":[5.75,7,6.125,7.75],"texture":"#1"},"down":{"uv":[5.375,7.75,5.75,7],"texture":"#1"}}},{"from":[15.96,9,18.10051],"to":[19.01,11,23.89949],"rotation":{"angle":-45,"axis":"x","origin":[17,4,21]},"faces":{"north":{"uv":[4.375,4.75,4,5],"texture":"#1"},"east":{"uv":[8,4.5,7.25,4.75],"texture":"#1"},"south":{"uv":[8.125,7.375,7.75,7.125],"texture":"#1"},"west":{"uv":[8,4.5,7.25,4.75],"texture":"#1"},"up":{"uv":[5.375,7.75,5.75,7],"texture":"#1"},"down":{"uv":[5.75,7,6.125,7.75],"texture":"#1"}}},{"from":[15.96,-3,18.10051],"to":[19.01,-1,23.89949],"rotation":{"angle":-45,"axis":"x","origin":[17,4,21]},"faces":{"north":{"uv":[4.375,5,4,4.75],"texture":"#1"},"east":{"uv":[8,4.75,7.25,4.5],"texture":"#1"},"south":{"uv":[8.125,7.125,7.75,7.375],"texture":"#1"},"west":{"uv":[8,4.75,7.25,4.5],"texture":"#1"},"up":{"uv":[5.75,7,6.125,7.75],"texture":"#1"},"down":{"uv":[5.375,7.75,5.75,7],"texture":"#1"}}},{"from":[16,9,18.10051],"to":[19,11,23.89949],"rotation":{"angle":0,"axis":"x","origin":[17,4,21]},"faces":{"north":{"uv":[4.875,7.875,4.5,8.125],"texture":"#1"},"east":{"uv":[8.5,1.25,7.75,1.5],"texture":"#1"},"south":{"uv":[7.375,7.875,7,8.125],"texture":"#1"},"west":{"uv":[8.5,1.25,7.75,1.5],"texture":"#1"},"up":{"uv":[5.375,7.75,5.75,7],"texture":"#1"},"down":{"uv":[3.25,7.25,3.625,8],"texture":"#1"}}},{"from":[16,-3,18.10051],"to":[19,-1,23.89949],"rotation":{"angle":0,"axis":"x","origin":[17,4,21]},"faces":{"north":{"uv":[7.75,7.875,7.375,8.125],"texture":"#1"},"east":{"uv":[8,4.75,7.25,4.5],"texture":"#1"},"south":{"uv":[8.125,7.875,7.75,8.125],"texture":"#1"},"west":{"uv":[8,4.75,7.25,4.5],"texture":"#1"},"up":{"uv":[5.75,7,6.125,7.75],"texture":"#1"},"down":{"uv":[5.375,7.75,5.75,7],"texture":"#1"}}},{"from":[16,1.10051,14],"to":[19,6.89949,16],"rotation":{"angle":0,"axis":"x","origin":[17,4,21]},"faces":{"north":{"uv":[5.375,7.75,5.75,7],"rotation":180,"texture":"#1"},"east":{"uv":[7.75,1.5,8.5,1.25],"rotation":270,"texture":"#1"},"south":{"uv":[3.25,7.25,3.625,8],"texture":"#1"},"west":{"uv":[7.75,1.5,8.5,1.25],"rotation":90,"texture":"#1"},"up":{"uv":[7.375,7.875,7,8.125],"texture":"#1"},"down":{"uv":[4.875,7.875,4.5,8.125],"rotation":180,"texture":"#1"}}},{"from":[16,1.10051,26],"to":[19,6.89949,28],"rotation":{"angle":0,"axis":"x","origin":[17,4,21]},"faces":{"north":{"uv":[5.75,7,6.125,7.75],"rotation":180,"texture":"#1"},"east":{"uv":[7.25,4.5,8,4.75],"rotation":270,"texture":"#1"},"south":{"uv":[5.375,7.75,5.75,7],"texture":"#1"},"west":{"uv":[7.25,4.5,8,4.75],"rotation":90,"texture":"#1"},"up":{"uv":[8.125,7.875,7.75,8.125],"texture":"#1"},"down":{"uv":[7.75,7.875,7.375,8.125],"rotation":180,"texture":"#1"}}}],"display":{"thirdperson_righthand":{"rotation":[81.37,67.39,-7.52],"translation":[0,3,0],"scale":[0.3125,0.3125,0.3125]},"thirdperson_lefthand":{"rotation":[81.37,67.39,-7.52],"translation":[0,3,0],"scale":[0.3125,0.3125,0.3125]},"firstperson_righthand":{"rotation":[173.3,-46.43,170.49],"translation":[0.75,2,0],"scale":[0.15781,0.15781,0.15781]},"firstperson_lefthand":{"rotation":[173.3,-46.43,170.49],"translation":[0.75,2,0],"scale":[0.15781,0.15781,0.15781]},"ground":{"translation":[0,1.75,0],"scale":[0.50586,0.50586,0.50586]},"gui":{"rotation":[30,225,0],"translation":[0,-1,0],"scale":[0.39063,0.39063,0.39063]},"head":{"translation":[0,-25.65,0],"scale":[1.6,1.6,1.6]},"fixed":{"rotation":[-90,0,0],"translation":[0,0,-22],"scale":[2.01,2.01,2.01]}},"groups":[{"name":"group","origin":[0,0,0],"color":0,"boneType":"","children":[0,1,2,3,4,5,6,7,8,9,10,11,12]},{"name":"group","origin":[8,8,8],"color":0,"boneType":"","children":[{"name":"group","origin":[-4.9348,25.003,25.15],"color":0,"boneType":"","children":[{"name":"group","origin":[2.9395,24,6.15],"color":0,"boneType":"","children":[13,14,15,16,17,18,19,20,21,22]},{"name":"group","origin":[2.9395,24,6.15],"color":0,"boneType":"","children":[23,24,25,26,27,28,29,30,31,32]},{"name":"group","origin":[2.9395,24,6.15],"color":0,"boneType":"","children":[33,34,35,36,37,38,39,40,41,42]},{"name":"group","origin":[2.9395,24,6.15],"color":0,"boneType":"","children":[43,44,45,46,47]},{"name":"group","origin":[2.9395,24,6.15],"color":0,"boneType":"","children":[]}]},{"name":"group","origin":[-4.9348,25.003,25.15],"color":0,"boneType":"","children":[]},{"name":"group","origin":[-4.9348,25.003,25.15],"color":0,"boneType":"","children":[]},{"name":"group","origin":[-4.9348,25.003,25.15],"color":0,"boneType":"","children":[]}]},{"name":"octagon","origin":[8,8,8],"color":0,"boneType":"","children":[48,49,50,51,52,53,54,55,56,57,58,59,60]},{"name":"octagon","origin":[8,8,8],"color":0,"boneType":"","children":[61,62,63,64,65,66,67,68,69,70,71,72,73]}]}