{
	"credit": "Made with Blockbench",
	"texture_size": [32, 32],
	"textures": {
		"0": "paper/chair",
		"particle": "paper/chair"
	},
	"elements": [
		{
			"from": [11, 0, 2],
			"to": [14, 8, 5],
			"rotation": {"angle": 22.5, "axis": "x", "origin": [12.5, 3.5, 3.5]},
			"faces": {
				"north": {"uv": [7, 6, 8.5, 10], "texture": "#0"},
				"east": {"uv": [8.5, 6, 10, 10], "texture": "#0"},
				"south": {"uv": [10, 6, 11.5, 10], "texture": "#0"},
				"west": {"uv": [7, 10, 8.5, 14], "texture": "#0"},
				"up": {"uv": [10, 11.5, 8.5, 10], "texture": "#0"},
				"down": {"uv": [11.5, 10, 10, 11.5], "texture": "#0"}
			}
		},
		{
			"from": [2, 0, 2],
			"to": [5, 8, 5],
			"rotation": {"angle": 22.5, "axis": "x", "origin": [3.5, 3.5, 3.5]},
			"faces": {
				"north": {"uv": [8.5, 6, 7, 10], "texture": "#0"},
				"east": {"uv": [8.5, 10, 7, 14], "texture": "#0"},
				"south": {"uv": [11.5, 6, 10, 10], "texture": "#0"},
				"west": {"uv": [10, 6, 8.5, 10], "texture": "#0"},
				"up": {"uv": [8.5, 11.5, 10, 10], "texture": "#0"},
				"down": {"uv": [10, 10, 11.5, 11.5], "texture": "#0"}
			}
		},
		{
			"from": [2, 0, 11],
			"to": [5, 8, 14],
			"rotation": {"angle": -22.5, "axis": "x", "origin": [3.5, 3.5, 12.5]},
			"faces": {
				"north": {"uv": [10, 6, 11.5, 10], "texture": "#0"},
				"east": {"uv": [7, 10, 8.5, 14], "texture": "#0"},
				"south": {"uv": [7, 6, 8.5, 10], "texture": "#0"},
				"west": {"uv": [8.5, 6, 10, 10], "texture": "#0"},
				"up": {"uv": [8.5, 10, 10, 11.5], "texture": "#0"},
				"down": {"uv": [10, 11.5, 11.5, 10], "texture": "#0"}
			}
		},
		{
			"from": [11, 0, 11],
			"to": [14, 8, 14],
			"rotation": {"angle": -22.5, "axis": "x", "origin": [12.5, 3.5, 12.5]},
			"faces": {
				"north": {"uv": [11.5, 6, 10, 10], "texture": "#0"},
				"east": {"uv": [10, 6, 8.5, 10], "texture": "#0"},
				"south": {"uv": [8.5, 6, 7, 10], "texture": "#0"},
				"west": {"uv": [8.5, 10, 7, 14], "texture": "#0"},
				"up": {"uv": [10, 10, 8.5, 11.5], "texture": "#0"},
				"down": {"uv": [11.5, 11.5, 10, 10], "texture": "#0"}
			}
		},
		{
			"from": [1, 6, 1.5],
			"to": [15, 9, 14.5],
			"rotation": {"angle": 0, "axis": "y", "origin": [12.5, 3.5, 4]},
			"faces": {
				"north": {"uv": [7, 0, 14, 1.5], "texture": "#0"},
				"east": {"uv": [7, 0, 13.5, 1.5], "texture": "#0"},
				"south": {"uv": [7, 0, 14, 1.5], "texture": "#0"},
				"west": {"uv": [7, 0, 13.5, 1.5], "texture": "#0"},
				"up": {"uv": [7, 6.5, 0, 13], "texture": "#0"},
				"down": {"uv": [7, 6.5, 0, 13], "texture": "#0"}
			}
		}
	],
	"gui_light": "front",
	"display": {
		"thirdperson_righthand": {
			"rotation": [46.75, 0, 0],
			"translation": [0, 1.25, -1],
			"scale": [0.41, 0.41, 0.41]
		},
		"thirdperson_lefthand": {
			"rotation": [46.75, 0, 0],
			"translation": [0, 1.25, -1],
			"scale": [0.41, 0.41, 0.41]
		},
		"firstperson_righthand": {
			"rotation": [0, 0, 4.75],
			"translation": [0, 3, 0],
			"scale": [0.58, 0.58, 0.58]
		},
		"firstperson_lefthand": {
			"rotation": [0, 0, 4.75],
			"translation": [0, 3, 0],
			"scale": [0.58, 0.58, 0.58]
		},
		"ground": {
			"translation": [0, 6.75, 0],
			"scale": [0.51, 0.51, 0.51]
		},
		"gui": {
			"translation": [0, 2.25, 0],
			"scale": [0.82, 0.82, 0.82]
		},
		"head": {
			"translation": [0, -30.25, 0],
			"scale": [1.6, 1.6, 1.6]
		},
		"fixed": {
			"rotation": [-90, 0, 0],
			"translation": [0, 0, -10.75],
			"scale": [1.6, 1.6, 1.6]
		}
	}
}