{"texture_size":[64,64],"textures":{"9":"paper/chair"},"elements":[{"from":[2,0,3],"to":[4,10,5],"faces":{"north":{"uv":[4,5.75,4.5,8.25],"texture":"#9"},"east":{"uv":[4,5.75,4.5,8.25],"texture":"#9"},"south":{"uv":[4,5.75,4.5,8.25],"texture":"#9"},"west":{"uv":[4,5.75,4.5,8.25],"texture":"#9"},"up":{"uv":[7.5,8,7,7.5],"texture":"#9"},"down":{"uv":[8,7.5,7.5,8],"texture":"#9"}}},{"from":[12,0,3],"to":[14,10,5],"rotation":{"angle":0,"axis":"y","origin":[16,0,0]},"faces":{"north":{"uv":[4,5.75,4.5,8.25],"texture":"#9"},"east":{"uv":[4,5.75,4.5,8.25],"texture":"#9"},"south":{"uv":[4,5.75,4.5,8.25],"texture":"#9"},"west":{"uv":[4,5.75,4.5,8.25],"texture":"#9"},"up":{"uv":[3,8.75,2.5,8.25],"texture":"#9"},"down":{"uv":[8,7.5,7.5,8],"texture":"#9"}}},{"from":[3,3,3.5],"to":[13,4,4.5],"faces":{"north":{"uv":[7,4.5,9.5,4.75],"texture":"#9"},"east":{"uv":[3.5,8.25,3.75,8.5],"texture":"#9"},"south":{"uv":[7,4.75,9.5,5],"texture":"#9"},"west":{"uv":[3.75,8.25,4,8.5],"texture":"#9"},"up":{"uv":[9.5,5.25,7,5],"texture":"#9"},"down":{"uv":[9.5,5.25,7,5.5],"texture":"#9"}}},{"from":[2.5,3,4],"to":[3.5,4,14],"rotation":{"angle":0,"axis":"y","origin":[8,3.5,4]},"faces":{"north":{"uv":[8.5,1.5,8.75,1.75],"texture":"#9"},"east":{"uv":[7,6.25,9.5,6.5],"texture":"#9"},"south":{"uv":[8.5,1.75,8.75,2],"texture":"#9"},"west":{"uv":[7,6.5,9.5,6.75],"texture":"#9"},"up":{"uv":[6.5,9.75,6.25,7.25],"texture":"#9"},"down":{"uv":[6.5,7.25,6.25,9.75],"texture":"#9"}}},{"from":[12.5,3,4],"to":[13.5,4,14],"rotation":{"angle":0,"axis":"y","origin":[8,3.5,4]},"faces":{"north":{"uv":[8.5,2,8.75,2.25],"texture":"#9"},"east":{"uv":[7,6.75,9.5,7],"texture":"#9"},"south":{"uv":[8.5,2.25,8.75,2.5],"texture":"#9"},"west":{"uv":[6.5,7.25,9,7.5],"texture":"#9"},"up":{"uv":[7,10,6.75,7.5],"texture":"#9"},"down":{"uv":[7,7.5,6.75,10],"texture":"#9"}}},{"from":[3,3,13.5],"to":[13,4,14.5],"faces":{"north":{"uv":[7,5.5,9.5,5.75],"texture":"#9"},"east":{"uv":[4,8.25,4.25,8.5],"texture":"#9"},"south":{"uv":[7,5.75,9.5,6],"texture":"#9"},"west":{"uv":[4.25,8.25,4.5,8.5],"texture":"#9"},"up":{"uv":[8.5,7.25,6,7],"texture":"#9"},"down":{"uv":[9.5,6,7,6.25],"texture":"#9"}}},{"from":[3,6.6,2.5],"to":[13,9.6,15.5],"faces":{"north":{"uv":[6,3,8.5,3.75],"texture":"#9"},"east":{"uv":[6,0,9.25,0.75],"texture":"#9"},"south":{"uv":[6,3.75,8.5,4.5],"texture":"#9"},"west":{"uv":[6,0.75,9.25,1.5],"texture":"#9"},"up":{"uv":[2.5,3.25,0,0],"texture":"#9"},"down":{"uv":[5,0,2.5,3.25],"texture":"#9"}}},{"from":[2,0,13],"to":[4,25,15],"faces":{"north":{"uv":[1.5,3.25,2,9.5],"texture":"#9"},"east":{"uv":[1.5,3.25,2,9.5],"texture":"#9"},"south":{"uv":[1.5,3.25,2,9.5],"texture":"#9"},"west":{"uv":[1.5,3.25,2,9.5],"texture":"#9"},"up":{"uv":[7.5,8.5,7,8],"texture":"#9"},"down":{"uv":[8,7.5,7.5,8],"texture":"#9"}}},{"from":[12,0,13],"to":[14,25,15],"rotation":{"angle":0,"axis":"y","origin":[16,0,0]},"faces":{"north":{"uv":[1.5,3.25,2,9.5],"texture":"#9"},"east":{"uv":[1.5,3.25,2,9.5],"texture":"#9"},"south":{"uv":[1.5,3.25,2,9.5],"texture":"#9"},"west":{"uv":[1.5,3.25,2,9.5],"texture":"#9"},"up":{"uv":[8.5,8,8,7.5],"texture":"#9"},"down":{"uv":[8,7.5,7.5,8],"texture":"#9"}}},{"from":[3,18,14],"to":[13,23,14],"faces":{"north":{"uv":[2,3.25,4.5,4.5],"texture":"#9"},"east":{"uv":[0,0,0,1.25],"texture":"#9"},"south":{"uv":[4.5,3.25,2,4.5],"texture":"#9"},"west":{"uv":[0,0,0,1.25],"texture":"#9"},"up":{"uv":[2.5,0,0,0],"texture":"#9"},"down":{"uv":[2.5,0,0,0],"texture":"#9"}}},{"from":[3,12,14],"to":[13,15,14],"faces":{"north":{"uv":[6,1.5,8.5,2.25],"texture":"#9"},"east":{"uv":[0,0,0,0.75],"texture":"#9"},"south":{"uv":[8.5,1.5,6,2.25],"texture":"#9"},"west":{"uv":[0,0,0,0.75],"texture":"#9"},"up":{"uv":[2.5,0,0,0],"texture":"#9"},"down":{"uv":[2.5,0,0,0],"texture":"#9"}}}],"display":{"thirdperson_righthand":{"rotation":[73.15,20.91,3.31],"translation":[0,3,0],"scale":[0.3125,0.3125,0.3125]},"thirdperson_lefthand":{"rotation":[73.15,20.91,3.31],"translation":[0,3,0],"scale":[0.3125,0.3125,0.3125]},"firstperson_righthand":{"rotation":[170.6,60.54,-176.46],"translation":[0.75,2,0],"scale":[0.15781,0.15781,0.15781]},"firstperson_lefthand":{"rotation":[170.6,60.54,-176.46],"translation":[0.75,2,0],"scale":[0.15781,0.15781,0.15781]},"ground":{"translation":[0,1.75,0],"scale":[0.50586,0.50586,0.50586]},"gui":{"rotation":[30,225,0],"translation":[0,-1,0],"scale":[0.39063,0.39063,0.39063]},"head":{"rotation":[-180,0,-180],"translation":[0,-30.4,0],"scale":[1.6,1.6,1.6]},"fixed":{"rotation":[-90,0,0],"translation":[0,0,-16],"scale":[2.01,2.01,2.01]}}}