{"__comment":"DesignedbyPlagForOraxen","textures":{"0":"paper/chair"},"elements":[{"from":[6,14,13],"to":[10,20,15],"faces":{"down":{"uv":[12.5,3.5,11.5,4],"texture":"#0"},"up":{"uv":[12.5,3.5,11.5,3],"texture":"#0"},"north":{"uv":[4.5,6.25,5.5,7.75],"texture":"#0"},"south":{"uv":[1.5,6.5,2.5,8],"texture":"#0"},"west":{"uv":[3,10.75,3.5,12.25],"texture":"#0"},"east":{"uv":[2.5,10.75,3,12.25],"texture":"#0"}}},{"from":[6,27,13],"to":[10,31,15],"faces":{"down":{"uv":[12.75,4,11.75,4.5],"texture":"#0"},"up":{"uv":[10.5,12,9.5,11.5],"texture":"#0"},"north":{"uv":[8.5,0.75,9.5,1.75],"texture":"#0"},"south":{"uv":[8.5,1.75,9.5,2.75],"texture":"#0"},"west":{"uv":[9.5,4.5,10,5.5],"texture":"#0"},"east":{"uv":[5.5,6.25,6,7.25],"texture":"#0"}}},{"from":[4,31,13],"to":[12,32,15],"faces":{"down":{"uv":[9.75,4,7.75,4.5],"texture":"#0"},"up":{"uv":[8,3.25,6,2.75],"texture":"#0"},"north":{"uv":[11.75,4.5,13.75,4.75],"texture":"#0"},"south":{"uv":[11.75,4.75,13.75,5],"texture":"#0"},"west":{"uv":[9.75,6.75,10.25,7],"texture":"#0"},"east":{"uv":[9.5,2.5,10,2.75],"texture":"#0"}}},{"from":[7,20,13],"to":[9,27,15],"faces":{"down":{"uv":[12.75,8,12.25,8.5],"texture":"#0"},"up":{"uv":[10.5,12.5,10,12],"texture":"#0"},"north":{"uv":[0,9.75,0.5,11.5],"texture":"#0"},"south":{"uv":[1,9.75,1.5,11.5],"texture":"#0"},"west":{"uv":[5.5,9.75,6,11.5],"texture":"#0"},"east":{"uv":[0.5,9.75,1,11.5],"texture":"#0"}}},{"from":[3,14,13],"to":[5,17,15],"faces":{"down":{"uv":[12.75,9,12.25,9.5],"texture":"#0"},"up":{"uv":[12.75,9,12.25,8.5],"texture":"#0"},"north":{"uv":[9,0,9.5,0.75],"texture":"#0"},"south":{"uv":[3.5,11.75,4,12.5],"texture":"#0"},"west":{"uv":[11.75,5,12.25,5.75],"texture":"#0"},"east":{"uv":[5.5,11.5,6,12.25],"texture":"#0"}}},{"from":[11,14,13],"to":[13,17,15],"faces":{"down":{"uv":[12.75,10,12.25,10.5],"texture":"#0"},"up":{"uv":[12.75,10,12.25,9.5],"texture":"#0"},"north":{"uv":[11.75,5.75,12.25,6.5],"texture":"#0"},"south":{"uv":[7,11.75,7.5,12.5],"texture":"#0"},"west":{"uv":[11.75,7.25,12.25,8],"texture":"#0"},"east":{"uv":[11.75,6.5,12.25,7.25],"texture":"#0"}}},{"from":[3,28,13],"to":[5,31,15],"faces":{"down":{"uv":[12.75,10.5,12.25,11],"texture":"#0"},"up":{"uv":[11,12.75,10.5,12.25],"texture":"#0"},"north":{"uv":[11.75,8,12.25,8.75],"texture":"#0"},"south":{"uv":[11.75,9.5,12.25,10.25],"texture":"#0"},"west":{"uv":[11.75,10.25,12.25,11],"texture":"#0"},"east":{"uv":[11.75,8.75,12.25,9.5],"texture":"#0"}}},{"from":[11,28,13],"to":[13,31,15],"faces":{"down":{"uv":[13,0,12.5,0.5],"texture":"#0"},"up":{"uv":[12.75,11.5,12.25,11],"texture":"#0"},"north":{"uv":[11,11.75,11.5,12.5],"texture":"#0"},"south":{"uv":[11.5,11.75,12,12.5],"texture":"#0"},"west":{"uv":[12,0,12.5,0.75],"texture":"#0"},"east":{"uv":[11.75,11,12.25,11.75],"texture":"#0"}}},{"from":[11,17,13],"to":[12,28,15],"faces":{"down":{"uv":[4,12.5,3.75,13],"texture":"#0"},"up":{"uv":[10,4.5,9.75,4],"texture":"#0"},"north":{"uv":[6,9.75,6.25,12.5],"texture":"#0"},"south":{"uv":[7.75,10.75,8,13.5],"texture":"#0"},"west":{"uv":[5,7.75,5.5,10.5],"texture":"#0"},"east":{"uv":[4.5,7.75,5,10.5],"texture":"#0"}}},{"from":[4,17,13.2],"to":[5,28,15.2],"faces":{"down":{"uv":[7.5,12.5,7.25,13],"texture":"#0"},"up":{"uv":[7.25,13,7,12.5],"texture":"#0"},"north":{"uv":[8,10.75,8.25,13.5],"texture":"#0"},"south":{"uv":[8.25,10.75,8.5,13.5],"texture":"#0"},"west":{"uv":[1.5,8,2,10.75],"texture":"#0"},"east":{"uv":[8,0.75,8.5,3.5],"texture":"#0"}}},{"from":[5,25,13.5],"to":[11,31,14.5],"faces":{"down":{"uv":[9.25,4.5,7.75,4.75],"texture":"#0"},"up":{"uv":[9,7.25,7.5,7],"texture":"#0"},"north":{"uv":[4.5,4.75,6,6.25],"texture":"#0"},"south":{"uv":[0,5.75,1.5,7.25],"texture":"#0"},"west":{"uv":[7.5,11.75,7.75,13.25],"texture":"#0"},"east":{"uv":[4,11.75,4.25,13.25],"texture":"#0"}}},{"from":[5,26,12],"to":[11,31,14],"faces":{"down":{"uv":[10.5,7.5,9,8],"texture":"#0"},"up":{"uv":[10.5,7.5,9,7],"texture":"#0"},"north":{"uv":[6,4.75,7.5,6],"texture":"#0"},"south":{"uv":[6,6,7.5,7.25],"texture":"#0"},"west":{"uv":[11,3,11.5,4.25],"texture":"#0"},"east":{"uv":[11,1.75,11.5,3],"texture":"#0"}}},{"from":[4,13,12],"to":[12,16,14],"faces":{"down":{"uv":[10.5,8,8.5,8.5],"texture":"#0"},"up":{"uv":[10.5,3.25,8.5,2.75],"texture":"#0"},"north":{"uv":[2.5,6.5,4.5,7.25],"texture":"#0"},"south":{"uv":[2.5,7.25,4.5,8],"texture":"#0"},"west":{"uv":[9.5,12,10,12.75],"texture":"#0"},"east":{"uv":[12,0.75,12.5,1.5],"texture":"#0"}}},{"from":[5,14,13.5],"to":[11,18,14.5],"faces":{"down":{"uv":[13.5,11.75,12,12],"texture":"#0"},"up":{"uv":[10,3.5,8.5,3.25],"texture":"#0"},"north":{"uv":[0,7.25,1.5,8.25],"texture":"#0"},"south":{"uv":[5.5,7.25,7,8.25],"texture":"#0"},"west":{"uv":[10.25,8.5,10.5,9.5],"texture":"#0"},"east":{"uv":[10.25,1.75,10.5,2.75],"texture":"#0"}}},{"from":[2,14,13.5],"to":[3,30,14.5],"faces":{"down":{"uv":[9.5,4.5,9.25,4.75],"texture":"#0"},"up":{"uv":[8,3.5,7.75,3.25],"texture":"#0"},"north":{"uv":[4.25,8,4.5,12],"texture":"#0"},"south":{"uv":[6.5,8.25,6.75,12.25],"texture":"#0"},"west":{"uv":[6.75,8.25,7,12.25],"texture":"#0"},"east":{"uv":[6.25,8.25,6.5,12.25],"texture":"#0"}}},{"from":[13,14,13.5],"to":[14,30,14.5],"faces":{"down":{"uv":[10.25,2.5,10,2.75],"texture":"#0"},"up":{"uv":[10,6.75,9.75,6.5],"texture":"#0"},"north":{"uv":[8.5,8.5,8.75,12.5],"texture":"#0"},"south":{"uv":[9,8.5,9.25,12.5],"texture":"#0"},"west":{"uv":[9.25,8.5,9.5,12.5],"texture":"#0"},"east":{"uv":[8.75,8.5,9,12.5],"texture":"#0"}}},{"from":[3.5,10.925,3],"to":[12.5,12.925,13],"faces":{"down":{"uv":[4.5,3.25,2.25,5.75],"texture":"#0"},"up":{"uv":[2.25,5.75,0,3.25],"texture":"#0"},"north":{"uv":[7.5,6.5,9.75,7],"texture":"#0"},"south":{"uv":[7.75,3.5,10,4],"texture":"#0"},"west":{"uv":[7.5,6,10,6.5],"texture":"#0"},"east":{"uv":[7.5,5.5,10,6],"texture":"#0"}}},{"from":[2,9,2],"to":[14,12,15],"faces":{"down":{"uv":[6,0,3,3.25],"texture":"#0"},"up":{"uv":[3,3.25,0,0],"texture":"#0"},"north":{"uv":[1.5,5.75,4.5,6.5],"texture":"#0"},"south":{"uv":[6,0,9,0.75],"texture":"#0"},"west":{"uv":[4.5,4,7.75,4.75],"texture":"#0"},"east":{"uv":[4.5,3.25,7.75,4],"texture":"#0"}}},{"from":[1,8,13],"to":[4,14,16],"faces":{"down":{"uv":[11.75,5,11,5.75],"texture":"#0"},"up":{"uv":[11.75,5,11,4.25],"texture":"#0"},"north":{"uv":[2,8,2.75,9.5],"texture":"#0"},"south":{"uv":[3.5,8,4.25,9.5],"texture":"#0"},"west":{"uv":[7,8,7.75,9.5],"texture":"#0"},"east":{"uv":[2.75,8,3.5,9.5],"texture":"#0"}}},{"from":[1,8,1],"to":[4,13,4],"faces":{"down":{"uv":[11.75,6.5,11,7.25],"texture":"#0"},"up":{"uv":[11.75,6.5,11,5.75],"texture":"#0"},"north":{"uv":[9.5,0,10.25,1.25],"texture":"#0"},"south":{"uv":[2,9.5,2.75,10.75],"texture":"#0"},"west":{"uv":[2.75,9.5,3.5,10.75],"texture":"#0"},"east":{"uv":[9.5,1.25,10.25,2.5],"texture":"#0"}}},{"from":[12,8,1],"to":[15,13,4],"faces":{"down":{"uv":[11.75,8,11,8.75],"texture":"#0"},"up":{"uv":[11.75,8,11,7.25],"texture":"#0"},"north":{"uv":[3.5,9.5,4.25,10.75],"texture":"#0"},"south":{"uv":[7.75,9.5,8.5,10.75],"texture":"#0"},"west":{"uv":[9.5,8.5,10.25,9.75],"texture":"#0"},"east":{"uv":[7,9.5,7.75,10.75],"texture":"#0"}}},{"from":[12,8,13],"to":[15,14,16],"faces":{"down":{"uv":[11.75,9.5,11,10.25],"texture":"#0"},"up":{"uv":[11.75,9.5,11,8.75],"texture":"#0"},"north":{"uv":[7.75,8,8.5,9.5],"texture":"#0"},"south":{"uv":[0.75,8.25,1.5,9.75],"texture":"#0"},"west":{"uv":[5.5,8.25,6.25,9.75],"texture":"#0"},"east":{"uv":[0,8.25,0.75,9.75],"texture":"#0"}}},{"from":[4,10,13],"to":[12,14,16],"faces":{"down":{"uv":[9.5,4.75,7.5,5.5],"texture":"#0"},"up":{"uv":[9,8,7,7.25],"texture":"#0"},"north":{"uv":[6,0.75,8,1.75],"texture":"#0"},"south":{"uv":[6,1.75,8,2.75],"texture":"#0"},"west":{"uv":[7,10.75,7.75,11.75],"texture":"#0"},"east":{"uv":[3.5,10.75,4.25,11.75],"texture":"#0"}}},{"from":[12.5,2,1.5],"to":[14.5,9,3.5],"faces":{"down":{"uv":[13,1,12.5,1.5],"texture":"#0"},"up":{"uv":[13,1,12.5,0.5],"texture":"#0"},"north":{"uv":[9.5,9.75,10,11.5],"texture":"#0"},"south":{"uv":[10,5,10.5,6.75],"texture":"#0"},"west":{"uv":[10,9.75,10.5,11.5],"texture":"#0"},"east":{"uv":[10,3.25,10.5,5],"texture":"#0"}}},{"from":[1.5,2,1.5],"to":[3.5,9,3.5],"faces":{"down":{"uv":[12.5,1,13,1.5],"texture":"#0"},"up":{"uv":[12.5,1,13,0.5],"texture":"#0"},"north":{"uv":[10,9.75,9.5,11.5],"texture":"#0"},"south":{"uv":[10.5,5,10,6.75],"texture":"#0"},"west":{"uv":[10.5,3.25,10,5],"texture":"#0"},"east":{"uv":[10.5,9.75,10,11.5],"texture":"#0"}}},{"from":[1.5,2,12.5],"to":[3.5,9,14.5],"faces":{"down":{"uv":[12.5,1.5,13,1],"texture":"#0"},"up":{"uv":[12.5,0.5,13,1],"texture":"#0"},"north":{"uv":[10,5,10.5,6.75],"texture":"#0"},"south":{"uv":[9.5,9.75,10,11.5],"texture":"#0"},"west":{"uv":[10,3.25,10.5,5],"texture":"#0"},"east":{"uv":[10,9.75,10.5,11.5],"texture":"#0"}}},{"from":[12.5,2,12.5],"to":[14.5,9,14.5],"faces":{"down":{"uv":[13,1.5,12.5,1],"texture":"#0"},"up":{"uv":[13,0.5,12.5,1],"texture":"#0"},"north":{"uv":[10.5,5,10,6.75],"texture":"#0"},"south":{"uv":[10,9.75,9.5,11.5],"texture":"#0"},"west":{"uv":[10.5,9.75,10,11.5],"texture":"#0"},"east":{"uv":[10.5,3.25,10,5],"texture":"#0"}}},{"from":[12,0,1],"to":[15,2,4],"faces":{"down":{"uv":[12.25,2.25,11.5,3],"texture":"#0"},"up":{"uv":[12.25,2.25,11.5,1.5],"texture":"#0"},"north":{"uv":[6.25,12.25,7,12.75],"texture":"#0"},"south":{"uv":[12.25,7,13,7.5],"texture":"#0"},"west":{"uv":[12.25,7.5,13,8],"texture":"#0"},"east":{"uv":[12.25,6.5,13,7],"texture":"#0"}}},{"from":[1,0,1],"to":[4,2,4],"faces":{"down":{"uv":[11.5,2.25,12.25,3],"texture":"#0"},"up":{"uv":[11.5,2.25,12.25,1.5],"texture":"#0"},"north":{"uv":[7,12.25,6.25,12.75],"texture":"#0"},"south":{"uv":[13,7,12.25,7.5],"texture":"#0"},"west":{"uv":[13,6.5,12.25,7],"texture":"#0"},"east":{"uv":[13,7.5,12.25,8],"texture":"#0"}}},{"from":[1,0,12],"to":[4,2,15],"faces":{"down":{"uv":[11.5,3,12.25,2.25],"texture":"#0"},"up":{"uv":[11.5,1.5,12.25,2.25],"texture":"#0"},"north":{"uv":[12.25,7,13,7.5],"texture":"#0"},"south":{"uv":[6.25,12.25,7,12.75],"texture":"#0"},"west":{"uv":[12.25,6.5,13,7],"texture":"#0"},"east":{"uv":[12.25,7.5,13,8],"texture":"#0"}}},{"from":[12,0,12],"to":[15,2,15],"faces":{"down":{"uv":[12.25,3,11.5,2.25],"texture":"#0"},"up":{"uv":[12.25,1.5,11.5,2.25],"texture":"#0"},"north":{"uv":[13,7,12.25,7.5],"texture":"#0"},"south":{"uv":[7,12.25,6.25,12.75],"texture":"#0"},"west":{"uv":[13,7.5,12.25,8],"texture":"#0"},"east":{"uv":[13,6.5,12.25,7],"texture":"#0"}}}],"display":{"thirdperson_righthand":{"rotation":[75,45,0],"translation":[0,2.5,0],"scale":[0.375,0.375,0.375]},"thirdperson_lefthand":{"rotation":[75,45,0],"translation":[0,2.5,0],"scale":[0.375,0.375,0.375]},"firstperson_righthand":{"rotation":[0,100,0],"scale":[0.4,0.4,0.4]},"firstperson_lefthand":{"rotation":[0,100,0],"scale":[0.4,0.4,0.4]},"gui":{"rotation":[30,-157.75,0],"translation":[0,-2.5,0],"scale":[0.39258,0.39258,0.39258]},"ground":{"translation":[0,3,0],"scale":[0.25,0.25,0.25]},"fixed":{"rotation":[-90,0,0],"translation":[0,0,-14],"scale":[1.8,1.8,1.8]}}}