{"texture_size":[64,64],"textures":{"7":"paper/candlefire","8":"paper/chandelier"},"elements":[{"from":[17.5,-14,3.2],"to":[19.5,-12,12.8],"rotation":{"angle":0,"axis":"y","origin":[8,-13,8]},"faces":{"north":{"uv":[9.75,11,10.25,11.5],"texture":"#8"},"east":{"uv":[3,5,5.375,5.5],"texture":"#8"},"south":{"uv":[11,9.75,11.5,10.25],"texture":"#8"},"west":{"uv":[5,3,7.375,3.5],"texture":"#8"},"up":{"uv":[0.5,7.875,0,5.5],"texture":"#8"},"down":{"uv":[1,5.5,0.5,7.875],"texture":"#8"}}},{"from":[3.2,-14,17.5],"to":[12.8,-12,19.5],"rotation":{"angle":0,"axis":"y","origin":[8,-13,8]},"faces":{"north":{"uv":[6,1.5,8.375,2],"texture":"#8"},"east":{"uv":[11.25,1,11.75,1.5],"texture":"#8"},"south":{"uv":[6,2,8.375,2.5],"texture":"#8"},"west":{"uv":[1.5,11.25,2,11.75],"texture":"#8"},"up":{"uv":[8.375,3,6,2.5],"texture":"#8"},"down":{"uv":[5.375,6,3,6.5],"texture":"#8"}}},{"from":[6.5,-12,17.5],"to":[9.5,-11,20.5],"rotation":{"angle":-45,"axis":"y","origin":[8,-9.5,8]},"faces":{"north":{"uv":[8.5,2.75,9.25,3],"texture":"#8"},"east":{"uv":[9.25,2.75,10,3],"texture":"#8"},"south":{"uv":[11.5,10.5,12.25,10.75],"texture":"#8"},"west":{"uv":[11.5,10.75,12.25,11],"texture":"#8"},"up":{"uv":[9.5,4.75,8.75,4],"texture":"#8"},"down":{"uv":[9.5,8.5,8.75,9.25],"texture":"#8"}}},{"from":[8,-16,17.5],"to":[8,-11,22.5],"rotation":{"angle":-45,"axis":"y","origin":[8,-9.5,8]},"faces":{"north":{"uv":[0,0,0,1.25],"texture":"#8"},"east":{"uv":[0,0,1.25,1.25],"texture":"#8"},"south":{"uv":[0,0,0,1.25],"texture":"#8"},"west":{"uv":[0,1.25,1.25,2.5],"texture":"#8"},"up":{"uv":[0,1.25,0,0],"texture":"#8"},"down":{"uv":[0,0,0,1.25],"texture":"#8"}}},{"from":[6.5,-12,-4.5],"to":[9.5,-11,-1.5],"rotation":{"angle":-45,"axis":"y","origin":[8,-9.5,8]},"faces":{"north":{"uv":[11.5,11,12.25,11.25],"texture":"#8"},"east":{"uv":[11.75,4.5,12.5,4.75],"texture":"#8"},"south":{"uv":[4.75,11.75,5.5,12],"texture":"#8"},"west":{"uv":[11.75,4.75,12.5,5],"texture":"#8"},"up":{"uv":[9.75,1.75,9,1],"texture":"#8"},"down":{"uv":[2.25,9,1.5,9.75],"texture":"#8"}}},{"from":[8,-16,-6.5],"to":[8,-11,-1.5],"rotation":{"angle":-45,"axis":"y","origin":[8,-9.5,8]},"faces":{"north":{"uv":[0,0,0,1.25],"texture":"#8"},"east":{"uv":[1.25,0,2.5,1.25],"texture":"#8"},"south":{"uv":[0,0,0,1.25],"texture":"#8"},"west":{"uv":[1.25,1.25,2.5,2.5],"texture":"#8"},"up":{"uv":[0,1.25,0,0],"texture":"#8"},"down":{"uv":[0,0,0,1.25],"texture":"#8"}}},{"from":[17.5,-12,6.5],"to":[20.5,-11,9.5],"rotation":{"angle":-45,"axis":"y","origin":[8,-9.5,8]},"faces":{"north":{"uv":[11.75,5.75,12.5,6],"texture":"#8"},"east":{"uv":[11.75,6,12.5,6.25],"texture":"#8"},"south":{"uv":[6.25,11.75,7,12],"texture":"#8"},"west":{"uv":[11.75,6.25,12.5,6.5],"texture":"#8"},"up":{"uv":[7.25,9.75,6.5,9],"texture":"#8"},"down":{"uv":[9.5,8.5,8.75,9.25],"texture":"#8"}}},{"from":[17.5,-16,8],"to":[22.5,-11,8],"rotation":{"angle":-45,"axis":"y","origin":[8,-9.5,8]},"faces":{"north":{"uv":[1.25,2.5,2.5,3.75],"texture":"#8"},"east":{"uv":[0,0,0,1.25],"texture":"#8"},"south":{"uv":[2.5,1.25,3.75,2.5],"texture":"#8"},"west":{"uv":[0,0,0,1.25],"texture":"#8"},"up":{"uv":[1.25,0,0,0],"texture":"#8"},"down":{"uv":[1.25,0,0,0],"texture":"#8"}}},{"from":[11.8,-1.6,6.5],"to":[14.8,-0.6,9.5],"rotation":{"angle":-45,"axis":"y","origin":[8,-9.5,8]},"faces":{"north":{"uv":[11.75,6.5,12.5,6.75],"texture":"#8"},"east":{"uv":[11.75,6.75,12.5,7],"texture":"#8"},"south":{"uv":[7,11.75,7.75,12],"texture":"#8"},"west":{"uv":[11.75,7,12.5,7.25],"texture":"#8"},"up":{"uv":[8.75,9.75,8,9],"texture":"#8"},"down":{"uv":[10,6.25,9.25,5.5],"texture":"#8"}}},{"from":[11.8,-5.6,8],"to":[16.8,-0.6,8],"rotation":{"angle":-45,"axis":"y","origin":[8,-9.5,8]},"faces":{"north":{"uv":[2.5,2.5,3.75,3.75],"texture":"#8"},"east":{"uv":[0,0,0,1.25],"texture":"#8"},"south":{"uv":[0,3.75,1.25,5],"texture":"#8"},"west":{"uv":[0,0,0,1.25],"texture":"#8"},"up":{"uv":[1.25,0,0,0],"texture":"#8"},"down":{"uv":[1.25,0,0,0],"texture":"#8"}}},{"from":[8,-5.6,11.8],"to":[8,-0.6,16.8],"rotation":{"angle":-45,"axis":"y","origin":[8,-9.5,8]},"faces":{"north":{"uv":[0,0,0,1.25],"texture":"#8"},"east":{"uv":[3.75,0,5,1.25],"texture":"#8"},"south":{"uv":[0,0,0,1.25],"texture":"#8"},"west":{"uv":[1.25,3.75,2.5,5],"texture":"#8"},"up":{"uv":[0,1.25,0,0],"texture":"#8"},"down":{"uv":[0,0,0,1.25],"texture":"#8"}}},{"from":[6.5,-1.6,11.8],"to":[9.5,-0.6,14.8],"rotation":{"angle":-45,"axis":"y","origin":[8,-9.5,8]},"faces":{"north":{"uv":[11.75,7.25,12.5,7.5],"texture":"#8"},"east":{"uv":[11.75,7.5,12.5,7.75],"texture":"#8"},"south":{"uv":[11.75,7.75,12.5,8],"texture":"#8"},"west":{"uv":[11.75,8,12.5,8.25],"texture":"#8"},"up":{"uv":[4,10,3.25,9.25],"texture":"#8"},"down":{"uv":[10,4.75,9.25,5.5],"texture":"#8"}}},{"from":[-0.8,-5.6,8],"to":[4.2,-0.6,8],"rotation":{"angle":-45,"axis":"y","origin":[8,-9.5,8]},"faces":{"north":{"uv":[3.75,1.25,5,2.5],"texture":"#8"},"east":{"uv":[0,0,0,1.25],"texture":"#8"},"south":{"uv":[2.5,3.75,3.75,5],"texture":"#8"},"west":{"uv":[0,0,0,1.25],"texture":"#8"},"up":{"uv":[1.25,0,0,0],"texture":"#8"},"down":{"uv":[1.25,0,0,0],"texture":"#8"}}},{"from":[1.2,-1.6,6.5],"to":[4.2,-0.6,9.5],"rotation":{"angle":-45,"axis":"y","origin":[8,-9.5,8]},"faces":{"north":{"uv":[11.75,8.25,12.5,8.5],"texture":"#8"},"east":{"uv":[11.75,8.5,12.5,8.75],"texture":"#8"},"south":{"uv":[11.75,8.75,12.5,9],"texture":"#8"},"west":{"uv":[11.75,9,12.5,9.25],"texture":"#8"},"up":{"uv":[10,6.25,9.25,5.5],"texture":"#8"},"down":{"uv":[10,6.25,9.25,5.5],"texture":"#8"}}},{"from":[8,-5.6,-0.8],"to":[8,-0.6,4.2],"rotation":{"angle":-45,"axis":"y","origin":[8,-9.5,8]},"faces":{"north":{"uv":[0,0,0,1.25],"texture":"#8"},"east":{"uv":[3.75,2.5,5,3.75],"texture":"#8"},"south":{"uv":[0,0,0,1.25],"texture":"#8"},"west":{"uv":[3.75,3.75,5,5],"texture":"#8"},"up":{"uv":[0,1.25,0,0],"texture":"#8"},"down":{"uv":[0,0,0,1.25],"texture":"#8"}}},{"from":[6.5,-1.6,1.2],"to":[9.5,-0.6,4.2],"rotation":{"angle":-45,"axis":"y","origin":[8,-9.5,8]},"faces":{"north":{"uv":[11.75,9.25,12.5,9.5],"texture":"#8"},"east":{"uv":[11.75,9.5,12.5,9.75],"texture":"#8"},"south":{"uv":[11.75,9.75,12.5,10],"texture":"#8"},"west":{"uv":[11.75,10,12.5,10.25],"texture":"#8"},"up":{"uv":[10,7.75,9.25,7],"texture":"#8"},"down":{"uv":[9.5,9.25,8.75,10],"texture":"#8"}}},{"from":[-4.5,-12,6.5],"to":[-1.5,-11,9.5],"rotation":{"angle":-45,"axis":"y","origin":[8,-9.5,8]},"faces":{"north":{"uv":[11.75,5,12.5,5.25],"texture":"#8"},"east":{"uv":[11.75,5.25,12.5,5.5],"texture":"#8"},"south":{"uv":[5.5,11.75,6.25,12],"texture":"#8"},"west":{"uv":[11.75,5.5,12.5,5.75],"texture":"#8"},"up":{"uv":[5.75,9.75,5,9],"texture":"#8"},"down":{"uv":[6.5,9,5.75,9.75],"texture":"#8"}}},{"from":[-6.5,-16,8],"to":[-1.5,-11,8],"rotation":{"angle":-45,"axis":"y","origin":[8,-9.5,8]},"faces":{"north":{"uv":[0,2.5,1.25,3.75],"texture":"#8"},"east":{"uv":[0,0,0,1.25],"texture":"#8"},"south":{"uv":[2.5,0,3.75,1.25],"texture":"#8"},"west":{"uv":[0,0,0,1.25],"texture":"#8"},"up":{"uv":[1.25,0,0,0],"texture":"#8"},"down":{"uv":[1.25,0,0,0],"texture":"#8"}}},{"from":[3.2,-14,-3.5],"to":[12.8,-12,-1.5],"rotation":{"angle":0,"axis":"y","origin":[8,-13,8]},"faces":{"north":{"uv":[5.5,5,7.875,5.5],"texture":"#8"},"east":{"uv":[11.25,0.5,11.75,1],"texture":"#8"},"south":{"uv":[5.5,5.5,7.875,6],"texture":"#8"},"west":{"uv":[1,11.25,1.5,11.75],"texture":"#8"},"up":{"uv":[8.375,1,6,0.5],"texture":"#8"},"down":{"uv":[8.375,1,6,1.5],"texture":"#8"}}},{"from":[-3.5,-14,3.2],"to":[-1.5,-12,12.8],"rotation":{"angle":0,"axis":"y","origin":[8,-13,8]},"faces":{"north":{"uv":[11.25,0.5,11.75,1],"texture":"#8"},"east":{"uv":[5.5,5.5,7.875,6],"texture":"#8"},"south":{"uv":[1,11.25,1.5,11.75],"texture":"#8"},"west":{"uv":[5.5,5,7.875,5.5],"texture":"#8"},"up":{"uv":[8.375,1,6,0.5],"rotation":270,"texture":"#8"},"down":{"uv":[8.375,1,6,1.5],"rotation":90,"texture":"#8"}}},{"from":[3.2,-13.99,17.5],"to":[12.8,-12.04,19.5],"rotation":{"angle":-45,"axis":"y","origin":[8,-13,8]},"faces":{"north":{"uv":[5.5,7,7.875,7.5],"texture":"#8"},"east":{"uv":[2.5,11.25,3,11.75],"texture":"#8"},"south":{"uv":[7.5,0,9.875,0.5],"texture":"#8"},"west":{"uv":[4,11.25,4.5,11.75],"texture":"#8"},"up":{"uv":[4.875,8,2.5,7.5],"texture":"#8"},"down":{"uv":[9.875,3,7.5,3.5],"texture":"#8"}}},{"from":[3.2,-13.99,-3.5],"to":[12.8,-12.04,-1.5],"rotation":{"angle":-45,"axis":"y","origin":[8,-13,8]},"faces":{"north":{"uv":[5.5,6,7.875,6.5],"texture":"#8"},"east":{"uv":[11.25,1.5,11.75,2],"texture":"#8"},"south":{"uv":[3,6.5,5.375,7],"texture":"#8"},"west":{"uv":[2,11.25,2.5,11.75],"texture":"#8"},"up":{"uv":[7.875,7,5.5,6.5],"texture":"#8"},"down":{"uv":[5.375,7,3,7.5],"texture":"#8"}}},{"from":[17.5,-13.99,3.2],"to":[19.5,-12.04,12.8],"rotation":{"angle":-45,"axis":"y","origin":[8,-13,8]},"faces":{"north":{"uv":[2,11.25,2.5,11.75],"texture":"#8"},"east":{"uv":[5.5,6,7.875,6.5],"texture":"#8"},"south":{"uv":[11.25,1.5,11.75,2],"texture":"#8"},"west":{"uv":[3,6.5,5.375,7],"texture":"#8"},"up":{"uv":[7.875,7,5.5,6.5],"rotation":90,"texture":"#8"},"down":{"uv":[5.375,7,3,7.5],"rotation":270,"texture":"#8"}}},{"from":[-3.5,-13.99,3.2],"to":[-1.5,-12.04,12.8],"rotation":{"angle":-45,"axis":"y","origin":[8,-13,8]},"faces":{"north":{"uv":[4,11.25,4.5,11.75],"texture":"#8"},"east":{"uv":[5.5,7,7.875,7.5],"texture":"#8"},"south":{"uv":[2.5,11.25,3,11.75],"texture":"#8"},"west":{"uv":[7.5,0,9.875,0.5],"texture":"#8"},"up":{"uv":[4.875,8,2.5,7.5],"rotation":90,"texture":"#8"},"down":{"uv":[9.875,3,7.5,3.5],"rotation":270,"texture":"#8"}}},{"from":[5.6,-3.5,2.25],"to":[10.4,-1.5,4.25],"rotation":{"angle":0,"axis":"y","origin":[8,-3,8]},"faces":{"north":{"uv":[5,8.5,6.25,9],"texture":"#8"},"east":{"uv":[11.5,3,12,3.5],"texture":"#8"},"south":{"uv":[6.25,8.5,7.5,9],"texture":"#8"},"west":{"uv":[3.5,11.5,4,12],"texture":"#8"},"up":{"uv":[8.75,9,7.5,8.5],"texture":"#8"},"down":{"uv":[10,3.5,8.75,4],"texture":"#8"}}},{"from":[5.6,-3.495,11.75],"to":[10.4,-1.52,13.75],"rotation":{"angle":-45,"axis":"y","origin":[8,-3,8]},"faces":{"north":{"uv":[8,6,9.25,6.5],"texture":"#8"},"east":{"uv":[10.75,11.25,11.25,11.75],"texture":"#8"},"south":{"uv":[8,6.5,9.25,7],"texture":"#8"},"west":{"uv":[11.25,11.25,11.75,11.75],"texture":"#8"},"up":{"uv":[8.25,8.5,7,8],"texture":"#8"},"down":{"uv":[9.25,7,8,7.5],"texture":"#8"}}},{"from":[2.25,-3.495,5.6],"to":[4.25,-1.52,10.4],"rotation":{"angle":-45,"axis":"y","origin":[8,-3,8]},"faces":{"north":{"uv":[11.25,11.25,11.75,11.75],"texture":"#8"},"east":{"uv":[8,6,9.25,6.5],"texture":"#8"},"south":{"uv":[10.75,11.25,11.25,11.75],"texture":"#8"},"west":{"uv":[8,6.5,9.25,7],"texture":"#8"},"up":{"uv":[8.25,8.5,7,8],"rotation":90,"texture":"#8"},"down":{"uv":[9.25,7,8,7.5],"rotation":270,"texture":"#8"}}},{"from":[5.6,-3.495,11.75],"to":[10.4,-1.52,13.75],"rotation":{"angle":45,"axis":"y","origin":[8,-3,8]},"faces":{"north":{"uv":[8,6,9.25,6.5],"texture":"#8"},"east":{"uv":[10.75,11.25,11.25,11.75],"texture":"#8"},"south":{"uv":[8,6.5,9.25,7],"texture":"#8"},"west":{"uv":[11.25,11.25,11.75,11.75],"texture":"#8"},"up":{"uv":[8.25,8.5,7,8],"texture":"#8"},"down":{"uv":[9.25,7,8,7.5],"texture":"#8"}}},{"from":[5.6,-3.5,11.75],"to":[10.4,-1.5,13.75],"rotation":{"angle":0,"axis":"y","origin":[8,-3,8]},"faces":{"north":{"uv":[4.5,8,5.75,8.5],"texture":"#8"},"east":{"uv":[7.5,11.25,8,11.75],"texture":"#8"},"south":{"uv":[8,5,9.25,5.5],"texture":"#8"},"west":{"uv":[10.25,11.25,10.75,11.75],"texture":"#8"},"up":{"uv":[9.25,6,8,5.5],"texture":"#8"},"down":{"uv":[7,8,5.75,8.5],"texture":"#8"}}},{"from":[2.25,-3.5,5.6],"to":[4.25,-1.5,10.4],"rotation":{"angle":0,"axis":"y","origin":[8,-3,8]},"faces":{"north":{"uv":[10.25,11.25,10.75,11.75],"texture":"#8"},"east":{"uv":[4.5,8,5.75,8.5],"texture":"#8"},"south":{"uv":[7.5,11.25,8,11.75],"texture":"#8"},"west":{"uv":[8,5,9.25,5.5],"texture":"#8"},"up":{"uv":[9.25,6,8,5.5],"rotation":90,"texture":"#8"},"down":{"uv":[7,8,5.75,8.5],"rotation":270,"texture":"#8"}}},{"from":[11.75,-3.5,5.6],"to":[13.75,-1.5,10.4],"rotation":{"angle":0,"axis":"y","origin":[8,-3,8]},"faces":{"north":{"uv":[5.5,11.25,6,11.75],"texture":"#8"},"east":{"uv":[6.25,7.5,7.5,8],"texture":"#8"},"south":{"uv":[6,11.25,6.5,11.75],"texture":"#8"},"west":{"uv":[7.5,7.5,8.75,8],"texture":"#8"},"up":{"uv":[0.5,9.25,0,8],"texture":"#8"},"down":{"uv":[1,8,0.5,9.25],"texture":"#8"}}},{"from":[5.6,-3.495,2.25],"to":[10.4,-1.52,4.25],"rotation":{"angle":-45,"axis":"y","origin":[8,-3,8]},"faces":{"north":{"uv":[7.5,3.5,8.75,4],"texture":"#8"},"east":{"uv":[4.5,11.25,5,11.75],"texture":"#8"},"south":{"uv":[7.5,4,8.75,4.5],"texture":"#8"},"west":{"uv":[5,11.25,5.5,11.75],"texture":"#8"},"up":{"uv":[8.75,5,7.5,4.5],"texture":"#8"},"down":{"uv":[6.25,7.5,5,8],"texture":"#8"}}},{"from":[7.2,-15.28386,15.00909],"to":[8.8,-12.28386,15.00909],"rotation":{"angle":-22.5,"axis":"x","origin":[8,-7.3806,8]},"faces":{"north":{"uv":[9.5,4,9.875,4.75],"texture":"#8"},"east":{"uv":[0,0,0,0.75],"texture":"#8"},"south":{"uv":[9.5,7.75,9.875,8.5],"texture":"#8"},"west":{"uv":[0,0,0,0.75],"texture":"#8"},"up":{"uv":[0.375,0,0,0],"texture":"#8"},"down":{"uv":[0.375,0,0,0],"texture":"#8"}}},{"from":[8,-13.78386,14.20909],"to":[8,-10.78386,15.80909],"rotation":{"angle":-22.5,"axis":"x","origin":[8,-7.3806,8]},"faces":{"north":{"uv":[0,0,0,0.75],"texture":"#8"},"east":{"uv":[9.5,8.5,9.875,9.25],"texture":"#8"},"south":{"uv":[0,0,0,0.75],"texture":"#8"},"west":{"uv":[9.5,9.25,9.875,10],"texture":"#8"},"up":{"uv":[0,0.375,0,0],"texture":"#8"},"down":{"uv":[0,0,0,0.375],"texture":"#8"}}},{"from":[7.2,-11.78386,15.00909],"to":[8.8,-8.78386,15.00909],"rotation":{"angle":-22.5,"axis":"x","origin":[8,-7.3806,8]},"faces":{"north":{"uv":[9.75,0.5,10.125,1.25],"texture":"#8"},"east":{"uv":[0,0,0,0.75],"texture":"#8"},"south":{"uv":[0.75,9.75,1.125,10.5],"texture":"#8"},"west":{"uv":[0,0,0,0.75],"texture":"#8"},"up":{"uv":[0.375,0,0,0],"texture":"#8"},"down":{"uv":[0.375,0,0,0],"texture":"#8"}}},{"from":[8,-10.28386,14.20909],"to":[8,-7.28386,15.80909],"rotation":{"angle":-22.5,"axis":"x","origin":[8,-7.3806,8]},"faces":{"north":{"uv":[0,0,0,0.75],"texture":"#8"},"east":{"uv":[1.25,9.75,1.625,10.5],"texture":"#8"},"south":{"uv":[0,0,0,0.75],"texture":"#8"},"west":{"uv":[9.75,1.25,10.125,2],"texture":"#8"},"up":{"uv":[0,0.375,0,0],"texture":"#8"},"down":{"uv":[0,0,0,0.375],"texture":"#8"}}},{"from":[7.2,-8.28386,15.00909],"to":[8.8,-5.28386,15.00909],"rotation":{"angle":-22.5,"axis":"x","origin":[8,-7.3806,8]},"faces":{"north":{"uv":[1.75,9.75,2.125,10.5],"texture":"#8"},"east":{"uv":[0,0,0,0.75],"texture":"#8"},"south":{"uv":[9.75,2,10.125,2.75],"texture":"#8"},"west":{"uv":[0,0,0,0.75],"texture":"#8"},"up":{"uv":[0.375,0,0,0],"texture":"#8"},"down":{"uv":[0.375,0,0,0],"texture":"#8"}}},{"from":[7.2,-8.28386,0.99091],"to":[8.8,-5.28386,0.99091],"rotation":{"angle":22.5,"axis":"x","origin":[8,-7.3806,8]},"faces":{"north":{"uv":[2.25,9.75,2.625,10.5],"texture":"#8"},"east":{"uv":[0,0,0,0.75],"texture":"#8"},"south":{"uv":[2.75,9.75,3.125,10.5],"texture":"#8"},"west":{"uv":[0,0,0,0.75],"texture":"#8"},"up":{"uv":[0.375,0,0,0],"texture":"#8"},"down":{"uv":[0.375,0,0,0],"texture":"#8"}}},{"from":[8,-10.28386,0.19091],"to":[8,-7.28386,1.79091],"rotation":{"angle":22.5,"axis":"x","origin":[8,-7.3806,8]},"faces":{"north":{"uv":[0,0,0,0.75],"texture":"#8"},"east":{"uv":[4.5,9.75,4.875,10.5],"texture":"#8"},"south":{"uv":[0,0,0,0.75],"texture":"#8"},"west":{"uv":[5,9.75,5.375,10.5],"texture":"#8"},"up":{"uv":[0,0.375,0,0],"texture":"#8"},"down":{"uv":[0,0,0,0.375],"texture":"#8"}}},{"from":[7.2,-11.78386,0.99091],"to":[8.8,-8.78386,0.99091],"rotation":{"angle":22.5,"axis":"x","origin":[8,-7.3806,8]},"faces":{"north":{"uv":[5.5,9.75,5.875,10.5],"texture":"#8"},"east":{"uv":[0,0,0,0.75],"texture":"#8"},"south":{"uv":[6,9.75,6.375,10.5],"texture":"#8"},"west":{"uv":[0,0,0,0.75],"texture":"#8"},"up":{"uv":[0.375,0,0,0],"texture":"#8"},"down":{"uv":[0.375,0,0,0],"texture":"#8"}}},{"from":[8,-13.78386,0.19091],"to":[8,-10.78386,1.79091],"rotation":{"angle":22.5,"axis":"x","origin":[8,-7.3806,8]},"faces":{"north":{"uv":[0,0,0,0.75],"texture":"#8"},"east":{"uv":[6.5,9.75,6.875,10.5],"texture":"#8"},"south":{"uv":[0,0,0,0.75],"texture":"#8"},"west":{"uv":[7,9.75,7.375,10.5],"texture":"#8"},"up":{"uv":[0,0.375,0,0],"texture":"#8"},"down":{"uv":[0,0,0,0.375],"texture":"#8"}}},{"from":[7.2,-15.28386,0.99091],"to":[8.8,-12.28386,0.99091],"rotation":{"angle":22.5,"axis":"x","origin":[8,-7.3806,8]},"faces":{"north":{"uv":[7.5,9.75,7.875,10.5],"texture":"#8"},"east":{"uv":[0,0,0,0.75],"texture":"#8"},"south":{"uv":[8,9.75,8.375,10.5],"texture":"#8"},"west":{"uv":[0,0,0,0.75],"texture":"#8"},"up":{"uv":[0.375,0,0,0],"texture":"#8"},"down":{"uv":[0.375,0,0,0],"texture":"#8"}}},{"from":[0.99091,-15.28386,7.2],"to":[0.99091,-12.28386,8.8],"rotation":{"angle":-22.5,"axis":"z","origin":[8,-7.3806,8]},"faces":{"north":{"uv":[0,0,0,0.75],"texture":"#8"},"east":{"uv":[0,10,0.375,10.75],"texture":"#8"},"south":{"uv":[0,0,0,0.75],"texture":"#8"},"west":{"uv":[10,2.75,10.375,3.5],"texture":"#8"},"up":{"uv":[0,0.375,0,0],"texture":"#8"},"down":{"uv":[0,0,0,0.375],"texture":"#8"}}},{"from":[0.19091,-13.78386,8],"to":[1.79091,-10.78386,8],"rotation":{"angle":-22.5,"axis":"z","origin":[8,-7.3806,8]},"faces":{"north":{"uv":[3.25,10,3.625,10.75],"texture":"#8"},"east":{"uv":[0,0,0,0.75],"texture":"#8"},"south":{"uv":[10,3.5,10.375,4.25],"texture":"#8"},"west":{"uv":[0,0,0,0.75],"texture":"#8"},"up":{"uv":[0.375,0,0,0],"texture":"#8"},"down":{"uv":[0.375,0,0,0],"texture":"#8"}}},{"from":[0.99091,-11.78386,7.2],"to":[0.99091,-8.78386,8.8],"rotation":{"angle":-22.5,"axis":"z","origin":[8,-7.3806,8]},"faces":{"north":{"uv":[0,0,0,0.75],"texture":"#8"},"east":{"uv":[3.75,10,4.125,10.75],"texture":"#8"},"south":{"uv":[0,0,0,0.75],"texture":"#8"},"west":{"uv":[10,4.25,10.375,5],"texture":"#8"},"up":{"uv":[0,0.375,0,0],"texture":"#8"},"down":{"uv":[0,0,0,0.375],"texture":"#8"}}},{"from":[0.19091,-10.28386,8],"to":[1.79091,-7.28386,8],"rotation":{"angle":-22.5,"axis":"z","origin":[8,-7.3806,8]},"faces":{"north":{"uv":[10,5,10.375,5.75],"texture":"#8"},"east":{"uv":[0,0,0,0.75],"texture":"#8"},"south":{"uv":[10,5.75,10.375,6.5],"texture":"#8"},"west":{"uv":[0,0,0,0.75],"texture":"#8"},"up":{"uv":[0.375,0,0,0],"texture":"#8"},"down":{"uv":[0.375,0,0,0],"texture":"#8"}}},{"from":[0.99091,-8.28386,7.2],"to":[0.99091,-5.28386,8.8],"rotation":{"angle":-22.5,"axis":"z","origin":[8,-7.3806,8]},"faces":{"north":{"uv":[0,0,0,0.75],"texture":"#8"},"east":{"uv":[10,6.5,10.375,7.25],"texture":"#8"},"south":{"uv":[0,0,0,0.75],"texture":"#8"},"west":{"uv":[10,7.25,10.375,8],"texture":"#8"},"up":{"uv":[0,0.375,0,0],"texture":"#8"},"down":{"uv":[0,0,0,0.375],"texture":"#8"}}},{"from":[15.00909,-8.28386,7.2],"to":[15.00909,-5.28386,8.8],"rotation":{"angle":22.5,"axis":"z","origin":[8,-7.3806,8]},"faces":{"north":{"uv":[0,0,0,0.75],"texture":"#8"},"east":{"uv":[10,8,10.375,8.75],"texture":"#8"},"south":{"uv":[0,0,0,0.75],"texture":"#8"},"west":{"uv":[8.5,10,8.875,10.75],"texture":"#8"},"up":{"uv":[0,0.375,0,0],"texture":"#8"},"down":{"uv":[0,0,0,0.375],"texture":"#8"}}},{"from":[14.20909,-10.28386,8],"to":[15.80909,-7.28386,8],"rotation":{"angle":22.5,"axis":"z","origin":[8,-7.3806,8]},"faces":{"north":{"uv":[10,8.75,10.375,9.5],"texture":"#8"},"east":{"uv":[0,0,0,0.75],"texture":"#8"},"south":{"uv":[9,10,9.375,10.75],"texture":"#8"},"west":{"uv":[0,0,0,0.75],"texture":"#8"},"up":{"uv":[0.375,0,0,0],"texture":"#8"},"down":{"uv":[0.375,0,0,0],"texture":"#8"}}},{"from":[15.00909,-11.78386,7.2],"to":[15.00909,-8.78386,8.8],"rotation":{"angle":22.5,"axis":"z","origin":[8,-7.3806,8]},"faces":{"north":{"uv":[0,0,0,0.75],"texture":"#8"},"east":{"uv":[9.5,10,9.875,10.75],"texture":"#8"},"south":{"uv":[0,0,0,0.75],"texture":"#8"},"west":{"uv":[10,9.5,10.375,10.25],"texture":"#8"},"up":{"uv":[0,0.375,0,0],"texture":"#8"},"down":{"uv":[0,0,0,0.375],"texture":"#8"}}},{"from":[14.20909,-13.78386,8],"to":[15.80909,-10.78386,8],"rotation":{"angle":22.5,"axis":"z","origin":[8,-7.3806,8]},"faces":{"north":{"uv":[10.25,0,10.625,0.75],"texture":"#8"},"east":{"uv":[0,0,0,0.75],"texture":"#8"},"south":{"uv":[10.25,0.75,10.625,1.5],"texture":"#8"},"west":{"uv":[0,0,0,0.75],"texture":"#8"},"up":{"uv":[0.375,0,0,0],"texture":"#8"},"down":{"uv":[0.375,0,0,0],"texture":"#8"}}},{"from":[15.00909,-15.28386,7.2],"to":[15.00909,-12.28386,8.8],"rotation":{"angle":22.5,"axis":"z","origin":[8,-7.3806,8]},"faces":{"north":{"uv":[0,0,0,0.75],"texture":"#8"},"east":{"uv":[10.25,1.5,10.625,2.25],"texture":"#8"},"south":{"uv":[0,0,0,0.75],"texture":"#8"},"west":{"uv":[10,10.25,10.375,11],"texture":"#8"},"up":{"uv":[0,0.375,0,0],"texture":"#8"},"down":{"uv":[0,0,0,0.375],"texture":"#8"}}},{"from":[7.2,-4.60249,9.95031],"to":[8.8,-1.60249,9.95031],"rotation":{"angle":-45,"axis":"x","origin":[7.95,1.34782,8]},"faces":{"north":{"uv":[0.5,10.5,0.875,11.25],"texture":"#8"},"east":{"uv":[0,0,0,0.75],"texture":"#8"},"south":{"uv":[1,10.5,1.375,11.25],"texture":"#8"},"west":{"uv":[0,0,0,0.75],"texture":"#8"},"up":{"uv":[0.375,0,0,0],"texture":"#8"},"down":{"uv":[0.375,0,0,0],"texture":"#8"}}},{"from":[8,-3.10249,9.15031],"to":[8,-0.10249,10.75031],"rotation":{"angle":-45,"axis":"x","origin":[7.95,1.34782,8]},"faces":{"north":{"uv":[0,0,0,0.75],"texture":"#8"},"east":{"uv":[1.5,10.5,1.875,11.25],"texture":"#8"},"south":{"uv":[0,0,0,0.75],"texture":"#8"},"west":{"uv":[2,10.5,2.375,11.25],"texture":"#8"},"up":{"uv":[0,0.375,0,0],"texture":"#8"},"down":{"uv":[0,0,0,0.375],"texture":"#8"}}},{"from":[7.2,-1.10249,9.95031],"to":[8.8,1.89751,9.95031],"rotation":{"angle":-45,"axis":"x","origin":[7.95,1.34782,8]},"faces":{"north":{"uv":[10.5,2.25,10.875,3],"texture":"#8"},"east":{"uv":[0,0,0,0.75],"texture":"#8"},"south":{"uv":[2.5,10.5,2.875,11.25],"texture":"#8"},"west":{"uv":[0,0,0,0.75],"texture":"#8"},"up":{"uv":[0.375,0,0,0],"texture":"#8"},"down":{"uv":[0.375,0,0,0],"texture":"#8"}}},{"from":[7.9,0.39751,9.15031],"to":[7.9,3.39751,10.75031],"rotation":{"angle":-45,"axis":"x","origin":[7.95,1.34782,8]},"faces":{"north":{"uv":[0,0,0,0.75],"texture":"#8"},"east":{"uv":[10.5,3,10.875,3.75],"texture":"#8"},"south":{"uv":[0,0,0,0.75],"texture":"#8"},"west":{"uv":[10.5,3.75,10.875,4.5],"texture":"#8"},"up":{"uv":[0,0.375,0,0],"texture":"#8"},"down":{"uv":[0,0,0,0.375],"texture":"#8"}}},{"from":[7.9,2.39751,7.15031],"to":[7.9,5.39751,8.75031],"rotation":{"angle":45,"axis":"y","origin":[7.95,1.34782,8]},"faces":{"north":{"uv":[0,0,0,0.75],"texture":"#8"},"east":{"uv":[3.5,10.75,3.875,11.5],"texture":"#8"},"south":{"uv":[0,0,0,0.75],"texture":"#8"},"west":{"uv":[8.25,10.75,8.625,11.5],"texture":"#8"},"up":{"uv":[0,0.375,0,0],"texture":"#8"},"down":{"uv":[0,0,0,0.375],"texture":"#8"}}},{"from":[7.9,9.79751,7.15031],"to":[7.9,12.79751,8.75031],"rotation":{"angle":45,"axis":"y","origin":[7.95,1.34782,8]},"faces":{"north":{"uv":[0,0,0,0.75],"texture":"#8"},"east":{"uv":[11,2.25,11.375,3],"texture":"#8"},"south":{"uv":[0,0,0,0.75],"texture":"#8"},"west":{"uv":[11,3,11.375,3.75],"texture":"#8"},"up":{"uv":[0,0.375,0,0],"texture":"#8"},"down":{"uv":[0,0,0,0.375],"texture":"#8"}}},{"from":[7.10031,7.89751,8.05],"to":[8.70031,10.89751,8.05],"rotation":{"angle":45,"axis":"y","origin":[7.95,1.34782,8]},"faces":{"north":{"uv":[8.75,10.75,9.125,11.5],"texture":"#8"},"east":{"uv":[0,0,0,0.75],"texture":"#8"},"south":{"uv":[9.25,10.75,9.625,11.5],"texture":"#8"},"west":{"uv":[0,0,0,0.75],"texture":"#8"},"up":{"uv":[0.375,0,0,0],"texture":"#8"},"down":{"uv":[0.375,0,0,0],"texture":"#8"}}},{"from":[7.10031,11.49751,8.05],"to":[8.70031,14.49751,8.05],"rotation":{"angle":45,"axis":"y","origin":[7.95,1.34782,8]},"faces":{"north":{"uv":[11,8.25,11.375,9],"texture":"#8"},"east":{"uv":[0,0,0,0.75],"texture":"#8"},"south":{"uv":[11,9,11.375,9.75],"texture":"#8"},"west":{"uv":[0,0,0,0.75],"texture":"#8"},"up":{"uv":[0.375,0,0,0],"texture":"#8"},"down":{"uv":[0.375,0,0,0],"texture":"#8"}}},{"from":[7.9,13.39751,7.15031],"to":[7.9,16.39751,8.75031],"rotation":{"angle":45,"axis":"y","origin":[7.95,1.34782,8]},"faces":{"north":{"uv":[0,0,0,0.75],"texture":"#8"},"east":{"uv":[11,6.75,11.375,7.5],"texture":"#8"},"south":{"uv":[0,0,0,0.75],"texture":"#8"},"west":{"uv":[11,7.5,11.375,8.25],"texture":"#8"},"up":{"uv":[0,0.375,0,0],"texture":"#8"},"down":{"uv":[0,0,0,0.375],"texture":"#8"}}},{"from":[7.10031,4.39751,8.05],"to":[8.70031,7.39751,8.05],"rotation":{"angle":45,"axis":"y","origin":[7.95,1.34782,8]},"faces":{"north":{"uv":[11,5.25,11.375,6],"texture":"#8"},"east":{"uv":[0,0,0,0.75],"texture":"#8"},"south":{"uv":[11,6,11.375,6.75],"texture":"#8"},"west":{"uv":[0,0,0,0.75],"texture":"#8"},"up":{"uv":[0.375,0,0,0],"texture":"#8"},"down":{"uv":[0.375,0,0,0],"texture":"#8"}}},{"from":[7.9,6.29751,7.15031],"to":[7.9,9.29751,8.75031],"rotation":{"angle":45,"axis":"y","origin":[7.95,1.34782,8]},"faces":{"north":{"uv":[0,0,0,0.75],"texture":"#8"},"east":{"uv":[11,3.75,11.375,4.5],"texture":"#8"},"south":{"uv":[0,0,0,0.75],"texture":"#8"},"west":{"uv":[11,4.5,11.375,5.25],"texture":"#8"},"up":{"uv":[0,0.375,0,0],"texture":"#8"},"down":{"uv":[0,0,0,0.375],"texture":"#8"}}},{"from":[7.2,-4.60249,6.04969],"to":[8.8,-1.60249,6.04969],"rotation":{"angle":45,"axis":"x","origin":[7.95,1.34782,8]},"faces":{"north":{"uv":[10.5,6,10.875,6.75],"texture":"#8"},"east":{"uv":[0,0,0,0.75],"texture":"#8"},"south":{"uv":[6.25,10.5,6.625,11.25],"texture":"#8"},"west":{"uv":[0,0,0,0.75],"texture":"#8"},"up":{"uv":[0.375,0,0,0],"texture":"#8"},"down":{"uv":[0.375,0,0,0],"texture":"#8"}}},{"from":[8,-3.10249,5.24969],"to":[8,-0.10249,6.84969],"rotation":{"angle":45,"axis":"x","origin":[7.95,1.34782,8]},"faces":{"north":{"uv":[0,0,0,0.75],"texture":"#8"},"east":{"uv":[10.5,5.25,10.875,6],"texture":"#8"},"south":{"uv":[0,0,0,0.75],"texture":"#8"},"west":{"uv":[5.75,10.5,6.125,11.25],"texture":"#8"},"up":{"uv":[0,0.375,0,0],"texture":"#8"},"down":{"uv":[0,0,0,0.375],"texture":"#8"}}},{"from":[7.2,-1.10249,6.04969],"to":[8.8,1.89751,6.04969],"rotation":{"angle":45,"axis":"x","origin":[7.95,1.34782,8]},"faces":{"north":{"uv":[4.75,10.5,5.125,11.25],"texture":"#8"},"east":{"uv":[0,0,0,0.75],"texture":"#8"},"south":{"uv":[5.25,10.5,5.625,11.25],"texture":"#8"},"west":{"uv":[0,0,0,0.75],"texture":"#8"},"up":{"uv":[0.375,0,0,0],"texture":"#8"},"down":{"uv":[0.375,0,0,0],"texture":"#8"}}},{"from":[8,0.39751,5.24969],"to":[8,3.39751,6.84969],"rotation":{"angle":45,"axis":"x","origin":[7.95,1.34782,8]},"faces":{"north":{"uv":[0,0,0,0.75],"texture":"#8"},"east":{"uv":[4.25,10.5,4.625,11.25],"texture":"#8"},"south":{"uv":[0,0,0,0.75],"texture":"#8"},"west":{"uv":[10.5,4.5,10.875,5.25],"texture":"#8"},"up":{"uv":[0,0.375,0,0],"texture":"#8"},"down":{"uv":[0,0,0,0.375],"texture":"#8"}}},{"from":[5.99969,-4.60249,7.25],"to":[5.99969,-1.60249,8.85],"rotation":{"angle":-45,"axis":"z","origin":[7.95,1.34782,8]},"faces":{"north":{"uv":[0,0,0,0.75],"texture":"#8"},"east":{"uv":[6.75,10.5,7.125,11.25],"texture":"#8"},"south":{"uv":[0,0,0,0.75],"texture":"#8"},"west":{"uv":[10.5,6.75,10.875,7.5],"texture":"#8"},"up":{"uv":[0,0.375,0,0],"texture":"#8"},"down":{"uv":[0,0,0,0.375],"texture":"#8"}}},{"from":[5.19969,-3.10249,8.05],"to":[6.79969,-0.10249,8.05],"rotation":{"angle":-45,"axis":"z","origin":[7.95,1.34782,8]},"faces":{"north":{"uv":[7.25,10.5,7.625,11.25],"texture":"#8"},"east":{"uv":[0,0,0,0.75],"texture":"#8"},"south":{"uv":[10.5,7.5,10.875,8.25],"texture":"#8"},"west":{"uv":[0,0,0,0.75],"texture":"#8"},"up":{"uv":[0.375,0,0,0],"texture":"#8"},"down":{"uv":[0.375,0,0,0],"texture":"#8"}}},{"from":[5.99969,-1.10249,7.25],"to":[5.99969,1.89751,8.85],"rotation":{"angle":-45,"axis":"z","origin":[7.95,1.34782,8]},"faces":{"north":{"uv":[0,0,0,0.75],"texture":"#8"},"east":{"uv":[7.75,10.5,8.125,11.25],"texture":"#8"},"south":{"uv":[0,0,0,0.75],"texture":"#8"},"west":{"uv":[10.5,8.25,10.875,9],"texture":"#8"},"up":{"uv":[0,0.375,0,0],"texture":"#8"},"down":{"uv":[0,0,0,0.375],"texture":"#8"}}},{"from":[5.19969,0.39751,7.95],"to":[6.79969,3.39751,7.95],"rotation":{"angle":-45,"axis":"z","origin":[7.95,1.34782,8]},"faces":{"north":{"uv":[2.25,9,2.625,9.75],"texture":"#8"},"east":{"uv":[0,0,0,0.75],"texture":"#8"},"south":{"uv":[4,9.25,4.375,10],"texture":"#8"},"west":{"uv":[0,0,0,0.75],"texture":"#8"},"up":{"uv":[0.375,0,0,0],"texture":"#8"},"down":{"uv":[0.375,0,0,0],"texture":"#8"}}},{"from":[9.90031,-4.60249,7.25],"to":[9.90031,-1.60249,8.85],"rotation":{"angle":45,"axis":"z","origin":[7.95,1.34782,8]},"faces":{"north":{"uv":[0,0,0,0.75],"texture":"#8"},"east":{"uv":[10.5,9,10.875,9.75],"texture":"#8"},"south":{"uv":[0,0,0,0.75],"texture":"#8"},"west":{"uv":[10.5,9.75,10.875,10.5],"texture":"#8"},"up":{"uv":[0,0.375,0,0],"texture":"#8"},"down":{"uv":[0,0,0,0.375],"texture":"#8"}}},{"from":[9.10031,-3.10249,8.05],"to":[10.70031,-0.10249,8.05],"rotation":{"angle":45,"axis":"z","origin":[7.95,1.34782,8]},"faces":{"north":{"uv":[10.5,10.5,10.875,11.25],"texture":"#8"},"east":{"uv":[0,0,0,0.75],"texture":"#8"},"south":{"uv":[0,10.75,0.375,11.5],"texture":"#8"},"west":{"uv":[0,0,0,0.75],"texture":"#8"},"up":{"uv":[0.375,0,0,0],"texture":"#8"},"down":{"uv":[0.375,0,0,0],"texture":"#8"}}},{"from":[9.90031,-1.10249,7.25],"to":[9.90031,1.89751,8.85],"rotation":{"angle":45,"axis":"z","origin":[7.95,1.34782,8]},"faces":{"north":{"uv":[0,0,0,0.75],"texture":"#8"},"east":{"uv":[10.75,0,11.125,0.75],"texture":"#8"},"south":{"uv":[0,0,0,0.75],"texture":"#8"},"west":{"uv":[10.75,0.75,11.125,1.5],"texture":"#8"},"up":{"uv":[0,0.375,0,0],"texture":"#8"},"down":{"uv":[0,0,0,0.375],"texture":"#8"}}},{"from":[9.10031,0.39751,8.05],"to":[10.70031,3.39751,8.05],"rotation":{"angle":45,"axis":"z","origin":[7.95,1.34782,8]},"faces":{"north":{"uv":[10.75,1.5,11.125,2.25],"texture":"#8"},"east":{"uv":[0,0,0,0.75],"texture":"#8"},"south":{"uv":[3,10.75,3.375,11.5],"texture":"#8"},"west":{"uv":[0,0,0,0.75],"texture":"#8"},"up":{"uv":[0.375,0,0,0],"texture":"#8"},"down":{"uv":[0.375,0,0,0],"texture":"#8"}}},{"from":[7.5,-11,18.5],"to":[8.5,-7,19.5],"rotation":{"angle":-45,"axis":"y","origin":[8,-9.5,8]},"faces":{"north":{"uv":[8,11.25,8.25,12.25],"texture":"#8"},"east":{"uv":[11.5,3.5,11.75,4.5],"texture":"#8"},"south":{"uv":[11.5,4.5,11.75,5.5],"texture":"#8"},"west":{"uv":[11.5,5.5,11.75,6.5],"texture":"#8"},"up":{"uv":[3.5,8.75,3.25,8.5],"texture":"#8"},"down":{"uv":[3.5,8.75,3.25,9],"texture":"#8"}}},{"from":[8,-7,17.5],"to":[8,-4,20.5],"rotation":{"angle":-45,"axis":"y","origin":[8,-9.5,8]},"faces":{"north":{"uv":[6,6,12,8],"texture":"#missing"},"east":{"uv":[16,0,0,16],"texture":"#7"},"south":{"uv":[6,6,12,8],"texture":"#missing"},"west":{"uv":[0,0,16,16],"texture":"#7"},"up":{"uv":[6,6,0,0],"texture":"#missing"},"down":{"uv":[6,6,0,0],"texture":"#missing"}}},{"from":[6.5,-7,19],"to":[9.5,-4,19],"rotation":{"angle":-45,"axis":"y","origin":[8,-9.5,8]},"faces":{"north":{"uv":[16,0,0,16],"texture":"#7"},"east":{"uv":[6,6,12,8],"texture":"#missing"},"south":{"uv":[0,0,16,16],"texture":"#7"},"west":{"uv":[6,6,12,8],"texture":"#missing"},"up":{"uv":[6,6,0,0],"rotation":270,"texture":"#missing"},"down":{"uv":[6,6,0,0],"rotation":90,"texture":"#missing"}}},{"from":[18.5,-11,7.5],"to":[19.5,-7,8.5],"rotation":{"angle":-45,"axis":"y","origin":[8,-9.5,8]},"faces":{"north":{"uv":[9.5,11.5,9.75,12.5],"texture":"#8"},"east":{"uv":[11.5,9.5,11.75,10.5],"texture":"#8"},"south":{"uv":[9.75,11.5,10,12.5],"texture":"#8"},"west":{"uv":[10,11.5,10.25,12.5],"texture":"#8"},"up":{"uv":[9.5,8,9.25,7.75],"texture":"#8"},"down":{"uv":[1,9.5,0.75,9.75],"texture":"#8"}}},{"from":[17.5,-7,8],"to":[20.5,-4,8],"rotation":{"angle":-45,"axis":"y","origin":[8,-9.5,8]},"faces":{"north":{"uv":[16,0,0,16],"texture":"#7"},"east":{"uv":[6,6,12,8],"texture":"#missing"},"south":{"uv":[0,0,16,16],"texture":"#7"},"west":{"uv":[6,6,12,8],"texture":"#missing"},"up":{"uv":[6,6,0,0],"rotation":270,"texture":"#missing"},"down":{"uv":[6,6,0,0],"rotation":90,"texture":"#missing"}}},{"from":[19,-7,6.5],"to":[19,-4,9.5],"rotation":{"angle":-45,"axis":"y","origin":[8,-9.5,8]},"faces":{"north":{"uv":[6,6,12,8],"texture":"#missing"},"east":{"uv":[0,0,16,16],"texture":"#7"},"south":{"uv":[6,6,12,8],"texture":"#missing"},"west":{"uv":[16,0,0,16],"texture":"#7"},"up":{"uv":[6,6,0,0],"rotation":180,"texture":"#missing"},"down":{"uv":[6,6,0,0],"rotation":180,"texture":"#missing"}}},{"from":[12.8,-0.6,7.5],"to":[13.8,3.4,8.5],"rotation":{"angle":-45,"axis":"y","origin":[8,-9.5,8]},"faces":{"north":{"uv":[11.75,0,12,1],"texture":"#8"},"east":{"uv":[0.5,11.75,0.75,12.75],"texture":"#8"},"south":{"uv":[0.75,11.75,1,12.75],"texture":"#8"},"west":{"uv":[1,11.75,1.25,12.75],"texture":"#8"},"up":{"uv":[9.75,2,9.5,1.75],"texture":"#8"},"down":{"uv":[9.75,2,9.5,2.25],"texture":"#8"}}},{"from":[11.8,3.4,8],"to":[14.8,6.4,8],"rotation":{"angle":-45,"axis":"y","origin":[8,-9.5,8]},"faces":{"north":{"uv":[16,0,0,16],"texture":"#7"},"east":{"uv":[6,6,12,8],"texture":"#missing"},"south":{"uv":[0,0,16,16],"texture":"#7"},"west":{"uv":[6,6,12,8],"texture":"#missing"},"up":{"uv":[6,6,0,0],"rotation":270,"texture":"#missing"},"down":{"uv":[6,6,0,0],"rotation":90,"texture":"#missing"}}},{"from":[13.3,3.4,6.5],"to":[13.3,6.4,9.5],"rotation":{"angle":-45,"axis":"y","origin":[8,-9.5,8]},"faces":{"north":{"uv":[6,6,12,8],"texture":"#missing"},"east":{"uv":[0,0,16,16],"texture":"#7"},"south":{"uv":[6,6,12,8],"texture":"#missing"},"west":{"uv":[16,0,0,16],"texture":"#7"},"up":{"uv":[6,6,0,0],"rotation":180,"texture":"#missing"},"down":{"uv":[6,6,0,0],"rotation":180,"texture":"#missing"}}},{"from":[8,3.4,11.8],"to":[8,6.4,14.8],"rotation":{"angle":-45,"axis":"y","origin":[8,-9.5,8]},"faces":{"north":{"uv":[6,6,12,8],"texture":"#missing"},"east":{"uv":[16,0,0,16],"texture":"#7"},"south":{"uv":[6,6,12,8],"texture":"#missing"},"west":{"uv":[0,0,16,16],"texture":"#7"},"up":{"uv":[6,6,0,0],"texture":"#missing"},"down":{"uv":[6,6,0,0],"texture":"#missing"}}},{"from":[7.5,-0.6,12.8],"to":[8.5,3.4,13.8],"rotation":{"angle":-45,"axis":"y","origin":[8,-9.5,8]},"faces":{"north":{"uv":[11.75,1,12,2],"texture":"#8"},"east":{"uv":[1.25,11.75,1.5,12.75],"texture":"#8"},"south":{"uv":[1.5,11.75,1.75,12.75],"texture":"#8"},"west":{"uv":[1.75,11.75,2,12.75],"texture":"#8"},"up":{"uv":[8.75,10,8.5,9.75],"texture":"#8"},"down":{"uv":[10.25,0,10,0.25],"texture":"#8"}}},{"from":[6.5,3.4,13.3],"to":[9.5,6.4,13.3],"rotation":{"angle":-45,"axis":"y","origin":[8,-9.5,8]},"faces":{"north":{"uv":[16,0,0,16],"texture":"#7"},"east":{"uv":[6,6,12,8],"texture":"#missing"},"south":{"uv":[0,0,16,16],"texture":"#7"},"west":{"uv":[6,6,12,8],"texture":"#missing"},"up":{"uv":[6,6,0,0],"rotation":270,"texture":"#missing"},"down":{"uv":[6,6,0,0],"rotation":90,"texture":"#missing"}}},{"from":[1.2,3.4,8],"to":[4.2,6.4,8],"rotation":{"angle":-45,"axis":"y","origin":[8,-9.5,8]},"faces":{"north":{"uv":[0,0,16,16],"texture":"#7"},"east":{"uv":[6,6,12,8],"texture":"#missing"},"south":{"uv":[16,0,0,16],"texture":"#7"},"west":{"uv":[6,6,12,8],"texture":"#missing"},"up":{"uv":[6,6,0,0],"rotation":90,"texture":"#missing"},"down":{"uv":[6,6,0,0],"rotation":270,"texture":"#missing"}}},{"from":[2.2,-0.6,7.5],"to":[3.2,3.4,8.5],"rotation":{"angle":-45,"axis":"y","origin":[8,-9.5,8]},"faces":{"north":{"uv":[2,11.75,2.25,12.75],"texture":"#8"},"east":{"uv":[2.25,11.75,2.5,12.75],"texture":"#8"},"south":{"uv":[2.5,11.75,2.75,12.75],"texture":"#8"},"west":{"uv":[2.75,11.75,3,12.75],"texture":"#8"},"up":{"uv":[10.25,0.5,10,0.25],"texture":"#8"},"down":{"uv":[0.75,10,0.5,10.25],"texture":"#8"}}},{"from":[2.7,3.4,6.5],"to":[2.7,6.4,9.5],"rotation":{"angle":-45,"axis":"y","origin":[8,-9.5,8]},"faces":{"north":{"uv":[6,6,12,8],"texture":"#missing"},"east":{"uv":[16,0,0,16],"texture":"#7"},"south":{"uv":[6,6,12,8],"texture":"#missing"},"west":{"uv":[0,0,16,16],"texture":"#7"},"up":{"uv":[6,6,0,0],"texture":"#missing"},"down":{"uv":[6,6,0,0],"texture":"#missing"}}},{"from":[8,3.4,1.2],"to":[8,6.4,4.2],"rotation":{"angle":-45,"axis":"y","origin":[8,-9.5,8]},"faces":{"north":{"uv":[6,6,12,8],"texture":"#missing"},"east":{"uv":[0,0,16,16],"texture":"#7"},"south":{"uv":[6,6,12,8],"texture":"#missing"},"west":{"uv":[16,0,0,16],"texture":"#7"},"up":{"uv":[6,6,0,0],"rotation":180,"texture":"#missing"},"down":{"uv":[6,6,0,0],"rotation":180,"texture":"#missing"}}},{"from":[7.5,-0.6,2.2],"to":[8.5,3.4,3.2],"rotation":{"angle":-45,"axis":"y","origin":[8,-9.5,8]},"faces":{"north":{"uv":[11.75,3.5,12,4.5],"texture":"#8"},"east":{"uv":[4,11.75,4.25,12.75],"texture":"#8"},"south":{"uv":[4.25,11.75,4.5,12.75],"texture":"#8"},"west":{"uv":[4.5,11.75,4.75,12.75],"texture":"#8"},"up":{"uv":[4.5,10.25,4.25,10],"texture":"#8"},"down":{"uv":[0.75,10.25,0.5,10.5],"texture":"#8"}}},{"from":[6.5,3.4,2.7],"to":[9.5,6.4,2.7],"rotation":{"angle":-45,"axis":"y","origin":[8,-9.5,8]},"faces":{"north":{"uv":[0,0,16,16],"texture":"#7"},"east":{"uv":[6,6,12,8],"texture":"#missing"},"south":{"uv":[16,0,0,16],"texture":"#7"},"west":{"uv":[6,6,12,8],"texture":"#missing"},"up":{"uv":[6,6,0,0],"rotation":90,"texture":"#missing"},"down":{"uv":[6,6,0,0],"rotation":270,"texture":"#missing"}}},{"from":[7.5,-11,-3.5],"to":[8.5,-7,-2.5],"rotation":{"angle":-45,"axis":"y","origin":[8,-9.5,8]},"faces":{"north":{"uv":[11.5,6.5,11.75,7.5],"texture":"#8"},"east":{"uv":[11.5,7.5,11.75,8.5],"texture":"#8"},"south":{"uv":[8.25,11.5,8.5,12.5],"texture":"#8"},"west":{"uv":[8.5,11.5,8.75,12.5],"texture":"#8"},"up":{"uv":[9,5,8.75,4.75],"texture":"#8"},"down":{"uv":[3.5,9,3.25,9.25],"texture":"#8"}}},{"from":[8,-7,-4.5],"to":[8,-4,-1.5],"rotation":{"angle":-45,"axis":"y","origin":[8,-9.5,8]},"faces":{"north":{"uv":[12,6,6,8],"texture":"#missing"},"east":{"uv":[0,0,16,16],"texture":"#7"},"south":{"uv":[12,6,6,8],"texture":"#missing"},"west":{"uv":[16,0,0,16],"texture":"#7"},"up":{"uv":[6,0,0,6],"texture":"#missing"},"down":{"uv":[6,0,0,6],"texture":"#missing"}}},{"from":[6.5,-7,-3],"to":[9.5,-4,-3],"rotation":{"angle":-45,"axis":"y","origin":[8,-9.5,8]},"faces":{"north":{"uv":[16,0,0,16],"texture":"#7"},"east":{"uv":[12,6,6,8],"texture":"#missing"},"south":{"uv":[0,0,16,16],"texture":"#7"},"west":{"uv":[12,6,6,8],"texture":"#missing"},"up":{"uv":[0,6,6,0],"rotation":270,"texture":"#missing"},"down":{"uv":[0,6,6,0],"rotation":90,"texture":"#missing"}}},{"from":[-3.5,-11,7.5],"to":[-2.5,-7,8.5],"rotation":{"angle":-45,"axis":"y","origin":[8,-9.5,8]},"faces":{"north":{"uv":[11.5,8.5,11.75,9.5],"texture":"#8"},"east":{"uv":[8.75,11.5,9,12.5],"texture":"#8"},"south":{"uv":[9,11.5,9.25,12.5],"texture":"#8"},"west":{"uv":[9.25,11.5,9.5,12.5],"texture":"#8"},"up":{"uv":[9.25,5,9,4.75],"texture":"#8"},"down":{"uv":[1,9.25,0.75,9.5],"texture":"#8"}}},{"from":[-4.5,-7,8],"to":[-1.5,-4,8],"rotation":{"angle":-45,"axis":"y","origin":[8,-9.5,8]},"faces":{"north":{"uv":[0,0,16,16],"texture":"#7"},"east":{"uv":[12,6,6,8],"texture":"#missing"},"south":{"uv":[16,0,0,16],"texture":"#7"},"west":{"uv":[12,6,6,8],"texture":"#missing"},"up":{"uv":[6,0,0,6],"rotation":270,"texture":"#missing"},"down":{"uv":[6,0,0,6],"rotation":90,"texture":"#missing"}}},{"from":[-3,-7,6.5],"to":[-3,-4,9.5],"rotation":{"angle":-45,"axis":"y","origin":[8,-9.5,8]},"faces":{"north":{"uv":[12,6,6,8],"texture":"#missing"},"east":{"uv":[0,0,16,16],"texture":"#7"},"south":{"uv":[12,6,6,8],"texture":"#missing"},"west":{"uv":[16,0,0,16],"texture":"#7"},"up":{"uv":[0,6,6,0],"rotation":180,"texture":"#missing"},"down":{"uv":[0,6,6,0],"rotation":180,"texture":"#missing"}}}],"display":{"thirdperson_righthand":{"rotation":[72.78,-1.74,5.52],"translation":[0,-0.25,-0.75],"scale":[0.31836,0.31836,0.31836]},"thirdperson_lefthand":{"rotation":[72.78,-1.74,5.52],"translation":[0,-0.25,-0.75],"scale":[0.31836,0.31836,0.31836]},"firstperson_righthand":{"rotation":[174.46,49.39,-179.35],"translation":[1.5,6.5,0],"scale":[0.32578,0.32578,0.32578]},"firstperson_lefthand":{"rotation":[174.46,49.39,-179.35],"translation":[1.5,6.5,0],"scale":[0.32578,0.32578,0.32578]},"ground":{"translation":[0,1.75,0],"scale":[0.64648,0.64648,0.64648]},"gui":{"rotation":[-151.82,-26.95,178.85],"translation":[0,4.5,0],"scale":[0.42969,0.42969,0.42969]},"head":{"translation":[0,-30.4,0],"scale":[1.6,1.6,1.6]},"fixed":{"rotation":[90,0,0],"translation":[0,0,-16.75],"scale":[2.01,2.01,2.01]}},"groups":[0,1,2,3,4,5,6,7,8,9,10,11,12,13,14,15,16,17,18,19,20,21,22,23,24,25,26,27,28,29,30,31,{"name":"group","origin":[8,16,-1.5],"color":0,"boneType":"","children":[32,33,34,35,36,37,38,39,40,41]},{"name":"group","origin":[8,16,-1.5],"color":0,"boneType":"","children":[42,43,44,45,46,47,48,49,50,51]},{"name":"group","origin":[8,16,-1.5],"color":0,"boneType":"","children":[52,53,54,55,56,57,58,59,60,61,62,63,64,65,66]},{"name":"group","origin":[8,16,-1.5],"color":0,"boneType":"","children":[67,68,69,70,71,72,73,74]},{"name":"candle","origin":[8,1.7,19],"color":0,"boneType":"","children":[75,76,77,78,79,80,81,82,83,84,85,86,87,88,89,90,91,92]},{"name":"candle","origin":[8,1.7,19],"color":0,"boneType":"","children":[93,94,95,96,97,98]}]}