{
	"credit": "Made by LZLeon with Blockbench, Contact - Discord: LZBlocks#0261 - E-Mail: lzblocks@outlook.com",
	"texture_size": [64, 64],
	"textures": {
		"1": "paper/medieval_market_lantern_big"
	},
	"elements": [
		{
			"from": [6, -12, 6],
			"to": [10, 32, 10],
			"faces": {
				"north": {"uv": [1, 1, 2, 12], "texture": "#1"},
				"east": {"uv": [0, 1, 1, 12], "texture": "#1"},
				"south": {"uv": [3, 1, 4, 12], "texture": "#1"},
				"west": {"uv": [2, 1, 3, 12], "texture": "#1"},
				"up": {"uv": [2, 1, 1, 0], "texture": "#1"},
				"down": {"uv": [3, 0, 2, 1], "texture": "#1"}
			}
		},
		{
			"from": [6.5, 28, 10],
			"to": [9.5, 31, 24],
			"rotation": {"angle": 0, "axis": "y", "origin": [0, 3, 0]},
			"faces": {
				"north": {"uv": [7.5, 3.5, 8.25, 4.25], "texture": "#1"},
				"east": {"uv": [4, 3.5, 7.5, 4.25], "texture": "#1"},
				"south": {"uv": [11.75, 3.5, 12.5, 4.25], "texture": "#1"},
				"west": {"uv": [8.25, 3.5, 11.75, 4.25], "texture": "#1"},
				"up": {"uv": [8.25, 3.5, 7.5, 0], "texture": "#1"},
				"down": {"uv": [9, 0, 8.25, 3.5], "texture": "#1"}
			}
		},
		{
			"from": [6, 27.5, 20],
			"to": [10, 31.5, 23],
			"rotation": {"angle": 0, "axis": "y", "origin": [0, 3, 0]},
			"faces": {
				"north": {"uv": [4.75, 0.75, 5.75, 1.75], "texture": "#1"},
				"east": {"uv": [4, 0.75, 4.75, 1.75], "texture": "#1"},
				"south": {"uv": [6.5, 0.75, 7.5, 1.75], "texture": "#1"},
				"west": {"uv": [5.75, 0.75, 6.5, 1.75], "texture": "#1"},
				"up": {"uv": [5.75, 0.75, 4.75, 0], "texture": "#1"},
				"down": {"uv": [6.75, 0, 5.75, 0.75], "texture": "#1"}
			}
		},
		{
			"from": [7.5, 23.6, 21],
			"to": [8.5, 27.6, 22],
			"rotation": {"angle": 0, "axis": "y", "origin": [0, 3, 0]},
			"faces": {
				"north": {"uv": [4.25, 2, 4.5, 3], "texture": "#1"},
				"east": {"uv": [4, 2, 4.25, 3], "texture": "#1"},
				"south": {"uv": [4.75, 2, 5, 3], "texture": "#1"},
				"west": {"uv": [4.5, 2, 4.75, 3], "texture": "#1"},
				"up": {"uv": [4.5, 2, 4.25, 1.75], "texture": "#1"},
				"down": {"uv": [4.75, 1.75, 4.5, 2], "texture": "#1"}
			}
		},
		{
			"from": [6.5, 22.6, 21.5],
			"to": [9.5, 24.6, 21.5],
			"rotation": {"angle": 45, "axis": "y", "origin": [8, 18.5, 21.5]},
			"faces": {
				"north": {"uv": [3, 0, 3.75, 0.5], "texture": "#1"},
				"east": {"uv": [3, 0, 3, 0.5], "texture": "#1"},
				"south": {"uv": [3.75, 0, 4.5, 0.5], "texture": "#1"},
				"west": {"uv": [3.75, 0, 3.75, 0.5], "texture": "#1"},
				"up": {"uv": [3.75, 0, 3, 0], "texture": "#1"},
				"down": {"uv": [4.5, 0, 3.75, 0], "texture": "#1"}
			}
		},
		{
			"from": [6, 20.6, 19.5],
			"to": [10, 22.6, 23.5],
			"rotation": {"angle": 0, "axis": "y", "origin": [0, 3, 0]},
			"faces": {
				"north": {"uv": [9.5, 9.25, 10.5, 9.75], "texture": "#1"},
				"east": {"uv": [8.5, 9.25, 9.5, 9.75], "texture": "#1"},
				"south": {"uv": [11.5, 9.25, 12.5, 9.75], "texture": "#1"},
				"west": {"uv": [10.5, 9.25, 11.5, 9.75], "texture": "#1"},
				"up": {"uv": [10.5, 9.25, 9.5, 8.25], "texture": "#1"},
				"down": {"uv": [11.5, 8.25, 10.5, 9.25], "texture": "#1"}
			}
		},
		{
			"from": [5, 13.6, 18.5],
			"to": [11, 20.6, 24.5],
			"rotation": {"angle": 0, "axis": "y", "origin": [0, 3, 0]},
			"faces": {
				"north": {"uv": [5.5, 9.75, 7, 11.5], "texture": "#1"},
				"east": {"uv": [4, 9.75, 5.5, 11.5], "texture": "#1"},
				"south": {"uv": [8.5, 9.75, 10, 11.5], "texture": "#1"},
				"west": {"uv": [7, 9.75, 8.5, 11.5], "texture": "#1"},
				"up": {"uv": [7, 9.75, 5.5, 8.25], "texture": "#1"},
				"down": {"uv": [8.5, 8.25, 7, 9.75], "texture": "#1"}
			}
		},
		{
			"from": [7, 7, 18],
			"to": [9, 9, 32],
			"rotation": {"angle": -45, "axis": "x", "origin": [0, 3, 0]},
			"faces": {
				"north": {"uv": [7.5, 7.75, 8, 8.25], "texture": "#1"},
				"east": {"uv": [4, 7.75, 7.5, 8.25], "texture": "#1"},
				"south": {"uv": [11.5, 7.75, 12, 8.25], "texture": "#1"},
				"west": {"uv": [8, 7.75, 11.5, 8.25], "texture": "#1"},
				"up": {"uv": [8, 7.75, 7.5, 4.25], "texture": "#1"},
				"down": {"uv": [8.5, 4.25, 8, 7.75], "texture": "#1"}
			}
		},
		{
			"from": [5.5, -16, 5.5],
			"to": [10.5, -12, 10.5],
			"faces": {
				"north": {"uv": [9.75, 5.5, 11, 6.5], "texture": "#1"},
				"east": {"uv": [8.5, 5.5, 9.75, 6.5], "texture": "#1"},
				"south": {"uv": [12.25, 5.5, 13.5, 6.5], "texture": "#1"},
				"west": {"uv": [11, 5.5, 12.25, 6.5], "texture": "#1"},
				"up": {"uv": [11, 5.5, 9.75, 4.25], "texture": "#1"},
				"down": {"uv": [12.25, 4.25, 11, 5.5], "texture": "#1"}
			}
		}
	],
	"display": {
		"thirdperson_righthand": {
			"rotation": [60, -160, 0],
			"translation": [0, 0.75, 0],
			"scale": [0.6, 0.6, 0.6]
		},
		"thirdperson_lefthand": {
			"rotation": [60, -160, 0],
			"translation": [0, 0.75, 0],
			"scale": [0.6, 0.6, 0.6]
		},
		"firstperson_righthand": {
			"rotation": [0, -73, 6],
			"translation": [3.25, -1.25, 0],
			"scale": [0.4, 0.4, 0.4]
		},
		"firstperson_lefthand": {
			"rotation": [0, -73, 6],
			"translation": [3.25, -1.25, 0],
			"scale": [0.4, 0.4, 0.4]
		},
		"ground": {
			"translation": [0, 6.25, 0],
			"scale": [0.35, 0.35, 0.35]
		},
		"gui": {
			"rotation": [30, -40, 0],
			"translation": [1, 0, 0],
			"scale": [0.3, 0.3, 0.3]
		},
		"head": {
			"translation": [0, -4.9, 0],
			"scale": [1.6, 1.6, 1.6]
		},
		"fixed": {
			"rotation": [-90, -180, 0],
			"translation": [0, 0, -46.75],
			"scale": [2, 2, 2]
		}
	}
}