{
	"credit": "Made by LZLeon with Blockbench, Contact - Discord: LZBlocks#0261 - E-Mail: lzblocks@outlook.com",
	"texture_size": [64, 64],
	"textures": {
		"0": "paper/outdoor_chair",
		"particle": "paper/outdoor_chair"
	},
	"elements": [
		{
			"from": [2, 8, 2],
			"to": [14, 10, 14],
			"faces": {
				"north": {"uv": [3, 3, 6, 3.5], "texture": "#0"},
				"east": {"uv": [0, 3, 3, 3.5], "texture": "#0"},
				"south": {"uv": [9, 3, 12, 3.5], "texture": "#0"},
				"west": {"uv": [6, 3, 9, 3.5], "texture": "#0"},
				"up": {"uv": [6, 3, 3, 0], "texture": "#0"},
				"down": {"uv": [9, 0, 6, 3], "texture": "#0"}
			}
		},
		{
			"from": [2, 10, 12],
			"to": [14, 24, 14],
			"faces": {
				"north": {"uv": [0.5, 4.25, 3.5, 7.75], "texture": "#0"},
				"east": {"uv": [0, 4.25, 0.5, 7.75], "texture": "#0"},
				"south": {"uv": [4, 4.25, 7, 7.75], "texture": "#0"},
				"west": {"uv": [3.5, 4.25, 4, 7.75], "texture": "#0"},
				"up": {"uv": [3.5, 4.25, 0.5, 3.75], "texture": "#0"},
				"down": {"uv": [6.5, 3.75, 3.5, 4.25], "texture": "#0"}
			}
		},
		{
			"from": [1, 1, 1],
			"to": [2, 16, 3],
			"rotation": {"angle": 22.5, "axis": "x", "origin": [0, 0, 0]},
			"faces": {
				"north": {"uv": [8.5, 9, 8.75, 12.75], "texture": "#0"},
				"east": {"uv": [8, 9, 8.5, 12.75], "texture": "#0"},
				"south": {"uv": [9.25, 9, 9.5, 12.75], "texture": "#0"},
				"west": {"uv": [8.75, 9, 9.25, 12.75], "texture": "#0"},
				"up": {"uv": [8.75, 9, 8.5, 8.5], "texture": "#0"},
				"down": {"uv": [9, 8.5, 8.75, 9], "texture": "#0"}
			}
		},
		{
			"from": [1.00781, -4, 6],
			"to": [2.00781, 11, 8],
			"rotation": {"angle": -22.5, "axis": "x", "origin": [0, 16, 0]},
			"faces": {
				"north": {"uv": [8.5, 9, 8.75, 12.75], "texture": "#0"},
				"east": {"uv": [8, 9, 8.5, 12.75], "texture": "#0"},
				"south": {"uv": [9.25, 9, 9.5, 12.75], "texture": "#0"},
				"west": {"uv": [8.75, 9, 9.25, 12.75], "texture": "#0"},
				"up": {"uv": [8.75, 9, 8.5, 8.5], "texture": "#0"},
				"down": {"uv": [9, 8.5, 8.75, 9], "texture": "#0"}
			}
		},
		{
			"from": [0.5, 14, 2],
			"to": [2.5, 15, 12],
			"faces": {
				"north": {"uv": [7.25, 8, 7.75, 8.25], "texture": "#0"},
				"east": {"uv": [4.75, 8, 7.25, 8.25], "texture": "#0"},
				"south": {"uv": [10.25, 8, 10.75, 8.25], "texture": "#0"},
				"west": {"uv": [7.75, 8, 10.25, 8.25], "texture": "#0"},
				"up": {"uv": [7.75, 8, 7.25, 5.5], "texture": "#0"},
				"down": {"uv": [8.25, 5.5, 7.75, 8], "texture": "#0"}
			}
		},
		{
			"from": [14, 1, 1],
			"to": [15, 16, 3],
			"rotation": {"angle": 22.5, "axis": "x", "origin": [13, 0, 0]},
			"faces": {
				"north": {"uv": [8.5, 9, 8.75, 12.75], "texture": "#0"},
				"east": {"uv": [8, 9, 8.5, 12.75], "texture": "#0"},
				"south": {"uv": [9.25, 9, 9.5, 12.75], "texture": "#0"},
				"west": {"uv": [8.75, 9, 9.25, 12.75], "texture": "#0"},
				"up": {"uv": [8.75, 9, 8.5, 8.5], "texture": "#0"},
				"down": {"uv": [9, 8.5, 8.75, 9], "texture": "#0"}
			}
		},
		{
			"from": [14.00781, -4, 6],
			"to": [15.00781, 11, 8],
			"rotation": {"angle": -22.5, "axis": "x", "origin": [13, 16, 0]},
			"faces": {
				"north": {"uv": [8.5, 9, 8.75, 12.75], "texture": "#0"},
				"east": {"uv": [8, 9, 8.5, 12.75], "texture": "#0"},
				"south": {"uv": [9.25, 9, 9.5, 12.75], "texture": "#0"},
				"west": {"uv": [8.75, 9, 9.25, 12.75], "texture": "#0"},
				"up": {"uv": [8.75, 9, 8.5, 8.5], "texture": "#0"},
				"down": {"uv": [9, 8.5, 8.75, 9], "texture": "#0"}
			}
		},
		{
			"from": [13.5, 14, 2],
			"to": [15.5, 15, 12],
			"rotation": {"angle": 0, "axis": "y", "origin": [13, 0, 0]},
			"faces": {
				"north": {"uv": [7.25, 8, 7.75, 8.25], "texture": "#0"},
				"east": {"uv": [4.75, 8, 7.25, 8.25], "texture": "#0"},
				"south": {"uv": [10.25, 8, 10.75, 8.25], "texture": "#0"},
				"west": {"uv": [7.75, 8, 10.25, 8.25], "texture": "#0"},
				"up": {"uv": [7.75, 8, 7.25, 5.5], "texture": "#0"},
				"down": {"uv": [8.25, 5.5, 7.75, 8], "texture": "#0"}
			}
		},
		{
			"from": [2, 2.5, 3],
			"to": [14, 3.5, 4],
			"faces": {
				"north": {"uv": [7.5, 4.75, 10.5, 5], "texture": "#0"},
				"east": {"uv": [7.25, 4.75, 7.5, 5], "texture": "#0"},
				"south": {"uv": [10.75, 4.75, 13.75, 5], "texture": "#0"},
				"west": {"uv": [10.5, 4.75, 10.75, 5], "texture": "#0"},
				"up": {"uv": [10.5, 4.75, 7.5, 4.5], "texture": "#0"},
				"down": {"uv": [13.5, 4.5, 10.5, 4.75], "texture": "#0"}
			}
		},
		{
			"from": [2, 2.5, 12.5],
			"to": [14, 3.5, 13.5],
			"faces": {
				"north": {"uv": [7.5, 4.75, 10.5, 5], "texture": "#0"},
				"east": {"uv": [7.25, 4.75, 7.5, 5], "texture": "#0"},
				"south": {"uv": [10.75, 4.75, 13.75, 5], "texture": "#0"},
				"west": {"uv": [10.5, 4.75, 10.75, 5], "texture": "#0"},
				"up": {"uv": [10.5, 4.75, 7.5, 4.5], "texture": "#0"},
				"down": {"uv": [13.5, 4.5, 10.5, 4.75], "texture": "#0"}
			}
		}
	],
	"display": {
		"thirdperson_righthand": {
			"rotation": [60, -160, 0],
			"translation": [0, 3.25, 0],
			"scale": [-0.6, 0.6, -0.6]
		},
		"thirdperson_lefthand": {
			"rotation": [60, -160, 0],
			"translation": [0, 3.25, 0],
			"scale": [-0.6, 0.6, -0.6]
		},
		"firstperson_righthand": {
			"rotation": [0, -73, 6],
			"translation": [0, -0.25, 0],
			"scale": [-0.4, 0.4, -0.4]
		},
		"firstperson_lefthand": {
			"rotation": [0, -73, 6],
			"translation": [0, -0.25, 0],
			"scale": [-0.4, 0.4, -0.4]
		},
		"ground": {
			"translation": [0, 1.5, 0],
			"scale": [0.35, 0.35, 0.35]
		},
		"gui": {
			"rotation": [30, -40, 0],
			"translation": [0, -2, 0],
			"scale": [-0.55, 0.55, -0.55]
		},
		"head": {
			"rotation": [0, -180, 0],
			"translation": [0, -30.4, 0],
			"scale": [1.6, 1.6, 1.6]
		},
		"fixed": {
			"rotation": [90, -180, -180],
			"translation": [0, 0, -15],
			"scale": [2, 2, 2]
		}
	}
}