{"texture_size":[128,128],"textures":{"10":"paper/storage"},"elements":[{"from":[12,-16,12],"to":[14,-14,14],"rotation":{"angle":0,"axis":"y","origin":[0,1.75,5.04228]},"faces":{"north":{"uv":[3.5,10.75,3.75,11],"texture":"#10"},"east":{"uv":[3.75,10.75,4,11],"texture":"#10"},"south":{"uv":[3.5,10.5,3.75,10.75],"texture":"#10"},"west":{"uv":[3.75,10.5,4,10.75],"texture":"#10"},"up":{"uv":[12,3.125,12.25,3.375],"texture":"#10"},"down":{"uv":[10.625,12.25,10.875,12],"texture":"#10"}}},{"from":[-14,-16,12],"to":[-12,-14,14],"rotation":{"angle":0,"axis":"y","origin":[0,1.75,5.04228]},"faces":{"north":{"uv":[11.375,12,11.625,12.25],"texture":"#10"},"east":{"uv":[11.625,12,11.875,12.25],"texture":"#10"},"south":{"uv":[10.875,12,11.125,12.25],"texture":"#10"},"west":{"uv":[11.125,12,11.375,12.25],"texture":"#10"},"up":{"uv":[11.875,12,12.125,12.25],"texture":"#10"},"down":{"uv":[12.125,12.25,12.375,12],"texture":"#10"}}},{"from":[-16,-14,0],"to":[16,-12,16],"rotation":{"angle":0,"axis":"y","origin":[0,1.75,5.04228]},"faces":{"north":{"uv":[11.75,8.75,15.75,9],"texture":"#10"},"east":{"uv":[11.75,10.25,13.75,10.5],"texture":"#10"},"south":{"uv":[11.75,8.5,15.75,8.75],"texture":"#10"},"west":{"uv":[11.75,10,13.75,10.25],"texture":"#10"},"up":{"uv":[4,0,8,2],"texture":"#10"},"down":{"uv":[4,4,8,2],"texture":"#10"}}},{"from":[-15.5,7,4.3],"to":[15.5,9,15.7],"rotation":{"angle":0,"axis":"y","origin":[0,1.75,6.04228]},"faces":{"north":{"uv":[11.75,9.75,15.625,10],"texture":"#10"},"east":{"uv":[11.875,11.25,13.3125,11.5],"texture":"#10"},"south":{"uv":[11.75,9.5,15.625,9.75],"texture":"#10"},"west":{"uv":[11.875,11,13.3125,11.25],"texture":"#10"},"up":{"uv":[11.75,3.5,15.625,4.9375],"texture":"#10"},"down":{"uv":[11.75,6.4375,15.625,5],"texture":"#10"}}},{"from":[-15.5,-4,4.3],"to":[15.5,-2,15.7],"rotation":{"angle":0,"axis":"y","origin":[0,1.75,6.04228]},"faces":{"north":{"uv":[11.75,9.25,15.625,9.5],"texture":"#10"},"east":{"uv":[11.875,10.75,13.3125,11],"texture":"#10"},"south":{"uv":[11.75,9,15.625,9.25],"texture":"#10"},"west":{"uv":[11.875,10.5,13.3125,10.75],"texture":"#10"},"up":{"uv":[8,10.5,11.875,11.9375],"texture":"#10"},"down":{"uv":[3.5,12.4375,7.375,11],"texture":"#10"}}},{"from":[-16,-12,16],"to":[16,16,16],"rotation":{"angle":0,"axis":"y","origin":[0,1.75,6.04228]},"faces":{"north":{"uv":[0,3.5,4,7],"texture":"#10"},"east":{"uv":[0,0,0,3.5],"texture":"#10"},"south":{"uv":[0,0,4,3.5],"texture":"#10"},"west":{"uv":[0,0,0,3.5],"texture":"#10"},"up":{"uv":[0,0,4,0],"texture":"#10"},"down":{"uv":[0,0,4,0],"texture":"#10"}}},{"from":[-16,-12,2],"to":[-16,16,16],"rotation":{"angle":0,"axis":"y","origin":[0,1.75,6.04228]},"faces":{"north":{"uv":[0,0,0,3.5],"texture":"#10"},"east":{"uv":[10,7,11.75,10.5],"texture":"#10"},"south":{"uv":[0,0,0,3.5],"texture":"#10"},"west":{"uv":[10,3.5,11.75,7],"texture":"#10"},"up":{"uv":[0,0,0,1.75],"texture":"#10"},"down":{"uv":[0,1.75,0,0],"texture":"#10"}}},{"from":[16,-12,2],"to":[16,16,16],"rotation":{"angle":0,"axis":"y","origin":[0,1.75,6.04228]},"faces":{"north":{"uv":[0,0,0,3.5],"texture":"#10"},"east":{"uv":[1.75,10.5,3.5,14],"texture":"#10"},"south":{"uv":[0,0,0,3.5],"texture":"#10"},"west":{"uv":[0,10.5,1.75,14],"texture":"#10"},"up":{"uv":[0,0,0,1.75],"texture":"#10"},"down":{"uv":[0,1.75,0,0],"texture":"#10"}}},{"from":[-16,16,2],"to":[16,16,16],"rotation":{"angle":0,"axis":"y","origin":[0,1.75,6.04228]},"faces":{"north":{"uv":[0,0,4,0],"texture":"#10"},"east":{"uv":[0,0,1.75,0],"texture":"#10"},"south":{"uv":[0,0,4,0],"texture":"#10"},"west":{"uv":[0,0,1.75,0],"texture":"#10"},"up":{"uv":[4,4,8,5.75],"texture":"#10"},"down":{"uv":[4,0,8,2],"texture":"#10"}}},{"from":[-14,16,3],"to":[14,20,3],"rotation":{"angle":0,"axis":"y","origin":[0,1.75,6.04228]},"faces":{"north":{"uv":[11.75,7,15.25,7.5],"texture":"#10"},"east":{"uv":[0,0,0,0.5],"texture":"#10"},"south":{"uv":[11.75,6.5,15.25,7],"texture":"#10"},"west":{"uv":[0,0,0,0.5],"texture":"#10"},"up":{"uv":[0,0,3.5,0],"texture":"#10"},"down":{"uv":[0,0,3.5,0],"texture":"#10"}}},{"from":[-14,16,15.1],"to":[14,20,15.1],"rotation":{"angle":0,"axis":"y","origin":[0,1.75,6.04228]},"faces":{"north":{"uv":[11.75,8,15.25,8.5],"texture":"#10"},"east":{"uv":[0,0,0,0.5],"texture":"#10"},"south":{"uv":[11.75,7.5,15.25,8],"texture":"#10"},"west":{"uv":[0,0,0,0.5],"texture":"#10"},"up":{"uv":[0,0,3.5,0],"texture":"#10"},"down":{"uv":[0,0,3.5,0],"texture":"#10"}}},{"from":[-14,-16,1],"to":[-12,-14,3],"rotation":{"angle":0,"axis":"y","origin":[0,1.75,5.04228]},"faces":{"north":{"uv":[12.25,2,12.5,2.25],"texture":"#10"},"east":{"uv":[12.25,2.25,12.5,2.5],"texture":"#10"},"south":{"uv":[12.25,1.5,12.5,1.75],"texture":"#10"},"west":{"uv":[12.25,1.75,12.5,2],"texture":"#10"},"up":{"uv":[12.25,2.5,12.5,2.75],"texture":"#10"},"down":{"uv":[12.25,3,12.5,2.75],"texture":"#10"}}},{"from":[12,-16,1],"to":[14,-14,3],"rotation":{"angle":0,"axis":"y","origin":[0,1.75,5.04228]},"faces":{"north":{"uv":[12.25,0.5,12.5,0.75],"texture":"#10"},"east":{"uv":[12.25,0.75,12.5,1],"texture":"#10"},"south":{"uv":[12.25,0,12.5,0.25],"texture":"#10"},"west":{"uv":[12.25,0.25,12.5,0.5],"texture":"#10"},"up":{"uv":[12.25,1,12.5,1.25],"texture":"#10"},"down":{"uv":[12.25,1.5,12.5,1.25],"texture":"#10"}}},{"from":[-16,16,2],"to":[-14,21,4],"rotation":{"angle":0,"axis":"y","origin":[0,1.75,6.04228]},"faces":{"north":{"uv":[12,1.25,12.25,1.875],"texture":"#10"},"east":{"uv":[12,1.875,12.25,2.5],"texture":"#10"},"south":{"uv":[12,0,12.25,0.625],"texture":"#10"},"west":{"uv":[12,0.625,12.25,1.25],"texture":"#10"},"up":{"uv":[12.25,3,12.5,3.25],"texture":"#10"},"down":{"uv":[12.25,3.5,12.5,3.25],"texture":"#10"}}},{"from":[-16,16,14],"to":[-14,21,16],"rotation":{"angle":0,"axis":"y","origin":[0,1.75,6.04228]},"faces":{"north":{"uv":[8.125,12,8.375,12.625],"texture":"#10"},"east":{"uv":[8.375,12,8.625,12.625],"texture":"#10"},"south":{"uv":[12,2.5,12.25,3.125],"texture":"#10"},"west":{"uv":[7.875,12,8.125,12.625],"texture":"#10"},"up":{"uv":[10.625,12.25,10.875,12.5],"texture":"#10"},"down":{"uv":[10.875,12.5,11.125,12.25],"texture":"#10"}}},{"from":[14,16,14],"to":[16,21,16],"rotation":{"angle":0,"axis":"y","origin":[0,1.75,6.04228]},"faces":{"north":{"uv":[8.125,12,8.375,12.625],"texture":"#10"},"east":{"uv":[8.375,12,8.625,12.625],"texture":"#10"},"south":{"uv":[12,2.5,12.25,3.125],"texture":"#10"},"west":{"uv":[7.875,12,8.125,12.625],"texture":"#10"},"up":{"uv":[10.625,12.25,10.875,12.5],"texture":"#10"},"down":{"uv":[10.875,12.5,11.125,12.25],"texture":"#10"}}},{"from":[14,16,2],"to":[16,21,4],"rotation":{"angle":0,"axis":"y","origin":[0,1.75,6.04228]},"faces":{"north":{"uv":[10.125,12,10.375,12.625],"texture":"#10"},"east":{"uv":[10.375,12,10.625,12.625],"texture":"#10"},"south":{"uv":[9.625,12,9.875,12.625],"texture":"#10"},"west":{"uv":[9.875,12,10.125,12.625],"texture":"#10"},"up":{"uv":[11.625,12.25,11.875,12.5],"texture":"#10"},"down":{"uv":[11.875,12.5,12.125,12.25],"texture":"#10"}}},{"from":[0,-12,1],"to":[16,16,2],"rotation":{"angle":0,"axis":"y","origin":[0,1.75,6.04228]},"faces":{"north":{"uv":[2,7,4,10.5],"texture":"#10"},"east":{"uv":[7.5,11,7.625,14.5],"texture":"#10"},"south":{"uv":[0,7,2,10.5],"texture":"#10"},"west":{"uv":[7.375,11,7.5,14.5],"texture":"#10"},"up":{"uv":[11.875,11.5,13.875,11.625],"texture":"#10"},"down":{"uv":[11.875,11.75,13.875,11.625],"texture":"#10"}}},{"from":[0,-12,1.7],"to":[16,16,1.7],"rotation":{"angle":0,"axis":"y","origin":[0,1.75,6.04228]},"faces":{"north":{"uv":[6,7.5,8,11],"texture":"#10"},"east":{"uv":[0,0,0,3.5],"texture":"#10"},"south":{"uv":[4,7.5,6,11],"texture":"#10"},"west":{"uv":[0,0,0,3.5],"texture":"#10"},"up":{"uv":[0,0,2,0],"texture":"#10"},"down":{"uv":[0,0,2,0],"texture":"#10"}}},{"from":[-8.37254,-12,-8.91259],"to":[7.62746,16,-7.91259],"rotation":{"angle":45,"axis":"y","origin":[0,1.75,6.04228]},"faces":{"north":{"uv":[8,3.5,10,7],"texture":"#10"},"east":{"uv":[7.5,11,7.375,14.5],"texture":"#10"},"south":{"uv":[8,0,10,3.5],"texture":"#10"},"west":{"uv":[7.625,11,7.75,14.5],"texture":"#10"},"up":{"uv":[11.875,11.75,13.875,11.875],"texture":"#10"},"down":{"uv":[11.875,12,13.875,11.875],"texture":"#10"}}},{"from":[-8.37254,-12,-8.21259],"to":[7.62746,16,-8.21259],"rotation":{"angle":45,"axis":"y","origin":[0,1.75,6.04228]},"faces":{"north":{"uv":[10,0,12,3.5],"texture":"#10"},"east":{"uv":[0,0,0,3.5],"texture":"#10"},"south":{"uv":[8,7,10,10.5],"texture":"#10"},"west":{"uv":[0,0,0,3.5],"texture":"#10"},"up":{"uv":[0,0,2,0],"texture":"#10"},"down":{"uv":[0,0,2,0],"texture":"#10"}}}],"display":{"thirdperson_righthand":{"rotation":[73.15,20.91,3.31],"translation":[3.5,4.5,0],"scale":[0.3125,0.3125,0.3125]},"thirdperson_lefthand":{"rotation":[73.15,20.91,3.31],"translation":[3.5,4.5,0],"scale":[0.3125,0.3125,0.3125]},"firstperson_righthand":{"rotation":[170.6,60.54,-176.46],"translation":[0.75,4.75,0],"scale":[0.15781,0.15781,0.15781]},"firstperson_lefthand":{"rotation":[170.6,60.54,-176.46],"translation":[1.25,5.5,1.75],"scale":[0.15781,0.15781,0.15781]},"ground":{"translation":[5,7.5,0],"scale":[0.46484,0.46484,0.46484]},"gui":{"rotation":[30,225,0],"translation":[-1.75,0.5,0],"scale":[0.32618,0.32618,0.32618]},"head":{"rotation":[-180,0,-180],"translation":[0,-4.9,0.75],"scale":[1.6,1.6,1.6]},"fixed":{"rotation":[-90,180,0],"translation":[0,0,-16],"scale":[2.01,2.01,2.01]}},"groups":[0,1,2,3,4,5,6,7,8,9,10,11,12,13,14,15,16,{"name":"group","origin":[0,0,0],"color":0,"boneType":"","children":[17,18]},{"name":"group","origin":[0,0,0],"color":0,"boneType":"","children":[19,20]}]}