{"texture_size":[64,64],"textures":{"1":"paper/table_v2","particle":"paper/table_v2"},"elements":[{"from":[-1,8,-1],"to":[17,10,17],"rotation":{"angle":0,"axis":"y","origin":[0,0,15]},"faces":{"north":{"uv":[4.5,0,9,0.5],"texture":"#1"},"east":{"uv":[4.5,0.5,9,1],"texture":"#1"},"south":{"uv":[4.5,1,9,1.5],"texture":"#1"},"west":{"uv":[4.5,1.5,9,2],"texture":"#1"},"up":{"uv":[4.5,4.5,0,0],"texture":"#1"},"down":{"uv":[4.5,4.5,0,9],"texture":"#1"}}},{"from":[12,3,2.5],"to":[13,5,13.5],"rotation":{"angle":0,"axis":"y","origin":[11,0,15]},"faces":{"north":{"uv":[7.25,5,7.5,5.5],"texture":"#1"},"east":{"uv":[4.5,2,7.25,2.5],"texture":"#1"},"south":{"uv":[7.25,5.5,7.5,6],"texture":"#1"},"west":{"uv":[4.5,2.5,7.25,3],"texture":"#1"},"up":{"uv":[8.75,7.75,8.5,5],"texture":"#1"},"down":{"uv":[8.75,7.75,8.5,10.5],"texture":"#1"}}},{"from":[13,0,2],"to":[15,4,4],"rotation":{"angle":0,"axis":"y","origin":[5,-2,2]},"faces":{"north":{"uv":[0.5,9,1,10],"texture":"#1"},"east":{"uv":[1,9,1.5,10],"texture":"#1"},"south":{"uv":[1.5,9,2,10],"texture":"#1"},"west":{"uv":[2,9,2.5,10],"texture":"#1"},"up":{"uv":[10.25,0.5,9.75,0],"texture":"#1"},"down":{"uv":[10.25,0.5,9.75,1],"texture":"#1"}}},{"from":[13.01,3.85,3.23],"to":[14.99,9.85,5.23],"rotation":{"angle":22.5,"axis":"x","origin":[14,7,3]},"faces":{"north":{"uv":[4.5,6,5,7.5],"texture":"#1"},"east":{"uv":[5,6,5.5,7.5],"texture":"#1"},"south":{"uv":[5.5,6,6,7.5],"texture":"#1"},"west":{"uv":[6,6,6.5,7.5],"texture":"#1"},"up":{"uv":[10,9.5,9.5,9],"texture":"#1"},"down":{"uv":[10,9.5,9.5,10],"texture":"#1"}}},{"from":[13.01,3.85,10.77],"to":[14.99,9.85,12.77],"rotation":{"angle":-22.5,"axis":"x","origin":[14,7,13]},"faces":{"north":{"uv":[6.5,6,7,7.5],"texture":"#1"},"east":{"uv":[7,6,7.5,7.5],"texture":"#1"},"south":{"uv":[7.25,2,7.75,3.5],"texture":"#1"},"west":{"uv":[7.25,3.5,7.75,5],"texture":"#1"},"up":{"uv":[9.5,10.25,9,9.75],"texture":"#1"},"down":{"uv":[1,10,0.5,10.5],"texture":"#1"}}},{"from":[13,0,12],"to":[15,4,14],"rotation":{"angle":0,"axis":"y","origin":[5,-2,14]},"faces":{"north":{"uv":[2.5,9,3,10],"texture":"#1"},"east":{"uv":[9,2.75,9.5,3.75],"texture":"#1"},"south":{"uv":[3,9,3.5,10],"texture":"#1"},"west":{"uv":[3.5,9,4,10],"texture":"#1"},"up":{"uv":[10.25,1.5,9.75,1],"texture":"#1"},"down":{"uv":[10.25,1.5,9.75,2],"texture":"#1"}}},{"from":[13,0,2],"to":[15,4,4],"rotation":{"angle":0,"axis":"y","origin":[5,-2,2]},"faces":{"north":{"uv":[5,9,5.5,10],"texture":"#1"},"east":{"uv":[5.5,9,6,10],"texture":"#1"},"south":{"uv":[9,5.75,9.5,6.75],"texture":"#1"},"west":{"uv":[6,9,6.5,10],"texture":"#1"},"up":{"uv":[3,10.5,2.5,10],"texture":"#1"},"down":{"uv":[10.5,2.5,10,3],"texture":"#1"}}},{"from":[13,0,12],"to":[15,4,14],"rotation":{"angle":0,"axis":"y","origin":[5,-2,14]},"faces":{"north":{"uv":[9,3.75,9.5,4.75],"texture":"#1"},"east":{"uv":[4,9,4.5,10],"texture":"#1"},"south":{"uv":[4.5,9,5,10],"texture":"#1"},"west":{"uv":[9,4.75,9.5,5.75],"texture":"#1"},"up":{"uv":[2.5,10.5,2,10],"texture":"#1"},"down":{"uv":[10.5,2,10,2.5],"texture":"#1"}}},{"from":[13.01,3.85,10.77],"to":[14.99,9.85,12.77],"rotation":{"angle":-22.5,"axis":"x","origin":[14,7,13]},"faces":{"north":{"uv":[4.5,7.5,5,9],"texture":"#1"},"east":{"uv":[5,7.5,5.5,9],"texture":"#1"},"south":{"uv":[7.5,5,8,6.5],"texture":"#1"},"west":{"uv":[5.5,7.5,6,9],"texture":"#1"},"up":{"uv":[1.5,10.5,1,10],"texture":"#1"},"down":{"uv":[2,10,1.5,10.5],"texture":"#1"}}},{"from":[12,3,2.5],"to":[13,5,13.5],"rotation":{"angle":0,"axis":"y","origin":[11,0,15]},"faces":{"north":{"uv":[9.25,2,9.5,2.5],"texture":"#1"},"east":{"uv":[4.5,3,7.25,3.5],"texture":"#1"},"south":{"uv":[6.5,10,6.75,10.5],"texture":"#1"},"west":{"uv":[4.5,3.5,7.25,4],"texture":"#1"},"up":{"uv":[9,4.75,8.75,2],"texture":"#1"},"down":{"uv":[9,4.75,8.75,7.5],"texture":"#1"}}},{"from":[1.01,3.85,3.23],"to":[2.99,9.85,5.23],"rotation":{"angle":22.5,"axis":"x","origin":[2,7,3]},"faces":{"north":{"uv":[7.5,8,8,9.5],"texture":"#1"},"east":{"uv":[8,8,8.5,9.5],"texture":"#1"},"south":{"uv":[8.25,2,8.75,3.5],"texture":"#1"},"west":{"uv":[8.25,3.5,8.75,5],"texture":"#1"},"up":{"uv":[6.5,10.5,6,10],"texture":"#1"},"down":{"uv":[10.5,6,10,6.5],"texture":"#1"}}},{"from":[1,0,2],"to":[3,4,4],"rotation":{"angle":0,"axis":"y","origin":[11,-2,2]},"faces":{"north":{"uv":[9.5,7,10,8],"texture":"#1"},"east":{"uv":[7.5,9.5,8,10.5],"texture":"#1"},"south":{"uv":[8,9.5,8.5,10.5],"texture":"#1"},"west":{"uv":[9.5,8,10,9],"texture":"#1"},"up":{"uv":[6,10.5,5.5,10],"texture":"#1"},"down":{"uv":[10.5,5.5,10,6],"texture":"#1"}}},{"from":[1,0,12],"to":[3,4,14],"rotation":{"angle":0,"axis":"y","origin":[11,-2,14]},"faces":{"north":{"uv":[9.5,3,10,4],"texture":"#1"},"east":{"uv":[9.5,4,10,5],"texture":"#1"},"south":{"uv":[9.5,5,10,6],"texture":"#1"},"west":{"uv":[9.5,6,10,7],"texture":"#1"},"up":{"uv":[5.5,10.5,5,10],"texture":"#1"},"down":{"uv":[10.5,5,10,5.5],"texture":"#1"}}},{"from":[1.01,3.85,10.77],"to":[2.99,9.85,12.77],"rotation":{"angle":-22.5,"axis":"x","origin":[2,7,13]},"faces":{"north":{"uv":[7.75,2,8.25,3.5],"texture":"#1"},"east":{"uv":[7.75,3.5,8.25,5],"texture":"#1"},"south":{"uv":[8,5,8.5,6.5],"texture":"#1"},"west":{"uv":[8,6.5,8.5,8],"texture":"#1"},"up":{"uv":[5,10.5,4.5,10],"texture":"#1"},"down":{"uv":[10.5,4.5,10,5],"texture":"#1"}}},{"from":[3,3,2.5],"to":[4,5,13.5],"rotation":{"angle":0,"axis":"y","origin":[5,0,15]},"faces":{"north":{"uv":[7,10,7.25,10.5],"texture":"#1"},"east":{"uv":[4.5,5,7.25,5.5],"texture":"#1"},"south":{"uv":[10,7,10.25,7.5],"texture":"#1"},"west":{"uv":[4.5,5.5,7.25,6],"texture":"#1"},"up":{"uv":[9.25,2.75,9,0],"texture":"#1"},"down":{"uv":[0.5,9,0.25,11.75],"texture":"#1"}}},{"from":[3,3,2.5],"to":[4,5,13.5],"rotation":{"angle":0,"axis":"y","origin":[5,0,15]},"faces":{"north":{"uv":[10,6.5,10.25,7],"texture":"#1"},"east":{"uv":[4.5,4,7.25,4.5],"texture":"#1"},"south":{"uv":[6.75,10,7,10.5],"texture":"#1"},"west":{"uv":[4.5,4.5,7.25,5],"texture":"#1"},"up":{"uv":[9,10.25,8.75,7.5],"texture":"#1"},"down":{"uv":[0.25,9,0,11.75],"texture":"#1"}}},{"from":[1.01,3.85,10.77],"to":[2.99,9.85,12.77],"rotation":{"angle":-22.5,"axis":"x","origin":[2,7,13]},"faces":{"north":{"uv":[6,7.5,6.5,9],"texture":"#1"},"east":{"uv":[6.5,7.5,7,9],"texture":"#1"},"south":{"uv":[7.5,6.5,8,8],"texture":"#1"},"west":{"uv":[7,7.5,7.5,9],"texture":"#1"},"up":{"uv":[4.5,10.5,4,10],"texture":"#1"},"down":{"uv":[10.5,4,10,4.5],"texture":"#1"}}},{"from":[1,0,12],"to":[3,4,14],"rotation":{"angle":0,"axis":"y","origin":[11,-2,14]},"faces":{"north":{"uv":[9,8.75,9.5,9.75],"texture":"#1"},"east":{"uv":[9.25,0,9.75,1],"texture":"#1"},"south":{"uv":[9.25,1,9.75,2],"texture":"#1"},"west":{"uv":[9.5,2,10,3],"texture":"#1"},"up":{"uv":[4,10.5,3.5,10],"texture":"#1"},"down":{"uv":[10.5,3.5,10,4],"texture":"#1"}}},{"from":[1,0,2],"to":[3,4,4],"rotation":{"angle":0,"axis":"y","origin":[11,-2,2]},"faces":{"north":{"uv":[6.5,9,7,10],"texture":"#1"},"east":{"uv":[9,6.75,9.5,7.75],"texture":"#1"},"south":{"uv":[7,9,7.5,10],"texture":"#1"},"west":{"uv":[9,7.75,9.5,8.75],"texture":"#1"},"up":{"uv":[3.5,10.5,3,10],"texture":"#1"},"down":{"uv":[10.5,3,10,3.5],"texture":"#1"}}}],"display":{"thirdperson_righthand":{"rotation":[73.15,20.91,3.31],"translation":[0,3,0],"scale":[0.3125,0.3125,0.3125]},"thirdperson_lefthand":{"rotation":[73.15,20.91,3.31],"translation":[0,3,0],"scale":[0.3125,0.3125,0.3125]},"firstperson_righthand":{"rotation":[170.6,60.54,-176.46],"translation":[0.75,2,0],"scale":[0.21641,0.21641,0.21641]},"firstperson_lefthand":{"rotation":[170.6,60.54,-176.46],"translation":[0.75,2,0],"scale":[0.21641,0.21641,0.21641]},"ground":{"translation":[0,1.75,0],"scale":[0.50586,0.50586,0.50586]},"gui":{"rotation":[30,225,0],"translation":[0,-0.25,0],"scale":[0.58594,0.58594,0.58594]},"head":{"translation":[0,-30.4,0],"scale":[1.6,1.6,1.6]},"fixed":{"rotation":[-90,180,0],"translation":[0,0,-16],"scale":[2.01,2.01,2.01]}}}