{"texture_size":[128,128],"textures":{"3":"paper/table_v3"},"elements":[{"from":[-11,4,7.5],"to":[27,8,8.5],"rotation":{"angle":0,"axis":"y","origin":[0,0,15]},"faces":{"north":{"uv":[4.75,2.125,9.5,2.625],"texture":"#3"},"east":{"uv":[6.75,6.125,6.875,6.625],"texture":"#3"},"south":{"uv":[4.75,2.625,9.5,3.125],"texture":"#3"},"west":{"uv":[6.875,6.125,7,6.625],"texture":"#3"},"up":{"uv":[11.5,5.5,6.75,5.375],"texture":"#3"},"down":{"uv":[11.5,5.5,6.75,5.625],"texture":"#3"}}},{"from":[-11,14,-1],"to":[27,16,17],"rotation":{"angle":0,"axis":"y","origin":[0,0,15]},"faces":{"north":{"uv":[4.5,6.625,9.25,6.875],"texture":"#3"},"east":{"uv":[6.75,5.625,9,5.875],"texture":"#3"},"south":{"uv":[6.75,4.375,11.5,4.625],"texture":"#3"},"west":{"uv":[6.75,5.875,9,6.125],"texture":"#3"},"up":{"uv":[4.75,2.25,0,0],"texture":"#3"},"down":{"uv":[4.75,2.25,0,4.5],"texture":"#3"}}},{"from":[23,3,0.5],"to":[24,6,15.5],"rotation":{"angle":0,"axis":"y","origin":[16,0,15]},"faces":{"north":{"uv":[7.75,1.5,7.875,1.875],"texture":"#3"},"east":{"uv":[0,6.75,1.875,7.125],"texture":"#3"},"south":{"uv":[7.75,3.125,7.875,3.5],"texture":"#3"},"west":{"uv":[1.875,6.75,3.75,7.125],"texture":"#3"},"up":{"uv":[3.875,8.625,3.75,6.75],"texture":"#3"},"down":{"uv":[4,6.75,3.875,8.625],"texture":"#3"}}},{"from":[-8,3,0.5],"to":[-7,6,15.5],"rotation":{"angle":0,"axis":"y","origin":[0,0,15]},"faces":{"north":{"uv":[7.75,3.5,7.875,3.875],"texture":"#3"},"east":{"uv":[6.75,4.625,8.625,5],"texture":"#3"},"south":{"uv":[7.75,3.875,7.875,4.25],"texture":"#3"},"west":{"uv":[6.75,5,8.625,5.375],"texture":"#3"},"up":{"uv":[4.125,8.625,4,6.75],"texture":"#3"},"down":{"uv":[4.25,6.75,4.125,8.625],"texture":"#3"}}},{"from":[24,0,1],"to":[26,6,3],"rotation":{"angle":0,"axis":"y","origin":[16,0,1]},"faces":{"north":{"uv":[4.25,6.75,4.5,7.5],"texture":"#3"},"east":{"uv":[4.5,6.875,4.75,7.625],"texture":"#3"},"south":{"uv":[4.75,6.875,5,7.625],"texture":"#3"},"west":{"uv":[5,6.875,5.25,7.625],"texture":"#3"},"up":{"uv":[7.25,4.125,7,3.875],"texture":"#3"},"down":{"uv":[7.25,4.125,7,4.375],"texture":"#3"}}},{"from":[24.01,5.85,2.23],"to":[25.99,11.85,4.23],"rotation":{"angle":22.5,"axis":"x","origin":[25,9,2]},"faces":{"north":{"uv":[5.25,6.875,5.5,7.625],"texture":"#3"},"east":{"uv":[5.5,6.875,5.75,7.625],"texture":"#3"},"south":{"uv":[5.75,6.875,6,7.625],"texture":"#3"},"west":{"uv":[6,6.875,6.25,7.625],"texture":"#3"},"up":{"uv":[7.25,6.375,7,6.125],"texture":"#3"},"down":{"uv":[7.25,6.375,7,6.625],"texture":"#3"}}},{"from":[24,10.8,3.15],"to":[26,15.8,5.15],"rotation":{"angle":0,"axis":"y","origin":[16,0,1]},"faces":{"north":{"uv":[7,1.5,7.25,2.125],"texture":"#3"},"east":{"uv":[7.25,1.5,7.5,2.125],"texture":"#3"},"south":{"uv":[7.25,3.125,7.5,3.75],"texture":"#3"},"west":{"uv":[7.25,3.75,7.5,4.375],"texture":"#3"},"up":{"uv":[7.5,6.375,7.25,6.125],"texture":"#3"},"down":{"uv":[7.5,6.375,7.25,6.625],"texture":"#3"}}},{"from":[-10,10.8,3.15],"to":[-8,15.8,5.15],"rotation":{"angle":0,"axis":"y","origin":[0,0,1]},"faces":{"north":{"uv":[7.25,6.875,7.5,7.5],"texture":"#3"},"east":{"uv":[7.5,0,7.75,0.625],"texture":"#3"},"south":{"uv":[7.5,0.625,7.75,1.25],"texture":"#3"},"west":{"uv":[7.5,1.25,7.75,1.875],"texture":"#3"},"up":{"uv":[7.75,2.125,7.5,1.875],"texture":"#3"},"down":{"uv":[7.75,6.125,7.5,6.375],"texture":"#3"}}},{"from":[-9.99,5.85,2.23],"to":[-8.01,11.85,4.23],"rotation":{"angle":22.5,"axis":"x","origin":[-9,9,2]},"faces":{"north":{"uv":[6.25,6.875,6.5,7.625],"texture":"#3"},"east":{"uv":[6.5,6.875,6.75,7.625],"texture":"#3"},"south":{"uv":[6.75,6.875,7,7.625],"texture":"#3"},"west":{"uv":[7,0,7.25,0.75],"texture":"#3"},"up":{"uv":[7.75,6.625,7.5,6.375],"texture":"#3"},"down":{"uv":[5.25,7.625,5,7.875],"texture":"#3"}}},{"from":[-10,0,1],"to":[-8,6,3],"rotation":{"angle":0,"axis":"y","origin":[0,0,1]},"faces":{"north":{"uv":[3.25,7.125,3.5,7.875],"texture":"#3"},"east":{"uv":[3.5,7.125,3.75,7.875],"texture":"#3"},"south":{"uv":[7.25,0,7.5,0.75],"texture":"#3"},"west":{"uv":[7.25,0.75,7.5,1.5],"texture":"#3"},"up":{"uv":[8,1.25,7.75,1],"texture":"#3"},"down":{"uv":[8,1.25,7.75,1.5],"texture":"#3"}}},{"from":[24,0,13],"to":[26,6,15],"rotation":{"angle":0,"axis":"y","origin":[16,0,15]},"faces":{"north":{"uv":[7,0.75,7.25,1.5],"texture":"#3"},"east":{"uv":[7,3.125,7.25,3.875],"texture":"#3"},"south":{"uv":[7,6.875,7.25,7.625],"texture":"#3"},"west":{"uv":[0,7.125,0.25,7.875],"texture":"#3"},"up":{"uv":[5.5,7.875,5.25,7.625],"texture":"#3"},"down":{"uv":[5.75,7.625,5.5,7.875],"texture":"#3"}}},{"from":[24.01,5.85,11.77],"to":[25.99,11.85,13.77],"rotation":{"angle":-22.5,"axis":"x","origin":[25,9,14]},"faces":{"north":{"uv":[0.25,7.125,0.5,7.875],"texture":"#3"},"east":{"uv":[0.5,7.125,0.75,7.875],"texture":"#3"},"south":{"uv":[0.75,7.125,1,7.875],"texture":"#3"},"west":{"uv":[1,7.125,1.25,7.875],"texture":"#3"},"up":{"uv":[6,7.875,5.75,7.625],"texture":"#3"},"down":{"uv":[6.25,7.625,6,7.875],"texture":"#3"}}},{"from":[24,10.8,10.85],"to":[26,15.8,12.85],"rotation":{"angle":0,"axis":"y","origin":[16,0,15]},"faces":{"north":{"uv":[7.5,3.125,7.75,3.75],"texture":"#3"},"east":{"uv":[7.5,3.75,7.75,4.375],"texture":"#3"},"south":{"uv":[4.25,7.5,4.5,8.125],"texture":"#3"},"west":{"uv":[7.5,6.875,7.75,7.5],"texture":"#3"},"up":{"uv":[6.5,7.875,6.25,7.625],"texture":"#3"},"down":{"uv":[6.75,7.625,6.5,7.875],"texture":"#3"}}},{"from":[-10,10.8,10.85],"to":[-8,15.8,12.85],"rotation":{"angle":0,"axis":"y","origin":[0,0,15]},"faces":{"north":{"uv":[7.25,7.5,7.5,8.125],"texture":"#3"},"east":{"uv":[7.5,7.5,7.75,8.125],"texture":"#3"},"south":{"uv":[4.5,7.625,4.75,8.25],"texture":"#3"},"west":{"uv":[4.75,7.625,5,8.25],"texture":"#3"},"up":{"uv":[7,7.875,6.75,7.625],"texture":"#3"},"down":{"uv":[7.25,7.625,7,7.875],"texture":"#3"}}},{"from":[-9.99,5.85,11.77],"to":[-8.01,11.85,13.77],"rotation":{"angle":-22.5,"axis":"x","origin":[-9,9,14]},"faces":{"north":{"uv":[1.25,7.125,1.5,7.875],"texture":"#3"},"east":{"uv":[1.5,7.125,1.75,7.875],"texture":"#3"},"south":{"uv":[1.75,7.125,2,7.875],"texture":"#3"},"west":{"uv":[2,7.125,2.25,7.875],"texture":"#3"},"up":{"uv":[8,0.25,7.75,0],"texture":"#3"},"down":{"uv":[8,0.25,7.75,0.5],"texture":"#3"}}},{"from":[-10,0,13],"to":[-8,6,15],"rotation":{"angle":0,"axis":"y","origin":[0,0,15]},"faces":{"north":{"uv":[2.25,7.125,2.5,7.875],"texture":"#3"},"east":{"uv":[2.5,7.125,2.75,7.875],"texture":"#3"},"south":{"uv":[2.75,7.125,3,7.875],"texture":"#3"},"west":{"uv":[3,7.125,3.25,7.875],"texture":"#3"},"up":{"uv":[8,0.75,7.75,0.5],"texture":"#3"},"down":{"uv":[8,0.75,7.75,1],"texture":"#3"}}},{"from":[5,16.2,-1.3],"to":[23,16.2,15.7],"rotation":{"angle":0,"axis":"y","origin":[5,0,16]},"faces":{"north":{"uv":[2.25,0,0,0],"texture":"#3"},"east":{"uv":[2.125,0,0,0],"texture":"#3"},"south":{"uv":[2.25,0,0,0],"texture":"#3"},"west":{"uv":[2.125,0,0,0],"texture":"#3"},"up":{"uv":[6.75,4.5,4.5,6.625],"texture":"#3"},"down":{"uv":[7,0,4.75,2.125],"texture":"#3"}}},{"from":[5,0.12,-12.75],"to":[23,0.12,-7.95],"rotation":{"angle":0,"axis":"y","origin":[5,0,16]},"faces":{"north":{"uv":[2.25,0,0,0],"texture":"#3"},"east":{"uv":[0.625,0,0,0],"texture":"#3"},"south":{"uv":[2.25,0,0,0],"texture":"#3"},"west":{"uv":[0.625,0,0,0],"texture":"#3"},"up":{"uv":[7,3.125,4.75,3.75],"texture":"#3"},"down":{"uv":[7,4.375,4.75,3.75],"texture":"#3"}}},{"from":[5,-1.2,-1.3],"to":[23,16.2,-1.3],"rotation":{"angle":22.5,"axis":"x","origin":[14,16.2,-1.3]},"faces":{"north":{"uv":[4.5,4.5,2.25,6.6875],"texture":"#3"},"east":{"uv":[0,0,0,2.1875],"texture":"#3"},"south":{"uv":[2.25,4.5,0,6.6875],"texture":"#3"},"west":{"uv":[0,0,0,2.1875],"texture":"#3"},"up":{"uv":[2.25,0,0,0],"texture":"#3"},"down":{"uv":[2.25,0,0,0],"texture":"#3"}}}],"display":{"thirdperson_righthand":{"rotation":[72.95,-15.16,6.83],"translation":[0,3,0],"scale":[0.3125,0.3125,0.3125]},"thirdperson_lefthand":{"rotation":[-118.82,33.08,-171.18],"translation":[0,3,0],"scale":[0.3125,0.3125,0.3125]},"firstperson_righthand":{"rotation":[170.6,60.54,-176.46],"translation":[0.75,2,0],"scale":[0.15781,0.15781,0.15781]},"firstperson_lefthand":{"rotation":[170.6,60.54,-176.46],"translation":[0.75,2,0],"scale":[0.15781,0.15781,0.15781]},"ground":{"translation":[0,1.75,0],"scale":[0.50586,0.50586,0.50586]},"gui":{"rotation":[30,225,0],"translation":[0,-1,0],"scale":[0.39063,0.39063,0.39063]},"head":{"rotation":[-180,0,-180],"translation":[0,-30.4,0],"scale":[1.6,1.6,1.6]},"fixed":{"rotation":[-90,180,0],"translation":[0,0,-16],"scale":[2.01,2.01,2.01]}}}