{
	"credit": "Made with Blockbench",
	"textures": {
		"0": "paper/negro",
		"1": "paper/marco",
		"2": "paper/escrituras"
	},
	"elements": [
		{
			"name": "ground",
			"from": [0, 0, 0],
			"to": [16, 1, 16],
			"faces": {
				"north": {"uv": [0, 0, 16, 1], "texture": "#0"},
				"east": {"uv": [0, 0, 16, 1], "texture": "#0"},
				"south": {"uv": [0, 0, 16, 1], "texture": "#0"},
				"west": {"uv": [0, 0, 16, 1], "texture": "#0"},
				"up": {"uv": [0, 0, 16, 16], "texture": "#0"},
				"down": {"uv": [0, 0, 16, 16], "texture": "#0", "cullface": "down"}
			}
		},
		{
			"name": "grave_down",
			"from": [2.8, 1, 0],
			"to": [12.8, 4, 16],
			"faces": {
				"north": {"uv": [3, 1, 13, 4], "texture": "#0"},
				"east": {"uv": [0, 1, 16, 4], "texture": "#0"},
				"south": {"uv": [3, 1, 13, 4], "texture": "#0"},
				"west": {"uv": [0, 1, 16, 4], "texture": "#0"},
				"up": {"uv": [3, 0, 13, 16], "texture": "#0"}
			}
		},
		{
			"name": "grave_top",
			"from": [3.8, 4, 1],
			"to": [11.8, 5, 14],
			"faces": {
				"north": {"uv": [4, 4, 12, 5], "texture": "#0"},
				"east": {"uv": [4, 4, 12, 5], "texture": "#0"},
				"south": {"uv": [4, 4, 12, 5], "texture": "#0"},
				"west": {"uv": [4, 4, 12, 5], "texture": "#0"},
				"up": {"uv": [4, 1, 12, 14], "texture": "#0"}
			}
		},
		{
			"name": "grave_side_down",
			"from": [2.8, 4, 14],
			"to": [12.8, 13, 16],
			"faces": {
				"north": {"uv": [1.5, 0.5, 14.5, 15.5], "texture": "#1"},
				"east": {"uv": [14, 4, 16, 13], "texture": "#0"},
				"south": {"uv": [3, 4, 13, 13], "texture": "#0"},
				"west": {"uv": [14, 4, 16, 13], "texture": "#0"},
				"up": {"uv": [4, 14, 12, 16], "texture": "#0"}
			}
		},
		{
			"name": "grave_side_top",
			"from": [3.8, 13, 14],
			"to": [11.8, 14, 16],
			"faces": {
				"north": {"uv": [4, 13, 12, 14], "texture": "#0"},
				"east": {"uv": [14, 13, 16, 14], "texture": "#0"},
				"south": {"uv": [4, 13, 12, 14], "texture": "#0"},
				"west": {"uv": [14, 13, 16, 14], "texture": "#0"},
				"up": {"uv": [4, 14, 12, 16], "texture": "#0"}
			}
		},
		{
			"from": [3.8, 5, 13.9],
			"to": [11.5, 12, 14],
			"rotation": {"angle": 0, "axis": "y", "origin": [0, 10, 0]},
			"faces": {
				"north": {"uv": [2.5, 3.5, 13.7, 11.5], "texture": "#2"},
				"east": {"uv": [0, 0, 0.1, 7], "texture": "#0"},
				"south": {"uv": [0, 0, 7.7, 7], "texture": "#0"},
				"west": {"uv": [0, 0, 0.1, 7], "texture": "#0"},
				"up": {"uv": [0, 0, 7.7, 0.1], "texture": "#0"},
				"down": {"uv": [0, 0, 7.7, 0.1], "texture": "#missing"}
			}
		}
	],
	"display": {
		"thirdperson_righthand": {
			"translation": [0, 3.25, 0],
			"scale": [0.4, 0.4, 0.4]
		},
		"thirdperson_lefthand": {
			"translation": [0, 3.25, 0],
			"scale": [0.4, 0.4, 0.4]
		},
		"firstperson_righthand": {
			"rotation": [0, 110, 0],
			"translation": [0, 1.25, 0]
		},
		"firstperson_lefthand": {
			"rotation": [0, 110, 0],
			"translation": [0, 1.25, 0]
		},
		"ground": {
			"scale": [0.52, 0.52, 0.52]
		},
		"gui": {
			"rotation": [0, -180, 0],
			"scale": [0.83, 0.83, 0.83]
		},
		"head": {
			"translation": [0, 14.5, -1.5]
		},
		"fixed": {
			"rotation": [-90, 0, 0],
			"translation": [0, 0, -19.75],
			"scale": [2.11, 2.54, 2.11]
		}
	}
}