{"textures":{"0":"modelengine:entity/pet_elder_ent","particle":"#0"},"elements":[{"from":[3.5,14.362728,3.0354352],"to":[12.5,20.362728,3.0354352],"faces":{"south":{"uv":[4.75,6.75,2.5,8.25],"tintindex":0,"rotation":0,"texture":"#0"},"north":{"uv":[2.5,6.75,4.75,8.25],"tintindex":0,"rotation":0,"texture":"#0"}},"rotation":{"origin":[8.0,14.347759,7.9],"angle":-22.5,"axis":"x"}},{"from":[3.5,3.5,3.4],"to":[12.5,12.5,12.4],"faces":{"east":{"uv":[0.0,2.5,2.25,4.75],"tintindex":0,"rotation":0,"texture":"#0"},"south":{"uv":[2.5,0.0,4.75,2.25],"tintindex":0,"rotation":0,"texture":"#0"},"north":{"uv":[0.0,0.0,2.25,2.25],"tintindex":0,"rotation":0,"texture":"#0"},"west":{"uv":[2.5,2.5,4.75,4.75],"tintindex":0,"rotation":0,"texture":"#0"},"up":{"uv":[2.25,7.25,0.0,5.0],"tintindex":0,"rotation":0,"texture":"#0"},"down":{"uv":[7.25,0.0,5.0,2.25],"tintindex":0,"rotation":0,"texture":"#0"}}},{"from":[3.135435,14.362728,3.4],"to":[3.135435,20.362728,12.4],"faces":{"east":{"uv":[7.25,2.5,5.0,4.0],"tintindex":0,"rotation":0,"texture":"#0"},"west":{"uv":[5.0,2.5,7.25,4.0],"tintindex":0,"rotation":0,"texture":"#0"}},"rotation":{"origin":[8.0,14.347759,7.9],"angle":22.5,"axis":"z"}},{"from":[12.864565,14.362728,3.4],"to":[12.864565,20.362728,12.4],"faces":{"east":{"uv":[7.25,2.5,5.0,4.0],"tintindex":0,"rotation":0,"texture":"#0"},"west":{"uv":[5.0,2.5,7.25,4.0],"tintindex":0,"rotation":0,"texture":"#0"}},"rotation":{"origin":[8.0,14.347759,7.9],"angle":-22.5,"axis":"z"}},{"from":[3.5,14.362728,12.7645645],"to":[12.5,20.362728,12.7645645],"faces":{"south":{"uv":[7.5,1.75,9.75,3.25],"tintindex":0,"rotation":0,"texture":"#0"},"north":{"uv":[9.75,1.75,7.5,3.25],"tintindex":0,"rotation":0,"texture":"#0"}},"rotation":{"origin":[8.0,14.347759,7.9],"angle":22.5,"axis":"x"}}],"display":{"head":{"rotation":[0.0,0.0,0.0]},"firstperson_righthand":{"rotation":[0.0,0.0,0.0]},"thirdperson_lefthand":{"rotation":[0.0,-0.0,-0.0]},"firstperson_lefthand":{"rotation":[0.0,-0.0,-0.0]},"fixed":{"rotation":[0.0,0.0,0.0]},"ground":{"rotation":[0.0,0.0,0.0]},"thirdperson_righthand":{"rotation":[0.0,0.0,0.0]},"gui":{"rotation":[-150.0,-45.0,180.0]}}}