{"textures":{"0":"modelengine:entity/pet_elder_ent","particle":"#0"},"elements":[{"from":[5.356799,5.2194996,6.5],"to":[8.356799,9.2195,9.5],"faces":{"east":{"uv":[7.25,7.75,8.0,8.75],"tintindex":0,"rotation":0,"texture":"#0"},"south":{"uv":[8.25,7.75,9.0,8.75],"tintindex":0,"rotation":0,"texture":"#0"},"north":{"uv":[6.25,7.75,7.0,8.75],"tintindex":0,"rotation":0,"texture":"#0"},"west":{"uv":[2.5,8.5,3.25,9.5],"tintindex":0,"rotation":0,"texture":"#0"},"up":{"uv":[2.75,10.5,2.0,9.75],"tintindex":0,"rotation":0,"texture":"#0"},"down":{"uv":[3.75,9.75,3.0,10.5],"tintindex":0,"rotation":0,"texture":"#0"}},"rotation":{"origin":[6.356799,7.2194996,8.0],"angle":-22.5,"axis":"z"}},{"from":[5.356799,1.2194996,6.5],"to":[5.356799,5.2194996,9.5],"faces":{"east":{"uv":[5.25,9.0,4.5,10.0],"tintindex":0,"rotation":0,"texture":"#0"},"west":{"uv":[4.5,9.0,5.25,10.0],"tintindex":0,"rotation":0,"texture":"#0"}},"rotation":{"origin":[6.356799,7.2194996,8.0],"angle":-22.5,"axis":"z"}},{"from":[5.356799,1.2194996,9.5],"to":[8.356799,5.2194996,9.5],"faces":{"south":{"uv":[4.5,9.0,5.25,10.0],"tintindex":0,"rotation":0,"texture":"#0"},"north":{"uv":[5.25,9.0,4.5,10.0],"tintindex":0,"rotation":0,"texture":"#0"}},"rotation":{"origin":[6.356799,7.2194996,8.0],"angle":-22.5,"axis":"z"}},{"from":[2.2363462,6.641284,8.0],"to":[8.236347,11.641284,8.0],"faces":{"south":{"uv":[9.0,3.5,7.5,4.75],"tintindex":0,"rotation":0,"texture":"#0"},"north":{"uv":[7.5,3.5,9.0,4.75],"tintindex":0,"rotation":0,"texture":"#0"}},"rotation":{"origin":[5.7363467,9.641284,8.0],"angle":-45.0,"axis":"z"}},{"from":[8.356799,1.2194996,6.5],"to":[8.356799,5.2194996,9.5],"faces":{"east":{"uv":[4.5,9.0,5.25,10.0],"tintindex":0,"rotation":0,"texture":"#0"},"west":{"uv":[5.25,9.0,4.5,10.0],"tintindex":0,"rotation":0,"texture":"#0"}},"rotation":{"origin":[6.356799,7.2194996,8.0],"angle":-22.5,"axis":"z"}},{"from":[5.356799,1.2194996,6.5],"to":[8.356799,5.2194996,6.5],"faces":{"south":{"uv":[5.25,9.0,4.5,10.0],"tintindex":0,"rotation":0,"texture":"#0"},"north":{"uv":[4.5,9.0,5.25,10.0],"tintindex":0,"rotation":0,"texture":"#0"}},"rotation":{"origin":[6.356799,7.2194996,8.0],"angle":-22.5,"axis":"z"}}],"display":{"head":{"rotation":[0.0,0.0,0.0]},"firstperson_righthand":{"rotation":[0.0,0.0,0.0]},"thirdperson_lefthand":{"rotation":[0.0,-0.0,-0.0]},"firstperson_lefthand":{"rotation":[0.0,-0.0,-0.0]},"fixed":{"rotation":[0.0,0.0,0.0]},"ground":{"rotation":[0.0,0.0,0.0]},"thirdperson_righthand":{"rotation":[0.0,0.0,0.0]},"gui":{"rotation":[-150.0,-45.0,180.0]}}}