{"textures":{"0":"modelengine:entity/pet_elder_ent","particle":"#0"},"elements":[{"from":[6.0,5.0,6.025],"to":[10.0,7.0,10.025],"faces":{"east":{"uv":[9.5,9.75,10.5,10.25],"tintindex":0,"rotation":0,"texture":"#0"},"south":{"uv":[10.0,0.0,11.0,0.5],"tintindex":0,"rotation":0,"texture":"#0"},"north":{"uv":[9.75,6.5,10.75,7.0],"tintindex":0,"rotation":0,"texture":"#0"},"west":{"uv":[10.0,0.75,11.0,1.25],"tintindex":0,"rotation":0,"texture":"#0"},"up":{"uv":[8.5,7.5,7.5,6.5],"tintindex":0,"rotation":0,"texture":"#0"},"down":{"uv":[6.0,7.75,5.0,8.75],"tintindex":0,"rotation":0,"texture":"#0"}}},{"from":[6.5,5.0,6.525],"to":[9.5,8.0,9.525],"faces":{"east":{"uv":[9.25,3.5,10.0,4.25],"tintindex":0,"rotation":0,"texture":"#0"},"south":{"uv":[9.25,4.5,10.0,5.25],"tintindex":0,"rotation":0,"texture":"#0"},"north":{"uv":[1.0,9.25,1.75,10.0],"tintindex":0,"rotation":0,"texture":"#0"},"west":{"uv":[9.25,5.5,10.0,6.25],"tintindex":0,"rotation":0,"texture":"#0"},"up":{"uv":[10.0,8.5,9.25,7.75],"tintindex":0,"rotation":0,"texture":"#0"},"down":{"uv":[10.25,8.75,9.5,9.5],"tintindex":0,"rotation":0,"texture":"#0"}}}],"display":{"head":{"rotation":[0.0,0.0,0.0]},"firstperson_righthand":{"rotation":[0.0,0.0,0.0]},"thirdperson_lefthand":{"rotation":[0.0,-0.0,-0.0]},"firstperson_lefthand":{"rotation":[0.0,-0.0,-0.0]},"fixed":{"rotation":[0.0,0.0,0.0]},"ground":{"rotation":[0.0,0.0,0.0]},"thirdperson_righthand":{"rotation":[0.0,0.0,0.0]},"gui":{"rotation":[-150.0,-45.0,180.0]}}}