{"textures":{"0":"modelengine:entity/chameleon_invisible","particle":"#0"},"elements":[{"from":[7.0,3.0,5.0],"to":[9.0,4.0,9.0],"faces":{"east":{"uv":[12.5,12.5,14.5,13.0],"tintindex":0,"rotation":0,"texture":"#0"},"south":{"uv":[13.5,2.0,14.5,2.5],"tintindex":0,"rotation":0,"texture":"#0"},"north":{"uv":[1.5,13.5,2.5,14.0],"tintindex":0,"rotation":0,"texture":"#0"},"west":{"uv":[0.0,13.0,2.0,13.5],"tintindex":0,"rotation":0,"texture":"#0"},"up":{"uv":[3.0,13.5,2.0,11.5],"tintindex":0,"rotation":0,"texture":"#0"},"down":{"uv":[12.5,2.0,11.5,4.0],"tintindex":0,"rotation":0,"texture":"#0"}},"rotation":{"origin":[8.0,3.5,7.0],"angle":-45.0,"axis":"x"}},{"from":[7.5,4.0,6.0],"to":[8.5,8.0,8.0],"faces":{"east":{"uv":[11.0,10.5,12.0,12.5],"tintindex":0,"rotation":0,"texture":"#0"},"south":{"uv":[12.0,12.5,12.5,14.5],"tintindex":0,"rotation":0,"texture":"#0"},"north":{"uv":[11.5,12.5,12.0,14.5],"tintindex":0,"rotation":0,"texture":"#0"},"west":{"uv":[11.5,0.0,12.5,2.0],"tintindex":0,"rotation":0,"texture":"#0"},"up":{"uv":[1.5,14.5,1.0,13.5],"tintindex":0,"rotation":0,"texture":"#0"},"down":{"uv":[14.0,1.0,13.5,2.0],"tintindex":0,"rotation":0,"texture":"#0"}}}],"display":{"head":{"rotation":[0.0,0.0,0.0]},"firstperson_righthand":{"rotation":[0.0,0.0,0.0]},"thirdperson_lefthand":{"rotation":[0.0,-0.0,-0.0]},"firstperson_lefthand":{"rotation":[0.0,-0.0,-0.0]},"fixed":{"rotation":[0.0,0.0,0.0]},"ground":{"rotation":[0.0,0.0,0.0]},"thirdperson_righthand":{"rotation":[0.0,0.0,0.0]},"gui":{"rotation":[-150.0,-45.0,180.0]}}}