{
	"credit": "Made by LZLeon with Blockbench, Contact - Discord: LZBlocks#0261 - E-Mail: lzblocks@outlook.com",
	"texture_size": [64, 64],
	"textures": {
		"0": "paper/outdoor_wateringcan",
		"particle": "paper/outdoor_wateringcan"
	},
	"elements": [
		{
			"from": [5.5, 2.5, -10.5],
			"to": [10.5, 7.5, -8.5],
			"rotation": {"angle": 45, "axis": "x", "origin": [0, 0, 0]},
			"faces": {
				"north": {"uv": [8, 0.5, 9.25, 1.75], "texture": "#0"},
				"east": {"uv": [7.5, 0.5, 8, 1.75], "texture": "#0"},
				"south": {"uv": [9.75, 0.5, 11, 1.75], "texture": "#0"},
				"west": {"uv": [9.25, 0.5, 9.75, 1.75], "texture": "#0"},
				"up": {"uv": [9.25, 0.5, 8, 0], "texture": "#0"},
				"down": {"uv": [10.5, 0, 9.25, 0.5], "texture": "#0"}
			}
		},
		{
			"from": [4, 0, 2],
			"to": [12, 10, 15],
			"faces": {
				"north": {"uv": [3.25, 3.25, 5.25, 5.75], "texture": "#0"},
				"east": {"uv": [0, 3.25, 3.25, 5.75], "texture": "#0"},
				"south": {"uv": [8.5, 3.25, 10.5, 5.75], "texture": "#0"},
				"west": {"uv": [5.25, 3.25, 8.5, 5.75], "texture": "#0"},
				"up": {"uv": [5.25, 3.25, 3.25, 0], "texture": "#0"},
				"down": {"uv": [7.25, 0, 5.25, 3.25], "texture": "#0"}
			}
		},
		{
			"from": [7, 10, 6],
			"to": [9, 15, 8],
			"faces": {
				"north": {"uv": [5.75, 9, 6.25, 10.25], "texture": "#0"},
				"east": {"uv": [5.25, 9, 5.75, 10.25], "texture": "#0"},
				"south": {"uv": [6.75, 9, 7.25, 10.25], "texture": "#0"},
				"west": {"uv": [6.25, 9, 6.75, 10.25], "texture": "#0"},
				"up": {"uv": [6.25, 9, 5.75, 8.5], "texture": "#0"},
				"down": {"uv": [6.75, 8.5, 6.25, 9], "texture": "#0"}
			}
		},
		{
			"from": [7, 6, 15],
			"to": [9, 15, 17],
			"faces": {
				"north": {"uv": [0.5, 0.5, 1, 2.75], "texture": "#0"},
				"east": {"uv": [0, 0.5, 0.5, 2.75], "texture": "#0"},
				"south": {"uv": [1.5, 0.5, 2, 2.75], "texture": "#0"},
				"west": {"uv": [1, 0.5, 1.5, 2.75], "texture": "#0"},
				"up": {"uv": [1, 0.5, 0.5, 0], "texture": "#0"},
				"down": {"uv": [1.5, 0, 1, 0.5], "texture": "#0"}
			}
		},
		{
			"from": [7, 13, 8],
			"to": [9, 15, 15],
			"faces": {
				"north": {"uv": [7.5, 7.75, 8, 8.25], "texture": "#0"},
				"east": {"uv": [5.75, 7.75, 7.5, 8.25], "texture": "#0"},
				"south": {"uv": [9.75, 7.75, 10.25, 8.25], "texture": "#0"},
				"west": {"uv": [8, 7.75, 9.75, 8.25], "texture": "#0"},
				"up": {"uv": [8, 7.75, 7.5, 6], "texture": "#0"},
				"down": {"uv": [8.5, 6, 8, 7.75], "texture": "#0"}
			}
		},
		{
			"from": [6.5, 3.5, -8.5],
			"to": [9.5, 6.5, -0.5],
			"rotation": {"angle": 45, "axis": "x", "origin": [0, 0, 0]},
			"faces": {
				"north": {"uv": [2, 8, 2.75, 8.75], "texture": "#0"},
				"east": {"uv": [0, 8, 2, 8.75], "texture": "#0"},
				"south": {"uv": [4.75, 8, 5.5, 8.75], "texture": "#0"},
				"west": {"uv": [2.75, 8, 4.75, 8.75], "texture": "#0"},
				"up": {"uv": [2.75, 8, 2, 6], "texture": "#0"},
				"down": {"uv": [3.5, 6, 2.75, 8], "texture": "#0"}
			}
		},
		{
			"name": "cube inverted",
			"from": [12, 10, 15],
			"to": [4, 0, 2],
			"faces": {
				"north": {"uv": [8.5, 5.75, 10.5, 3.25], "texture": "#0"},
				"east": {"uv": [5.25, 5.75, 8.5, 3.25], "texture": "#0"},
				"south": {"uv": [3.25, 5.75, 5.25, 3.25], "texture": "#0"},
				"west": {"uv": [0, 5.75, 3.25, 3.25], "texture": "#0"},
				"up": {"uv": [5.25, 0, 7.25, 3.25], "texture": "#0"},
				"down": {"uv": [3.25, 3.25, 5.25, 0], "texture": "#0"}
			}
		}
	],
	"display": {
		"thirdperson_righthand": {
			"rotation": [60, -160, 0],
			"translation": [-1, 2, -3.75],
			"scale": [-0.6, 0.6, -0.6]
		},
		"thirdperson_lefthand": {
			"rotation": [60, -160, 0],
			"translation": [-1, 2, -3.75],
			"scale": [-0.6, 0.6, -0.6]
		},
		"firstperson_righthand": {
			"rotation": [0, 8, 6],
			"translation": [0, 1.5, 0],
			"scale": [0.4, 0.4, 0.4]
		},
		"firstperson_lefthand": {
			"rotation": [0, 8, 6],
			"translation": [0, 1.5, 0],
			"scale": [0.4, 0.4, 0.4]
		},
		"ground": {
			"translation": [0, 1.5, 0],
			"scale": [0.35, 0.35, 0.35]
		},
		"gui": {
			"rotation": [30, 139, 0],
			"translation": [0.5, 0, 0],
			"scale": [0.6, 0.6, 0.6]
		},
		"head": {
			"translation": [0, -30.4, 0],
			"scale": [1.6, 1.6, 1.6]
		},
		"fixed": {
			"rotation": [90, 0, -180],
			"translation": [0, 0, -15],
			"scale": [2, 2, 2]
		}
	},
	"groups": [
		{
			"name": "group",
			"origin": [0, 0, 0],
			"color": 0,
			"children": [0, 1, 2, 3, 4, 5, 6]
		}
	]
}