{"textures":{"2":"modelengine:entity/piglinmech_explosion_fx_2"},"elements":[{"from":[-0.5,8.0,8.0],"to":[16.5,30.666668,8.0],"faces":{"south":{"uv":[6.375,0.0,12.75,8.5],"tintindex":0,"rotation":0,"texture":"#2"},"north":{"uv":[6.375,0.0,12.75,8.5],"tintindex":0,"rotation":0,"texture":"#2"}},"rotation":{"origin":[8.0,19.333334,8.0],"angle":45.0,"axis":"y"}},{"from":[-0.5,8.0,8.0],"to":[16.5,30.666668,8.0],"faces":{"south":{"uv":[12.75,0.0,6.375,8.5],"tintindex":0,"rotation":0,"texture":"#2"},"north":{"uv":[12.75,0.0,6.375,8.5],"tintindex":0,"rotation":0,"texture":"#2"}}}],"display":{"gui":{"rotation":[30,225,0]}}}