{
    "parent": "item/generated",
    "textures": {
        "layer0": "item/bow"
    },
    "overrides": [
        {
            "predicate": {
                "pulling": 1
            },
            "model": "item/bow_pulling_0"
        },
        {
            "predicate": {
                "pulling": 1,
                "pull": 0.65
            },
            "model": "item/bow_pulling_1"
        },
        {
            "predicate": {
                "pulling": 1,
                "pull": 0.9
            },
            "model": "item/bow_pulling_2"
        },
    {"predicate": { "custom_model_data": 1 }, "model": "bow/toffy_halloween_bow" },
    {"predicate": { "custom_model_data": 1, "pulling": 1 }, "model": "bow/toffy_halloween_bow" },
    {"predicate": { "custom_model_data": 1, "pulling": 1, "pull": 0.65 }, "model": "bow/toffy_halloween_bow_pull1" },
    {"predicate": { "custom_model_data": 1, "pulling": 1, "pull": 0.9 }, "model": "bow/toffy_halloween_bow_pull2" },
    {"predicate": { "custom_model_data": 2 }, "model": "bow/discord_nitro_bow" },
    {"predicate": { "custom_model_data": 2, "pulling": 1 }, "model": "bow/discord_nitro_bow_pulling_1" },
    {"predicate": { "custom_model_data": 2, "pulling": 1, "pull": 0.33333334 }, "model": "bow/discord_nitro_bow_pulling_1" },
    {"predicate": { "custom_model_data": 2, "pulling": 1, "pull": 0.6666667 }, "model": "bow/discord_nitro_bow_pulling_2" },
    {"predicate": { "custom_model_data": 3 }, "model": "bow/vortex_bow_golden" },
    {"predicate": { "custom_model_data": 3, "pulling": 1 }, "model": "bow/vortex_bow_pulling_0_golden" },
    {"predicate": { "custom_model_data": 3, "pulling": 1, "pull": 0.65 }, "model": "bow/vortex_bow_pulling_1_golden" },
    {"predicate": { "custom_model_data": 3, "pulling": 1, "pull": 0.9 }, "model": "bow/vortex_bow_pulling_2_golden" },
    {"predicate": { "custom_model_data": 4 }, "model": "bow/blue_dragon_bow" },
    {"predicate": { "custom_model_data": 4, "pulling": 1 }, "model": "bow/blue_dragon_bow_pulling_0" },
    {"predicate": { "custom_model_data": 4, "pulling": 1, "pull": 0.65 }, "model": "bow/blue_dragon_bow_pulling_1" },
    {"predicate": { "custom_model_data": 4, "pulling": 1, "pull": 0.9 }, "model": "bow/blue_dragon_bow_pulling_2" },
    {"predicate": { "custom_model_data": 5 }, "model": "bow/purple_dragon_bow" },
    {"predicate": { "custom_model_data": 5, "pulling": 1 }, "model": "bow/purple_dragon_bow_pulling_0" },
    {"predicate": { "custom_model_data": 5, "pulling": 1, "pull": 0.65 }, "model": "bow/purple_dragon_bow_pulling_1" },
    {"predicate": { "custom_model_data": 5, "pulling": 1, "pull": 0.9 }, "model": "bow/purple_dragon_bow_pulling_2" }
    ]
}    