{
    "parent": "item/handheld",
    "textures": {
        "layer0": "item/emerald"
    },
    "overrides": [
        {
            "predicate": {
                "custom_model_data": 1
            },
            "model": "emerald/black_powder"
        },
        {
            "predicate": {
                "custom_model_data": 2
            },
            "model": "emerald/bloom_doom"
        },
        {
            "predicate": {
                "custom_model_data": 3
            },
            "model": "emerald/blue_candycane"
        },
        {
            "predicate": {
                "custom_model_data": 4
            },
            "model": "emerald/bomberry"
        },
        {
            "predicate": {
                "custom_model_data": 5
            },
            "model": "emerald/broken_hextech"
        },
        {
            "predicate": {
                "custom_model_data": 6
            },
            "model": "emerald/caeletus_ring"
        },
        {
            "predicate": {
                "custom_model_data": 7
            },
            "model": "emerald/calamity_handle"
        },
        {
            "predicate": {
                "custom_model_data": 8
            },
            "model": "emerald/cataclysm_handle"
        },
        {
            "predicate": {
                "custom_model_data": 9
            },
            "model": "emerald/catastrophe_broken"
        },
        {
            "predicate": {
                "custom_model_data": 10
            },
            "model": "emerald/crate_key"
        },
        {
            "predicate": {
                "custom_model_data": 11
            },
            "model": "emerald/dark_claw"
        },
        {
            "predicate": {
                "custom_model_data": 12
            },
            "model": "emerald/detached_eye"
        },
        {
            "predicate": {
                "custom_model_data": 13
            },
            "model": "emerald/divine_geode"
        },
        {
            "predicate": {
                "custom_model_data": 14
            },
            "model": "emerald/dragon_scale"
        },
        {
            "predicate": {
                "custom_model_data": 15
            },
            "model": "emerald/endercore"
        },
        {
            "predicate": {
                "custom_model_data": 16
            },
            "model": "emerald/endergem"
        },
        {
            "predicate": {
                "custom_model_data": 17
            },
            "model": "emerald/enigma_bacteria"
        },
        {
            "predicate": {
                "custom_model_data": 18
            },
            "model": "emerald/exo_stone"
        },
        {
            "predicate": {
                "custom_model_data": 19
            },
            "model": "emerald/gem"
        },
        {
            "predicate": {
                "custom_model_data": 20
            },
            "model": "emerald/herald_of_the_end"
        },
        {
            "predicate": {
                "custom_model_data": 21
            },
            "model": "emerald/hexim_necklace"
        },
        {
            "predicate": {
                "custom_model_data": 22
            },
            "model": "emerald/hextech_crystal"
        },
        {
            "predicate": {
                "custom_model_data": 23
            },
            "model": "emerald/hex_core"
        },
        {
            "predicate": {
                "custom_model_data": 24
            },
            "model": "emerald/ignetto_alloy"
        },
        {
            "predicate": {
                "custom_model_data": 25
            },
            "model": "emerald/irradiated_metal"
        },
        {
            "predicate": {
                "custom_model_data": 26
            },
            "model": "emerald/living_flame"
        },
        {
            "predicate": {
                "custom_model_data": 27
            },
            "model": "emerald/mortos_belt"
        },
        {
            "predicate": {
                "custom_model_data": 28
            },
            "model": "emerald/moss_stone"
        },
        {
            "predicate": {
                "custom_model_data": 29
            },
            "model": "emerald/mutated_fruit"
        },
        {
            "predicate": {
                "custom_model_data": 30
            },
            "model": "emerald/nightmare_bar"
        },
        {
            "predicate": {
                "custom_model_data": 31
            },
            "model": "emerald/nightmare_fuel"
        },
        {
            "predicate": {
                "custom_model_data": 32
            },
            "model": "emerald/null_cell"
        },
        {
            "predicate": {
                "custom_model_data": 33
            },
            "model": "emerald/omni_blueprint"
        },
        {
            "predicate": {
                "custom_model_data": 34
            },
            "model": "emerald/pink_mushroom"
        },
        {
            "predicate": {
                "custom_model_data": 35
            },
            "model": "emerald/prismatic_fruit"
        },
        {
            "predicate": {
                "custom_model_data": 36
            },
            "model": "emerald/quinerus_cloak"
        },
        {
            "predicate": {
                "custom_model_data": 37
            },
            "model": "emerald/red_candycane"
        },
        {
            "predicate": {
                "custom_model_data": 38
            },
            "model": "emerald/rotting_tissue"
        },
        {
            "predicate": {
                "custom_model_data": 39
            },
            "model": "emerald/rusted_iron"
        },
        {
            "predicate": {
                "custom_model_data": 40
            },
            "model": "emerald/shard_of_true_ice"
        },
        {
            "predicate": {
                "custom_model_data": 41
            },
            "model": "emerald/silver_leaf"
        },
        {
            "predicate": {
                "custom_model_data": 42
            },
            "model": "emerald/slimy_mucus"
        },
        {
            "predicate": {
                "custom_model_data": 43
            },
            "model": "emerald/teal_mushroom"
        },
        {
            "predicate": {
                "custom_model_data": 44
            },
            "model": "emerald/uncanny_obelisk"
        },
        {
            "predicate": {
                "custom_model_data": 45
            },
            "model": "emerald/void_stone"
        },
        {
            "predicate": {
                "custom_model_data": 46
            },
            "model": "emerald/warden_heart"
        },
        {
            "predicate": {
                "custom_model_data": 47
            },
            "model": "emerald/witch_blood"
        },
        {
            "predicate": {
                "custom_model_data": 48
            },
            "model": "emerald/withered_rose"
        }
    ]
}