{
  "parent": "item/handheld_rod",
  "textures": {
      "layer0": "item/fishing_rod"
  },
  "overrides": [
      {
          "predicate": {
              "cast": 1
            },
		"model": "item/fishing_rod_cast" },
        { "predicate": { "custom_model_data":1 }, "model": "fishing_rod/purple_rod" },
        { "predicate": { "custom_model_data":1, "cast": 1 }, "model": "fishing_rod/purple_rod_cast" },
        { "predicate": { "custom_model_data":2 }, "model": "fishing_rod/magnum_rod" },
        { "predicate": { "custom_model_data":2, "cast": 1 }, "model": "fishing_rod/magnum_rod_cast" },
        { "predicate": { "custom_model_data":3 }, "model": "fishing_rod/gold_magnum_rod" },
        { "predicate": { "custom_model_data":3, "cast": 1 }, "model": "fishing_rod/gold_magnum_rod_cast" },
        { "predicate": { "custom_model_data":4 }, "model": "fishing_rod/diamond_magnum_rod" },
        { "predicate": { "custom_model_data":4, "cast": 1 }, "model": "fishing_rod/diamond_magnum_rod_cast" },
        { "predicate": { "custom_model_data":5 }, "model": "fishing_rod/venus_rod" },
        { "predicate": { "custom_model_data":5, "cast": 1 }, "model": "fishing_rod/venus_rod_cast" },
        { "predicate": { "custom_model_data":6 }, "model": "fishing_rod/lucky_hat_rod" },
        { "predicate": { "custom_model_data":6, "cast": 1 }, "model": "fishing_rod/lucky_hat_rod_cast" },
        { "predicate": { "custom_model_data":7 }, "model": "fishing_rod/spear_rod" },
        { "predicate": { "custom_model_data":7, "cast": 1 }, "model": "fishing_rod/spear_rod_cast" },
        { "predicate": { "custom_model_data":8 }, "model": "fishing_rod/lightning_rod" },
        { "predicate": { "custom_model_data":8, "cast": 1 }, "model": "fishing_rod/lightning_rod_cast" },
        { "predicate": { "custom_model_data":9 }, "model": "fishing_rod/fish_rod" },
        { "predicate": { "custom_model_data":9, "cast": 1 }, "model": "fishing_rod/fish_rod_cast" },
        { "predicate": { "custom_model_data":10 }, "model": "fishing_rod/3d_rod" },
        { "predicate": { "custom_model_data":10, "cast": 1 }, "model": "fishing_rod/3d_rod_cast" },
        { "predicate": { "custom_model_data":11 }, "model": "fishing_rod/orange_rod" },
        { "predicate": { "custom_model_data":11, "cast": 1 }, "model": "fishing_rod/orange_rod_cast" },
        { "predicate": { "custom_model_data":12 }, "model": "fishing_rod/light_blue_rod" },
        { "predicate": { "custom_model_data":12, "cast": 1 }, "model": "fishing_rod/light_blue_rod_cast" },
        { "predicate": { "custom_model_data":13 }, "model": "fishing_rod/pink_rod" },
        { "predicate": { "custom_model_data":13, "cast": 1 }, "model": "fishing_rod/pink_rod_cast" },
        { "predicate": { "custom_model_data":14 }, "model": "fishing_rod/teal_rod" },
        { "predicate": { "custom_model_data":14, "cast": 1 }, "model": "fishing_rod/teal_rod_cast" },
        { "predicate": { "custom_model_data":15 }, "model": "fishing_rod/dark_blue_rod" },
        { "predicate": { "custom_model_data":15, "cast": 1 }, "model": "fishing_rod/dark_blue_rod_cast" },
        { "predicate": { "custom_model_data":16 }, "model": "fishing_rod/yellow_rod" },
        { "predicate": { "custom_model_data":16, "cast": 1 }, "model": "fishing_rod/yellow_rod_cast" },
        { "predicate": { "custom_model_data":17 }, "model": "fishing_rod/light_green_rod" },
        { "predicate": { "custom_model_data":17, "cast": 1 }, "model": "fishing_rod/light_green_rod_cast" },
        { "predicate": { "custom_model_data":18 }, "model": "fishing_rod/red_rod" },
        { "predicate": { "custom_model_data":18, "cast": 1 }, "model": "fishing_rod/red_rod_cast" },
        { "predicate": { "custom_model_data":19 }, "model": "fishing_rod/gray_rod" },
        { "predicate": { "custom_model_data":19, "cast": 1 }, "model": "fishing_rod/gray_rod_cast" },
        { "predicate": { "custom_model_data":20 }, "model": "fishing_rod/white_rod" },
        { "predicate": { "custom_model_data":20, "cast": 1 }, "model": "fishing_rod/white_rod_cast" },
        { "predicate": { "custom_model_data":21 }, "model": "fishing_rod/carrot_rod" },
        { "predicate": { "custom_model_data":21, "cast": 1 }, "model": "fishing_rod/carrot_rod_cast" },
        { "predicate": { "custom_model_data":22 }, "model": "fishing_rod/fungus_rod" },
        { "predicate": { "custom_model_data":22, "cast": 1 }, "model": "fishing_rod/fungus_rod_cast" },
        { "predicate": { "custom_model_data":23 }, "model": "fishing_rod/vanilla_rod" },
        { "predicate": { "custom_model_data":23, "cast": 1 }, "model": "fishing_rod/vanilla_rod_cast" },
        { "predicate": { "custom_model_data":24 }, "model": "fishing_rod/netherite_magnum_rod" },
        { "predicate": { "custom_model_data":24, "cast": 1 }, "model": "fishing_rod/netherite_magnum_rod_cast" },
        { "predicate": { "custom_model_data":25 }, "model": "fishing_rod/sunflower_rod" },
        { "predicate": { "custom_model_data":25, "cast": 1 }, "model": "fishing_rod/sunflower_rod_cast" }		
		
    ]
}
