{
  "parent": "minecraft:item/generated",
  "textures": {
    "layer0": "minecraft:item/ink_sac"
  },
    "overrides": [
	
		{"predicate": {"custom_model_data":13370037}, "model": "littleroom_piglinmech:piglinmech_laser"},
		{"predicate": {"custom_model_data":13370038}, "model": "littleroom_piglinmech:piglinmech_laser_particle"},
		{"predicate": {"custom_model_data":13370039}, "model": "littleroom_piglinmech:piglinmech_laser_particle_billboard"},
		{"predicate": {"custom_model_data":13370040}, "model": "littleroom_piglinmech:piglinmech_missile"}
        ]
}