{"overrides":[{"predicate":{"custom_model_data":1},"model":"modelengine:lrd_gargoyle/root"},{"predicate":{"custom_model_data":2},"model":"modelengine:lrd_gargoyle/chest"},{"predicate":{"custom_model_data":3},"model":"modelengine:lrd_gargoyle/l_thigh"},{"predicate":{"custom_model_data":4},"model":"modelengine:lrd_gargoyle/r_thigh"},{"predicate":{"custom_model_data":5},"model":"modelengine:lrd_gargoyle/r_bicep"},{"predicate":{"custom_model_data":6},"model":"modelengine:lrd_gargoyle/l_bicep"},{"predicate":{"custom_model_data":7},"model":"modelengine:lrd_gargoyle/l_wing_1"},{"predicate":{"custom_model_data":8},"model":"modelengine:lrd_gargoyle/r_wing_1"},{"predicate":{"custom_model_data":9},"model":"modelengine:lrd_gargoyle/neck"},{"predicate":{"custom_model_data":10},"model":"modelengine:lrd_gargoyle/l_shin"},{"predicate":{"custom_model_data":11},"model":"modelengine:lrd_gargoyle/r_shin"},{"predicate":{"custom_model_data":12},"model":"modelengine:lrd_gargoyle/tail_1"},{"predicate":{"custom_model_data":13},"model":"modelengine:lrd_gargoyle/r_forearm"},{"predicate":{"custom_model_data":14},"model":"modelengine:lrd_gargoyle/l_forearm"},{"predicate":{"custom_model_data":15},"model":"modelengine:lrd_gargoyle/l_wing_2"},{"predicate":{"custom_model_data":16},"model":"modelengine:lrd_gargoyle/r_wing_2"},{"predicate":{"custom_model_data":17},"model":"modelengine:lrd_gargoyle/head"},{"predicate":{"custom_model_data":18},"model":"modelengine:lrd_gargoyle/l_foot"},{"predicate":{"custom_model_data":19},"model":"modelengine:lrd_gargoyle/r_foot"},{"predicate":{"custom_model_data":20},"model":"modelengine:lrd_gargoyle/tail_2"},{"predicate":{"custom_model_data":21},"model":"modelengine:lrd_gargoyle/r_hand"},{"predicate":{"custom_model_data":22},"model":"modelengine:lrd_gargoyle/l_hand"},{"predicate":{"custom_model_data":23},"model":"modelengine:lrd_gargoyle/l_wing_3"},{"predicate":{"custom_model_data":24},"model":"modelengine:lrd_gargoyle/r_wing_3"},{"predicate":{"custom_model_data":25},"model":"modelengine:lrd_gargoyle/horn_l"},{"predicate":{"custom_model_data":26},"model":"modelengine:lrd_gargoyle/eyelids"},{"predicate":{"custom_model_data":27},"model":"modelengine:lrd_gargoyle/horn_r"},{"predicate":{"custom_model_data":28},"model":"modelengine:lrd_gargoyle/l_toe_1"},{"predicate":{"custom_model_data":29},"model":"modelengine:lrd_gargoyle/l_toe_2"},{"predicate":{"custom_model_data":30},"model":"modelengine:lrd_gargoyle/l_toe_3"},{"predicate":{"custom_model_data":31},"model":"modelengine:lrd_gargoyle/r_toe_1"},{"predicate":{"custom_model_data":32},"model":"modelengine:lrd_gargoyle/r_toe_3"},{"predicate":{"custom_model_data":33},"model":"modelengine:lrd_gargoyle/r_toe_2"},{"predicate":{"custom_model_data":34},"model":"modelengine:lrd_gargoyle/r_finger_3"},{"predicate":{"custom_model_data":35},"model":"modelengine:lrd_gargoyle/r_finger_2"},{"predicate":{"custom_model_data":36},"model":"modelengine:lrd_gargoyle/r_finger_1"},{"predicate":{"custom_model_data":37},"model":"modelengine:lrd_gargoyle/l_finger_3"},{"predicate":{"custom_model_data":38},"model":"modelengine:lrd_gargoyle/l_finger_2"},{"predicate":{"custom_model_data":39},"model":"modelengine:lrd_gargoyle/l_finger_1"},{"predicate":{"custom_model_data":40},"model":"modelengine:lrd_gargoyle/tail_3"},{"predicate":{"custom_model_data":41},"model":"modelengine:lrd_gargoyle/right_arm_trail_1"},{"predicate":{"custom_model_data":42},"model":"modelengine:lrd_gargoyle/left_arm_trail_1"},{"predicate":{"custom_model_data":43},"model":"modelengine:lrd_gargoyle/right_arm_trail_2"},{"predicate":{"custom_model_data":44},"model":"modelengine:lrd_gargoyle/left_arm_trail_2"},{"predicate":{"custom_model_data":45},"model":"modelengine:lrd_gargoyle/tail_4"},{"predicate":{"custom_model_data":46},"model":"modelengine:lrd_gargoyle/right_arm_trail_3"},{"predicate":{"custom_model_data":47},"model":"modelengine:lrd_gargoyle/left_arm_trail_3"},{"predicate":{"custom_model_data":48},"model":"modelengine:lrd_gargoyle/tail_5"},{"predicate":{"custom_model_data":49},"model":"modelengine:lrd_gargoyle/right_arm_trail_4"},{"predicate":{"custom_model_data":50},"model":"modelengine:lrd_gargoyle/left_arm_trail_4"},{"predicate":{"custom_model_data":51},"model":"modelengine:lrd_gargoyle/tail_6"},{"predicate":{"custom_model_data":52},"model":"modelengine:lrd_gargoyle/right_arm_trail_5"},{"predicate":{"custom_model_data":53},"model":"modelengine:lrd_gargoyle/left_arm_trail_5"},{"predicate":{"custom_model_data":54},"model":"modelengine:lrd_gargoyle/right_arm_trail_6"},{"predicate":{"custom_model_data":55},"model":"modelengine:lrd_gargoyle/left_arm_trail_6"},{"predicate":{"custom_model_data":56},"model":"modelengine:piglin_mech_ground_fx/rock_1"},{"predicate":{"custom_model_data":57},"model":"modelengine:piglin_mech_ground_fx/dust_circle_1"},{"predicate":{"custom_model_data":58},"model":"modelengine:piglin_mech_ground_fx/dust_circle_2"},{"predicate":{"custom_model_data":59},"model":"modelengine:piglin_mech_ground_fx/rock_4"},{"predicate":{"custom_model_data":60},"model":"modelengine:piglin_mech_ground_fx/dust_circle_3"},{"predicate":{"custom_model_data":61},"model":"modelengine:piglin_mech_ground_fx/rock_3"},{"predicate":{"custom_model_data":62},"model":"modelengine:piglin_mech_ground_fx/rock_2"},{"predicate":{"custom_model_data":63},"model":"modelengine:piglin_mech_ground_fx/dust_4"},{"predicate":{"custom_model_data":64},"model":"modelengine:piglin_mech_ground_fx/dust_3"},{"predicate":{"custom_model_data":65},"model":"modelengine:piglin_mech_ground_fx/dust_2"},{"predicate":{"custom_model_data":66},"model":"modelengine:piglin_mech_ground_fx/dust_1"},{"predicate":{"custom_model_data":67},"model":"modelengine:piglin_mech_ground_fx/ground_cracks"},{"predicate":{"custom_model_data":68},"model":"modelengine:piglin_mech_parts/torso"},{"predicate":{"custom_model_data":69},"model":"modelengine:piglin_mech_parts/right_leg_thigh"},{"predicate":{"custom_model_data":70},"model":"modelengine:piglin_mech_parts/left_arm_shoulder"},{"predicate":{"custom_model_data":71},"model":"modelengine:piglin_mech_parts/engine"},{"predicate":{"custom_model_data":72},"model":"modelengine:piglin_mech_parts/gear_big"},{"predicate":{"custom_model_data":73},"model":"modelengine:piglin_mech_parts/piglin_torso"},{"predicate":{"custom_model_data":74},"model":"modelengine:piglin_mech_parts/left_arm_bicep"},{"predicate":{"custom_model_data":75},"model":"modelengine:piglin_mech_parts/piglin_left_arm"},{"predicate":{"custom_model_data":76},"model":"modelengine:piglin_mech_parts/piglin_head"},{"predicate":{"custom_model_data":77},"model":"modelengine:piglin_mech_parts/piglin_left_ear"},{"predicate":{"custom_model_data":78},"model":"modelengine:piglinmech_dust_fx/hexadecagon"},{"predicate":{"custom_model_data":79},"model":"modelengine:piglinmech_explosion_fx/hexadecagon"},{"predicate":{"custom_model_data":80},"model":"modelengine:piglinmech_explosion_fx/hexadecagon3"},{"predicate":{"custom_model_data":81},"model":"modelengine:piglinmech_explosion_fx/explosion_planes"},{"predicate":{"custom_model_data":82},"model":"modelengine:piglinmech_explosion_fx/hexadecagon2"},{"predicate":{"custom_model_data":83},"model":"modelengine:piglin_mech_mount/pelvis"},{"predicate":{"custom_model_data":84},"model":"modelengine:piglin_mech_mount/torso"},{"predicate":{"custom_model_data":85},"model":"modelengine:piglin_mech_mount/right_leg_thigh"},{"predicate":{"custom_model_data":86},"model":"modelengine:piglin_mech_mount/left_leg_thigh"},{"predicate":{"custom_model_data":87},"model":"modelengine:piglin_mech_mount/left_arm_shoulder"},{"predicate":{"custom_model_data":88},"model":"modelengine:piglin_mech_mount/engine"},{"predicate":{"custom_model_data":89},"model":"modelengine:piglin_mech_mount/right_arm_shoulder"},{"predicate":{"custom_model_data":90},"model":"modelengine:piglin_mech_mount/left_lever"},{"predicate":{"custom_model_data":91},"model":"modelengine:piglin_mech_mount/gear_big"},{"predicate":{"custom_model_data":92},"model":"modelengine:piglin_mech_mount/right_lever"},{"predicate":{"custom_model_data":93},"model":"modelengine:piglin_mech_mount/gear_small"},{"predicate":{"custom_model_data":94},"model":"modelengine:piglin_mech_mount/right_leg_shin"},{"predicate":{"custom_model_data":95},"model":"modelengine:piglin_mech_mount/left_leg_shin"},{"predicate":{"custom_model_data":96},"model":"modelengine:piglin_mech_mount/left_arm_bicep"},{"predicate":{"custom_model_data":97},"model":"modelengine:piglin_mech_mount/fire"},{"predicate":{"custom_model_data":98},"model":"modelengine:piglin_mech_mount/right_arm_bicep"},{"predicate":{"custom_model_data":99},"model":"modelengine:piglin_mech_mount/right_foot_toe_1"},{"predicate":{"custom_model_data":100},"model":"modelengine:piglin_mech_mount/right_foot_toe_2"},{"predicate":{"custom_model_data":101},"model":"modelengine:piglin_mech_mount/right_foot_toe_3"},{"predicate":{"custom_model_data":102},"model":"modelengine:piglin_mech_mount/left_foot_toe_2"},{"predicate":{"custom_model_data":103},"model":"modelengine:piglin_mech_mount/left_foot_toe_1"},{"predicate":{"custom_model_data":104},"model":"modelengine:piglin_mech_mount/right_foot_toe_5"},{"predicate":{"custom_model_data":105},"model":"modelengine:piglin_mech_mount/right_foot_toe_6"},{"predicate":{"custom_model_data":106},"model":"modelengine:piglin_mech_mount/left_foot_toe_3"},{"predicate":{"custom_model_data":107},"model":"modelengine:piglin_mech_mount/left_arm_forearm"},{"predicate":{"custom_model_data":108},"model":"modelengine:piglin_mech_mount/right_arm_forearm"},{"predicate":{"custom_model_data":109},"model":"modelengine:piglin_mech_mount/left_arm_hand"},{"predicate":{"custom_model_data":110},"model":"modelengine:piglin_mech_mount/right_arm_hand"},{"predicate":{"custom_model_data":111},"model":"modelengine:piglin_mech_mount/left_arm_finger_1_4"},{"predicate":{"custom_model_data":112},"model":"modelengine:piglin_mech_mount/left_arm_finger_1_2"},{"predicate":{"custom_model_data":113},"model":"modelengine:piglin_mech_mount/left_arm_finger_1_0"},{"predicate":{"custom_model_data":114},"model":"modelengine:piglin_mech_mount/right_arm_finger_1_2"},{"predicate":{"custom_model_data":115},"model":"modelengine:piglin_mech_mount/right_arm_finger_1_4"},{"predicate":{"custom_model_data":116},"model":"modelengine:piglin_mech_mount/right_arm_finger_1_0"},{"predicate":{"custom_model_data":117},"model":"modelengine:piglin_mech_mount/left_arm_finger_1_5"},{"predicate":{"custom_model_data":118},"model":"modelengine:piglin_mech_mount/left_arm_finger_1_3"},{"predicate":{"custom_model_data":119},"model":"modelengine:piglin_mech_mount/left_arm_finger_1_1"},{"predicate":{"custom_model_data":120},"model":"modelengine:piglin_mech_mount/right_arm_finger_1_3"},{"predicate":{"custom_model_data":121},"model":"modelengine:piglin_mech_mount/right_arm_finger_1_5"},{"predicate":{"custom_model_data":122},"model":"modelengine:piglin_mech_mount/right_arm_finger_1_1"}],"parent":"minecraft:item/generated","textures":{"layer0":"minecraft:item/leather_horse_armor"}}