{"overrides":[{"predicate":{"custom_model_data":2},"model":"modelengine:ghastling_2_parts/head2"},{"predicate":{"custom_model_data":3},"model":"modelengine:wizpiglin_2_rock/base"},{"predicate":{"custom_model_data":4},"model":"modelengine:fx_root/body"},{"predicate":{"custom_model_data":6},"model":"modelengine:wizpiglin_2_rift_v/rift"},{"predicate":{"custom_model_data":7},"model":"modelengine:nocsy_otter_v2/back_leg_left"},{"predicate":{"custom_model_data":9},"model":"modelengine:pet_sun_moon/right_body"},{"predicate":{"custom_model_data":11},"model":"modelengine:ghastling_2_parts/top"},{"predicate":{"custom_model_data":14},"model":"modelengine:ghastling_2/head2"},{"predicate":{"custom_model_data":17},"model":"modelengine:wizpiglin_2/left_hand"},{"predicate":{"custom_model_data":27},"model":"modelengine:ghastling_2/base"},{"predicate":{"custom_model_data":28},"model":"modelengine:wizpiglin_2_rock_debris/base"},{"predicate":{"custom_model_data":29},"model":"modelengine:wizpiglin_2_shot/arcs"},{"predicate":{"custom_model_data":30},"model":"modelengine:ghastling_2_chunks/chunk"},{"predicate":{"custom_model_data":31},"model":"modelengine:chameleon/f_l_foot3"},{"predicate":{"custom_model_data":32},"model":"modelengine:chameleon/tail"},{"predicate":{"custom_model_data":33},"model":"modelengine:wizpiglin_2_shot/bullet"},{"predicate":{"custom_model_data":34},"model":"modelengine:chameleon/f_l_foot4"},{"predicate":{"custom_model_data":35},"model":"modelengine:wizpiglin_2_rift_v/rift_shard2"},{"predicate":{"custom_model_data":37},"model":"modelengine:pet_yin_yang/right_body"},{"predicate":{"custom_model_data":39},"model":"modelengine:chameleon/f_l_leg"},{"predicate":{"custom_model_data":40},"model":"modelengine:wizpiglin_2/tabard3"},{"predicate":{"custom_model_data":41},"model":"modelengine:wizpiglin_2/left_forearm"},{"predicate":{"custom_model_data":42},"model":"modelengine:wizpiglin_2/tabard5"},{"predicate":{"custom_model_data":43},"model":"modelengine:wizpiglin_2_rift_v/rift_shard1"},{"predicate":{"custom_model_data":44},"model":"modelengine:wizpiglin_2/right_foot"},{"predicate":{"custom_model_data":45},"model":"modelengine:wizpiglin_2/body"},{"predicate":{"custom_model_data":46},"model":"modelengine:wizpiglin_2/left_leg"},{"predicate":{"custom_model_data":47},"model":"modelengine:wizpiglin_2/head"},{"predicate":{"custom_model_data":49},"model":"modelengine:wizpiglin_2/right_leg"},{"predicate":{"custom_model_data":52},"model":"modelengine:wizpiglin_2_rift_v/left_hand"},{"predicate":{"custom_model_data":53},"model":"modelengine:wizpiglin_2/tabard2"},{"predicate":{"custom_model_data":54},"model":"modelengine:wizpiglin_2/left_foot"},{"predicate":{"custom_model_data":56},"model":"modelengine:wizpiglin_2/left_arm"},{"predicate":{"custom_model_data":58},"model":"modelengine:nocsy_otter_v2/front_leg_right"},{"predicate":{"custom_model_data":61},"model":"modelengine:pet_ent/tree"},{"predicate":{"custom_model_data":62},"model":"modelengine:chameleon/f_l_foot"},{"predicate":{"custom_model_data":63},"model":"modelengine:ghastling_2_parts/tentacle3"},{"predicate":{"custom_model_data":64},"model":"modelengine:ghastling_2/top"},{"predicate":{"custom_model_data":65},"model":"modelengine:chameleon/tongue"},{"predicate":{"custom_model_data":66},"model":"modelengine:wizpiglin_2_groundcrack/base"},{"predicate":{"custom_model_data":67},"model":"modelengine:ghastling_2/tentacle3"},{"predicate":{"custom_model_data":68},"model":"modelengine:ghastling_2/tentacle1"},{"predicate":{"custom_model_data":69},"model":"modelengine:ghastling_2/tentacle2"},{"predicate":{"custom_model_data":70},"model":"modelengine:chameleon/f_l_foot2"},{"predicate":{"custom_model_data":71},"model":"modelengine:nocsy_otter_v2/head"},{"predicate":{"custom_model_data":72},"model":"modelengine:pet_ent/body"},{"predicate":{"custom_model_data":73},"model":"modelengine:pet_ent/left_leg"},{"predicate":{"custom_model_data":75},"model":"modelengine:nocsy_otter_v2/back_leg_right"},{"predicate":{"custom_model_data":76},"model":"modelengine:nocsy_otter_v2/body"},{"predicate":{"custom_model_data":77},"model":"modelengine:nocsy_otter_v2/front_leg_left"},{"predicate":{"custom_model_data":78},"model":"modelengine:nocsy_otter_v2/tail"},{"predicate":{"custom_model_data":79},"model":"modelengine:ghastling_2_parts/tentacle2"},{"predicate":{"custom_model_data":81},"model":"modelengine:ghastling_2_parts/tentacle1"},{"predicate":{"custom_model_data":82},"model":"modelengine:fx_poison_leaf/body"},{"predicate":{"custom_model_data":102},"model":"modelengine:pet_sun_moon/left_body"},{"predicate":{"custom_model_data":104},"model":"modelengine:pet_ent/right_leg"},{"predicate":{"custom_model_data":108},"model":"modelengine:wizpiglin_2_rift_v/left_forearm"},{"predicate":{"custom_model_data":118},"model":"modelengine:ghastling_2_parts/base"},{"predicate":{"custom_model_data":119},"model":"modelengine:wizpiglin_2_rift_h/rift_shard2"},{"predicate":{"custom_model_data":125},"model":"modelengine:fx_volcano/bone"},{"predicate":{"custom_model_data":131},"model":"modelengine:wizpiglin_2_rift_h/rift"},{"predicate":{"custom_model_data":132},"model":"modelengine:wizpiglin_2_parts/blank"},{"predicate":{"custom_model_data":135},"model":"modelengine:fx_leaf/body"},{"predicate":{"custom_model_data":139},"model":"modelengine:wizpiglin_2_rift_h/rift_shard1"},{"predicate":{"custom_model_data":140},"model":"modelengine:wizpiglin_2_parts/left_hand2_open"},{"predicate":{"custom_model_data":141},"model":"modelengine:pet_yin_yang/left_body"},{"predicate":{"custom_model_data":142},"model":"modelengine:pet_water_fire/right_body"},{"predicate":{"custom_model_data":143},"model":"modelengine:pet_water_fire/left_body"},{"predicate":{"custom_model_data":144},"model":"modelengine:pet_nether_ender/right_body"},{"predicate":{"custom_model_data":145},"model":"modelengine:pet_nether_ender/left_body"},{"predicate":{"custom_model_data":146},"model":"modelengine:pet_nether_ender/nether_right"},{"predicate":{"custom_model_data":147},"model":"modelengine:pet_nether_ender/nether_left"},{"predicate":{"custom_model_data":148},"model":"modelengine:pet_nether_ender/ender_left"},{"predicate":{"custom_model_data":149},"model":"modelengine:pet_nether_ender/ender_right"},{"predicate":{"custom_model_data":150},"model":"modelengine:pet_undead_ent/body"},{"predicate":{"custom_model_data":151},"model":"modelengine:pet_undead_ent/left_leg"},{"predicate":{"custom_model_data":152},"model":"modelengine:pet_undead_ent/right_leg"},{"predicate":{"custom_model_data":153},"model":"modelengine:pet_undead_ent/tree"},{"predicate":{"custom_model_data":154},"model":"modelengine:pet_elder_ent/body"},{"predicate":{"custom_model_data":155},"model":"modelengine:pet_elder_ent/left_leg"},{"predicate":{"custom_model_data":156},"model":"modelengine:pet_elder_ent/right_leg"},{"predicate":{"custom_model_data":157},"model":"modelengine:pet_elder_ent/left_arm"},{"predicate":{"custom_model_data":158},"model":"modelengine:pet_elder_ent/right_arm"},{"predicate":{"custom_model_data":183},"model":"modelengine:chameleon_fly/fly"},{"predicate":{"custom_model_data":184},"model":"modelengine:chameleon_parts/tongue"},{"predicate":{"custom_model_data":185},"model":"modelengine:chameleon_parts/head"},{"predicate":{"custom_model_data":186},"model":"modelengine:chameleon_hidden/body"},{"predicate":{"custom_model_data":187},"model":"modelengine:chameleon_hidden/f_l_leg2"},{"predicate":{"custom_model_data":188},"model":"modelengine:chameleon_hidden/f_l_leg4"},{"predicate":{"custom_model_data":189},"model":"modelengine:chameleon_hidden/head"},{"predicate":{"custom_model_data":190},"model":"modelengine:chameleon_hidden/f_l_leg3"},{"predicate":{"custom_model_data":191},"model":"modelengine:chameleon_hidden/f_l_leg"},{"predicate":{"custom_model_data":192},"model":"modelengine:chameleon_hidden/tail"},{"predicate":{"custom_model_data":193},"model":"modelengine:chameleon_hidden/f_l_foot2"},{"predicate":{"custom_model_data":194},"model":"modelengine:chameleon_hidden/f_l_foot4"},{"predicate":{"custom_model_data":195},"model":"modelengine:chameleon_hidden/f_l_foot3"},{"predicate":{"custom_model_data":196},"model":"modelengine:chameleon_hidden/f_l_foot"},{"predicate":{"custom_model_data":197},"model":"modelengine:chameleon/body"},{"predicate":{"custom_model_data":198},"model":"modelengine:chameleon/f_l_leg2"},{"predicate":{"custom_model_data":199},"model":"modelengine:chameleon/f_l_leg4"},{"predicate":{"custom_model_data":200},"model":"modelengine:chameleon/head"},{"predicate":{"custom_model_data":201},"model":"modelengine:chameleon/f_l_leg3"}],"parent":"minecraft:item/generated","textures":{"layer0":"minecraft:item/leather_horse_armor"}}