{"overrides":[{"predicate":{"custom_model_data":1},"model":"modelengine:lrd_gargoyle/root"},{"predicate":{"custom_model_data":2},"model":"modelengine:lrd_gargoyle/chest"},{"predicate":{"custom_model_data":3},"model":"modelengine:lrd_gargoyle/l_thigh"},{"predicate":{"custom_model_data":4},"model":"modelengine:lrd_gargoyle/r_thigh"},{"predicate":{"custom_model_data":5},"model":"modelengine:lrd_gargoyle/r_bicep"},{"predicate":{"custom_model_data":6},"model":"modelengine:lrd_gargoyle/l_bicep"},{"predicate":{"custom_model_data":7},"model":"modelengine:lrd_gargoyle/l_wing_1"},{"predicate":{"custom_model_data":8},"model":"modelengine:lrd_gargoyle/r_wing_1"},{"predicate":{"custom_model_data":9},"model":"modelengine:lrd_gargoyle/neck"},{"predicate":{"custom_model_data":10},"model":"modelengine:lrd_gargoyle/l_shin"},{"predicate":{"custom_model_data":11},"model":"modelengine:lrd_gargoyle/r_shin"},{"predicate":{"custom_model_data":12},"model":"modelengine:lrd_gargoyle/tail_1"},{"predicate":{"custom_model_data":13},"model":"modelengine:lrd_gargoyle/r_forearm"},{"predicate":{"custom_model_data":14},"model":"modelengine:lrd_gargoyle/l_forearm"},{"predicate":{"custom_model_data":15},"model":"modelengine:lrd_gargoyle/l_wing_2"},{"predicate":{"custom_model_data":16},"model":"modelengine:lrd_gargoyle/r_wing_2"},{"predicate":{"custom_model_data":17},"model":"modelengine:lrd_gargoyle/head"},{"predicate":{"custom_model_data":18},"model":"modelengine:lrd_gargoyle/l_foot"},{"predicate":{"custom_model_data":19},"model":"modelengine:lrd_gargoyle/r_foot"},{"predicate":{"custom_model_data":20},"model":"modelengine:lrd_gargoyle/tail_2"},{"predicate":{"custom_model_data":21},"model":"modelengine:lrd_gargoyle/r_hand"},{"predicate":{"custom_model_data":22},"model":"modelengine:lrd_gargoyle/l_hand"},{"predicate":{"custom_model_data":23},"model":"modelengine:lrd_gargoyle/l_wing_3"},{"predicate":{"custom_model_data":24},"model":"modelengine:lrd_gargoyle/r_wing_3"},{"predicate":{"custom_model_data":25},"model":"modelengine:lrd_gargoyle/horn_l"},{"predicate":{"custom_model_data":26},"model":"modelengine:lrd_gargoyle/eyelids"},{"predicate":{"custom_model_data":27},"model":"modelengine:lrd_gargoyle/horn_r"},{"predicate":{"custom_model_data":28},"model":"modelengine:lrd_gargoyle/l_toe_1"},{"predicate":{"custom_model_data":29},"model":"modelengine:lrd_gargoyle/l_toe_2"},{"predicate":{"custom_model_data":30},"model":"modelengine:lrd_gargoyle/l_toe_3"},{"predicate":{"custom_model_data":31},"model":"modelengine:lrd_gargoyle/r_toe_1"},{"predicate":{"custom_model_data":32},"model":"modelengine:lrd_gargoyle/r_toe_3"},{"predicate":{"custom_model_data":33},"model":"modelengine:lrd_gargoyle/r_toe_2"},{"predicate":{"custom_model_data":34},"model":"modelengine:lrd_gargoyle/r_finger_3"},{"predicate":{"custom_model_data":35},"model":"modelengine:lrd_gargoyle/r_finger_2"},{"predicate":{"custom_model_data":36},"model":"modelengine:lrd_gargoyle/r_finger_1"},{"predicate":{"custom_model_data":37},"model":"modelengine:lrd_gargoyle/l_finger_3"},{"predicate":{"custom_model_data":38},"model":"modelengine:lrd_gargoyle/l_finger_2"},{"predicate":{"custom_model_data":39},"model":"modelengine:lrd_gargoyle/l_finger_1"},{"predicate":{"custom_model_data":40},"model":"modelengine:lrd_gargoyle/tail_3"},{"predicate":{"custom_model_data":41},"model":"modelengine:lrd_gargoyle/right_arm_trail_1"},{"predicate":{"custom_model_data":42},"model":"modelengine:lrd_gargoyle/left_arm_trail_1"},{"predicate":{"custom_model_data":43},"model":"modelengine:lrd_gargoyle/right_arm_trail_2"},{"predicate":{"custom_model_data":44},"model":"modelengine:lrd_gargoyle/left_arm_trail_2"},{"predicate":{"custom_model_data":45},"model":"modelengine:lrd_gargoyle/tail_4"},{"predicate":{"custom_model_data":46},"model":"modelengine:lrd_gargoyle/right_arm_trail_3"},{"predicate":{"custom_model_data":47},"model":"modelengine:lrd_gargoyle/left_arm_trail_3"},{"predicate":{"custom_model_data":48},"model":"modelengine:lrd_gargoyle/tail_5"},{"predicate":{"custom_model_data":49},"model":"modelengine:lrd_gargoyle/right_arm_trail_4"},{"predicate":{"custom_model_data":50},"model":"modelengine:lrd_gargoyle/left_arm_trail_4"},{"predicate":{"custom_model_data":51},"model":"modelengine:lrd_gargoyle/tail_6"},{"predicate":{"custom_model_data":52},"model":"modelengine:lrd_gargoyle/right_arm_trail_5"},{"predicate":{"custom_model_data":53},"model":"modelengine:lrd_gargoyle/left_arm_trail_5"},{"predicate":{"custom_model_data":54},"model":"modelengine:lrd_gargoyle/right_arm_trail_6"},{"predicate":{"custom_model_data":55},"model":"modelengine:lrd_gargoyle/left_arm_trail_6"}],"parent":"minecraft:item/generated","textures":{"layer0":"minecraft:item/leather_horse_armor"}}