{"overrides":[{"predicate":{"custom_model_data":1},"model":"modelengine:voras_crate/base"},{"predicate":{"custom_model_data":2},"model":"modelengine:voras_parts/leg_broken_right"},{"predicate":{"custom_model_data":3},"model":"modelengine:voras_baby/body"},{"predicate":{"custom_model_data":4},"model":"modelengine:voras_eggsac/base"},{"predicate":{"custom_model_data":5},"model":"modelengine:voras_leg/leg2"},{"predicate":{"custom_model_data":6},"model":"modelengine:voras_eggsac/egg"},{"predicate":{"custom_model_data":7},"model":"modelengine:voras_baby/leg2"},{"predicate":{"custom_model_data":8},"model":"modelengine:voras_parts/leg_broken_left"},{"predicate":{"custom_model_data":9},"model":"modelengine:voras_baby/leg"},{"predicate":{"custom_model_data":10},"model":"modelengine:voras_parts/head"},{"predicate":{"custom_model_data":11},"model":"modelengine:voras_parts/pedipalp"},{"predicate":{"custom_model_data":12},"model":"modelengine:voras_leg/leg3"},{"predicate":{"custom_model_data":13},"model":"modelengine:voras_crate/lid"},{"predicate":{"custom_model_data":14},"model":"modelengine:voras_web1/web"},{"predicate":{"custom_model_data":15},"model":"modelengine:voras_web_corpse/base"},{"predicate":{"custom_model_data":16},"model":"modelengine:voras_tombstone/base"},{"predicate":{"custom_model_data":17},"model":"modelengine:voras_pet_white/body"},{"predicate":{"custom_model_data":18},"model":"modelengine:voras_pet_white/leg3"},{"predicate":{"custom_model_data":19},"model":"modelengine:voras_pet_white/leg8"},{"predicate":{"custom_model_data":20},"model":"modelengine:voras_pet_white/leg7"},{"predicate":{"custom_model_data":21},"model":"modelengine:voras_pet_white/leg2"},{"predicate":{"custom_model_data":22},"model":"modelengine:voras_pet_white/leg5"},{"predicate":{"custom_model_data":23},"model":"modelengine:voras_pet_white/leg1"},{"predicate":{"custom_model_data":24},"model":"modelengine:voras_pet_white/leg6"},{"predicate":{"custom_model_data":25},"model":"modelengine:voras_pet_white/leg4"},{"predicate":{"custom_model_data":26},"model":"modelengine:voras_pet_white/head"},{"predicate":{"custom_model_data":27},"model":"modelengine:voras_pet_white/leg1_4"},{"predicate":{"custom_model_data":28},"model":"modelengine:voras_pet_white/leg1_9"},{"predicate":{"custom_model_data":29},"model":"modelengine:voras_pet_white/leg1_8"},{"predicate":{"custom_model_data":30},"model":"modelengine:voras_pet_white/leg1_3"},{"predicate":{"custom_model_data":31},"model":"modelengine:voras_pet_white/leg1_6"},{"predicate":{"custom_model_data":32},"model":"modelengine:voras_pet_white/leg1_2"},{"predicate":{"custom_model_data":33},"model":"modelengine:voras_pet_white/leg1_7"},{"predicate":{"custom_model_data":34},"model":"modelengine:voras_pet_white/leg1_5"},{"predicate":{"custom_model_data":35},"model":"modelengine:voras_pet_white/fang2"},{"predicate":{"custom_model_data":36},"model":"modelengine:voras_pet_white/fang"},{"predicate":{"custom_model_data":37},"model":"modelengine:voras_pet_white/pedipalp"},{"predicate":{"custom_model_data":38},"model":"modelengine:voras_pet_white/pedipalp2"},{"predicate":{"custom_model_data":39},"model":"modelengine:voras_pet_red/body"},{"predicate":{"custom_model_data":40},"model":"modelengine:voras_pet_red/leg3"},{"predicate":{"custom_model_data":41},"model":"modelengine:voras_pet_red/leg8"},{"predicate":{"custom_model_data":42},"model":"modelengine:voras_pet_red/leg7"},{"predicate":{"custom_model_data":43},"model":"modelengine:voras_pet_red/leg2"},{"predicate":{"custom_model_data":44},"model":"modelengine:voras_pet_red/leg5"},{"predicate":{"custom_model_data":45},"model":"modelengine:voras_pet_red/leg1"},{"predicate":{"custom_model_data":46},"model":"modelengine:voras_pet_red/leg6"},{"predicate":{"custom_model_data":47},"model":"modelengine:voras_pet_red/leg4"},{"predicate":{"custom_model_data":48},"model":"modelengine:voras_pet_red/head"},{"predicate":{"custom_model_data":49},"model":"modelengine:voras_pet_red/leg1_4"},{"predicate":{"custom_model_data":50},"model":"modelengine:voras_pet_red/leg1_9"},{"predicate":{"custom_model_data":51},"model":"modelengine:voras_pet_red/leg1_8"},{"predicate":{"custom_model_data":52},"model":"modelengine:voras_pet_red/leg1_3"},{"predicate":{"custom_model_data":53},"model":"modelengine:voras_pet_red/leg1_6"},{"predicate":{"custom_model_data":54},"model":"modelengine:voras_pet_red/leg1_2"},{"predicate":{"custom_model_data":55},"model":"modelengine:voras_pet_red/leg1_7"},{"predicate":{"custom_model_data":56},"model":"modelengine:voras_pet_red/leg1_5"},{"predicate":{"custom_model_data":57},"model":"modelengine:voras_pet_red/fang2"},{"predicate":{"custom_model_data":58},"model":"modelengine:voras_pet_red/fang"},{"predicate":{"custom_model_data":59},"model":"modelengine:voras_pet_red/pedipalp"},{"predicate":{"custom_model_data":60},"model":"modelengine:voras_pet_red/pedipalp2"},{"predicate":{"custom_model_data":61},"model":"modelengine:voras_pet_teal/body"},{"predicate":{"custom_model_data":62},"model":"modelengine:voras_pet_teal/leg3"},{"predicate":{"custom_model_data":63},"model":"modelengine:voras_pet_teal/leg8"},{"predicate":{"custom_model_data":64},"model":"modelengine:voras_pet_teal/leg7"},{"predicate":{"custom_model_data":65},"model":"modelengine:voras_pet_teal/leg2"},{"predicate":{"custom_model_data":66},"model":"modelengine:voras_pet_teal/leg5"},{"predicate":{"custom_model_data":67},"model":"modelengine:voras_pet_teal/leg1"},{"predicate":{"custom_model_data":68},"model":"modelengine:voras_pet_teal/leg6"},{"predicate":{"custom_model_data":69},"model":"modelengine:voras_pet_teal/leg4"},{"predicate":{"custom_model_data":70},"model":"modelengine:voras_pet_teal/head"},{"predicate":{"custom_model_data":71},"model":"modelengine:voras_pet_teal/leg1_4"},{"predicate":{"custom_model_data":72},"model":"modelengine:voras_pet_teal/leg1_9"},{"predicate":{"custom_model_data":73},"model":"modelengine:voras_pet_teal/leg1_8"},{"predicate":{"custom_model_data":74},"model":"modelengine:voras_pet_teal/leg1_3"},{"predicate":{"custom_model_data":75},"model":"modelengine:voras_pet_teal/leg1_6"},{"predicate":{"custom_model_data":76},"model":"modelengine:voras_pet_teal/leg1_2"},{"predicate":{"custom_model_data":77},"model":"modelengine:voras_pet_teal/leg1_7"},{"predicate":{"custom_model_data":78},"model":"modelengine:voras_pet_teal/leg1_5"},{"predicate":{"custom_model_data":79},"model":"modelengine:voras_pet_teal/fang2"},{"predicate":{"custom_model_data":80},"model":"modelengine:voras_pet_teal/fang"},{"predicate":{"custom_model_data":81},"model":"modelengine:voras_pet_teal/pedipalp"},{"predicate":{"custom_model_data":82},"model":"modelengine:voras_pet_teal/pedipalp2"},{"predicate":{"custom_model_data":83},"model":"modelengine:voras_pet/body"},{"predicate":{"custom_model_data":84},"model":"modelengine:voras_pet/leg3"},{"predicate":{"custom_model_data":85},"model":"modelengine:voras_pet/leg8"},{"predicate":{"custom_model_data":86},"model":"modelengine:voras_pet/leg7"},{"predicate":{"custom_model_data":87},"model":"modelengine:voras_pet/leg2"},{"predicate":{"custom_model_data":88},"model":"modelengine:voras_pet/leg5"},{"predicate":{"custom_model_data":89},"model":"modelengine:voras_pet/leg1"},{"predicate":{"custom_model_data":90},"model":"modelengine:voras_pet/leg6"},{"predicate":{"custom_model_data":91},"model":"modelengine:voras_pet/leg4"},{"predicate":{"custom_model_data":92},"model":"modelengine:voras_pet/head"},{"predicate":{"custom_model_data":93},"model":"modelengine:voras_pet/leg1_4"},{"predicate":{"custom_model_data":94},"model":"modelengine:voras_pet/leg1_9"},{"predicate":{"custom_model_data":95},"model":"modelengine:voras_pet/leg1_8"},{"predicate":{"custom_model_data":96},"model":"modelengine:voras_pet/leg1_3"},{"predicate":{"custom_model_data":97},"model":"modelengine:voras_pet/leg1_6"},{"predicate":{"custom_model_data":98},"model":"modelengine:voras_pet/leg1_2"},{"predicate":{"custom_model_data":99},"model":"modelengine:voras_pet/leg1_7"},{"predicate":{"custom_model_data":100},"model":"modelengine:voras_pet/leg1_5"},{"predicate":{"custom_model_data":101},"model":"modelengine:voras_pet/fang2"},{"predicate":{"custom_model_data":102},"model":"modelengine:voras_pet/fang"},{"predicate":{"custom_model_data":103},"model":"modelengine:voras_pet/pedipalp"},{"predicate":{"custom_model_data":104},"model":"modelengine:voras_pet/pedipalp2"},{"predicate":{"custom_model_data":105},"model":"modelengine:voras/thorax"},{"predicate":{"custom_model_data":106},"model":"modelengine:voras/leg1"},{"predicate":{"custom_model_data":107},"model":"modelengine:voras/leg13"},{"predicate":{"custom_model_data":108},"model":"modelengine:voras/abdomen"},{"predicate":{"custom_model_data":109},"model":"modelengine:voras/head"},{"predicate":{"custom_model_data":110},"model":"modelengine:voras/leg16"},{"predicate":{"custom_model_data":111},"model":"modelengine:voras/leg4"},{"predicate":{"custom_model_data":112},"model":"modelengine:voras/leg22"},{"predicate":{"custom_model_data":113},"model":"modelengine:voras/leg10"},{"predicate":{"custom_model_data":114},"model":"modelengine:voras/leg19"},{"predicate":{"custom_model_data":115},"model":"modelengine:voras/leg7"},{"predicate":{"custom_model_data":116},"model":"modelengine:voras/leg2"},{"predicate":{"custom_model_data":117},"model":"modelengine:voras/leg14"},{"predicate":{"custom_model_data":118},"model":"modelengine:voras/lantern"},{"predicate":{"custom_model_data":119},"model":"modelengine:voras/pedipalp4"},{"predicate":{"custom_model_data":120},"model":"modelengine:voras/fang2"},{"predicate":{"custom_model_data":121},"model":"modelengine:voras/fang"},{"predicate":{"custom_model_data":122},"model":"modelengine:voras/pedipalp"},{"predicate":{"custom_model_data":123},"model":"modelengine:voras/leg17"},{"predicate":{"custom_model_data":124},"model":"modelengine:voras/leg5"},{"predicate":{"custom_model_data":125},"model":"modelengine:voras/leg23"},{"predicate":{"custom_model_data":126},"model":"modelengine:voras/leg11"},{"predicate":{"custom_model_data":127},"model":"modelengine:voras/leg20"},{"predicate":{"custom_model_data":128},"model":"modelengine:voras/leg8"},{"predicate":{"custom_model_data":129},"model":"modelengine:voras/leg3"},{"predicate":{"custom_model_data":130},"model":"modelengine:voras/leg15"},{"predicate":{"custom_model_data":131},"model":"modelengine:voras/pedipalp5"},{"predicate":{"custom_model_data":132},"model":"modelengine:voras/pedipalp2"},{"predicate":{"custom_model_data":133},"model":"modelengine:voras/leg18"},{"predicate":{"custom_model_data":134},"model":"modelengine:voras/leg6"},{"predicate":{"custom_model_data":135},"model":"modelengine:voras/leg24"},{"predicate":{"custom_model_data":136},"model":"modelengine:voras/leg12"},{"predicate":{"custom_model_data":137},"model":"modelengine:voras/leg21"},{"predicate":{"custom_model_data":138},"model":"modelengine:voras/leg9"},{"predicate":{"custom_model_data":139},"model":"modelengine:voras/pedipalp6"},{"predicate":{"custom_model_data":140},"model":"modelengine:voras/pedipalp3"}],"parent":"minecraft:item/generated","textures":{"layer0":"minecraft:item/leather_horse_armor"}}