{
    "parent": "item/handheld",
    "textures": {
        "layer0": "item/netherite_sword"
    },
    "overrides": [
        {
            "predicate": {
                "custom_model_data": 1
            },
            "model": "netherite_sword/blaze_rapier"
        },
        {
            "predicate": {
                "custom_model_data": 2
            },
            "model": "netherite_sword/bone_hilt_rapier"
        },
        {
            "predicate": {
                "custom_model_data": 3
            },
            "model": "netherite_sword/creeper_claymore"
        },
        {
            "predicate": {
                "custom_model_data": 4
            },
            "model": "netherite_sword/creeper_cutter"
        },
        {
            "predicate": {
                "custom_model_data": 5
            },
            "model": "netherite_sword/cutlass_of_the_kraken"
        },
        {
            "predicate": {
                "custom_model_data": 6
            },
            "model": "netherite_sword/dragon_greatsword"
        },
        {
            "predicate": {
                "custom_model_data": 7
            },
            "model": "netherite_sword/ender_blade"
        },
        {
            "predicate": {
                "custom_model_data": 8
            },
            "model": "netherite_sword/ender_scimitar"
        },
        {
            "predicate": {
                "custom_model_data": 9
            },
            "model": "netherite_sword/guardians_glaive"
        },
        {
            "predicate": {
                "custom_model_data": 10
            },
            "model": "netherite_sword/hawkeyes_katana"
        },
        {
            "predicate": {
                "custom_model_data": 11
            },
            "model": "netherite_sword/marooners_machete"
        },
        {
            "predicate": {
                "custom_model_data": 12
            },
            "model": "netherite_sword/mjolnir_blade"
        },
        {
            "predicate": {
                "custom_model_data": 13
            },
            "model": "netherite_sword/skeleton_rapier"
        },
        {
            "predicate": {
                "custom_model_data": 14
            },
            "model": "netherite_sword/spiders_fang"
        },
        {
            "predicate": {
                "custom_model_data": 15
            },
            "model": "netherite_sword/vibranium_edge"
        },
        {
            "predicate": {
                "custom_model_data": 16
            },
            "model": "netherite_sword/widows_sting"
        },
        {
            "predicate": {
                "custom_model_data": 17
            },
            "model": "netherite_sword/withers_bane"
        },
        {
            "predicate": {
                "custom_model_data": 18
            },
            "model": "netherite_sword/zombie_saber"
        },
        {
            "predicate": {
                "custom_model_data": 19
            },
            "model": "netherite_sword/blossom_blade"
        },
        {
            "predicate": {
                "custom_model_data": 20
            },
            "model": "netherite_sword/absolute_zero"
        },
        {
            "predicate": {
                "custom_model_data": 21
            },
            "model": "netherite_sword/ark_of_the_cosmos"
        },
        {
            "predicate": {
                "custom_model_data": 22
            },
            "model": "netherite_sword/bloodsucker"
        },
        {
            "predicate": {
                "custom_model_data": 23
            },
            "model": "netherite_sword/calamity"
        },
        {
            "predicate": {
                "custom_model_data": 24
            },
            "model": "netherite_sword/cobra"
        },
        {
            "predicate": {
                "custom_model_data": 25
            },
            "model": "netherite_sword/daedalus_replica"
        },
        {
            "predicate": {
                "custom_model_data": 26
            },
            "model": "netherite_sword/death_embrace"
        },
        {
            "predicate": {
                "custom_model_data": 27
            },
            "model": "netherite_sword/deathbringer"
        },
        {
            "predicate": {
                "custom_model_data": 28
            },
            "model": "netherite_sword/duskshadow"
        },
        {
            "predicate": {
                "custom_model_data": 29
            },
            "model": "netherite_sword/earthbound"
        },
        {
            "predicate": {
                "custom_model_data": 30
            },
            "model": "netherite_sword/executioner_blade"
        },
        {
            "predicate": {
                "custom_model_data": 31
            },
            "model": "netherite_sword/fearmonger"
        },
        {
            "predicate": {
                "custom_model_data": 32
            },
            "model": "netherite_sword/flesh_flayer"
        },
        {
            "predicate": {
                "custom_model_data": 33
            },
            "model": "netherite_sword/fury_katana"
        },
        {
            "predicate": {
                "custom_model_data": 34
            },
            "model": "netherite_sword/guillotine"
        },
        {
            "predicate": {
                "custom_model_data": 35
            },
            "model": "netherite_sword/harbinger_of_death"
        },
        {
            "predicate": {
                "custom_model_data": 36
            },
            "model": "netherite_sword/hemophobia"
        },
        {
            "predicate": {
                "custom_model_data": 37
            },
            "model": "netherite_sword/immolus"
        },
        {
            "predicate": {
                "custom_model_data": 38
            },
            "model": "netherite_sword/justice"
        },
        {
            "predicate": {
                "custom_model_data": 39
            },
            "model": "netherite_sword/last_breath"
        },
        {
            "predicate": {
                "custom_model_data": 40
            },
            "model": "netherite_sword/mythril_greatsword"
        },
        {
            "predicate": {
                "custom_model_data": 41
            },
            "model": "netherite_sword/orichalcum_sword"
        },
        {
            "predicate": {
                "custom_model_data": 42
            },
            "model": "netherite_sword/protego"
        },
        {
            "predicate": {
                "custom_model_data": 43
            },
            "model": "netherite_sword/rememberence"
        },        
        {
            "predicate": {
                "custom_model_data": 44
            },
            "model": "netherite_sword/securus"
        },
        {
            "predicate": {
                "custom_model_data": 45
            },
            "model": "netherite_sword/shadow"
        },
        {
            "predicate": {
                "custom_model_data": 46
            },
            "model": "netherite_sword/silverlight"
        },
        {
            "predicate": {
                "custom_model_data": 47
            },
            "model": "netherite_sword/sub_zero"
        },
        {
            "predicate": {
                "custom_model_data": 48
            },
            "model": "netherite_sword/the_trickster"
        },
        {
            "predicate": {
                "custom_model_data": 49
            },
            "model": "netherite_sword/titanium_blade"
        },
        {
            "predicate": {
                "custom_model_data": 50
            },
            "model": "netherite_sword/withered"
        },
        {
            "predicate": {
                "custom_model_data": 51
            },
            "model": "netherite_sword/discord_nitro_sword"
        }          
    ]
}