{
    "parent": "item/handheld",
    "textures": {
        "layer0": "item/netherite_hoe"
    },
    "overrides": [
        {
            "predicate": {
                "custom_model_data": 1
            },
            "model": "netherite_hoe/creeper_vine_planter"
        },
        {
            "predicate": {
                "custom_model_data": 2
            },
            "model": "netherite_hoe/skeleton_bone_hoe"
        },
        {
            "predicate": {
                "custom_model_data": 3
            },
            "model": "netherite_hoe/zombie_tiller"
        },
        {
            "predicate": {
                "custom_model_data": 4
            },
            "model": "netherite_hoe/discord_nitro_hoe"
        },
        {
            "predicate": {
                "custom_model_data": 5
            },
            "model": "netherite_hoe/toffy_halloween_hoe"
        }        
    ]
}