{
    "parent": "item/handheld",
    "textures": {
        "layer0": "item/netherite_axe"
    },
    "overrides": [
        {
            "predicate": {
                "custom_model_data": 1
            },
            "model": "netherite_axe/blaze_battler"
        },
        {
            "predicate": {
                "custom_model_data": 2
            },
            "model": "netherite_axe/creeper_chopper"
        },
        {
            "predicate": {
                "custom_model_data": 3
            },
            "model": "netherite_axe/creeper_cleaver"
        },
        {
            "predicate": {
                "custom_model_data": 4
            },
            "model": "netherite_axe/drakes_decapitator"
        },
        {
            "predicate": {
                "custom_model_data": 5
            },
            "model": "netherite_axe/ender_chop"
        },
        {
            "predicate": {
                "custom_model_data": 6
            },
            "model": "netherite_axe/ender_cleaver"
        },
        {
            "predicate": {
                "custom_model_data": 7
            },
            "model": "netherite_axe/phantom_edge"
        },
        {
            "predicate": {
                "custom_model_data": 8
            },
            "model": "netherite_axe/skeleton_splitter"
        },
        {
            "predicate": {
                "custom_model_data": 9
            },
            "model": "netherite_axe/spider_slicer"
        },
        {
            "predicate": {
                "custom_model_data": 10
            },
            "model": "netherite_axe/zombie_crusher"
        },
        {
            "predicate": {
                "custom_model_data": 11
            },
            "model": "netherite_axe/discord_nitro_axe"
        },
        {
            "predicate": {
                "custom_model_data": 12
            },
            "model": "netherite_axe/toffy_halloween_axe"
        },
        {
            "predicate": {
                "custom_model_data": 13
            },
            "model": "netherite_axe/vortex_axe_golden"
        },
        {
            "predicate": {
                "custom_model_data": 14
            },
            "model": "netherite_axe/blue_dragon_axe"
        },
        {
            "predicate": {
                "custom_model_data": 15
            },
            "model": "netherite_axe/purple_dragon_axe"
        },
        {
            "predicate": {
                "custom_model_data": 16
            },
            "model": "netherite_axe/blue_cyber_axe"
        },
        {
            "predicate": {
                "custom_model_data": 17
            },
            "model": "netherite_axe/gold_cyber_axe"
        },
        {
            "predicate": {
                "custom_model_data": 18
            },
            "model": "netherite_axe/green_cyber_axe"
        },
        {
            "predicate": {
                "custom_model_data": 19
            },
            "model": "netherite_axe/pink_cyber_axe"
        },
        {
            "predicate": {
                "custom_model_data": 20
            },
            "model": "netherite_axe/red_cyber_axe"
        },
        {
            "predicate": {
                "custom_model_data": 21
            },
            "model": "netherite_axe/purple_cyber_axe"
        }        
    ]
}