{
    "parent": "item/handheld",
    "textures": {
        "layer0": "item/netherite_shovel"
    },
    "overrides": [
        {
            "predicate": {
                "custom_model_data": 1
            },
            "model": "netherite_shovel/blaze_digger"
        },
        {
            "predicate": {
                "custom_model_data": 2
            },
            "model": "netherite_shovel/creep_trowel"
        },
        {
            "predicate": {
                "custom_model_data": 3
            },
            "model": "netherite_shovel/ender_excavator"
        },
        {
            "predicate": {
                "custom_model_data": 4
            },
            "model": "netherite_shovel/spawner_spade"
        },
        {
            "predicate": {
                "custom_model_data": 5
            },
            "model": "netherite_shovel/squid_scoop"
        },
        {
            "predicate": {
                "custom_model_data": 6
            },
            "model": "netherite_shovel/flora_shovel"
        },  
        {
            "predicate": {
                "custom_model_data": 7
            },
            "model": "netherite_shovel/discord_nitro_shovel"
        },
        {
            "predicate": {
                "custom_model_data": 8
            },
            "model": "netherite_shovel/toffy_halloween_shovel"
        },
        {
            "predicate": {
                "custom_model_data": 9
            },
            "model": "netherite_shovel/vortex_shovel_golden"
        },
        {
            "predicate": {
                "custom_model_data": 10
            },
            "model": "netherite_shovel/blue_dragon_shovel"
        },
        {
            "predicate": {
                "custom_model_data": 11
            },
            "model": "netherite_shovel/purple_dragon_shovel"
        },
        {
            "predicate": {
                "custom_model_data": 12
            },
            "model": "netherite_shovel/x12"
        },
        {
            "predicate": {
                "custom_model_data": 13
            },
            "model": "netherite_shovel/x13"
        },
        {
            "predicate": {
                "custom_model_data": 14
            },
            "model": "netherite_shovel/x14"
        },
        {
            "predicate": {
                "custom_model_data": 15
            },
            "model": "netherite_shovel/x15"
        },
        {
            "predicate": {
                "custom_model_data": 16
            },
            "model": "netherite_shovel/x16"
        },
        {
            "predicate": {
                "custom_model_data": 17
            },
            "model": "netherite_shovel/x17"
        },
        {
            "predicate": {
                "custom_model_data": 18
            },
            "model": "netherite_shovel/x18"
        },
        {
            "predicate": {
                "custom_model_data": 19
            },
            "model": "netherite_shovel/x19"
        },
        {
            "predicate": {
                "custom_model_data": 20
            },
            "model": "netherite_shovel/x20"
        }        
    ]
}