{
    "parent": "item/handheld",
    "textures": {
        "layer0": "item/paper"
    },
    "overrides": [
        {
            "predicate": {
                "custom_model_data": 1
            },
            "model": "paper/basket"
        },
        {
            "predicate": {
                "custom_model_data": 2
            },
            "model": "paper/bed"
        },
        {
            "predicate": {
                "custom_model_data": 3
            },
            "model": "paper/bedside_table"
        },
        {
            "predicate": {
                "custom_model_data": 4
            },
            "model": "paper/bench"
        },
        {
            "predicate": {
                "custom_model_data": 5
            },
            "model": "paper/boxes"
        },
        {
            "predicate": {
                "custom_model_data": 6
            },
            "model": "paper/candel"
        },
        {
            "predicate": {
                "custom_model_data": 7
            },
            "model": "paper/candlefire"
        },
        {
            "predicate": {
                "custom_model_data": 8
            },
            "model": "paper/candlestick"
        },
        {
            "predicate": {
                "custom_model_data": 9
            },
            "model": "paper/cart"
        },
        {
            "predicate": {
                "custom_model_data": 10
            },
            "model": "paper/cart_two"
        },
        {
            "predicate": {
                "custom_model_data": 11
            },
            "model": "paper/chair"
        },
        {
            "predicate": {
                "custom_model_data": 12
            },
            "model": "paper/chair_blue"
        },
        {
            "predicate": {
                "custom_model_data": 13
            },
            "model": "paper/chair_green"
        },
        {
            "predicate": {
                "custom_model_data": 14
            },
            "model": "paper/chair_three"
        },
        {
            "predicate": {
                "custom_model_data": 15
            },
            "model": "paper/chair_two"
        },
        {
            "predicate": {
                "custom_model_data": 16
            },
            "model": "paper/chair_yellow"
        },
        {
            "predicate": {
                "custom_model_data": 17
            },
            "model": "paper/chandelier"
        },
        {
            "predicate": {
                "custom_model_data": 18
            },
            "model": "paper/chest"
        },
        {
            "predicate": {
                "custom_model_data": 19
            },
            "model": "paper/coach"
        },
        {
            "predicate": {
                "custom_model_data": 20
            },
            "model": "paper/desk"
        },
        {
            "predicate": {
                "custom_model_data": 21
            },
            "model": "paper/flowerpot"
        },
        {
            "predicate": {
                "custom_model_data": 22
            },
            "model": "paper/fruit_basket"
        },
        {
            "predicate": {
                "custom_model_data": 23
            },
            "model": "paper/kotatsu"
        },
        {
            "predicate": {
                "custom_model_data": 24
            },
            "model": "paper/lamp"
        },
        {
            "predicate": {
                "custom_model_data": 25
            },
            "model": "paper/leaves"
        },
        {
            "predicate": {
                "custom_model_data": 26
            },
            "model": "paper/medieval_market_bag"
        },
        {
            "predicate": {
                "custom_model_data": 27
            },
            "model": "paper/medieval_market_barrel"
        },
        {
            "predicate": {
                "custom_model_data": 28
            },
            "model": "paper/medieval_market_bath"
        },
        {
            "predicate": {
                "custom_model_data": 29
            },
            "model": "paper/medieval_market_bed"
        },
        {
            "predicate": {
                "custom_model_data": 30
            },
            "model": "paper/medieval_market_bench"
        },
        {
            "predicate": {
                "custom_model_data": 31
            },
            "model": "paper/medieval_market_box"
        },
        {
            "predicate": {
                "custom_model_data": 32
            },
            "model": "paper/medieval_market_box_apples"
        },
        {
            "predicate": {
                "custom_model_data": 33
            },
            "model": "paper/medieval_market_box_bread"
        },
        {
            "predicate": {
                "custom_model_data": 34
            },
            "model": "paper/medieval_market_campfire"
        },
        {
            "predicate": {
                "custom_model_data": 35
            },
            "model": "paper/medieval_market_chair"
        },
        {
            "predicate": {
                "custom_model_data": 36
            },
            "model": "paper/medieval_market_chest"
        },
        {
            "predicate": {
                "custom_model_data": 37
            },
            "model": "paper/medieval_market_direction_sign"
        },
        {
            "predicate": {
                "custom_model_data": 38
            },
            "model": "paper/medieval_market_hangingpot"
        },
        {
            "predicate": {
                "custom_model_data": 39
            },
            "model": "paper/medieval_market_haybales"
        },
        {
            "predicate": {
                "custom_model_data": 40
            },
            "model": "paper/medieval_market_lantern"
        },
        {
            "predicate": {
                "custom_model_data": 41
            },
            "model": "paper/medieval_market_lantern_big"
        },
        {
            "predicate": {
                "custom_model_data": 42
            },
            "model": "paper/medieval_market_lantern_small"
        },
        {
            "predicate": {
                "custom_model_data": 43
            },
            "model": "paper/medieval_market_marketstall_purple"
        },
        {
            "predicate": {
                "custom_model_data": 44
            },
            "model": "paper/medieval_market_marketstall_red"
        },
        {
            "predicate": {
                "custom_model_data": 45
            },
            "model": "paper/medieval_market_open_chest"
        },
        {
            "predicate": {
                "custom_model_data": 46
            },
            "model": "paper/medieval_market_pot"
        },
        {
            "predicate": {
                "custom_model_data": 47
            },
            "model": "paper/medieval_market_scarecrow"
        },
        {
            "predicate": {
                "custom_model_data": 48
            },
            "model": "paper/medieval_market_stalltable"
        },
        {
            "predicate": {
                "custom_model_data": 49
            },
            "model": "paper/medieval_market_stool"
        },
        {
            "predicate": {
                "custom_model_data": 50
            },
            "model": "paper/medieval_market_table"
        },
        {
            "predicate": {
                "custom_model_data": 51
            },
            "model": "paper/medieval_market_wagon2"
        },
        {
            "predicate": {
                "custom_model_data": 52
            },
            "model": "paper/medieval_market_wagon_purple"
        },
        {
            "predicate": {
                "custom_model_data": 53
            },
            "model": "paper/medieval_market_wagon_red"
        },
        {
            "predicate": {
                "custom_model_data": 54
            },
            "model": "paper/medieval_market_wall_lantern"
        },
        {
            "predicate": {
                "custom_model_data": 55
            },
            "model": "paper/medieval_market_well"
        },
        {
            "predicate": {
                "custom_model_data": 56
            },
            "model": "paper/medieval_market_wood_pile"
        },
        {
            "predicate": {
                "custom_model_data": 57
            },
            "model": "paper/outdoor_bench"
        },
        {
            "predicate": {
                "custom_model_data": 58
            },
            "model": "paper/outdoor_chair"
        },
        {
            "predicate": {
                "custom_model_data": 59
            },
            "model": "paper/outdoor_doghut"
        },
        {
            "predicate": {
                "custom_model_data": 60
            },
            "model": "paper/outdoor_grill"
        },
        {
            "predicate": {
                "custom_model_data": 61
            },
            "model": "paper/outdoor_lawnmower"
        },
        {
            "predicate": {
                "custom_model_data": 62
            },
            "model": "paper/outdoor_picnictable"
        },
        {
            "predicate": {
                "custom_model_data": 63
            },
            "model": "paper/outdoor_pool"
        },
        {
            "predicate": {
                "custom_model_data": 64
            },
            "model": "paper/outdoor_rocks_big"
        },
        {
            "predicate": {
                "custom_model_data": 65
            },
            "model": "paper/outdoor_rocks_medium"
        },
        {
            "predicate": {
                "custom_model_data": 66
            },
            "model": "paper/outdoor_rocks_small"
        },
        {
            "predicate": {
                "custom_model_data": 67
            },
            "model": "paper/outdoor_rocks_tiny"
        },
        {
            "predicate": {
                "custom_model_data": 68
            },
            "model": "paper/outdoor_small_table"
        },
        {
            "predicate": {
                "custom_model_data": 69
            },
            "model": "paper/outdoor_spade"
        },
        {
            "predicate": {
                "custom_model_data": 70
            },
            "model": "paper/outdoor_sunbed"
        },
        {
            "predicate": {
                "custom_model_data": 71
            },
            "model": "paper/outdoor_trampoline"
        },
        {
            "predicate": {
                "custom_model_data": 72
            },
            "model": "paper/outdoor_umbrella"
        },
        {
            "predicate": {
                "custom_model_data": 73
            },
            "model": "paper/outdoor_wateringcan"
        },
        {
            "predicate": {
                "custom_model_data": 74
            },
            "model": "paper/outdoor_wheelbarrow"
        },
        {
            "predicate": {
                "custom_model_data": 75
            },
            "model": "paper/pond"
        },
        {
            "predicate": {
                "custom_model_data": 76
            },
            "model": "paper/roomdivider"
        },
        {
            "predicate": {
                "custom_model_data": 77
            },
            "model": "paper/shelf"
        },
        {
            "predicate": {
                "custom_model_data": 79
            },
            "model": "paper/sofa"
        },
        {
            "predicate": {
                "custom_model_data": 80
            },
            "model": "paper/stool"
        },
        {
            "predicate": {
                "custom_model_data": 81
            },
            "model": "paper/storage"
        },
        {
            "predicate": {
                "custom_model_data": 82
            },
            "model": "paper/table"
        },
        {
            "predicate": {
                "custom_model_data": 83
            },
            "model": "paper/table_two"
        },
        {
            "predicate": {
                "custom_model_data": 84
            },
            "model": "paper/table_v1"
        },
        {
            "predicate": {
                "custom_model_data": 85
            },
            "model": "paper/table_v2"
        },
        {
            "predicate": {
                "custom_model_data": 86
            },
            "model": "paper/table_v3"
        },
        {
            "predicate": {
                "custom_model_data": 87
            },
            "model": "paper/torch"
        },
        {
            "predicate": {
                "custom_model_data": 88
            },
            "model": "paper/building_trophy"
        }, 
        {
            "predicate": {
                "custom_model_data": 89
            },
            "model": "littleroom_halloween2:dolls/frankenstein_doll"
        },
        {
            "predicate": {
                "custom_model_data": 90
            },
            "model": "littleroom_halloween2:dolls/pumpkin_doll"
        }, 
        {
            "predicate": {
                "custom_model_data": 91
            },
            "model": "littleroom_halloween2:dolls/scarecrow_doll"
        }, 
        {
            "predicate": {
                "custom_model_data": 92
            },
            "model": "littleroom_halloween2:dolls/witch_doll"
        }, 
        {
            "predicate": {
                "custom_model_data": 93
            },
            "model": "littleroom_halloween2:extras/frankenstein_head"
        }, 
        {
            "predicate": {
                "custom_model_data": 94
            },
            "model": "littleroom_halloween2:extras/pumpkin_head"
        }, 
        {
            "predicate": {
                "custom_model_data": 95
            },
            "model": "littleroom_halloween2:extras/scarecrow_crow"
        },         
        {
            "predicate": {
                "custom_model_data": 96
            },
            "model": "littleroom_halloween2:extras/scarecrow_hat"
        },
        {
            "predicate": {
                "custom_model_data": 97
            },
            "model": "littleroom_halloween2:extras/scarecrow_scythe"
        },
        {
            "predicate": {
                "custom_model_data": 98
            },
            "model": "littleroom_halloween2:extras/witch_broom"
        }, 
        {
            "predicate": {
                "custom_model_data": 99
            },
            "model": "littleroom_halloween2:extras/witch_hat"
        },         
        {
            "predicate": {
                "custom_model_data": 704
            },
            "model": "paper/scroll_1"
        },
        {
            "predicate": {
                "custom_model_data": 705
            },
            "model": "paper/scroll_2"
        },
        {
            "predicate": {
                "custom_model_data": 706
            },
            "model": "paper/scroll_3"
        }
    ]
}