{
    "parent": "builtin/entity",
    "gui_light": "front",
    "textures": {
        "particle": "block/dark_oak_planks"
    },
    "overrides": [
        {
            "predicate": {
                "blocking": 1
            },
            "model": "item/shield_blocking"
        },
        { "predicate": { "custom_model_data": 1 }, "model": "shield/toffy_halloween_shield" },
        { "predicate": { "custom_model_data": 1, "blocking": 1 }, "model": "shield/toffy_halloween_shield_blocking" }
    ]
}