{"textures":{"0":"modelengine:entity/pet_yang","particle":"#0"},"elements":[{"from":[3.5,3.5,3.5],"to":[12.5,12.5,12.5],"faces":{"east":{"uv":[4.5,2.5,6.75,4.75],"tintindex":0,"rotation":0,"texture":"#0"},"south":{"uv":[4.5,5.0,6.75,7.25],"tintindex":0,"rotation":0,"texture":"#0"},"north":{"uv":[4.5,0.0,6.75,2.25],"tintindex":0,"rotation":0,"texture":"#0"},"west":{"uv":[7.0,0.0,9.25,2.25],"tintindex":0,"rotation":0,"texture":"#0"},"up":{"uv":[9.25,4.75,7.0,2.5],"tintindex":0,"rotation":0,"texture":"#0"},"down":{"uv":[9.25,5.0,7.0,7.25],"tintindex":0,"rotation":0,"texture":"#0"}},"rotation":{"origin":[8.0,8.5,8.0],"angle":22.5,"axis":"y"}},{"from":[-0.5,0.5,8.0],"to":[16.5,17.5,8.0],"faces":{"south":{"uv":[4.25,0.0,0.0,4.25],"tintindex":0,"rotation":0,"texture":"#0"},"north":{"uv":[0.0,0.0,4.25,4.25],"tintindex":0,"rotation":0,"texture":"#0"}},"rotation":{"origin":[8.0,8.5,8.0],"angle":22.5,"axis":"y"}}],"display":{"head":{"rotation":[0.0,0.0,0.0]},"firstperson_righthand":{"rotation":[0.0,0.0,0.0]},"thirdperson_lefthand":{"rotation":[0.0,-0.0,-0.0]},"firstperson_lefthand":{"rotation":[0.0,-0.0,-0.0]},"fixed":{"rotation":[0.0,0.0,0.0]},"ground":{"rotation":[0.0,0.0,0.0]},"thirdperson_righthand":{"rotation":[0.0,0.0,0.0]},"gui":{"rotation":[-150.0,-45.0,180.0]}}}