{	"credit":"MadewithBlockbench",	"texture_size":[64,64],	"textures":{		"0":"bow/blue_cyber_bow",		"particle":"bow/blue_cyber_bow"	},	"elements":[		{			"from":[5.5,8.81254,3.65449],			"to":[10.5,14.81254,9.65449],			"rotation":{"angle":-45,"axis":"x","origin":[8.5,11.81254,6.65449]},			"faces":{				"north":{"uv":[0,3,1.25,4.5],"texture":"#0"},				"east":{"uv":[0,1.5,1.5,3],"texture":"#0"},				"south":{"uv":[3.5,0,4.75,1.5],"texture":"#0"},				"west":{"uv":[0,0,1.5,1.5],"texture":"#0"},				"up":{"uv":[5,2.75,3.5,1.5],"rotation":270,"texture":"#0"},				"down":{"uv":[5,2.75,3.5,4],"rotation":90,"texture":"#0"}			}		},		{			"from":[6.5,11.7982,1.83972],			"to":[9.5,19.7982,4.83972],			"rotation":{"angle":-22.5,"axis":"x","origin":[8,23.2982,4.08972]},			"faces":{				"north":{"uv":[2,4,2.75,6],"texture":"#0"},				"east":{"uv":[2.75,4,3.5,6],"texture":"#0"},				"south":{"uv":[3.5,4,4.25,6],"texture":"#0"},				"west":{"uv":[1.25,4,2,6],"texture":"#0"},				"up":{"uv":[7.75,4.75,7,4],"rotation":270,"texture":"#0"},				"down":{"uv":[5.25,7,4.5,7.75],"rotation":90,"texture":"#0"}			}		},		{			"from":[6,18.75,3.25],			"to":[10,21,7.25],			"rotation":{"angle":22.5,"axis":"x","origin":[8,22.5,5]},			"faces":{				"north":{"uv":[7,7,8,7.5],"texture":"#0"},				"east":{"uv":[7.25,6,8.25,6.5],"texture":"#0"},				"south":{"uv":[7.25,6.5,8.25,7],"texture":"#0"},				"west":{"uv":[6,7,7,7.5],"texture":"#0"},				"up":{"uv":[7,5,6,4],"rotation":270,"texture":"#0"},				"down":{"uv":[7,5,6,6],"rotation":90,"texture":"#0"}			}		},		{			"from":[7.5,15,9.25],			"to":[8.5,25,10.25],			"rotation":{"angle":22.5,"axis":"x","origin":[8,21,9.75]},			"faces":{				"north":{"uv":[0.25,6.5,0.5,9],"texture":"#0"},				"east":{"uv":[0.5,6.5,0.75,9],"texture":"#0"},				"south":{"uv":[3.25,7,3.5,9.5],"texture":"#0"},				"west":{"uv":[0,6.5,0.25,9],"texture":"#0"},				"up":{"uv":[5,1.25,4.75,1],"rotation":270,"texture":"#0"},				"down":{"uv":[5,1.25,4.75,1.5],"rotation":90,"texture":"#0"}			}		},		{			"from":[7.5,22,3.5],			"to":[8.5,24,11.5],			"rotation":{"angle":-45,"axis":"x","origin":[8,22.5,7]},			"faces":{				"north":{"uv":[1.25,3,1.5,3.5],"texture":"#0"},				"east":{"uv":[3.25,6,5.25,6.5],"texture":"#0"},				"south":{"uv":[1.25,3.5,1.5,4],"texture":"#0"},				"west":{"uv":[1.25,6,3.25,6.5],"texture":"#0"},				"up":{"uv":[9,5.75,7,5.5],"rotation":270,"texture":"#0"},				"down":{"uv":[9,5.75,7,6],"rotation":90,"texture":"#0"}			}		},		{			"from":[6,23,9],			"to":[10,27,13],			"rotation":{"angle":0,"axis":"y","origin":[6,23,13]},			"faces":{				"north":{"uv":[5,5,6,6],"texture":"#0"},				"east":{"uv":[5.75,0,6.75,1],"texture":"#0"},				"south":{"uv":[5.75,1,6.75,2],"texture":"#0"},				"west":{"uv":[5,4,6,5],"texture":"#0"},				"up":{"uv":[6.75,3,5.75,2],"rotation":270,"texture":"#0"},				"down":{"uv":[6.75,3,5.75,4],"rotation":90,"texture":"#0"}			}		},		{			"from":[8,24,11],			"to":[8,32,15],			"rotation":{"angle":0,"axis":"y","origin":[6,24,15]},			"faces":{				"north":{"uv":[0,0,0,2],"texture":"#0"},				"east":{"uv":[2.5,2,3.5,4],"texture":"#0"},				"south":{"uv":[0,0,0,2],"texture":"#0"},				"west":{"uv":[2.5,0,3.5,2],"texture":"#0"},				"up":{"uv":[1,0,0,0],"rotation":270,"texture":"#0"},				"down":{"uv":[1,0,0,0],"rotation":90,"texture":"#0"}			}		},		{			"from":[8,-8.4,11],			"to":[8,-0.4,15],			"rotation":{"angle":0,"axis":"z","origin":[8,-0.4,11]},			"faces":{				"north":{"uv":[0,0,0,2],"texture":"#0"},				"east":{"uv":[1.5,2,2.5,4],"texture":"#0"},				"south":{"uv":[0,0,0,2],"texture":"#0"},				"west":{"uv":[1.5,0,2.5,2],"texture":"#0"},				"up":{"uv":[1,0,0,0],"rotation":270,"texture":"#0"},				"down":{"uv":[1,0,0,0],"rotation":90,"texture":"#0"}			}		},		{			"from":[8,0,11.5],			"to":[8,23,12.5],			"rotation":{"angle":0,"axis":"y","origin":[6,19,12.5]},			"faces":{				"north":{"uv":[0,0,0,5.75],"texture":"#0"},				"east":{"uv":[1,4.5,1.25,10.25],"texture":"#0"},				"south":{"uv":[0,0,0,5.75],"texture":"#0"},				"west":{"uv":[0.75,4.5,1,10.25],"texture":"#0"},				"up":{"uv":[0.25,0,0,0],"rotation":270,"texture":"#0"},				"down":{"uv":[0.25,0,0,0],"rotation":90,"texture":"#0"}			}		},		{			"from":[6.5,3.82689,1.83972],			"to":[9.5,11.82689,4.83972],			"rotation":{"angle":22.5,"axis":"x","origin":[8,0.32689,4.08972]},			"faces":{				"north":{"uv":[0,4.5,0.75,6.5],"texture":"#0"},				"east":{"uv":[5,0,5.75,2],"texture":"#0"},				"south":{"uv":[5,2,5.75,4],"texture":"#0"},				"west":{"uv":[4.25,4,5,6],"texture":"#0"},				"up":{"uv":[7.75,5.5,7,4.75],"rotation":270,"texture":"#0"},				"down":{"uv":[6,7,5.25,7.75],"rotation":90,"texture":"#0"}			}		},		{			"from":[6,2.62509,3.25],			"to":[10,4.87509,7.25],			"rotation":{"angle":-22.5,"axis":"x","origin":[8,1.12509,5]},			"faces":{				"north":{"uv":[7,7.5,8,8],"texture":"#0"},				"east":{"uv":[7.75,0,8.75,0.5],"texture":"#0"},				"south":{"uv":[7.75,0.5,8.75,1],"texture":"#0"},				"west":{"uv":[6,7.5,7,8],"texture":"#0"},				"up":{"uv":[6.25,7,5.25,6],"rotation":270,"texture":"#0"},				"down":{"uv":[7.25,6,6.25,7],"rotation":90,"texture":"#0"}			}		},		{			"from":[7.5,-1.37491,9.25],			"to":[8.5,8.62509,10.25],			"rotation":{"angle":-22.5,"axis":"x","origin":[8,2.62509,9.75]},			"faces":{				"north":{"uv":[3.75,7,4,9.5],"texture":"#0"},				"east":{"uv":[4,7,4.25,9.5],"texture":"#0"},				"south":{"uv":[4.25,7,4.5,9.5],"texture":"#0"},				"west":{"uv":[3.5,7,3.75,9.5],"texture":"#0"},				"up":{"uv":[8,1.75,7.75,1.5],"rotation":270,"texture":"#0"},				"down":{"uv":[8,1.75,7.75,2],"rotation":90,"texture":"#0"}			}		},		{			"from":[7.5,-0.37491,3.5],			"to":[8.5,1.62509,11.5],			"rotation":{"angle":45,"axis":"x","origin":[8,1.12509,7]},			"faces":{				"north":{"uv":[4.75,0,5,0.5],"texture":"#0"},				"east":{"uv":[3.25,6.5,5.25,7],"texture":"#0"},				"south":{"uv":[4.75,0.5,5,1],"texture":"#0"},				"west":{"uv":[1.25,6.5,3.25,7],"texture":"#0"},				"up":{"uv":[9.75,1.25,7.75,1],"rotation":270,"texture":"#0"},				"down":{"uv":[9.75,1.25,7.75,1.5],"rotation":90,"texture":"#0"}			}		},		{			"from":[6,-3.37491,9],			"to":[10,0.62509,13],			"rotation":{"angle":0,"axis":"y","origin":[6,0.62509,13]},			"faces":{				"north":{"uv":[6.75,1,7.75,2],"texture":"#0"},				"east":{"uv":[6.75,2,7.75,3],"texture":"#0"},				"south":{"uv":[6.75,3,7.75,4],"texture":"#0"},				"west":{"uv":[6.75,0,7.75,1],"texture":"#0"},				"up":{"uv":[2.25,8,1.25,7],"rotation":270,"texture":"#0"},				"down":{"uv":[3.25,7,2.25,8],"rotation":90,"texture":"#0"}			}		}	],	"gui_light":"front",	"display":{		"thirdperson_righthand":{			"translation":[0,-4.75,0.5],			"scale":[0.75,0.75,0.75]		},		"thirdperson_lefthand":{			"translation":[0,-4.75,0.5],			"scale":[0.75,0.75,0.75]		},		"firstperson_righthand":{			"rotation":[15,0,0],			"translation":[2,2,0],			"scale":[0.4,0.4,0.4]		},		"firstperson_lefthand":{			"rotation":[15,0,0],			"translation":[2,2,0],			"scale":[0.4,0.4,0.4]		},		"ground":{			"rotation":[45,0,0],			"translation":[0,5,0],			"scale":[0.4,0.4,0.4]		},		"gui":{			"rotation":[90,45,-90],			"translation":[-2.75,0,0],			"scale":[0.55,0.55,0.55]		},		"fixed":{			"rotation":[90,-45,90],			"translation":[2.5,-0.5,-1.5],			"scale":[0.6,0.6,0.6]		}	},	"groups":[		0,		{			"name":"group",			"origin":[-3,20,0],			"color":0,			"children":[1,2,3,4,5,6,7]		},		8,		{			"name":"group",			"origin":[-3,20,0],			"color":0,			"children":[9,10,11,12,13]		}	]}