{"credit":"Made with Blockbench","texture_size":[24,24],"textures":{"1":"bow/bow_cold_blood_core","3":"bow/bow_cold_blood_effect","4":"bow/bow_cold_blood","5":"bow/cold_blood_arrow","particle":"bow/cold_blood_arrow"},"elements":[{"from":[6.83692,5.53154,5.88453],"to":[7.78692,7.53154,6.63453],"rotation":{"angle":0,"axis":"z","origin":[7.31192,9.8875,8]},"faces":{"north":{"uv":[0.25,9.75,0.5,10.25],"texture":"#4"},"east":{"uv":[0.5,9.75,0.75,10.25],"texture":"#4"},"south":{"uv":[0.75,9.75,1,10.25],"texture":"#4"},"west":{"uv":[9.75,0,10,0.5],"texture":"#4"},"up":{"uv":[10.5,3.25,10.25,3],"rotation":270,"texture":"#4"},"down":{"uv":[3.75,10.25,3.5,10.5],"rotation":90,"texture":"#4"}}},{"from":[6.81192,9.18711,4.61855],"to":[7.81192,11.18711,5.36855],"rotation":{"angle":-45,"axis":"x","origin":[7.31192,9.8875,8]},"faces":{"north":{"uv":[9.25,9.5,9.5,10],"texture":"#4"},"east":{"uv":[9.5,9.5,9.75,10],"texture":"#4"},"south":{"uv":[0,9.75,0.25,10.25],"texture":"#4"},"west":{"uv":[6.75,9.5,7,10],"texture":"#4"},"up":{"uv":[3,10.5,2.75,10.25],"rotation":270,"texture":"#4"},"down":{"uv":[10.5,2.75,10.25,3],"rotation":90,"texture":"#4"}}},{"from":[6.31192,8.7961,2.50125],"to":[8.31192,9.7961,4.50125],"rotation":{"angle":-22.5,"axis":"x","origin":[7.31192,9.8875,8]},"faces":{"north":{"uv":[9.5,7.5,10,7.75],"texture":"#4"},"east":{"uv":[8.25,9.5,8.75,9.75],"texture":"#4"},"south":{"uv":[8.75,9.5,9.25,9.75],"texture":"#4"},"west":{"uv":[9.5,7.25,10,7.5],"texture":"#4"},"up":{"uv":[8,6.75,7.5,6.25],"rotation":270,"texture":"#4"},"down":{"uv":[8,6.75,7.5,7.25],"rotation":90,"texture":"#4"}}},{"from":[6.31192,5.7961,2.75125],"to":[8.31192,8.7961,4.25125],"rotation":{"angle":-22.5,"axis":"x","origin":[7.31192,9.8875,8]},"faces":{"north":{"uv":[4.75,6.25,5.25,7],"texture":"#4"},"east":{"uv":[7.25,2.5,7.625,3.25],"texture":"#4"},"south":{"uv":[6.25,5.5,6.75,6.25],"texture":"#4"},"west":{"uv":[7.25,0.75,7.625,1.5],"texture":"#4"},"up":{"uv":[8.875,8.25,8.5,7.75],"rotation":270,"texture":"#4"},"down":{"uv":[8.375,8.5,8,9],"rotation":90,"texture":"#4"}}},{"from":[6.81192,4.69095,6.88614],"to":[7.81192,5.44095,8.88614],"rotation":{"angle":22.5,"axis":"x","origin":[7.31192,9.8875,8]},"faces":{"north":{"uv":[10.25,2.25,10.5,2.5],"texture":"#4"},"east":{"uv":[9.5,2.25,10,2.5],"texture":"#4"},"south":{"uv":[10.25,2.5,10.5,2.75],"texture":"#4"},"west":{"uv":[9.5,2,10,2.25],"texture":"#4"},"up":{"uv":[10,6.25,9.5,6],"rotation":270,"texture":"#4"},"down":{"uv":[10,6.25,9.5,6.5],"rotation":90,"texture":"#4"}}},{"from":[6.28692,2.34367,6.9923],"to":[8.33692,4.34367,8.2423],"rotation":{"angle":22.5,"axis":"x","origin":[7.31192,9.8875,8]},"faces":{"north":{"uv":[7.5,5.25,8,5.75],"texture":"#4"},"east":{"uv":[7,8.5,7.375,9],"texture":"#4"},"south":{"uv":[7.5,5.75,8,6.25],"texture":"#4"},"west":{"uv":[8.5,6.75,8.875,7.25],"texture":"#4"},"up":{"uv":[8.875,7.75,8.5,7.25],"rotation":270,"texture":"#4"},"down":{"uv":[7.875,8.5,7.5,9],"rotation":90,"texture":"#4"}}},{"from":[6.28692,2.53229,9.95589],"to":[8.33692,3.53229,12.95589],"rotation":{"angle":45,"axis":"x","origin":[7.31192,9.8875,8]},"faces":{"north":{"uv":[9.5,1.5,10,1.75],"texture":"#4"},"east":{"uv":[8.5,6.5,9.25,6.75],"texture":"#4"},"south":{"uv":[9.5,1.75,10,2],"texture":"#4"},"west":{"uv":[8.5,6.25,9.25,6.5],"texture":"#4"},"up":{"uv":[2.5,6.75,1.75,6.25],"rotation":270,"texture":"#4"},"down":{"uv":[7,5,6.25,5.5],"rotation":90,"texture":"#4"}}},{"from":[6.56192,0.07832,9.34005],"to":[8.06192,1.57832,10.84005],"rotation":{"angle":22.5,"axis":"x","origin":[7.31192,9.8875,8]},"faces":{"north":{"uv":[2.75,9.25,3.125,9.625],"texture":"#4"},"east":{"uv":[9.25,3,9.625,3.375],"texture":"#4"},"south":{"uv":[3.25,9.25,3.625,9.625],"texture":"#4"},"west":{"uv":[9.25,2.5,9.625,2.875],"texture":"#4"},"up":{"uv":[9.625,3.875,9.25,3.5],"rotation":270,"texture":"#4"},"down":{"uv":[4.125,9.25,3.75,9.625],"rotation":90,"texture":"#4"}}},{"from":[6.81192,2.11672,4.73241],"to":[7.81192,6.11672,5.48241],"rotation":{"angle":-22.5,"axis":"x","origin":[7.31192,9.8875,8]},"faces":{"north":{"uv":[3.75,7.5,4,8.5],"texture":"#4"},"east":{"uv":[4,7.5,4.25,8.5],"texture":"#4"},"south":{"uv":[7.5,4,7.75,5],"texture":"#4"},"west":{"uv":[3.5,7.5,3.75,8.5],"texture":"#4"},"up":{"uv":[10.5,2,10.25,1.75],"rotation":270,"texture":"#4"},"down":{"uv":[10.5,2,10.25,2.25],"rotation":90,"texture":"#4"}}},{"from":[6.53692,1.39564,-0.54969],"to":[8.08692,4.89564,0.20031],"rotation":{"angle":-45,"axis":"x","origin":[7.31192,9.8875,8]},"faces":{"north":{"uv":[3,6.75,3.375,7.625],"texture":"#4"},"east":{"uv":[1.5,8.25,1.75,9.125],"texture":"#4"},"south":{"uv":[6.75,5.5,7.125,6.375],"texture":"#4"},"west":{"uv":[1.25,8.25,1.5,9.125],"texture":"#4"},"up":{"uv":[9.25,10.125,9,9.75],"rotation":270,"texture":"#4"},"down":{"uv":[10,9,9.75,9.375],"rotation":90,"texture":"#4"}}},{"from":[6.81192,3.89489,13.92881],"to":[7.81192,4.64489,16.92881],"rotation":{"angle":45,"axis":"x","origin":[7.31192,9.8875,8]},"faces":{"north":{"uv":[1.5,10.25,1.75,10.5],"texture":"#4"},"east":{"uv":[8.5,5.75,9.25,6],"texture":"#4"},"south":{"uv":[1.75,10.25,2,10.5],"texture":"#4"},"west":{"uv":[8.5,4.75,9.25,5],"texture":"#4"},"up":{"uv":[9.25,6.25,8.5,6],"rotation":270,"texture":"#4"},"down":{"uv":[7,8.5,6.25,8.75],"rotation":90,"texture":"#4"}}},{"from":[6.53692,0.74819,10.31083],"to":[8.08692,1.74819,15.31083],"rotation":{"angle":22.5,"axis":"x","origin":[7.31192,9.8875,8]},"faces":{"north":{"uv":[9.75,8.25,10.125,8.5],"texture":"#4"},"east":{"uv":[7,5,8.25,5.25],"texture":"#4"},"south":{"uv":[8.5,9.75,8.875,10],"texture":"#4"},"west":{"uv":[7,3.75,8.25,4],"texture":"#4"},"up":{"uv":[7,3.375,5.75,3],"rotation":270,"texture":"#4"},"down":{"uv":[7,3.5,5.75,3.875],"rotation":90,"texture":"#4"}}},{"from":[6.31192,-2.12319,3.02509],"to":[8.31192,2.87681,4.02509],"rotation":{"angle":-22.5,"axis":"x","origin":[7.31192,9.8875,8]},"faces":{"north":{"uv":[5.25,3.25,5.75,4.5],"texture":"#4"},"east":{"uv":[4.75,7,5,8.25],"texture":"#4"},"south":{"uv":[5.25,4.5,5.75,5.75],"texture":"#4"},"west":{"uv":[7,2.5,7.25,3.75],"texture":"#4"},"up":{"uv":[1.25,10,1,9.5],"rotation":270,"texture":"#4"},"down":{"uv":[9.75,1,9.5,1.5],"rotation":90,"texture":"#4"}}},{"from":[6.56192,-5.2874,6.41417],"to":[8.06192,-1.0374,7.41417],"rotation":{"angle":-22.5,"axis":"x","origin":[7.31192,9.8875,8]},"faces":{"north":{"uv":[0,6,0.375,7.125],"texture":"#4"},"east":{"uv":[0.5,7.25,0.75,8.375],"texture":"#4"},"south":{"uv":[0.5,6,0.875,7.125],"texture":"#4"},"west":{"uv":[0.25,7.25,0.5,8.375],"texture":"#4"},"up":{"uv":[10,8.125,9.75,7.75],"rotation":270,"texture":"#4"},"down":{"uv":[8.5,9.75,8.25,10.125],"rotation":90,"texture":"#4"}}},{"from":[6.41192,-6.70171,7.6036],"to":[8.21192,-5.30517,8.32839],"rotation":{"angle":-22.5,"axis":"x","origin":[7.31192,9.8875,8]},"faces":{"north":{"uv":[8.5,5.25,9,5.625],"texture":"#4"},"east":{"uv":[8,10.25,8.125,10.625],"texture":"#4"},"south":{"uv":[5.75,8.5,6.25,8.875],"texture":"#4"},"west":{"uv":[10.25,7.5,10.375,7.875],"texture":"#4"},"up":{"uv":[0.875,10.75,0.75,10.25],"rotation":270,"texture":"#4"},"down":{"uv":[10.375,1.25,10.25,1.75],"rotation":90,"texture":"#4"}}},{"from":[6.46192,-1.37313,16.97504],"to":[8.16192,-0.62313,18.97504],"rotation":{"angle":22.5,"axis":"x","origin":[7.31192,9.8875,8]},"faces":{"north":{"uv":[7,10.25,7.375,10.375],"texture":"#4"},"east":{"uv":[10.25,1,10.75,1.125],"texture":"#4"},"south":{"uv":[7.5,10.25,7.875,10.375],"texture":"#4"},"west":{"uv":[0.25,10.25,0.75,10.375],"texture":"#4"},"up":{"uv":[5.25,8.875,4.75,8.5],"rotation":270,"texture":"#4"},"down":{"uv":[5.75,8.5,5.25,8.875],"rotation":90,"texture":"#4"}}},{"from":[6.41192,-2.12313,12.97505],"to":[8.21192,-1.37313,19.45005],"rotation":{"angle":22.5,"axis":"x","origin":[7.31192,9.8875,8]},"faces":{"north":{"uv":[9.5,0.5,10,0.75],"texture":"#4"},"east":{"uv":[6.25,0.5,7.875,0.75],"texture":"#4"},"south":{"uv":[9.5,0.75,10,1],"texture":"#4"},"west":{"uv":[6.25,0.25,7.875,0.5],"texture":"#4"},"up":{"uv":[6.125,1.5,4.5,1],"rotation":270,"texture":"#4"},"down":{"uv":[6.125,1.5,4.5,2],"rotation":90,"texture":"#4"}}},{"from":[6.81192,-6.33302,4.91525],"to":[7.81192,-3.85802,5.66525],"rotation":{"angle":-22.5,"axis":"x","origin":[7.31192,9.8875,8]},"faces":{"north":{"uv":[6.75,8.75,7,9.375],"texture":"#4"},"east":{"uv":[4.5,9,4.75,9.625],"texture":"#4"},"south":{"uv":[4.75,9,5,9.625],"texture":"#4"},"west":{"uv":[1,8.75,1.25,9.375],"texture":"#4"},"up":{"uv":[10.25,10.25,10,10],"rotation":270,"texture":"#4"},"down":{"uv":[0.25,10.25,0,10.5],"rotation":90,"texture":"#4"}}},{"from":[6.81192,0.83024,21.80533],"to":[7.81192,1.58024,24.55533],"rotation":{"angle":45,"axis":"x","origin":[7.31192,9.8875,8]},"faces":{"north":{"uv":[10,9.25,10.25,9.5],"texture":"#4"},"east":{"uv":[8.5,2.5,9.25,2.75],"texture":"#4"},"south":{"uv":[9.75,10,10,10.25],"texture":"#4"},"west":{"uv":[2.25,8.5,3,8.75],"texture":"#4"},"up":{"uv":[9.25,3,8.5,2.75],"rotation":270,"texture":"#4"},"down":{"uv":[4.25,8.5,3.5,8.75],"rotation":90,"texture":"#4"}}},{"from":[6.56192,-8.53302,5.91525],"to":[8.06192,-4.85802,6.66525],"rotation":{"angle":-22.5,"axis":"x","origin":[7.31192,9.8875,8]},"faces":{"north":{"uv":[2,6.75,2.375,7.625],"texture":"#4"},"east":{"uv":[6.25,9.75,6.375,10.625],"texture":"#4"},"south":{"uv":[2.5,6.75,2.875,7.625],"texture":"#4"},"west":{"uv":[6,9.75,6.125,10.625],"texture":"#4"},"up":{"uv":[6.625,10.625,6.5,10.25],"rotation":270,"texture":"#4"},"down":{"uv":[6.875,10.25,6.75,10.625],"rotation":90,"texture":"#4"}}},{"from":[6.41192,25.08017,7.6036],"to":[8.21192,26.47671,8.32839],"rotation":{"angle":22.5,"axis":"x","origin":[7.31192,9.8875,8]},"faces":{"north":{"uv":[8.5,1,9,1.375],"texture":"#4"},"east":{"uv":[10.25,6.25,10.375,6.625],"texture":"#4"},"south":{"uv":[8.5,1.5,9,1.875],"texture":"#4"},"west":{"uv":[10.25,5.75,10.375,6.125],"texture":"#4"},"up":{"uv":[9.375,10.5,9.25,10],"rotation":270,"texture":"#4"},"down":{"uv":[9.625,10,9.5,10.5],"rotation":90,"texture":"#4"}}},{"from":[6.46192,20.39813,16.97504],"to":[8.16192,21.14813,18.97504],"rotation":{"angle":-22.5,"axis":"x","origin":[7.31192,9.8875,8]},"faces":{"north":{"uv":[7.25,9.75,7.625,10],"texture":"#4"},"east":{"uv":[0,9.5,0.5,9.75],"texture":"#4"},"south":{"uv":[7.75,9.75,8.125,10],"texture":"#4"},"west":{"uv":[9.25,9.25,9.75,9.5],"texture":"#4"},"up":{"uv":[0.5,8.875,0,8.5],"rotation":270,"texture":"#4"},"down":{"uv":[9,0.5,8.5,0.875],"rotation":90,"texture":"#4"}}},{"from":[6.56192,24.63302,5.91525],"to":[8.06192,28.30802,6.66525],"rotation":{"angle":22.5,"axis":"x","origin":[7.31192,9.8875,8]},"faces":{"north":{"uv":[1,6.75,1.375,7.625],"texture":"#4"},"east":{"uv":[5.75,9.75,5.875,10.625],"texture":"#4"},"south":{"uv":[1.5,6.75,1.875,7.625],"texture":"#4"},"west":{"uv":[5.5,9.75,5.625,10.625],"texture":"#4"},"up":{"uv":[5.375,10.625,5.25,10.25],"rotation":270,"texture":"#4"},"down":{"uv":[10.375,5.25,10.25,5.625],"rotation":90,"texture":"#4"}}},{"from":[6.81192,18.19476,21.80533],"to":[7.81192,18.94476,24.55533],"rotation":{"angle":-45,"axis":"x","origin":[7.31192,9.8875,8]},"faces":{"north":{"uv":[10,8.75,10.25,9],"texture":"#4"},"east":{"uv":[6.75,8.25,7.5,8.5],"texture":"#4"},"south":{"uv":[10,9,10.25,9.25],"texture":"#4"},"west":{"uv":[5.5,8.25,6.25,8.5],"texture":"#4"},"up":{"uv":[8.25,8.5,7.5,8.25],"rotation":270,"texture":"#4"},"down":{"uv":[9,8.25,8.25,8.5],"rotation":90,"texture":"#4"}}},{"from":[6.81192,23.63302,4.91525],"to":[7.81192,26.10802,5.66525],"rotation":{"angle":22.5,"axis":"x","origin":[7.31192,9.8875,8]},"faces":{"north":{"uv":[6.75,0.75,7,1.375],"texture":"#4"},"east":{"uv":[0.5,8.5,0.75,9.125],"texture":"#4"},"south":{"uv":[4.25,8.5,4.5,9.125],"texture":"#4"},"west":{"uv":[3.25,6,3.5,6.625],"texture":"#4"},"up":{"uv":[8.75,10.25,8.5,10],"rotation":270,"texture":"#4"},"down":{"uv":[9,10,8.75,10.25],"rotation":90,"texture":"#4"}}},{"from":[6.41192,21.14813,12.97505],"to":[8.21192,21.89813,19.45005],"rotation":{"angle":-22.5,"axis":"x","origin":[7.31192,9.8875,8]},"faces":{"north":{"uv":[8.25,9.25,8.75,9.5],"texture":"#4"},"east":{"uv":[6.25,0,7.875,0.25],"texture":"#4"},"south":{"uv":[9.25,9,9.75,9.25],"texture":"#4"},"west":{"uv":[1,6,2.625,6.25],"texture":"#4"},"up":{"uv":[6.125,0.5,4.5,0],"rotation":270,"texture":"#4"},"down":{"uv":[6.125,0.5,4.5,1],"rotation":90,"texture":"#4"}}},{"from":[6.56192,20.8124,6.41417],"to":[8.06192,25.0624,7.41417],"rotation":{"angle":22.5,"axis":"x","origin":[7.31192,9.8875,8]},"faces":{"north":{"uv":[5.75,5,6.125,6.125],"texture":"#4"},"east":{"uv":[0,7.25,0.25,8.375],"texture":"#4"},"south":{"uv":[5.25,5.75,5.625,6.875],"texture":"#4"},"west":{"uv":[5.5,7,5.75,8.125],"texture":"#4"},"up":{"uv":[10,7.125,9.75,6.75],"rotation":270,"texture":"#4"},"down":{"uv":[7.25,9.75,7,10.125],"rotation":90,"texture":"#4"}}},{"from":[6.53692,18.02681,10.31083],"to":[8.08692,19.02681,15.31083],"rotation":{"angle":-22.5,"axis":"x","origin":[7.31192,9.8875,8]},"faces":{"north":{"uv":[9.75,5.75,10.125,6],"texture":"#4"},"east":{"uv":[7,2.25,8.25,2.5],"texture":"#4"},"south":{"uv":[9.75,6.5,10.125,6.75],"texture":"#4"},"west":{"uv":[7,2,8.25,2.25],"texture":"#4"},"up":{"uv":[7,2.375,5.75,2],"rotation":270,"texture":"#4"},"down":{"uv":[7,2.5,5.75,2.875],"rotation":90,"texture":"#4"}}},{"from":[6.31192,16.89819,3.02509],"to":[8.31192,21.89819,4.02509],"rotation":{"angle":22.5,"axis":"x","origin":[7.31192,9.8875,8]},"faces":{"north":{"uv":[4.75,5,5.25,6.25],"texture":"#4"},"east":{"uv":[7,0.75,7.25,2],"texture":"#4"},"south":{"uv":[5.25,2,5.75,3.25],"texture":"#4"},"west":{"uv":[6.75,6.5,7,7.75],"texture":"#4"},"up":{"uv":[7.75,9.75,7.5,9.25],"rotation":270,"texture":"#4"},"down":{"uv":[8.25,9.25,8,9.75],"rotation":90,"texture":"#4"}}},{"from":[6.53692,14.87936,-0.54969],"to":[8.08692,18.37936,0.20031],"rotation":{"angle":45,"axis":"x","origin":[7.31192,9.8875,8]},"faces":{"north":{"uv":[5.75,6.25,6.125,7.125],"texture":"#4"},"east":{"uv":[0.75,8.25,1,9.125],"texture":"#4"},"south":{"uv":[6.25,6.25,6.625,7.125],"texture":"#4"},"west":{"uv":[4.5,8,4.75,8.875],"texture":"#4"},"up":{"uv":[10,5.625,9.75,5.25],"rotation":270,"texture":"#4"},"down":{"uv":[6.75,9.75,6.5,10.125],"rotation":90,"texture":"#4"}}},{"from":[6.56192,18.19668,9.34005],"to":[8.06192,19.69668,10.84005],"rotation":{"angle":-22.5,"axis":"x","origin":[7.31192,9.8875,8]},"faces":{"north":{"uv":[9.25,0,9.625,0.375],"texture":"#4"},"east":{"uv":[0.5,9.25,0.875,9.625],"texture":"#4"},"south":{"uv":[1.25,9.25,1.625,9.625],"texture":"#4"},"west":{"uv":[8.75,9,9.125,9.375],"texture":"#4"},"up":{"uv":[2.125,9.625,1.75,9.25],"rotation":270,"texture":"#4"},"down":{"uv":[2.625,9.25,2.25,9.625],"rotation":90,"texture":"#4"}}},{"from":[6.28692,16.24271,9.95589],"to":[8.33692,17.24271,12.95589],"rotation":{"angle":-45,"axis":"x","origin":[7.31192,9.8875,8]},"faces":{"north":{"uv":[9.25,6.5,9.75,6.75],"texture":"#4"},"east":{"uv":[8.25,5,9,5.25],"texture":"#4"},"south":{"uv":[9.25,7.75,9.75,8],"texture":"#4"},"west":{"uv":[8.25,4.5,9,4.75],"texture":"#4"},"up":{"uv":[1.75,6.75,1,6.25],"rotation":270,"texture":"#4"},"down":{"uv":[7,1.5,6.25,2],"rotation":90,"texture":"#4"}}},{"from":[6.28692,15.43133,6.9923],"to":[8.33692,17.43133,8.2423],"rotation":{"angle":-22.5,"axis":"x","origin":[7.31192,9.8875,8]},"faces":{"north":{"uv":[6.25,7.25,6.75,7.75],"texture":"#4"},"east":{"uv":[8.25,3,8.625,3.5],"texture":"#4"},"south":{"uv":[7,7.25,7.5,7.75],"texture":"#4"},"west":{"uv":[3,8.25,3.375,8.75],"texture":"#4"},"up":{"uv":[8.625,4,8.25,3.5],"rotation":270,"texture":"#4"},"down":{"uv":[8.625,4,8.25,4.5],"rotation":90,"texture":"#4"}}},{"from":[6.81192,15.13011,13.92881],"to":[7.81192,15.88011,16.92881],"rotation":{"angle":-45,"axis":"x","origin":[7.31192,9.8875,8]},"faces":{"north":{"uv":[8,10,8.25,10.25],"texture":"#4"},"east":{"uv":[8.25,2,9,2.25],"texture":"#4"},"south":{"uv":[10,8,10.25,8.25],"texture":"#4"},"west":{"uv":[7.75,4.75,8.5,5],"texture":"#4"},"up":{"uv":[3,8.5,2.25,8.25],"rotation":270,"texture":"#4"},"down":{"uv":[9,2.25,8.25,2.5],"rotation":90,"texture":"#4"}}},{"from":[6.81192,13.65828,4.73241],"to":[7.81192,17.65828,5.48241],"rotation":{"angle":22.5,"axis":"x","origin":[7.31192,9.8875,8]},"faces":{"north":{"uv":[7.25,5.25,7.5,6.25],"texture":"#4"},"east":{"uv":[5.75,7.25,6,8.25],"texture":"#4"},"south":{"uv":[6,7.25,6.25,8.25],"texture":"#4"},"west":{"uv":[0.75,7.25,1,8.25],"texture":"#4"},"up":{"uv":[8,10.25,7.75,10],"rotation":270,"texture":"#4"},"down":{"uv":[10.25,7.75,10,8],"rotation":90,"texture":"#4"}}},{"from":[6.81192,8.58789,4.61855],"to":[7.81192,10.58789,5.36855],"rotation":{"angle":45,"axis":"x","origin":[7.31192,9.8875,8]},"faces":{"north":{"uv":[7,9.25,7.25,9.75],"texture":"#4"},"east":{"uv":[7.25,9.25,7.5,9.75],"texture":"#4"},"south":{"uv":[9.25,7.25,9.5,7.75],"texture":"#4"},"west":{"uv":[6.5,9.25,6.75,9.75],"texture":"#4"},"up":{"uv":[7,10.25,6.75,10],"rotation":270,"texture":"#4"},"down":{"uv":[10.25,7.5,10,7.75],"rotation":90,"texture":"#4"}}},{"from":[6.83692,12.24346,5.88453],"to":[7.78692,14.24346,6.63453],"rotation":{"angle":0,"axis":"z","origin":[7.31192,9.8875,8]},"faces":{"north":{"uv":[4.25,9.25,4.5,9.75],"texture":"#4"},"east":{"uv":[9.25,6,9.5,6.5],"texture":"#4"},"south":{"uv":[6.25,9.25,6.5,9.75],"texture":"#4"},"west":{"uv":[2.5,6.25,2.75,6.75],"texture":"#4"},"up":{"uv":[8,2,7.75,1.75],"rotation":270,"texture":"#4"},"down":{"uv":[5,8.25,4.75,8.5],"rotation":90,"texture":"#4"}}},{"from":[6.81192,14.33405,6.88614],"to":[7.81192,15.08405,8.88614],"rotation":{"angle":-22.5,"axis":"x","origin":[7.31192,9.8875,8]},"faces":{"north":{"uv":[7,5.25,7.25,5.5],"texture":"#4"},"east":{"uv":[9.25,5.25,9.75,5.5],"texture":"#4"},"south":{"uv":[7.25,6.25,7.5,6.5],"texture":"#4"},"west":{"uv":[9.25,5,9.75,5.25],"texture":"#4"},"up":{"uv":[9.75,5.75,9.25,5.5],"rotation":270,"texture":"#4"},"down":{"uv":[9.75,5.75,9.25,6],"rotation":90,"texture":"#4"}}},{"from":[6.31192,9.9789,2.50125],"to":[8.31192,10.9789,4.50125],"rotation":{"angle":22.5,"axis":"x","origin":[7.31192,9.8875,8]},"faces":{"north":{"uv":[9.25,4,9.75,4.25],"texture":"#4"},"east":{"uv":[9.25,4.25,9.75,4.5],"texture":"#4"},"south":{"uv":[9.25,4.75,9.75,5],"texture":"#4"},"west":{"uv":[9,8.75,9.5,9],"texture":"#4"},"up":{"uv":[7.75,2,7.25,1.5],"rotation":270,"texture":"#4"},"down":{"uv":[7.75,3.25,7.25,3.75],"rotation":90,"texture":"#4"}}},{"from":[6.31192,10.9789,2.75125],"to":[8.31192,13.9789,4.25125],"rotation":{"angle":22.5,"axis":"x","origin":[7.31192,9.8875,8]},"faces":{"north":{"uv":[2.75,6,3.25,6.75],"texture":"#4"},"east":{"uv":[7,6.5,7.375,7.25],"texture":"#4"},"south":{"uv":[6.25,0.75,6.75,1.5],"texture":"#4"},"west":{"uv":[5,7,5.375,7.75],"texture":"#4"},"up":{"uv":[8.375,7.25,8,6.75],"rotation":270,"texture":"#4"},"down":{"uv":[2.125,8.25,1.75,8.75],"rotation":90,"texture":"#4"}}},{"from":[7.06192,9.84776,13.97729],"to":[7.56192,24.84776,14.47729],"rotation":{"angle":0,"axis":"y","origin":[7.31192,23.34776,14.22729]},"faces":{"north":{"uv":[3.5,0,3.625,3.75],"texture":"#4"},"east":{"uv":[3.5,0,3.625,3.75],"texture":"#4"},"south":{"uv":[3.5,0,3.625,3.75],"texture":"#4"},"west":{"uv":[3.5,0,3.625,3.75],"texture":"#4"},"up":{"uv":[3.5,0,3.625,3.75],"texture":"#4"},"down":{"uv":[3.5,0,3.625,3.75],"texture":"#4"}}},{"from":[6.81192,15.13011,13.92881],"to":[7.81192,15.88011,16.92881],"rotation":{"angle":-45,"axis":"x","origin":[7.31192,9.8875,8]},"faces":{"north":{"uv":[8,10,8.25,10.25],"texture":"#4"},"east":{"uv":[8.25,2,9,2.25],"texture":"#4"},"south":{"uv":[10,8,10.25,8.25],"texture":"#4"},"west":{"uv":[7.75,4.75,8.5,5],"texture":"#4"},"up":{"uv":[3,8.5,2.25,8.25],"rotation":270,"texture":"#4"},"down":{"uv":[9,2.25,8.25,2.5],"rotation":90,"texture":"#4"}}},{"from":[7.06192,-5.15224,13.97729],"to":[7.56192,9.84776,14.47729],"rotation":{"angle":0,"axis":"y","origin":[7.31192,-3.65224,14.22729]},"faces":{"north":{"uv":[3.5,3.75,3.625,0],"texture":"#4"},"east":{"uv":[3.5,3.75,3.625,0],"texture":"#4"},"south":{"uv":[3.5,3.75,3.625,0],"texture":"#4"},"west":{"uv":[3.5,3.75,3.625,0],"texture":"#4"},"up":{"uv":[3.5,3.75,3.625,0],"texture":"#4"},"down":{"uv":[3.5,3.75,3.625,0],"texture":"#4"}}},{"from":[6.31192,11.62544,3.8151],"to":[8.31192,14.12544,6.3151],"rotation":{"angle":-45,"axis":"x","origin":[7.31192,9.8875,8]},"faces":{"north":{"uv":[3,0,5,2.5],"texture":"#1"},"east":{"uv":[0,3,2.5,5.5],"texture":"#1"},"south":{"uv":[3,3,5,5.5],"texture":"#1"},"west":{"uv":[0,0,2.5,2.5],"texture":"#1"},"up":{"uv":[7.5,2,5,0],"rotation":270,"texture":"#1"},"down":{"uv":[7.5,2,5,4],"rotation":90,"texture":"#1"}}},{"from":[6.06192,10.97132,3.06192],"to":[8.56192,11.72132,4.56192],"rotation":{"angle":0,"axis":"z","origin":[7.31192,9.8875,8]},"faces":{"north":{"uv":[9,8.25,9.625,8.5],"texture":"#4"},"east":{"uv":[10,7.25,10.375,7.5],"texture":"#4"},"south":{"uv":[9,8.5,9.625,8.75],"texture":"#4"},"west":{"uv":[7.25,10,7.625,10.25],"texture":"#4"},"up":{"uv":[8.375,5.875,8,5.25],"rotation":270,"texture":"#4"},"down":{"uv":[8.375,6,8,6.625],"rotation":90,"texture":"#4"}}},{"from":[6.06192,13.92596,4.30496],"to":[8.56192,14.67596,5.80496],"rotation":{"angle":-45,"axis":"x","origin":[7.31192,9.8875,8]},"faces":{"north":{"uv":[8,9,8.625,9.25],"texture":"#4"},"east":{"uv":[10,7,10.375,7.25],"texture":"#4"},"south":{"uv":[9,8,9.625,8.25],"texture":"#4"},"west":{"uv":[10,6.75,10.375,7],"texture":"#4"},"up":{"uv":[8.375,1.125,8,0.5],"rotation":270,"texture":"#4"},"down":{"uv":[8.375,1.25,8,1.875],"rotation":90,"texture":"#4"}}},{"from":[6.07192,9.16066,2.00126],"to":[8.55192,10.66066,2.75126],"rotation":{"angle":0,"axis":"z","origin":[7.31192,9.8875,8]},"faces":{"north":{"uv":[7.75,7.75,8.375,8.125],"texture":"#4"},"east":{"uv":[10,6,10.25,6.375],"texture":"#4"},"south":{"uv":[8,0,8.625,0.375],"texture":"#4"},"west":{"uv":[10,5.25,10.25,5.625],"texture":"#4"},"up":{"uv":[9.25,7.875,9,7.25],"rotation":270,"texture":"#4"},"down":{"uv":[8,9,7.75,9.625],"rotation":90,"texture":"#4"}}},{"from":[6.06192,12.1153,3.2443],"to":[8.56192,13.6153,3.9943],"rotation":{"angle":-45,"axis":"x","origin":[7.31192,9.8875,8]},"faces":{"north":{"uv":[6.75,7.75,7.375,8.125],"texture":"#4"},"east":{"uv":[10,4.75,10.25,5.125],"texture":"#4"},"south":{"uv":[7.75,7.25,8.375,7.625],"texture":"#4"},"west":{"uv":[10,4.25,10.25,4.625],"texture":"#4"},"up":{"uv":[6,9.625,5.75,9],"rotation":270,"texture":"#4"},"down":{"uv":[6.25,9,6,9.625],"rotation":90,"texture":"#4"}}},{"from":[6.06192,8.1,3.06192],"to":[8.56192,8.85,4.56192],"rotation":{"angle":0,"axis":"z","origin":[7.31192,9.8875,8]},"faces":{"north":{"uv":[7,9,7.625,9.25],"texture":"#4"},"east":{"uv":[10,4,10.375,4.25],"texture":"#4"},"south":{"uv":[9,7,9.625,7.25],"texture":"#4"},"west":{"uv":[10,3.75,10.375,4],"texture":"#4"},"up":{"uv":[5.375,8.375,5,7.75],"rotation":270,"texture":"#4"},"down":{"uv":[6.625,7.75,6.25,8.375],"rotation":90,"texture":"#4"}}},{"from":[6.06192,11.05464,4.30495],"to":[8.56192,11.80464,5.80495],"rotation":{"angle":-45,"axis":"x","origin":[7.31192,9.8875,8]},"faces":{"north":{"uv":[9,4.5,9.625,4.75],"texture":"#4"},"east":{"uv":[10,3.5,10.375,3.75],"texture":"#4"},"south":{"uv":[9,6.75,9.625,7],"texture":"#4"},"west":{"uv":[10,3.25,10.375,3.5],"texture":"#4"},"up":{"uv":[8.125,3.625,7.75,3],"rotation":270,"texture":"#4"},"down":{"uv":[8.125,4,7.75,4.625],"rotation":90,"texture":"#4"}}},{"from":[6.07192,9.16066,4.87258],"to":[8.55192,10.66066,5.62258],"rotation":{"angle":0,"axis":"z","origin":[7.31192,9.8875,8]},"faces":{"north":{"uv":[7.75,2.5,8.375,2.875],"texture":"#4"},"east":{"uv":[3.25,10,3.5,10.375],"texture":"#4"},"south":{"uv":[2.75,7.75,3.375,8.125],"texture":"#4"},"west":{"uv":[3,10,3.25,10.375],"texture":"#4"},"up":{"uv":[5.5,9.625,5.25,9],"rotation":270,"texture":"#4"},"down":{"uv":[5.75,9,5.5,9.625],"rotation":90,"texture":"#4"}}},{"from":[6.06192,12.1153,6.11561],"to":[8.56192,13.6153,6.86561],"rotation":{"angle":-45,"axis":"x","origin":[7.31192,9.8875,8]},"faces":{"north":{"uv":[1.25,7.75,1.875,8.125],"texture":"#4"},"east":{"uv":[10,2.5,10.25,2.875],"texture":"#4"},"south":{"uv":[2,7.75,2.625,8.125],"texture":"#4"},"west":{"uv":[2.5,10,2.75,10.375],"texture":"#4"},"up":{"uv":[5.25,9.625,5,9],"rotation":270,"texture":"#4"},"down":{"uv":[9.25,5,9,5.625],"rotation":90,"texture":"#4"}}},{"from":[6.56192,11.85014,6.704],"to":[8.06192,13.85014,7.454],"rotation":{"angle":-45,"axis":"x","origin":[7.31192,9.8875,8]},"faces":{"north":{"uv":[9,1.5,9.375,2],"texture":"#4"},"east":{"uv":[9.75,3.75,10,4.25],"texture":"#4"},"south":{"uv":[9,2,9.375,2.5],"texture":"#4"},"west":{"uv":[3.75,9.75,4,10.25],"texture":"#4"},"up":{"uv":[10.25,2.375,10,2],"rotation":270,"texture":"#4"},"down":{"uv":[2.5,10,2.25,10.375],"rotation":90,"texture":"#4"}}},{"from":[6.92192,6.45762,8.64612],"to":[7.70192,8.45762,9.39612],"rotation":{"angle":45,"axis":"x","origin":[7.31192,9.8875,8]},"faces":{"north":{"uv":[9.75,4.75,10,5.25],"texture":"#4"},"east":{"uv":[5,9.75,5.25,10.25],"texture":"#4"},"south":{"uv":[5.25,9.75,5.5,10.25],"texture":"#4"},"west":{"uv":[4.75,9.75,5,10.25],"texture":"#4"},"up":{"uv":[5.25,10.5,5,10.25],"rotation":270,"texture":"#4"},"down":{"uv":[10.5,5,10.25,5.25],"rotation":90,"texture":"#4"}}},{"from":[6.92192,11.3198,8.64855],"to":[7.70192,13.3198,9.39855],"rotation":{"angle":-45,"axis":"x","origin":[7.31192,9.8875,8]},"faces":{"north":{"uv":[4.25,9.75,4.5,10.25],"texture":"#4"},"east":{"uv":[9.75,4.25,10,4.75],"texture":"#4"},"south":{"uv":[4.5,9.75,4.75,10.25],"texture":"#4"},"west":{"uv":[4,9.75,4.25,10.25],"texture":"#4"},"up":{"uv":[5,10.5,4.75,10.25],"rotation":270,"texture":"#4"},"down":{"uv":[10.5,4.75,10.25,5],"rotation":90,"texture":"#4"}}},{"from":[6.92192,7.88921,7.22613],"to":[7.70192,11.88921,7.97613],"rotation":{"angle":0,"axis":"z","origin":[7.31192,9.8875,8]},"faces":{"north":{"uv":[7.5,7.25,7.75,8.25],"texture":"#4"},"east":{"uv":[7.75,0.75,8,1.75],"texture":"#4"},"south":{"uv":[1,7.75,1.25,8.75],"texture":"#4"},"west":{"uv":[4.25,7.5,4.5,8.5],"texture":"#4"},"up":{"uv":[10.5,4.5,10.25,4.25],"rotation":270,"texture":"#4"},"down":{"uv":[10.5,4.5,10.25,4.75],"rotation":90,"texture":"#4"}}},{"from":[7.37192,7.58921,-5.77387],"to":[7.37192,12.58921,16.97613],"rotation":{"angle":0,"axis":"z","origin":[7.31192,9.8875,8]},"faces":{"north":{"uv":[7.5,7.25,7.75,8.25],"texture":"#4"},"east":{"uv":[15.16667,1,0,4.45833],"texture":"#5"},"south":{"uv":[1,7.75,1.25,8.75],"texture":"#4"},"west":{"uv":[0,1,15.16667,4.45833],"texture":"#5"},"up":{"uv":[10.5,4.5,10.25,4.25],"rotation":270,"texture":"#4"},"down":{"uv":[10.5,4.5,10.25,4.75],"rotation":90,"texture":"#4"}}},{"from":[6.57192,8.88921,5.47613],"to":[8.05192,10.88921,6.22613],"rotation":{"angle":0,"axis":"z","origin":[7.31192,9.8875,8]},"faces":{"north":{"uv":[9,0.5,9.375,1],"texture":"#4"},"east":{"uv":[3.5,9.75,3.75,10.25],"texture":"#4"},"south":{"uv":[9,1,9.375,1.5],"texture":"#4"},"west":{"uv":[9.75,3.25,10,3.75],"texture":"#4"},"up":{"uv":[10.25,1.875,10,1.5],"rotation":270,"texture":"#4"},"down":{"uv":[2.25,10,2,10.375],"rotation":90,"texture":"#4"}}},{"from":[6.56192,10.43592,4.03979],"to":[8.06192,11.18592,6.03979],"rotation":{"angle":-45,"axis":"x","origin":[7.31192,9.8875,8]},"faces":{"north":{"uv":[10.25,8,10.625,8.125],"texture":"#4"},"east":{"uv":[4.25,10.25,4.75,10.375],"texture":"#4"},"south":{"uv":[8.25,10.25,8.625,10.375],"texture":"#4"},"west":{"uv":[3.75,10.25,4.25,10.375],"texture":"#4"},"up":{"uv":[6.75,9.125,6.25,8.75],"rotation":270,"texture":"#4"},"down":{"uv":[0.5,9,0,9.375],"rotation":90,"texture":"#4"}}},{"from":[6.56192,7.475,2.81192],"to":[8.06192,8.225,4.81192],"rotation":{"angle":0,"axis":"z","origin":[7.31192,9.8875,8]},"faces":{"north":{"uv":[10,0.75,10.375,1],"texture":"#4"},"east":{"uv":[9.75,3,10.25,3.25],"texture":"#4"},"south":{"uv":[1.5,10,1.875,10.25],"texture":"#4"},"west":{"uv":[3,9.75,3.5,10],"texture":"#4"},"up":{"uv":[4.25,9.125,3.75,8.75],"rotation":270,"texture":"#4"},"down":{"uv":[9.25,4,8.75,4.375],"rotation":90,"texture":"#4"}}},{"from":[6.57192,8.88921,1.39771],"to":[8.05192,10.88921,2.14771],"rotation":{"angle":0,"axis":"z","origin":[7.31192,9.8875,8]},"faces":{"north":{"uv":[3.25,8.75,3.625,9.25],"texture":"#4"},"east":{"uv":[2.75,9.75,3,10.25],"texture":"#4"},"south":{"uv":[8.75,3.5,9.125,4],"texture":"#4"},"west":{"uv":[9.75,2.5,10,3],"texture":"#4"},"up":{"uv":[1.25,10.375,1,10],"rotation":270,"texture":"#4"},"down":{"uv":[1.5,10,1.25,10.375],"rotation":90,"texture":"#4"}}},{"from":[6.56192,4.49298,4.05747],"to":[8.06192,5.24298,6.05747],"rotation":{"angle":45,"axis":"x","origin":[7.31192,9.8875,8]},"faces":{"north":{"uv":[9.75,10,10.125,9.75],"texture":"#4"},"east":{"uv":[9.75,1.5,10.25,1.25],"texture":"#4"},"south":{"uv":[10,0.25,10.375,0],"texture":"#4"},"west":{"uv":[1.25,10,1.75,9.75],"texture":"#4"},"up":{"uv":[2.75,9.125,2.25,8.75],"rotation":270,"texture":"#4"},"down":{"uv":[2.25,8.75,1.75,9.125],"rotation":90,"texture":"#4"}}},{"from":[6.56192,14.51435,4.0398],"to":[8.06192,15.26435,6.0398],"rotation":{"angle":-45,"axis":"x","origin":[7.31192,9.8875,8]},"faces":{"north":{"uv":[9.75,9.75,10.125,10],"texture":"#4"},"east":{"uv":[9.75,1.25,10.25,1.5],"texture":"#4"},"south":{"uv":[10,0,10.375,0.25],"texture":"#4"},"west":{"uv":[1.25,9.75,1.75,10],"texture":"#4"},"up":{"uv":[2.25,9.125,1.75,8.75],"rotation":270,"texture":"#4"},"down":{"uv":[2.75,8.75,2.25,9.125],"rotation":90,"texture":"#4"}}},{"from":[6.57192,11.55343,2.81192],"to":[8.05192,12.30343,4.81192],"rotation":{"angle":0,"axis":"z","origin":[7.31192,9.8875,8]},"faces":{"north":{"uv":[9.75,8.5,10.125,8.75],"texture":"#4"},"east":{"uv":[9.75,1,10.25,1.25],"texture":"#4"},"south":{"uv":[9.75,9.5,10.125,9.75],"texture":"#4"},"west":{"uv":[9.5,8.75,10,9],"texture":"#4"},"up":{"uv":[9,8.875,8.5,8.5],"rotation":270,"texture":"#4"},"down":{"uv":[9.25,0,8.75,0.375],"rotation":90,"texture":"#4"}}},{"from":[2.81192,0.05753,-5.4096],"to":[11.81192,0.05753,5.5904],"rotation":{"angle":-45,"axis":"x","origin":[7.31192,9.8875,8]},"faces":{"north":{"uv":[2.25,0,0,0],"texture":"#3"},"east":{"uv":[2.75,0,0,0],"texture":"#3"},"south":{"uv":[2.25,0,0,0],"texture":"#3"},"west":{"uv":[2.75,0,0,0],"texture":"#3"},"up":{"uv":[5.5,4.5,2.75,6.75],"rotation":270,"texture":"#3"},"down":{"uv":[15.5,1,15,0.5],"rotation":90,"texture":"#3"}}},{"from":[2.81192,1.23281,1.247],"to":[11.81192,1.23281,13.247],"rotation":{"angle":0,"axis":"z","origin":[7.31192,9.8875,8]},"faces":{"north":{"uv":[2.25,0,0,0],"texture":"#3"},"east":{"uv":[3,0,0,0],"texture":"#3"},"south":{"uv":[2.25,0,0,0],"texture":"#3"},"west":{"uv":[3,0,0,0],"texture":"#3"},"up":{"uv":[6,2.25,3,4.5],"rotation":270,"texture":"#3"},"down":{"uv":[15.5,1,15,0.5],"rotation":90,"texture":"#3"}}},{"from":[2.81192,8.5431,-2.8956],"to":[11.81192,8.5431,9.1044],"rotation":{"angle":-45,"axis":"x","origin":[7.31192,9.8875,8]},"faces":{"north":{"uv":[2.25,0,0,0],"texture":"#3"},"east":{"uv":[3,0,0,0],"texture":"#3"},"south":{"uv":[2.25,0,0,0],"texture":"#3"},"west":{"uv":[3,0,0,0],"texture":"#3"},"up":{"uv":[3,2.25,0,4.5],"rotation":270,"texture":"#3"},"down":{"uv":[15.5,1,15,0.5],"rotation":90,"texture":"#3"}}},{"from":[2.81192,9.06807,-1.46518],"to":[11.81192,9.06807,9.53482],"rotation":{"angle":-22.5,"axis":"x","origin":[7.31192,9.8875,8]},"faces":{"north":{"uv":[2.25,0,0,0],"texture":"#3"},"east":{"uv":[2.75,0,0,0],"texture":"#3"},"south":{"uv":[2.25,0,0,0],"texture":"#3"},"west":{"uv":[2.75,0,0,0],"texture":"#3"},"up":{"uv":[8.75,0,6,2.25],"rotation":270,"texture":"#3"},"down":{"uv":[15.5,1,15,0.5],"rotation":90,"texture":"#3"}}},{"from":[2.81192,12.75169,-1.05865],"to":[11.81192,12.75169,5.94135],"rotation":{"angle":-45,"axis":"x","origin":[7.31192,9.8875,8]},"faces":{"north":{"uv":[2.25,0,0,0],"texture":"#3"},"east":{"uv":[1.75,0,0,0],"texture":"#3"},"south":{"uv":[2.25,0,0,0],"texture":"#3"},"west":{"uv":[1.75,0,0,0],"texture":"#3"},"up":{"uv":[1.75,6.75,0,9],"rotation":270,"texture":"#3"},"down":{"uv":[15.5,1,15,0.5],"rotation":90,"texture":"#3"}}},{"from":[2.81192,19.69979,-5.39192],"to":[11.81192,19.69979,5.60808],"rotation":{"angle":45,"axis":"x","origin":[7.31192,9.8875,8]},"faces":{"north":{"uv":[0,0,2.25,0],"texture":"#3"},"east":{"uv":[0,0,2.75,0],"texture":"#3"},"south":{"uv":[0,0,2.25,0],"texture":"#3"},"west":{"uv":[0,0,2.75,0],"texture":"#3"},"up":{"uv":[15.5,1,15,0.5],"rotation":270,"texture":"#3"},"down":{"uv":[5.5,4.5,2.75,6.75],"rotation":90,"texture":"#3"}}},{"from":[2.81192,18.51719,1.247],"to":[11.81192,18.51719,13.247],"rotation":{"angle":0,"axis":"z","origin":[7.31192,9.8875,8]},"faces":{"north":{"uv":[0,0,2.25,0],"texture":"#3"},"east":{"uv":[0,0,3,0],"texture":"#3"},"south":{"uv":[0,0,2.25,0],"texture":"#3"},"west":{"uv":[0,0,3,0],"texture":"#3"},"up":{"uv":[15.5,1,15,0.5],"rotation":270,"texture":"#3"},"down":{"uv":[6,2.25,3,4.5],"rotation":90,"texture":"#3"}}},{"from":[2.81192,11.21422,-2.87792],"to":[11.81192,11.21422,9.12208],"rotation":{"angle":45,"axis":"x","origin":[7.31192,9.8875,8]},"faces":{"north":{"uv":[0,0,2.25,0],"texture":"#3"},"east":{"uv":[0,0,3,0],"texture":"#3"},"south":{"uv":[0,0,2.25,0],"texture":"#3"},"west":{"uv":[0,0,3,0],"texture":"#3"},"up":{"uv":[15.5,1,15,0.5],"rotation":270,"texture":"#3"},"down":{"uv":[3,2.25,0,4.5],"rotation":90,"texture":"#3"}}},{"from":[2.81192,10.68383,-1.45562],"to":[11.81192,10.68383,9.54438],"rotation":{"angle":22.5,"axis":"x","origin":[7.31192,9.8875,8]},"faces":{"north":{"uv":[0,0,2.25,0],"texture":"#3"},"east":{"uv":[0,0,2.75,0],"texture":"#3"},"south":{"uv":[0,0,2.25,0],"texture":"#3"},"west":{"uv":[0,0,2.75,0],"texture":"#3"},"up":{"uv":[15.5,1,15,0.5],"rotation":270,"texture":"#3"},"down":{"uv":[8.75,0,6,2.25],"rotation":90,"texture":"#3"}}},{"from":[2.81192,7.00563,-1.04097],"to":[11.81192,7.00563,5.95903],"rotation":{"angle":45,"axis":"x","origin":[7.31192,9.8875,8]},"faces":{"north":{"uv":[0,0,2.25,0],"texture":"#3"},"east":{"uv":[0,0,1.75,0],"texture":"#3"},"south":{"uv":[0,0,2.25,0],"texture":"#3"},"west":{"uv":[0,0,1.75,0],"texture":"#3"},"up":{"uv":[15.5,1,15,0.5],"rotation":270,"texture":"#3"},"down":{"uv":[1.75,6.75,0,9],"rotation":90,"texture":"#3"}}}],"gui_light":"front","display":{"thirdperson_righthand":{"translation":[0,-3.5,0.5],"scale":[0.75586,0.75586,0.75586]},"thirdperson_lefthand":{"translation":[0,-3.5,0.5],"scale":[0.75586,0.75586,0.75586]},"firstperson_righthand":{"rotation":[21.65,46.74,-0.29],"translation":[0.25,3.5,-0.25],"scale":[0.48438,0.48438,0.48438]},"firstperson_lefthand":{"rotation":[21.65,46.74,-0.29],"translation":[0.25,3.5,-0.25],"scale":[0.48438,0.48438,0.48438]},"ground":{"rotation":[0,0,-80],"translation":[-0.25,-2.25,-0.25],"scale":[0.5918,0.5918,0.5918]},"gui":{"rotation":[90,50.25,-90],"translation":[-2.5,1.25,0],"scale":[0.55078,0.55078,0.55078]},"head":{"rotation":[-90,57.5,90],"translation":[-0.5,17.5,0],"scale":[0.89648,0.89648,0.89648]},"fixed":{"rotation":[0,90,0],"translation":[0,-3.5,-2],"scale":[1.69141,1.69141,1.69141]}},"mcmodels":"68f2816ae565be26ad8827ec2d34e0ac"}