{
	"credit": "Made by Geode",
	"texture_size": [32, 32],
	"textures": {
		"6": "bow/nebula_bowflame",
		"9": "bow/nebula_bow_pulling_1"
	},
	"elements": [
		{
			"from": [6.49975, 6.98818, 1.13447],
			"to": [9.49975, 8.98818, 2.13447],
			"rotation": {"angle": -45, "axis": "x", "origin": [7.99975, 7.98818, 3.13447]},
			"faces": {
				"north": {"uv": [6.5, 8, 8, 9], "texture": "#9"},
				"east": {"uv": [3, 10, 3.5, 11], "texture": "#9"},
				"south": {"uv": [8, 7, 9.5, 8], "texture": "#9"},
				"west": {"uv": [1, 12.5, 1.5, 13.5], "texture": "#9"},
				"up": {"uv": [13.5, 5, 12, 4.5], "texture": "#9"},
				"down": {"uv": [13.5, 5, 12, 5.5], "texture": "#9"}
			}
		},
		{
			"from": [6.49975, 5.98818, 1.13447],
			"to": [9.49975, 6.98818, 5.13447],
			"rotation": {"angle": -45, "axis": "x", "origin": [7.99975, 7.98818, 3.13447]},
			"faces": {
				"north": {"uv": [11.5, 11, 13, 11.5], "texture": "#9"},
				"east": {"uv": [11.5, 0, 13.5, 0.5], "texture": "#9"},
				"south": {"uv": [12, 3, 13.5, 3.5], "texture": "#9"},
				"west": {"uv": [11.5, 0.5, 13.5, 1], "texture": "#9"},
				"up": {"uv": [5.5, 7.5, 4, 5.5], "texture": "#9"},
				"down": {"uv": [7, 5, 5.5, 7], "texture": "#9"}
			}
		},
		{
			"from": [6.74975, 6.98818, 2.13447],
			"to": [9.24975, 8.98818, 4.13447],
			"rotation": {"angle": -45, "axis": "x", "origin": [7.99975, 7.98818, 3.13447]},
			"faces": {
				"north": {"uv": [8, 8, 9.5, 9], "texture": "#9"},
				"east": {"uv": [1, 11.5, 2, 12.5], "texture": "#9"},
				"south": {"uv": [9, 3, 10.5, 4], "texture": "#9"},
				"west": {"uv": [11.5, 1, 12.5, 2], "texture": "#9"},
				"up": {"uv": [10.5, 5, 9, 4], "texture": "#9"},
				"down": {"uv": [8, 9, 6.5, 10], "texture": "#9"}
			}
		},
		{
			"from": [6.49975, 6.98818, 4.13447],
			"to": [9.49975, 8.98818, 5.13447],
			"rotation": {"angle": -45, "axis": "x", "origin": [7.99975, 7.98818, 3.13447]},
			"faces": {
				"north": {"uv": [8, 5, 9.5, 6], "texture": "#9"},
				"east": {"uv": [6.5, 7, 7, 8], "texture": "#9"},
				"south": {"uv": [8, 6, 9.5, 7], "texture": "#9"},
				"west": {"uv": [9.5, 8, 10, 9], "texture": "#9"},
				"up": {"uv": [13.5, 4, 12, 3.5], "texture": "#9"},
				"down": {"uv": [13.5, 4, 12, 4.5], "texture": "#9"}
			}
		},
		{
			"from": [6.49975, 8.98818, 1.13447],
			"to": [9.49975, 9.98818, 5.13447],
			"rotation": {"angle": -45, "axis": "x", "origin": [7.99975, 7.98818, 3.13447]},
			"faces": {
				"north": {"uv": [11.5, 7, 13, 7.5], "texture": "#9"},
				"east": {"uv": [9.5, 11, 11.5, 11.5], "texture": "#9"},
				"south": {"uv": [10.5, 11.5, 12, 12], "texture": "#9"},
				"west": {"uv": [11, 10.5, 13, 11], "texture": "#9"},
				"up": {"uv": [4, 7.5, 2.5, 5.5], "texture": "#9"},
				"down": {"uv": [7, 3, 5.5, 5], "texture": "#9"}
			}
		},
		{
			"from": [7.25, 16.3, 1.35],
			"to": [8.75, 17.3, 2.35],
			"rotation": {"angle": 45, "axis": "x", "origin": [8, 16.8, 1.85]},
			"faces": {
				"north": {"uv": [9.5, 13, 10.5, 13.5], "texture": "#9"},
				"east": {"uv": [11, 13.5, 11.5, 14], "texture": "#9"},
				"south": {"uv": [13, 10.5, 14, 11], "texture": "#9"},
				"west": {"uv": [11.5, 13.5, 12, 14], "texture": "#9"},
				"up": {"uv": [14, 11.5, 13, 11], "texture": "#9"},
				"down": {"uv": [13, 13, 12, 13.5], "texture": "#9"}
			}
		},
		{
			"from": [7, 8.05, 1.25],
			"to": [9, 13.05, 4.25],
			"rotation": {"angle": -22.5, "axis": "x", "origin": [8, 10.55, 2.75]},
			"faces": {
				"north": {"uv": [7, 3, 8, 5.5], "texture": "#9"},
				"east": {"uv": [1, 3, 2.5, 5.5], "texture": "#9"},
				"south": {"uv": [5.5, 7, 6.5, 9.5], "texture": "#9"},
				"west": {"uv": [2.5, 3, 4, 5.5], "texture": "#9"},
				"up": {"uv": [9, 10.5, 8, 9], "texture": "#9"},
				"down": {"uv": [10, 9, 9, 10.5], "texture": "#9"}
			}
		},
		{
			"from": [7.5, 12.3, 0.85],
			"to": [8.5, 16.3, 2.85],
			"rotation": {"angle": 0, "axis": "y", "origin": [8, 14.8, 2.35]},
			"faces": {
				"north": {"uv": [2, 8, 2.5, 10], "texture": "#9"},
				"east": {"uv": [3.5, 7.5, 4.5, 9.5], "texture": "#9"},
				"south": {"uv": [6, 11, 6.5, 13], "texture": "#9"},
				"west": {"uv": [4.5, 7.5, 5.5, 9.5], "texture": "#9"},
				"up": {"uv": [13, 2, 12.5, 1], "texture": "#9"},
				"down": {"uv": [2, 12.5, 1.5, 13.5], "texture": "#9"}
			}
		},
		{
			"from": [7.5, 17.62843, 3.47132],
			"to": [8.5, 20.62843, 5.47132],
			"rotation": {"angle": 45, "axis": "x", "origin": [8, 19.62843, 3.97132]},
			"faces": {
				"north": {"uv": [7.5, 12, 8, 13.5], "texture": "#9"},
				"east": {"uv": [9.5, 5, 10.5, 6.5], "texture": "#9"},
				"south": {"uv": [12, 7.5, 12.5, 9], "texture": "#9"},
				"west": {"uv": [5.5, 9.5, 6.5, 11], "texture": "#9"},
				"up": {"uv": [3.5, 13.5, 3, 12.5], "texture": "#9"},
				"down": {"uv": [4, 12.5, 3.5, 13.5], "texture": "#9"}
			}
		},
		{
			"from": [7, 18.61586, 3.91586],
			"to": [9, 21.61586, 4.91586],
			"rotation": {"angle": -22.5, "axis": "x", "origin": [8, 20.86586, 5.91586]},
			"faces": {
				"north": {"uv": [9.5, 6.5, 10.5, 8], "texture": "#9"},
				"east": {"uv": [8, 12, 8.5, 13.5], "texture": "#9"},
				"south": {"uv": [1, 10, 2, 11.5], "texture": "#9"},
				"west": {"uv": [8.5, 12, 9, 13.5], "texture": "#9"},
				"up": {"uv": [13.5, 3, 12.5, 2.5], "texture": "#9"},
				"down": {"uv": [5, 12.5, 4, 13], "texture": "#9"}
			}
		},
		{
			"from": [7.499, 19.17295, 5.20288],
			"to": [8.501, 21.17295, 7.20288],
			"rotation": {"angle": -22.5, "axis": "x", "origin": [8, 20.17295, 6.20288]},
			"faces": {
				"north": {"uv": [5, 12.5, 5.5, 13.5], "texture": "#9"},
				"east": {"uv": [2, 11.5, 3, 12.5], "texture": "#9"},
				"south": {"uv": [5.5, 12.5, 6, 13.5], "texture": "#9"},
				"west": {"uv": [11.5, 2, 12.5, 3], "texture": "#9"},
				"up": {"uv": [7, 13.5, 6.5, 12.5], "texture": "#9"},
				"down": {"uv": [7.5, 12.5, 7, 13.5], "texture": "#9"}
			}
		},
		{
			"from": [7.5, 19.75874, 6.28527],
			"to": [8.5, 21.17295, 7.69948],
			"rotation": {"angle": 22.5, "axis": "x", "origin": [8, 20.17295, 7.28527]},
			"faces": {
				"north": {"uv": [7.5, 10, 8, 10.5], "texture": "#9"},
				"east": {"uv": [10.5, 7.5, 11, 8], "texture": "#9"},
				"south": {"uv": [9.5, 10.5, 10, 11], "texture": "#9"},
				"west": {"uv": [5.5, 13.5, 6, 14], "texture": "#9"},
				"up": {"uv": [14, 9.5, 13.5, 9], "texture": "#9"},
				"down": {"uv": [10, 13.5, 9.5, 14], "texture": "#9"}
			}
		},
		{
			"from": [7, 15.3, 0.35],
			"to": [9, 16.3, 3.35],
			"rotation": {"angle": 45, "axis": "x", "origin": [8, 16.8, 1.85]},
			"faces": {
				"north": {"uv": [2, 12.5, 3, 13], "texture": "#9"},
				"east": {"uv": [12, 5.5, 13.5, 6], "texture": "#9"},
				"south": {"uv": [12.5, 2, 13.5, 2.5], "texture": "#9"},
				"west": {"uv": [12, 6, 13.5, 6.5], "texture": "#9"},
				"up": {"uv": [4.5, 11, 3.5, 9.5], "texture": "#9"},
				"down": {"uv": [5.5, 9.5, 4.5, 11], "texture": "#9"}
			}
		},
		{
			"from": [8, 13.53223, -1.62487],
			"to": [8, 16.53223, 0.37513],
			"rotation": {"angle": 45, "axis": "x", "origin": [8, 15.03223, -0.62487]},
			"faces": {
				"north": {"uv": [0, 0, 0, 1.5], "texture": "#9"},
				"east": {"uv": [4, 11, 5, 12.5], "texture": "#9"},
				"south": {"uv": [0, 0, 0, 1.5], "texture": "#9"},
				"west": {"uv": [5, 11, 6, 12.5], "texture": "#9"},
				"up": {"uv": [0, 1, 0, 0], "texture": "#9"},
				"down": {"uv": [0, 0, 0, 1], "texture": "#9"}
			}
		},
		{
			"from": [7, 17.3, 0.35],
			"to": [9, 18.3, 3.35],
			"rotation": {"angle": 45, "axis": "x", "origin": [8, 16.8, 1.85]},
			"faces": {
				"north": {"uv": [12.5, 7.5, 13.5, 8], "texture": "#9"},
				"east": {"uv": [12, 6.5, 13.5, 7], "texture": "#9"},
				"south": {"uv": [12.5, 8, 13.5, 8.5], "texture": "#9"},
				"west": {"uv": [12, 9, 13.5, 9.5], "texture": "#9"},
				"up": {"uv": [3, 11.5, 2, 10], "texture": "#9"},
				"down": {"uv": [7.5, 10, 6.5, 11.5], "texture": "#9"}
			}
		},
		{
			"from": [7, 16.3, 0.35],
			"to": [9, 17.3, 1.35],
			"rotation": {"angle": 45, "axis": "x", "origin": [8, 16.8, 1.85]},
			"faces": {
				"north": {"uv": [12.5, 8.5, 13.5, 9], "texture": "#9"},
				"east": {"uv": [13.5, 9.5, 14, 10], "texture": "#9"},
				"south": {"uv": [9.5, 12.5, 10.5, 13], "texture": "#9"},
				"west": {"uv": [10, 13.5, 10.5, 14], "texture": "#9"},
				"up": {"uv": [13, 13, 12, 12.5], "texture": "#9"},
				"down": {"uv": [14, 1, 13, 1.5], "texture": "#9"}
			}
		},
		{
			"from": [7, 16.3, 2.35],
			"to": [9, 17.3, 3.35],
			"rotation": {"angle": 45, "axis": "x", "origin": [8, 16.8, 1.85]},
			"faces": {
				"north": {"uv": [13, 1.5, 14, 2], "texture": "#9"},
				"east": {"uv": [13.5, 10, 14, 10.5], "texture": "#9"},
				"south": {"uv": [2, 13, 3, 13.5], "texture": "#9"},
				"west": {"uv": [10.5, 13.5, 11, 14], "texture": "#9"},
				"up": {"uv": [5, 13.5, 4, 13], "texture": "#9"},
				"down": {"uv": [14, 7, 13, 7.5], "texture": "#9"}
			}
		},
		{
			"from": [8, 17.4404, 0.3665],
			"to": [8, 23.4404, 5.3665],
			"rotation": {"angle": 22.5, "axis": "x", "origin": [8, 20.1904, 2.8665]},
			"faces": {
				"north": {"uv": [0, 0, 0, 3], "texture": "#missing"},
				"east": {"uv": [2, 4, 13, 16], "texture": "#6"},
				"south": {"uv": [0, 0, 0, 3], "texture": "#missing"},
				"west": {"uv": [2, 4, 13, 16], "texture": "#6"},
				"up": {"uv": [0, 0, 0, 2.5], "texture": "#missing"},
				"down": {"uv": [0, 0, 0, 2.5], "texture": "#missing"}
			}
		},
		{
			"from": [8, -7.4404, 0.3665],
			"to": [8, -1.4404, 5.3665],
			"rotation": {"angle": -22.5, "axis": "x", "origin": [8, -4.1904, 2.8665]},
			"faces": {
				"north": {"uv": [0, 3, 0, 0], "texture": "#missing"},
				"east": {"uv": [2, 16, 13, 4], "texture": "#6"},
				"south": {"uv": [0, 3, 0, 0], "texture": "#missing"},
				"west": {"uv": [2, 16, 13, 4], "texture": "#6"},
				"up": {"uv": [0, 2.5, 0, 0], "texture": "#missing"},
				"down": {"uv": [0, 2.5, 0, 0], "texture": "#missing"}
			}
		},
		{
			"from": [7.25, -1.3, 1.35],
			"to": [8.75, -0.3, 2.35],
			"rotation": {"angle": -45, "axis": "x", "origin": [8, -0.8, 1.85]},
			"faces": {
				"north": {"uv": [13, 12.5, 14, 13], "texture": "#9"},
				"east": {"uv": [13.5, 11.5, 14, 12], "texture": "#9"},
				"south": {"uv": [13, 13, 14, 13.5], "texture": "#9"},
				"west": {"uv": [12, 13.5, 12.5, 14], "texture": "#9"},
				"up": {"uv": [14.5, 0.5, 13.5, 0], "texture": "#9"},
				"down": {"uv": [14.5, 0.5, 13.5, 1], "texture": "#9"}
			}
		},
		{
			"from": [7, 2.95, 1.25],
			"to": [9, 7.95, 4.25],
			"rotation": {"angle": 22.5, "axis": "x", "origin": [8, 5.45, 2.75]},
			"faces": {
				"north": {"uv": [7, 5.5, 8, 8], "texture": "#9"},
				"east": {"uv": [4, 3, 5.5, 5.5], "texture": "#9"},
				"south": {"uv": [2.5, 7.5, 3.5, 10], "texture": "#9"},
				"west": {"uv": [1, 5.5, 2.5, 8], "texture": "#9"},
				"up": {"uv": [11, 9.5, 10, 8], "texture": "#9"},
				"down": {"uv": [11, 9.5, 10, 11], "texture": "#9"}
			}
		},
		{
			"from": [7.5, -0.3, 0.85],
			"to": [8.5, 3.7, 2.85],
			"rotation": {"angle": 0, "axis": "y", "origin": [8, 1.7, 1.85]},
			"faces": {
				"north": {"uv": [11.5, 3, 12, 5], "texture": "#9"},
				"east": {"uv": [1, 8, 2, 10], "texture": "#9"},
				"south": {"uv": [11.5, 5, 12, 7], "texture": "#9"},
				"west": {"uv": [8, 3, 9, 5], "texture": "#9"},
				"up": {"uv": [6.5, 14, 6, 13], "texture": "#9"},
				"down": {"uv": [1.5, 13.5, 1, 14.5], "texture": "#9"}
			}
		},
		{
			"from": [7.5, -4.42132, 2.97132],
			"to": [8.5, -1.42132, 4.97132],
			"rotation": {"angle": -45, "axis": "x", "origin": [8, -2.92132, 3.97132]},
			"faces": {
				"north": {"uv": [9, 12, 9.5, 13.5], "texture": "#9"},
				"east": {"uv": [10.5, 0, 11.5, 1.5], "texture": "#9"},
				"south": {"uv": [10.5, 12, 11, 13.5], "texture": "#9"},
				"west": {"uv": [10.5, 1.5, 11.5, 3], "texture": "#9"},
				"up": {"uv": [2, 14.5, 1.5, 13.5], "texture": "#9"},
				"down": {"uv": [2.5, 13.5, 2, 14.5], "texture": "#9"}
			}
		},
		{
			"from": [7, -5.09893, 4.31706],
			"to": [9, -2.09893, 5.31706],
			"rotation": {"angle": 22.5, "axis": "x", "origin": [8, -3.59893, 4.81706]},
			"faces": {
				"north": {"uv": [10.5, 3, 11.5, 4.5], "texture": "#9"},
				"east": {"uv": [11, 12, 11.5, 13.5], "texture": "#9"},
				"south": {"uv": [10.5, 4.5, 11.5, 6], "texture": "#9"},
				"west": {"uv": [11.5, 12, 12, 13.5], "texture": "#9"},
				"up": {"uv": [14.5, 2.5, 13.5, 2], "texture": "#9"},
				"down": {"uv": [3.5, 13.5, 2.5, 14], "texture": "#9"}
			}
		},
		{
			"from": [7.499, -5.17295, 5.20288],
			"to": [8.501, -3.17295, 7.20288],
			"rotation": {"angle": 22.5, "axis": "x", "origin": [8, -4.17295, 6.20288]},
			"faces": {
				"north": {"uv": [13.5, 2.5, 14, 3.5], "texture": "#9"},
				"east": {"uv": [6.5, 11.5, 7.5, 12.5], "texture": "#9"},
				"south": {"uv": [3.5, 13.5, 4, 14.5], "texture": "#9"},
				"west": {"uv": [9.5, 11.5, 10.5, 12.5], "texture": "#9"},
				"up": {"uv": [14, 4.5, 13.5, 3.5], "texture": "#9"},
				"down": {"uv": [4.5, 13.5, 4, 14.5], "texture": "#9"}
			}
		},
		{
			"from": [7.5, -5.17295, 6.28527],
			"to": [8.5, -3.75874, 7.69948],
			"rotation": {"angle": -22.5, "axis": "x", "origin": [8, -4.17295, 7.28527]},
			"faces": {
				"north": {"uv": [13.5, 12, 14, 12.5], "texture": "#9"},
				"east": {"uv": [12.5, 13.5, 13, 14], "texture": "#9"},
				"south": {"uv": [13, 13.5, 13.5, 14], "texture": "#9"},
				"west": {"uv": [13.5, 13.5, 14, 14], "texture": "#9"},
				"up": {"uv": [14.5, 1.5, 14, 1], "texture": "#9"},
				"down": {"uv": [14.5, 1.5, 14, 2], "texture": "#9"}
			}
		},
		{
			"from": [7, -0.3, 0.35],
			"to": [9, 0.7, 3.35],
			"rotation": {"angle": -45, "axis": "x", "origin": [8, -0.8, 1.85]},
			"faces": {
				"north": {"uv": [4.5, 13.5, 5.5, 14], "texture": "#9"},
				"east": {"uv": [12, 9.5, 13.5, 10], "texture": "#9"},
				"south": {"uv": [13.5, 4.5, 14.5, 5], "texture": "#9"},
				"west": {"uv": [12, 10, 13.5, 10.5], "texture": "#9"},
				"up": {"uv": [11.5, 7.5, 10.5, 6], "texture": "#9"},
				"down": {"uv": [8.5, 10.5, 7.5, 12], "texture": "#9"}
			}
		},
		{
			"from": [7, -2.3, 0.35],
			"to": [9, -1.3, 3.35],
			"rotation": {"angle": -45, "axis": "x", "origin": [8, -0.8, 1.85]},
			"faces": {
				"north": {"uv": [13.5, 5, 14.5, 5.5], "texture": "#9"},
				"east": {"uv": [12, 11.5, 13.5, 12], "texture": "#9"},
				"south": {"uv": [13.5, 5.5, 14.5, 6], "texture": "#9"},
				"west": {"uv": [12, 12, 13.5, 12.5], "texture": "#9"},
				"up": {"uv": [9.5, 12, 8.5, 10.5], "texture": "#9"},
				"down": {"uv": [4, 11, 3, 12.5], "texture": "#9"}
			}
		},
		{
			"from": [7, -1.3, 0.35],
			"to": [9, -0.3, 1.35],
			"rotation": {"angle": -45, "axis": "x", "origin": [8, -0.8, 1.85]},
			"faces": {
				"north": {"uv": [13.5, 6, 14.5, 6.5], "texture": "#9"},
				"east": {"uv": [2.5, 14, 3, 14.5], "texture": "#9"},
				"south": {"uv": [6.5, 13.5, 7.5, 14], "texture": "#9"},
				"west": {"uv": [14, 2.5, 14.5, 3], "texture": "#9"},
				"up": {"uv": [14.5, 7, 13.5, 6.5], "texture": "#9"},
				"down": {"uv": [8.5, 13.5, 7.5, 14], "texture": "#9"}
			}
		},
		{
			"from": [7, -1.3, 2.35],
			"to": [9, -0.3, 3.35],
			"rotation": {"angle": -45, "axis": "x", "origin": [8, -0.8, 1.85]},
			"faces": {
				"north": {"uv": [13.5, 7.5, 14.5, 8], "texture": "#9"},
				"east": {"uv": [3, 14, 3.5, 14.5], "texture": "#9"},
				"south": {"uv": [13.5, 8, 14.5, 8.5], "texture": "#9"},
				"west": {"uv": [14, 3, 14.5, 3.5], "texture": "#9"},
				"up": {"uv": [9.5, 14, 8.5, 13.5], "texture": "#9"},
				"down": {"uv": [14.5, 8.5, 13.5, 9], "texture": "#9"}
			}
		},
		{
			"from": [8, 0.7, 0.35],
			"to": [8, 3.7, 2.35],
			"rotation": {"angle": -45, "axis": "x", "origin": [7, -0.8, 1.85]},
			"faces": {
				"north": {"uv": [0, 0, 0, 1.5], "texture": "#9"},
				"east": {"uv": [11, 7.5, 12, 9], "texture": "#9"},
				"south": {"uv": [0, 0, 0, 1.5], "texture": "#9"},
				"west": {"uv": [11, 9, 12, 10.5], "texture": "#9"},
				"up": {"uv": [0, 1, 0, 0], "texture": "#9"},
				"down": {"uv": [0, 0, 0, 1], "texture": "#9"}
			}
		},
		{
			"from": [8, -4.2, 6.75],
			"to": [8, 21, 7.75],
			"rotation": {"angle": 0, "axis": "y", "origin": [8, 20.5, 7.25]},
			"faces": {
				"north": {"uv": [0, 0, 0, 12.5], "texture": "#9"},
				"east": {"uv": [0, 3, 0.5, 15.5], "texture": "#9"},
				"south": {"uv": [0, 0, 0, 12.5], "texture": "#9"},
				"west": {"uv": [0.5, 3, 1, 15.5], "texture": "#9"},
				"up": {"uv": [0, 0.5, 0, 0], "texture": "#9"},
				"down": {"uv": [0, 0, 0, 0.5], "texture": "#9"}
			}
		},
		{
			"from": [8, 6.5, -13.25],
			"to": [8, 9.5, 7.75],
			"rotation": {"angle": -22.5, "axis": "z", "origin": [8, 8, 8]},
			"faces": {
				"north": {"uv": [0, 0, 0, 1.5], "texture": "#9"},
				"east": {"uv": [0, 0, 10.5, 1.5], "texture": "#9"},
				"south": {"uv": [0, 0, 0, 1.5], "texture": "#9"},
				"west": {"uv": [0, 1.5, 10.5, 3], "texture": "#9"},
				"up": {"uv": [0, 10.5, 0, 0], "texture": "#9"},
				"down": {"uv": [0, 0, 0, 10.5], "texture": "#9"}
			}
		}
	],
	"display": {
		"thirdperson_righthand": {
			"translation": [-2.5, -2, 5]
		},
		"thirdperson_lefthand": {
			"translation": [-2.5, -2, 5]
		},
		"firstperson_righthand": {
			"rotation": [19.08, 17.05, 3.45],
			"translation": [3.25, 3.75, 0.25],
			"scale": [0.7, 0.7, 0.7]
		},
		"firstperson_lefthand": {
			"rotation": [22.83, -18.01, 4.89],
			"translation": [3.25, 3.25, 2.25],
			"scale": [0.7, 0.7, 0.7]
		},
		"ground": {
			"scale": [0.8, 0.8, 0.8]
		},
		"gui": {
			"rotation": [-90, -44, -90],
			"translation": [-5.75, -5.75, -0.75],
			"scale": [0.53, 0.53, 0.54]
		},
		"fixed": {
			"rotation": [-90, 45, 90],
			"translation": [7.75, -7.75, -1.5],
			"scale": [0.8, 0.8, 0.8]
		}
	},
	"groups": [
		{
			"name": "Handle",
			"origin": [-0.18301, 12.1995, -0.0005],
			"color": 0,
			"children": [0, 1, 2, 3, 4]
		},
		{
			"name": "Top Fletching",
			"origin": [8, 23.1, 1.85],
			"color": 0,
			"children": [5, 6, 7, 8, 9, 10, 11, 12, 13, 14, 15, 16, 17, 18]
		},
		{
			"name": "Bottom",
			"origin": [8, 23.1, 1.85],
			"color": 0,
			"children": [19, 20, 21, 22, 23, 24, 25, 26, 27, 28, 29, 30]
		},
		31,
		32
	]
}