{
	"texture_size": [64, 64],
	"textures": {
		"1": "bow/vortex_bow"
	},
	"elements": [
		{
			"from": [7, 5.75, 7],
			"to": [9, 13.75, 9],
			"rotation": {"angle": 0, "axis": "y", "origin": [14.01, 7.24, 7.99]},
			"faces": {
				"north": {"uv": [2.5, 2, 3, 4], "texture": "#1"},
				"east": {"uv": [0.5, 3, 1, 5], "texture": "#1"},
				"south": {"uv": [1, 3, 1.5, 5], "texture": "#1"},
				"west": {"uv": [1.5, 3, 2, 5], "texture": "#1"},
				"up": {"uv": [0.5, 8.25, 0, 7.75], "texture": "#1"},
				"down": {"uv": [8.25, 4, 7.75, 4.5], "texture": "#1"}
			}
		},
		{
			"from": [6.10544, 3.7904, 6.96],
			"to": [8.18544, 7.8704, 9.04],
			"rotation": {"angle": -22.5, "axis": "z", "origin": [7.14544, 5.8304, 8]},
			"faces": {
				"north": {"uv": [2, 3, 2.5, 4], "texture": "#1"},
				"east": {"uv": [0, 5.75, 0.5, 6.75], "texture": "#1"},
				"south": {"uv": [5.75, 5, 6.25, 6], "texture": "#1"},
				"west": {"uv": [5.25, 6, 5.75, 7], "texture": "#1"},
				"up": {"uv": [8.25, 5, 7.75, 4.5], "texture": "#1"},
				"down": {"uv": [8.25, 5, 7.75, 5.5], "texture": "#1"}
			}
		},
		{
			"from": [6.94188, 5.66602, 6.94],
			"to": [11.06188, 7.78602, 9.06],
			"rotation": {"angle": -45, "axis": "z", "origin": [8.86, 5.52993, 8]},
			"faces": {
				"north": {"uv": [5.75, 6, 6.75, 6.5], "texture": "#1"},
				"east": {"uv": [7.75, 5.5, 8.25, 6], "texture": "#1"},
				"south": {"uv": [2.5, 6.25, 3.5, 6.75], "texture": "#1"},
				"west": {"uv": [7.75, 6, 8.25, 6.5], "texture": "#1"},
				"up": {"uv": [7.25, 5.5, 6.25, 5], "texture": "#1"},
				"down": {"uv": [7.25, 5.5, 6.25, 6], "texture": "#1"}
			}
		},
		{
			"from": [14.29912, -4.00911, 6.94],
			"to": [18.41912, -1.88911, 9.06],
			"rotation": {"angle": 0, "axis": "y", "origin": [15.57576, -4.04712, 8]},
			"faces": {
				"north": {"uv": [6.5, 0, 7.5, 0.5], "texture": "#1"},
				"east": {"uv": [7.75, 6.5, 8.25, 7], "texture": "#1"},
				"south": {"uv": [0.5, 6.5, 1.5, 7], "texture": "#1"},
				"west": {"uv": [0.5, 8, 1, 8.5], "texture": "#1"},
				"up": {"uv": [7.5, 1, 6.5, 0.5], "texture": "#1"},
				"down": {"uv": [7.5, 1, 6.5, 1.5], "texture": "#1"}
			}
		},
		{
			"from": [13.39184, -6.80176, 6.96],
			"to": [15.47184, -2.72176, 9.04],
			"rotation": {"angle": 22.5, "axis": "z", "origin": [15.57576, -4.04712, 8]},
			"faces": {
				"north": {"uv": [1.5, 6.5, 2, 7.5], "texture": "#1"},
				"east": {"uv": [6.5, 1.5, 7, 2.5], "texture": "#1"},
				"south": {"uv": [2, 6.5, 2.5, 7.5], "texture": "#1"},
				"west": {"uv": [6.5, 2.5, 7, 3.5], "texture": "#1"},
				"up": {"uv": [8.5, 1, 8, 0.5], "texture": "#1"},
				"down": {"uv": [1.5, 8, 1, 8.5], "texture": "#1"}
			}
		},
		{
			"from": [13.39184, 22.22176, 6.96],
			"to": [15.47184, 26.30176, 9.04],
			"rotation": {"angle": -22.5, "axis": "z", "origin": [15.57576, 23.54712, 8]},
			"faces": {
				"north": {"uv": [5.75, 6.5, 6.25, 7.5], "texture": "#1"},
				"east": {"uv": [6.25, 6.5, 6.75, 7.5], "texture": "#1"},
				"south": {"uv": [0, 6.75, 0.5, 7.75], "texture": "#1"},
				"west": {"uv": [2.5, 6.75, 3, 7.75], "texture": "#1"},
				"up": {"uv": [8.5, 1.5, 8, 1], "texture": "#1"},
				"down": {"uv": [8.5, 1.5, 8, 2], "texture": "#1"}
			}
		},
		{
			"from": [14.29912, 21.38911, 6.94],
			"to": [18.51912, 23.50911, 9.06],
			"rotation": {"angle": 0, "axis": "y", "origin": [15.57576, 23.54712, 8]},
			"faces": {
				"north": {"uv": [6.75, 3.5, 7.75, 4], "texture": "#1"},
				"east": {"uv": [8, 2, 8.5, 2.5], "texture": "#1"},
				"south": {"uv": [6.75, 4, 7.75, 4.5], "texture": "#1"},
				"west": {"uv": [8, 2.5, 8.5, 3], "texture": "#1"},
				"up": {"uv": [5.25, 7.25, 4.25, 6.75], "texture": "#1"},
				"down": {"uv": [7.75, 4.5, 6.75, 5], "texture": "#1"}
			}
		},
		{
			"from": [6.94188, 11.71398, 6.94],
			"to": [11.06188, 13.83398, 9.06],
			"rotation": {"angle": 45, "axis": "z", "origin": [8.86, 13.97007, 8]},
			"faces": {
				"north": {"uv": [6.75, 6, 7.75, 6.5], "texture": "#1"},
				"east": {"uv": [8, 3, 8.5, 3.5], "texture": "#1"},
				"south": {"uv": [6.75, 6.5, 7.75, 7], "texture": "#1"},
				"west": {"uv": [3.5, 8, 4, 8.5], "texture": "#1"},
				"up": {"uv": [1.5, 7.5, 0.5, 7], "texture": "#1"},
				"down": {"uv": [8, 1.5, 7, 2], "texture": "#1"}
			}
		},
		{
			"from": [6.10544, 11.6296, 6.96],
			"to": [8.18544, 15.7096, 9.04],
			"rotation": {"angle": 22.5, "axis": "z", "origin": [7.14544, 13.6696, 8]},
			"faces": {
				"north": {"uv": [3, 6.75, 3.5, 7.75], "texture": "#1"},
				"east": {"uv": [7, 2, 7.5, 3], "texture": "#1"},
				"south": {"uv": [3.5, 7, 4, 8], "texture": "#1"},
				"west": {"uv": [5.25, 7, 5.75, 8], "texture": "#1"},
				"up": {"uv": [5.5, 8.5, 5, 8], "texture": "#1"},
				"down": {"uv": [6, 8, 5.5, 8.5], "texture": "#1"}
			}
		},
		{
			"from": [8.74184, 18.12176, 6.96],
			"to": [10.82184, 22.20176, 9.04],
			"rotation": {"angle": 0, "axis": "y", "origin": [10.92576, 19.44712, 8]},
			"faces": {
				"north": {"uv": [6.75, 7, 7.25, 8], "texture": "#1"},
				"east": {"uv": [4, 7.25, 4.5, 8.25], "texture": "#1"},
				"south": {"uv": [4.5, 7.25, 5, 8.25], "texture": "#1"},
				"west": {"uv": [7.25, 5, 7.75, 6], "texture": "#1"},
				"up": {"uv": [6.5, 8.5, 6, 8], "texture": "#1"},
				"down": {"uv": [7, 8, 6.5, 8.5], "texture": "#1"}
			}
		},
		{
			"from": [9.64912, 0.09089, 6.94],
			"to": [13.76912, 2.21089, 9.06],
			"rotation": {"angle": -22.5, "axis": "z", "origin": [10.92576, 0.05288, 8]},
			"faces": {
				"north": {"uv": [7, 3, 8, 3.5], "texture": "#1"},
				"east": {"uv": [7, 8, 7.5, 8.5], "texture": "#1"},
				"south": {"uv": [7.25, 7, 8.25, 7.5], "texture": "#1"},
				"west": {"uv": [7.5, 8, 8, 8.5], "texture": "#1"},
				"up": {"uv": [8.5, 0.5, 7.5, 0], "texture": "#1"},
				"down": {"uv": [1.5, 7.5, 0.5, 8], "texture": "#1"}
			}
		},
		{
			"from": [8.74184, -2.70176, 6.96],
			"to": [10.82184, 1.37824, 9.04],
			"rotation": {"angle": 0, "axis": "y", "origin": [10.92576, 0.05288, 8]},
			"faces": {
				"north": {"uv": [7.5, 0.5, 8, 1.5], "texture": "#1"},
				"east": {"uv": [1.5, 7.5, 2, 8.5], "texture": "#1"},
				"south": {"uv": [2, 7.5, 2.5, 8.5], "texture": "#1"},
				"west": {"uv": [7.5, 2, 8, 3], "texture": "#1"},
				"up": {"uv": [8.5, 8.5, 8, 8], "texture": "#1"},
				"down": {"uv": [0.5, 8.25, 0, 8.75], "texture": "#1"}
			}
		},
		{
			"from": [9.64912, 17.28911, 6.94],
			"to": [13.86912, 19.40911, 9.06],
			"rotation": {"angle": 22.5, "axis": "z", "origin": [10.92576, 19.44712, 8]},
			"faces": {
				"north": {"uv": [5.75, 7.5, 6.75, 8], "texture": "#1"},
				"east": {"uv": [2.5, 8.25, 3, 8.75], "texture": "#1"},
				"south": {"uv": [7.25, 7.5, 8.25, 8], "texture": "#1"},
				"west": {"uv": [3, 8.25, 3.5, 8.75], "texture": "#1"},
				"up": {"uv": [3.5, 8.25, 2.5, 7.75], "texture": "#1"},
				"down": {"uv": [8.75, 3.5, 7.75, 4], "texture": "#1"}
			}
		},
		{
			"from": [6.999, 13.749, 6.999],
			"to": [9.001, 19.751, 9.001],
			"rotation": {"angle": -22.5, "axis": "z", "origin": [7, 13.75, 8]},
			"faces": {
				"north": {"uv": [3.75, 4, 4.25, 5.5], "texture": "#1"},
				"east": {"uv": [4.25, 3.75, 4.75, 5.25], "texture": "#1"},
				"south": {"uv": [4.75, 1.5, 5.25, 3], "texture": "#1"},
				"west": {"uv": [2.75, 4.75, 3.25, 6.25], "texture": "#1"},
				"up": {"uv": [4.5, 8.75, 4, 8.25], "texture": "#1"},
				"down": {"uv": [8.75, 4, 8.25, 4.5], "texture": "#1"}
			}
		},
		{
			"from": [9.29556, -5.79458, 7],
			"to": [11.29556, 0.20542, 9],
			"rotation": {"angle": 45, "axis": "z", "origin": [9.29556, 0.20542, 8.001]},
			"faces": {
				"north": {"uv": [3.25, 4.75, 3.75, 6.25], "texture": "#1"},
				"east": {"uv": [4.75, 3.75, 5.25, 5.25], "texture": "#1"},
				"south": {"uv": [0.5, 5, 1, 6.5], "texture": "#1"},
				"west": {"uv": [1, 5, 1.5, 6.5], "texture": "#1"},
				"up": {"uv": [5, 8.75, 4.5, 8.25], "texture": "#1"},
				"down": {"uv": [8.75, 4.5, 8.25, 5], "texture": "#1"}
			}
		},
		{
			"from": [6.999, -0.251, 6.999],
			"to": [9.001, 5.751, 9.001],
			"rotation": {"angle": 22.5, "axis": "z", "origin": [7, 5.75, 8]},
			"faces": {
				"north": {"uv": [1.5, 5, 2, 6.5], "texture": "#1"},
				"east": {"uv": [2, 5, 2.5, 6.5], "texture": "#1"},
				"south": {"uv": [5.25, 1.5, 5.75, 3], "texture": "#1"},
				"west": {"uv": [5.25, 3, 5.75, 4.5], "texture": "#1"},
				"up": {"uv": [8.75, 5.5, 8.25, 5], "texture": "#1"},
				"down": {"uv": [8.75, 5.5, 8.25, 6], "texture": "#1"}
			}
		},
		{
			"from": [9.29556, 19.29458, 7],
			"to": [11.29556, 25.29458, 9],
			"rotation": {"angle": -45, "axis": "z", "origin": [9.29556, 19.29458, 8.001]},
			"faces": {
				"north": {"uv": [4.25, 5.25, 4.75, 6.75], "texture": "#1"},
				"east": {"uv": [5.25, 4.5, 5.75, 6], "texture": "#1"},
				"south": {"uv": [4.75, 5.25, 5.25, 6.75], "texture": "#1"},
				"west": {"uv": [3.75, 5.5, 4.25, 7], "texture": "#1"},
				"up": {"uv": [8.75, 6.5, 8.25, 6], "texture": "#1"},
				"down": {"uv": [8.75, 6.5, 8.25, 7], "texture": "#1"}
			}
		},
		{
			"from": [6, 7.75, 6.5],
			"to": [10, 11.75, 9.5],
			"rotation": {"angle": 0, "axis": "y", "origin": [8, 9.75, 8]},
			"faces": {
				"north": {"uv": [3, 2, 4, 3], "texture": "#1"},
				"east": {"uv": [5.75, 1.5, 6.5, 2.5], "texture": "#1"},
				"south": {"uv": [3, 3, 4, 4], "texture": "#1"},
				"west": {"uv": [5.75, 2.5, 6.5, 3.5], "texture": "#1"},
				"up": {"uv": [6.75, 4.25, 5.75, 3.5], "texture": "#1"},
				"down": {"uv": [6.75, 4.25, 5.75, 5], "texture": "#1"}
			}
		},
		{
			"from": [5.999, 7.749, 6.499],
			"to": [10.001, 11.751, 9.501],
			"rotation": {"angle": 45, "axis": "z", "origin": [8, 9.75, 8]},
			"faces": {
				"north": {"uv": [0.5, 2, 1.5, 3], "texture": "#1"},
				"east": {"uv": [2, 4, 2.75, 5], "texture": "#1"},
				"south": {"uv": [1.5, 2, 2.5, 3], "texture": "#1"},
				"west": {"uv": [4, 2, 4.75, 3], "texture": "#1"},
				"up": {"uv": [3.75, 4.75, 2.75, 4], "texture": "#1"},
				"down": {"uv": [5, 3, 4, 3.75], "texture": "#1"}
			}
		},
		{
			"name": "string-low",
			"from": [13.45241, -2.62301, 8.002],
			"to": [14.45241, 10.37699, 8.002],
			"rotation": {"angle": 0, "axis": "y", "origin": [13.95241, -2.12301, 8.002]},
			"faces": {
				"north": {"uv": [0, 1.5, 0.25, 5.75], "texture": "#1"},
				"east": {"uv": [0, 0, 0, 4.25], "texture": "#1"},
				"south": {"uv": [0.25, 1.5, 0.5, 5.75], "texture": "#1"},
				"west": {"uv": [0, 0, 0, 4.25], "texture": "#1"},
				"up": {"uv": [0.25, 0, 0, 0], "texture": "#1"},
				"down": {"uv": [0.25, 0, 0, 0], "texture": "#1"}
			}
		},
		{
			"name": "string-high",
			"from": [13.45241, 9.12301, 8.001],
			"to": [14.45241, 22.12301, 8.001],
			"rotation": {"angle": 0, "axis": "y", "origin": [13.95241, 21.62301, 8.001]},
			"faces": {
				"north": {"uv": [0.5, 1.5, 4.75, 1.75], "rotation": 270, "texture": "#1"},
				"east": {"uv": [4.25, 0, 0, 0], "rotation": 90, "texture": "#1"},
				"south": {"uv": [0.5, 1.75, 4.75, 2], "rotation": 90, "texture": "#1"},
				"west": {"uv": [4.25, 0, 0, 0], "rotation": 90, "texture": "#1"},
				"up": {"uv": [0, 0, 0, 0.25], "rotation": 90, "texture": "#1"},
				"down": {"uv": [0, 0, 0, 0.25], "rotation": 90, "texture": "#1"}
			}
		},
		{
			"name": "arrow",
			"from": [-9.54759, 8.25, 8.001],
			"to": [16.45241, 11.25, 8.001],
			"rotation": {"angle": 22.5, "axis": "x", "origin": [-3.04759, 9.87301, 8.001]},
			"faces": {
				"north": {"uv": [0, 0, 6.5, 0.75], "texture": "#1"},
				"east": {"uv": [0, 0, 0, 0.75], "texture": "#1"},
				"south": {"uv": [0, 0.75, 6.5, 1.5], "texture": "#1"},
				"west": {"uv": [0, 0, 0, 0.75], "texture": "#1"},
				"up": {"uv": [6.5, 0, 0, 0], "texture": "#1"},
				"down": {"uv": [6.5, 0, 0, 0], "texture": "#1"}
			}
		}
	],
	"gui_light": "front",
	"display": {
		"thirdperson_righthand": {
			"rotation": [-30, -95, -30],
			"translation": [-1, -0.75, 1.25],
			"scale": [0.6, 0.6, 0.6]
		},
		"thirdperson_lefthand": {
			"rotation": [30, 85, -30],
			"translation": [-1, -0.75, 1.25],
			"scale": [0.6, 0.6, 0.6]
		},
		"firstperson_righthand": {
			"rotation": [15, -90, 0],
			"translation": [1, 2.5, 0.25],
			"scale": [0.6, 0.6, 0.6]
		},
		"firstperson_lefthand": {
			"rotation": [15, 90, 0],
			"translation": [1, 2.5, 0.25],
			"scale": [0.6, 0.6, 0.6]
		},
		"ground": {
			"rotation": [0, 0, -45],
			"translation": [0, 4.75, 0],
			"scale": [0.3, 0.3, 0.3]
		},
		"gui": {
			"rotation": [0, 0, -45],
			"translation": [-3.6, 2.1, -0.75],
			"scale": [0.615, 0.615, 0.615]
		},
		"head": {
			"rotation": [0, 0, -90],
			"translation": [-1, 9, 0.75],
			"scale": [0.6, 0.6, 0.6]
		},
		"fixed": {
			"rotation": [0, -180, -45],
			"translation": [3.25, 2, 0.75],
			"scale": [0.55, 0.55, 0.55]
		}
	},
	"groups": [
		{
			"name": "bow",
			"origin": [8, 8, 8],
			"color": 0,
			"children": [
				{
					"name": "bow",
					"origin": [8, 8, 8],
					"color": 0,
					"children": [
						{
							"name": "pommel",
							"origin": [8, 8, 8],
							"color": 0,
							"children": []
						},
						{
							"name": "grip",
							"origin": [8, 8, 8],
							"color": 0,
							"children": [
								{
									"name": "handle",
									"origin": [8, 8, 8],
									"color": 0,
									"children": []
								}
							]
						},
						{
							"name": "guard",
							"origin": [8, 8, 8],
							"color": 0,
							"children": [
								{
									"name": "cross-guard",
									"origin": [8, 8, 8],
									"color": 0,
									"children": [
										{
											"name": "gem1",
											"origin": [8, 8, 8],
											"color": 0,
											"children": []
										},
										{
											"name": "gem2",
											"origin": [8, 8, 8],
											"color": 0,
											"children": []
										},
										{
											"name": "blade",
											"origin": [8, 8, 8],
											"color": 0,
											"children": [0, 1, 2, 3, 4, 5, 6, 7, 8, 9, 10, 11, 12, 13, 14, 15, 16, 17, 18]
										}
									]
								}
							]
						}
					]
				},
				{
					"name": "string",
					"origin": [8, 8, 8],
					"color": 0,
					"children": [19, 20]
				},
				{
					"name": "arrow",
					"origin": [8, 8, 8],
					"color": 0,
					"children": [21]
				}
			]
		}
	]
}