{
    "model": {
        "type": "range_dispatch",
        "property": "custom_model_data",
        "fallback": {
            "type": "model",
            "model": "item/cookie"
        },
        "entries": [
            {
                "threshold": 1,
                "model": {
                    "type": "model",
                    "model": "littleroom_halloween2:candy/candy_blue"
                }
            },
            {
                "threshold": 2,
                "model": {
                    "type": "model",
                    "model": "littleroom_halloween2:candy/candy_red"
                }
            },
            {
                "threshold": 3,
                "model": {
                    "type": "model",
                    "model": "littleroom_halloween2:candy/candy_green"
                }
            },
            {
                "threshold": 4,
                "model": {
                    "type": "model",
                    "model": "littleroom_halloween2:candy/candy_yellow"
                }
            }
        ]
    }
}