{
    "model": {
        "type": "range_dispatch",
        "property": "custom_model_data",
        "fallback": {
            "type": "model",
            "model": "item/paper"
        },
        "entries": [
            {
                "threshold": 1,
                "model": {
                    "type": "model",
                    "model": "paper/basket"
                }
            },
            {
                "threshold": 2,
                "model": {
                    "type": "model",
                    "model": "paper/bed"
                }
            },
            {
                "threshold": 3,
                "model": {
                    "type": "model",
                    "model": "paper/bedside_table"
                }
            },
            {
                "threshold": 4,
                "model": {
                    "type": "model",
                    "model": "paper/bench"
                }
            },
            {
                "threshold": 5,
                "model": {
                    "type": "model",
                    "model": "paper/boxes"
                }
            },
            {
                "threshold": 6,
                "model": {
                    "type": "model",
                    "model": "paper/candel"
                }
            },
            {
                "threshold": 7,
                "model": {
                    "type": "model",
                    "model": "paper/candlefire"
                }
            },
            {
                "threshold": 8,
                "model": {
                    "type": "model",
                    "model": "paper/candlestick"
                }
            },
            {
                "threshold": 9,
                "model": {
                    "type": "model",
                    "model": "paper/cart"
                }
            },
            {
                "threshold": 10,
                "model": {
                    "type": "model",
                    "model": "paper/cart_two"
                }
            },
            {
                "threshold": 11,
                "model": {
                    "type": "model",
                    "model": "paper/chair"
                }
            },
            {
                "threshold": 12,
                "model": {
                    "type": "model",
                    "model": "paper/chair_blue"
                }
            },
            {
                "threshold": 13,
                "model": {
                    "type": "model",
                    "model": "paper/chair_green"
                }
            },
            {
                "threshold": 14,
                "model": {
                    "type": "model",
                    "model": "paper/chair_three"
                }
            },
            {
                "threshold": 15,
                "model": {
                    "type": "model",
                    "model": "paper/chair_two"
                }
            },
            {
                "threshold": 16,
                "model": {
                    "type": "model",
                    "model": "paper/chair_yellow"
                }
            },
            {
                "threshold": 17,
                "model": {
                    "type": "model",
                    "model": "paper/chandelier"
                }
            },
            {
                "threshold": 18,
                "model": {
                    "type": "model",
                    "model": "paper/chest"
                }
            },
            {
                "threshold": 19,
                "model": {
                    "type": "model",
                    "model": "paper/coach"
                }
            },
            {
                "threshold": 20,
                "model": {
                    "type": "model",
                    "model": "paper/desk"
                }
            },
            {
                "threshold": 21,
                "model": {
                    "type": "model",
                    "model": "paper/flowerpot"
                }
            },
            {
                "threshold": 22,
                "model": {
                    "type": "model",
                    "model": "paper/fruit_basket"
                }
            },
            {
                "threshold": 23,
                "model": {
                    "type": "model",
                    "model": "paper/kotatsu"
                }
            },
            {
                "threshold": 24,
                "model": {
                    "type": "model",
                    "model": "paper/lamp"
                }
            },
            {
                "threshold": 25,
                "model": {
                    "type": "model",
                    "model": "paper/leaves"
                }
            },
            {
                "threshold": 26,
                "model": {
                    "type": "model",
                    "model": "paper/medieval_market_bag"
                }
            },
            {
                "threshold": 27,
                "model": {
                    "type": "model",
                    "model": "paper/medieval_market_barrel"
                }
            },
            {
                "threshold": 28,
                "model": {
                    "type": "model",
                    "model": "paper/medieval_market_bath"
                }
            },
            {
                "threshold": 29,
                "model": {
                    "type": "model",
                    "model": "paper/medieval_market_bed"
                }
            },
            {
                "threshold": 30,
                "model": {
                    "type": "model",
                    "model": "paper/medieval_market_bench"
                }
            },
            {
                "threshold": 31,
                "model": {
                    "type": "model",
                    "model": "paper/medieval_market_box"
                }
            },
            {
                "threshold": 32,
                "model": {
                    "type": "model",
                    "model": "paper/medieval_market_box_apples"
                }
            },
            {
                "threshold": 33,
                "model": {
                    "type": "model",
                    "model": "paper/medieval_market_box_bread"
                }
            },
            {
                "threshold": 34,
                "model": {
                    "type": "model",
                    "model": "paper/medieval_market_campfire"
                }
            },
            {
                "threshold": 35,
                "model": {
                    "type": "model",
                    "model": "paper/medieval_market_chair"
                }
            },
            {
                "threshold": 36,
                "model": {
                    "type": "model",
                    "model": "paper/medieval_market_chest"
                }
            },
            {
                "threshold": 37,
                "model": {
                    "type": "model",
                    "model": "paper/medieval_market_direction_sign"
                }
            },
            {
                "threshold": 38,
                "model": {
                    "type": "model",
                    "model": "paper/medieval_market_hangingpot"
                }
            },
            {
                "threshold": 39,
                "model": {
                    "type": "model",
                    "model": "paper/medieval_market_haybales"
                }
            },
            {
                "threshold": 40,
                "model": {
                    "type": "model",
                    "model": "paper/medieval_market_lantern"
                }
            },
            {
                "threshold": 41,
                "model": {
                    "type": "model",
                    "model": "paper/medieval_market_lantern_big"
                }
            },
            {
                "threshold": 42,
                "model": {
                    "type": "model",
                    "model": "paper/medieval_market_lantern_small"
                }
            },
            {
                "threshold": 43,
                "model": {
                    "type": "model",
                    "model": "paper/medieval_market_marketstall_purple"
                }
            },
            {
                "threshold": 44,
                "model": {
                    "type": "model",
                    "model": "paper/medieval_market_marketstall_red"
                }
            },
            {
                "threshold": 45,
                "model": {
                    "type": "model",
                    "model": "paper/medieval_market_open_chest"
                }
            },
            {
                "threshold": 46,
                "model": {
                    "type": "model",
                    "model": "paper/medieval_market_pot"
                }
            },
            {
                "threshold": 47,
                "model": {
                    "type": "model",
                    "model": "paper/medieval_market_scarecrow"
                }
            },
            {
                "threshold": 48,
                "model": {
                    "type": "model",
                    "model": "paper/medieval_market_stalltable"
                }
            },
            {
                "threshold": 49,
                "model": {
                    "type": "model",
                    "model": "paper/medieval_market_stool"
                }
            },
            {
                "threshold": 50,
                "model": {
                    "type": "model",
                    "model": "paper/medieval_market_table"
                }
            },
            {
                "threshold": 51,
                "model": {
                    "type": "model",
                    "model": "paper/medieval_market_wagon2"
                }
            },
            {
                "threshold": 52,
                "model": {
                    "type": "model",
                    "model": "paper/medieval_market_wagon_purple"
                }
            },
            {
                "threshold": 53,
                "model": {
                    "type": "model",
                    "model": "paper/medieval_market_wagon_red"
                }
            },
            {
                "threshold": 54,
                "model": {
                    "type": "model",
                    "model": "paper/medieval_market_wall_lantern"
                }
            },
            {
                "threshold": 55,
                "model": {
                    "type": "model",
                    "model": "paper/medieval_market_well"
                }
            },
            {
                "threshold": 56,
                "model": {
                    "type": "model",
                    "model": "paper/medieval_market_wood_pile"
                }
            },
            {
                "threshold": 57,
                "model": {
                    "type": "model",
                    "model": "paper/outdoor_bench"
                }
            },
            {
                "threshold": 58,
                "model": {
                    "type": "model",
                    "model": "paper/outdoor_chair"
                }
            },
            {
                "threshold": 59,
                "model": {
                    "type": "model",
                    "model": "paper/outdoor_doghut"
                }
            },
            {
                "threshold": 60,
                "model": {
                    "type": "model",
                    "model": "paper/outdoor_grill"
                }
            },
            {
                "threshold": 61,
                "model": {
                    "type": "model",
                    "model": "paper/outdoor_lawnmower"
                }
            },
            {
                "threshold": 62,
                "model": {
                    "type": "model",
                    "model": "paper/outdoor_picnictable"
                }
            },
            {
                "threshold": 63,
                "model": {
                    "type": "model",
                    "model": "paper/outdoor_pool"
                }
            },
            {
                "threshold": 64,
                "model": {
                    "type": "model",
                    "model": "paper/outdoor_rocks_big"
                }
            },
            {
                "threshold": 65,
                "model": {
                    "type": "model",
                    "model": "paper/outdoor_rocks_medium"
                }
            },
            {
                "threshold": 66,
                "model": {
                    "type": "model",
                    "model": "paper/outdoor_rocks_small"
                }
            },
            {
                "threshold": 67,
                "model": {
                    "type": "model",
                    "model": "paper/outdoor_rocks_tiny"
                }
            },
            {
                "threshold": 68,
                "model": {
                    "type": "model",
                    "model": "paper/outdoor_small_table"
                }
            },
            {
                "threshold": 69,
                "model": {
                    "type": "model",
                    "model": "paper/outdoor_spade"
                }
            },
            {
                "threshold": 70,
                "model": {
                    "type": "model",
                    "model": "paper/outdoor_sunbed"
                }
            },
            {
                "threshold": 71,
                "model": {
                    "type": "model",
                    "model": "paper/outdoor_trampoline"
                }
            },
            {
                "threshold": 72,
                "model": {
                    "type": "model",
                    "model": "paper/outdoor_umbrella"
                }
            },
            {
                "threshold": 73,
                "model": {
                    "type": "model",
                    "model": "paper/outdoor_wateringcan"
                }
            },
            {
                "threshold": 74,
                "model": {
                    "type": "model",
                    "model": "paper/outdoor_wheelbarrow"
                }
            },
            {
                "threshold": 75,
                "model": {
                    "type": "model",
                    "model": "paper/pond"
                }
            },
            {
                "threshold": 76,
                "model": {
                    "type": "model",
                    "model": "paper/roomdivider"
                }
            },
            {
                "threshold": 77,
                "model": {
                    "type": "model",
                    "model": "paper/shelf"
                }
            },
            {
                "threshold": 79,
                "model": {
                    "type": "model",
                    "model": "paper/sofa"
                }
            },
            {
                "threshold": 80,
                "model": {
                    "type": "model",
                    "model": "paper/stool"
                }
            },
            {
                "threshold": 81,
                "model": {
                    "type": "model",
                    "model": "paper/storage"
                }
            },
            {
                "threshold": 82,
                "model": {
                    "type": "model",
                    "model": "paper/table"
                }
            },
            {
                "threshold": 83,
                "model": {
                    "type": "model",
                    "model": "paper/table_two"
                }
            },
            {
                "threshold": 84,
                "model": {
                    "type": "model",
                    "model": "paper/table_v1"
                }
            },
            {
                "threshold": 85,
                "model": {
                    "type": "model",
                    "model": "paper/table_v2"
                }
            },
            {
                "threshold": 86,
                "model": {
                    "type": "model",
                    "model": "paper/table_v3"
                }
            },
            {
                "threshold": 87,
                "model": {
                    "type": "model",
                    "model": "paper/torch"
                }
            },
            {
                "threshold": 88,
                "model": {
                    "type": "model",
                    "model": "paper/building_trophy"
                }
            },
            {
                "threshold": 89,
                "model": {
                    "type": "model",
                    "model": "littleroom_halloween2:dolls/frankenstein_doll"
                }
            },
            {
                "threshold": 90,
                "model": {
                    "type": "model",
                    "model": "littleroom_halloween2:dolls/pumpkin_doll"
                }
            },
            {
                "threshold": 91,
                "model": {
                    "type": "model",
                    "model": "littleroom_halloween2:dolls/scarecrow_doll"
                }
            },
            {
                "threshold": 92,
                "model": {
                    "type": "model",
                    "model": "littleroom_halloween2:dolls/witch_doll"
                }
            },
            {
                "threshold": 93,
                "model": {
                    "type": "model",
                    "model": "littleroom_halloween2:extras/frankenstein_head"
                }
            },
            {
                "threshold": 94,
                "model": {
                    "type": "model",
                    "model": "littleroom_halloween2:extras/pumpkin_head"
                }
            },
            {
                "threshold": 95,
                "model": {
                    "type": "model",
                    "model": "littleroom_halloween2:extras/scarecrow_crow"
                }
            },
            {
                "threshold": 96,
                "model": {
                    "type": "model",
                    "model": "littleroom_halloween2:extras/scarecrow_hat"
                }
            },
            {
                "threshold": 97,
                "model": {
                    "type": "model",
                    "model": "littleroom_halloween2:extras/scarecrow_scythe"
                }
            },
            {
                "threshold": 98,
                "model": {
                    "type": "model",
                    "model": "littleroom_halloween2:extras/witch_broom"
                }
            },
            {
                "threshold": 99,
                "model": {
                    "type": "model",
                    "model": "littleroom_halloween2:extras/witch_hat"
                }
            },
            {
                "threshold": 101,
                "model": {
                    "type": "model",
                    "model": "paper/carnivoret_hat"
                }
            },
            {
                "threshold": 102,
                "model": {
                    "type": "model",
                    "model": "paper/carnivoret_wing"
                }
            },            
            {
                "threshold": 704,
                "model": {
                    "type": "model",
                    "model": "paper/scroll_1"
                }
            },
            {
                "threshold": 705,
                "model": {
                    "type": "model",
                    "model": "paper/scroll_2"
                }
            },
            {
                "threshold": 706,
                "model": {
                    "type": "model",
                    "model": "paper/scroll_3"
                }
            },
            {
                "threshold": 703,
                "model": {
                    "type": "model",
                    "model": "paper/scroll_3"
                }
            }
        ]
    }
}