{
	"credit": "Made with Blockbench",
	"texture_size": [64, 64],
	"textures": {
		"0": "netherite_sword/purple_dragon_sword"
	},
	"elements": [
		{
			"from": [6, -8.55, 6],
			"to": [10, -4.55, 10],
			"rotation": {"angle": -45, "axis": "z", "origin": [8, -6.55, 8]},
			"faces": {
				"north": {"uv": [7.75, 7.75, 8.75, 8.75], "texture": "#0"},
				"east": {"uv": [0, 8.25, 1, 9.25], "texture": "#0"},
				"south": {"uv": [1, 8.25, 2, 9.25], "texture": "#0"},
				"west": {"uv": [8.25, 3.75, 9.25, 4.75], "texture": "#0"},
				"up": {"uv": [5, 9.25, 4, 8.25], "texture": "#0"},
				"down": {"uv": [6, 8.25, 5, 9.25], "texture": "#0"}
			}
		},
		{
			"from": [6, 6, 6],
			"to": [10, 10, 10],
			"rotation": {"angle": 45, "axis": "z", "origin": [8, 8, 8]},
			"faces": {
				"north": {"uv": [6, 8.25, 7, 9.25], "texture": "#0"},
				"east": {"uv": [8.5, 4.75, 9.5, 5.75], "texture": "#0"},
				"south": {"uv": [8.5, 5.75, 9.5, 6.75], "texture": "#0"},
				"west": {"uv": [8.5, 6.75, 9.5, 7.75], "texture": "#0"},
				"up": {"uv": [8.75, 9.75, 7.75, 8.75], "texture": "#0"},
				"down": {"uv": [9.75, 7.75, 8.75, 8.75], "texture": "#0"}
			}
		},
		{
			"from": [5.5, 9, 7],
			"to": [10.5, 20, 9],
			"rotation": {"angle": 0, "axis": "y", "origin": [0, 6, 7]},
			"faces": {
				"north": {"uv": [0, 5.5, 1.25, 8.25], "texture": "#0"},
				"east": {"uv": [4, 5.5, 4.5, 8.25], "texture": "#0"},
				"south": {"uv": [1.25, 5.5, 2.5, 8.25], "texture": "#0"},
				"west": {"uv": [4.5, 5.5, 5, 8.25], "texture": "#0"},
				"up": {"uv": [10, 9.25, 8.75, 8.75], "texture": "#0"},
				"down": {"uv": [10.25, 0, 9, 0.5], "texture": "#0"}
			}
		},
		{
			"from": [6.5, 20, 7.5],
			"to": [9.5, 29, 8.5],
			"rotation": {"angle": 0, "axis": "y", "origin": [0, 17, 7]},
			"faces": {
				"north": {"uv": [2.5, 5.5, 3.25, 7.75], "texture": "#0"},
				"east": {"uv": [4.75, 9.25, 5, 11.5], "texture": "#0"},
				"south": {"uv": [3.25, 5.5, 4, 7.75], "texture": "#0"},
				"west": {"uv": [5, 9.25, 5.25, 11.5], "texture": "#0"},
				"up": {"uv": [8.25, 5.5, 7.5, 5.25], "texture": "#0"},
				"down": {"uv": [10.25, 7.5, 9.5, 7.75], "texture": "#0"}
			}
		},
		{
			"from": [6.5, 28, 7.475],
			"to": [9.5, 31, 8.525],
			"rotation": {"angle": 45, "axis": "z", "origin": [8, 29.5, 8]},
			"faces": {
				"north": {"uv": [6.75, 9.25, 7.5, 10], "texture": "#0"},
				"east": {"uv": [2, 8.25, 2.5, 9], "texture": "#0"},
				"south": {"uv": [8.75, 9.25, 9.5, 10], "texture": "#0"},
				"west": {"uv": [9.5, 4.25, 10, 5], "texture": "#0"},
				"up": {"uv": [10.25, 5.5, 9.5, 5], "texture": "#0"},
				"down": {"uv": [10.25, 5.5, 9.5, 6], "texture": "#0"}
			}
		},
		{
			"from": [0.5, 10, 8],
			"to": [15.5, 32, 8],
			"rotation": {"angle": 0, "axis": "y", "origin": [0, 6, 7]},
			"faces": {
				"north": {"uv": [0, 0, 3.75, 5.5], "texture": "#0"},
				"east": {"uv": [0, 0, 0, 5.5], "texture": "#0"},
				"south": {"uv": [3.75, 0, 7.5, 5.5], "texture": "#0"},
				"west": {"uv": [0, 0, 0, 5.5], "texture": "#0"},
				"up": {"uv": [3.75, 0, 0, 0], "texture": "#0"},
				"down": {"uv": [3.75, 0, 0, 0], "texture": "#0"}
			}
		},
		{
			"from": [7, -4.75, 7],
			"to": [9, 6.25, 9],
			"rotation": {"angle": 0, "axis": "y", "origin": [0, 5.75, 7]},
			"faces": {
				"north": {"uv": [5, 5.5, 5.5, 8.25], "texture": "#0"},
				"east": {"uv": [5.5, 5.5, 6, 8.25], "texture": "#0"},
				"south": {"uv": [6, 5.5, 6.5, 8.25], "texture": "#0"},
				"west": {"uv": [6.5, 5.5, 7, 8.25], "texture": "#0"},
				"up": {"uv": [10, 6.5, 9.5, 6], "texture": "#0"},
				"down": {"uv": [10, 6.5, 9.5, 7], "texture": "#0"}
			}
		},
		{
			"from": [6.75, -2.75, 6.75],
			"to": [9.25, 3.25, 9.25],
			"rotation": {"angle": 0, "axis": "y", "origin": [0, 5.75, 7]},
			"faces": {
				"north": {"uv": [7.5, 3.75, 8.25, 5.25], "texture": "#0"},
				"east": {"uv": [2.5, 7.75, 3.25, 9.25], "texture": "#0"},
				"south": {"uv": [3.25, 7.75, 4, 9.25], "texture": "#0"},
				"west": {"uv": [7, 7.75, 7.75, 9.25], "texture": "#0"},
				"up": {"uv": [6, 10, 5.25, 9.25], "texture": "#0"},
				"down": {"uv": [6.75, 9.25, 6, 10], "texture": "#0"}
			}
		},
		{
			"from": [1.93507, 7.95775, 6.5],
			"to": [7.93507, 10.95775, 9.5],
			"rotation": {"angle": -22.5, "axis": "z", "origin": [3.18507, 8.45775, 8.5]},
			"faces": {
				"north": {"uv": [7, 5.5, 8.5, 6.25], "texture": "#0"},
				"east": {"uv": [2.5, 9.25, 3.25, 10], "texture": "#0"},
				"south": {"uv": [7, 6.25, 8.5, 7], "texture": "#0"},
				"west": {"uv": [3.25, 9.25, 4, 10], "texture": "#0"},
				"up": {"uv": [8.5, 7.75, 7, 7], "texture": "#0"},
				"down": {"uv": [9, 0, 7.5, 0.75], "texture": "#0"}
			}
		},
		{
			"from": [-2.20545, 9.77863, 7],
			"to": [2.79455, 11.77863, 9],
			"rotation": {"angle": -22.5, "axis": "z", "origin": [0.29455, 11.27863, 7.5]},
			"faces": {
				"north": {"uv": [9, 0.5, 10.25, 1], "texture": "#0"},
				"east": {"uv": [9.5, 7, 10, 7.5], "texture": "#0"},
				"south": {"uv": [9, 1, 10.25, 1.5], "texture": "#0"},
				"west": {"uv": [9.5, 9.25, 10, 9.75], "texture": "#0"},
				"up": {"uv": [10.25, 2, 9, 1.5], "texture": "#0"},
				"down": {"uv": [10.25, 2, 9, 2.5], "texture": "#0"}
			}
		},
		{
			"from": [8.06493, 7.95775, 6.5],
			"to": [14.06493, 10.95775, 9.5],
			"rotation": {"angle": 22.5, "axis": "z", "origin": [12.81493, 8.45775, 8]},
			"faces": {
				"north": {"uv": [7.5, 0.75, 9, 1.5], "texture": "#0"},
				"east": {"uv": [9.25, 3.5, 10, 4.25], "texture": "#0"},
				"south": {"uv": [7.5, 1.5, 9, 2.25], "texture": "#0"},
				"west": {"uv": [4, 9.25, 4.75, 10], "texture": "#0"},
				"up": {"uv": [9, 3, 7.5, 2.25], "texture": "#0"},
				"down": {"uv": [9, 3, 7.5, 3.75], "texture": "#0"}
			}
		},
		{
			"from": [13.01411, 9.74057, 7],
			"to": [18.01411, 11.74057, 9],
			"rotation": {"angle": 22.5, "axis": "z", "origin": [15.51411, 11.74057, 5.75]},
			"faces": {
				"north": {"uv": [9, 2.5, 10.25, 3], "texture": "#0"},
				"east": {"uv": [0, 9.75, 0.5, 10.25], "texture": "#0"},
				"south": {"uv": [9, 3, 10.25, 3.5], "texture": "#0"},
				"west": {"uv": [0.5, 9.75, 1, 10.25], "texture": "#0"},
				"up": {"uv": [1.25, 9.75, 0, 9.25], "texture": "#0"},
				"down": {"uv": [2.5, 9.25, 1.25, 9.75], "texture": "#0"}
			}
		}
	],
	"gui_light": "front",
	"display": {
		"thirdperson_righthand": {
			"rotation": [0, 90, 0],
			"translation": [0, 3.5, 1.75],
			"scale": [0.75, 0.75, 0.75]
		},
		"thirdperson_lefthand": {
			"rotation": [0, 90, 0],
			"translation": [0, 3.5, 1.75],
			"scale": [0.75, 0.75, 0.75]
		},
		"firstperson_righthand": {
			"rotation": [4.25, 90, 0],
			"translation": [3, 2.5, 0.25],
			"scale": [0.5, 0.5, 0.5]
		},
		"firstperson_lefthand": {
			"rotation": [4.25, 90, 0],
			"translation": [3, 2.5, 0.25],
			"scale": [0.5, 0.5, 0.5]
		},
		"ground": {
			"rotation": [0, 0, 45],
			"translation": [0, 5.5, 0],
			"scale": [0.4, 0.4, 0.4]
		},
		"gui": {
			"rotation": [0, 0, -45],
			"translation": [-1, -1.5, 0],
			"scale": [0.5, 0.5, 0.5]
		},
		"fixed": {
			"rotation": [0, 0, 45],
			"translation": [-1.25, 1.5, -0.5],
			"scale": [0.6, 0.6, 0.6]
		}
	}
}