{"credit":"MadewithBlockbench","texture_size":[32,32],"textures":{"0":"netherite_sword/sword_cold_blood_effect","1":"netherite_sword/sword_cold_blood_effect2","2":"netherite_sword/sword_cold_blood_core","3":"netherite_sword/sword_cold_blood","particle":"netherite_sword/sword_cold_blood_effect"},"elements":[{"from":[7.5,-10.29584,13.99261],"to":[8.5,-8.29584,14.99261],"rotation":{"angle":22.5,"axis":"x","origin":[8,8,8]},"faces":{"north":{"uv":[4,13,4.5,14],"texture":"#3"},"east":{"uv":[13,4,13.5,5],"texture":"#3"},"south":{"uv":[5.5,13,6,14],"texture":"#3"},"west":{"uv":[13,3,13.5,4],"texture":"#3"},"up":{"uv":[14,3.5,13.5,3],"rotation":270,"texture":"#3"},"down":{"uv":[4,13.5,3.5,14],"rotation":90,"texture":"#3"}}},{"from":[7.5,-9.17453,-0.6997],"to":[8.5,-8.17453,1.3003],"rotation":{"angle":-22.5,"axis":"x","origin":[8,8,8]},"faces":{"north":{"uv":[13.5,2.5,14,3],"texture":"#3"},"east":{"uv":[13,1,14,1.5],"texture":"#3"},"south":{"uv":[3,13.5,3.5,14],"texture":"#3"},"west":{"uv":[0,13,1,13.5],"texture":"#3"},"up":{"uv":[14,2,13,1.5],"rotation":270,"texture":"#3"},"down":{"uv":[4,13,3,13.5],"rotation":90,"texture":"#3"}}},{"from":[7.5,-10.29585,1.0074],"to":[8.5,-8.29585,2.0074],"rotation":{"angle":-22.5,"axis":"x","origin":[8,8,8]},"faces":{"north":{"uv":[11.5,12.5,12,13.5],"texture":"#3"},"east":{"uv":[12,12.5,12.5,13.5],"texture":"#3"},"south":{"uv":[12.5,12.5,13,13.5],"texture":"#3"},"west":{"uv":[12.5,10.5,13,11.5],"texture":"#3"},"up":{"uv":[14,2.5,13.5,2],"rotation":270,"texture":"#3"},"down":{"uv":[3,13.5,2.5,14],"rotation":90,"texture":"#3"}}},{"from":[7.5,-9.17452,14.69971],"to":[8.5,-8.17452,16.69971],"rotation":{"angle":22.5,"axis":"x","origin":[8,8,8]},"faces":{"north":{"uv":[1.5,13.5,2,14],"texture":"#3"},"east":{"uv":[12.5,9.5,13.5,10],"texture":"#3"},"south":{"uv":[2,13.5,2.5,14],"texture":"#3"},"west":{"uv":[12.5,9,13.5,9.5],"texture":"#3"},"up":{"uv":[13.5,10.5,12.5,10],"rotation":270,"texture":"#3"},"down":{"uv":[11.5,12.5,10.5,13],"rotation":90,"texture":"#3"}}},{"from":[7.275,2.12055,2.12056],"to":[8.725,4.12055,4.12056],"rotation":{"angle":-45,"axis":"x","origin":[8,8,8]},"faces":{"north":{"uv":[8,12.5,8.5,13.5],"texture":"#3"},"east":{"uv":[10,3,11,4],"texture":"#3"},"south":{"uv":[8.5,12.5,9,13.5],"texture":"#3"},"west":{"uv":[10,2,11,3],"texture":"#3"},"up":{"uv":[13.5,6.5,12.5,6],"rotation":270,"texture":"#3"},"down":{"uv":[13.5,8.5,12.5,9],"rotation":90,"texture":"#3"}}},{"from":[7,-1.37945,-1.37944],"to":[9,0.62055,0.62056],"rotation":{"angle":-45,"axis":"x","origin":[8,8,8]},"faces":{"north":{"uv":[4,9.5,5,10.5],"texture":"#3"},"east":{"uv":[5,9.5,6,10.5],"texture":"#3"},"south":{"uv":[9.5,7,10.5,8],"texture":"#3"},"west":{"uv":[3,9.5,4,10.5],"texture":"#3"},"up":{"uv":[11,1,10,0],"rotation":270,"texture":"#3"},"down":{"uv":[11,1,10,2],"rotation":90,"texture":"#3"}}},{"from":[7,-5.37945,-5.37944],"to":[9,-3.37945,-3.37944],"rotation":{"angle":-45,"axis":"x","origin":[8,8,8]},"faces":{"north":{"uv":[9,6,10,7],"texture":"#3"},"east":{"uv":[7,9,8,10],"texture":"#3"},"south":{"uv":[8,9,9,10],"texture":"#3"},"west":{"uv":[6,9,7,10],"texture":"#3"},"up":{"uv":[10,9,9,8],"rotation":270,"texture":"#3"},"down":{"uv":[10,9,9,10],"rotation":90,"texture":"#3"}}},{"from":[7.7505,19.88922,-5.30343],"to":[8.2505,22.21422,-4.80343],"rotation":{"angle":45,"axis":"x","origin":[8,8,8]},"faces":{"north":{"uv":[7,12.5,7.5,13.5],"texture":"#3"},"east":{"uv":[12.5,7,13,8],"texture":"#3"},"south":{"uv":[7.5,12.5,8,13.5],"texture":"#3"},"west":{"uv":[5,12.5,5.5,13.5],"texture":"#3"},"up":{"uv":[14,1,13.5,0.5],"rotation":270,"texture":"#3"},"down":{"uv":[1.5,13.5,1,14],"rotation":90,"texture":"#3"}}},{"from":[7.7505,25.81389,7.50001],"to":[8.2505,26.11389,8.00001],"rotation":{"angle":0,"axis":"y","origin":[8,8,8]},"faces":{"north":{"uv":[13,12.5,13.5,13],"texture":"#3"},"east":{"uv":[13,13,13.5,13.5],"texture":"#3"},"south":{"uv":[0,13.5,0.5,14],"texture":"#3"},"west":{"uv":[13,12,13.5,12.5],"texture":"#3"},"up":{"uv":[14,0.5,13.5,0],"rotation":270,"texture":"#3"},"down":{"uv":[1,13.5,0.5,14],"rotation":90,"texture":"#3"}}},{"from":[7.7505,25.81389,8.00001],"to":[8.2505,26.61389,8.50001],"rotation":{"angle":0,"axis":"y","origin":[8,8,8]},"faces":{"north":{"uv":[10.5,13,11,13.5],"texture":"#3"},"east":{"uv":[13,10.5,13.5,11],"texture":"#3"},"south":{"uv":[11,13,11.5,13.5],"texture":"#3"},"west":{"uv":[10,13,10.5,13.5],"texture":"#3"},"up":{"uv":[13.5,11.5,13,11],"rotation":270,"texture":"#3"},"down":{"uv":[13.5,11.5,13,12],"rotation":90,"texture":"#3"}}},{"from":[7.7505,25.81389,8.50001],"to":[8.2505,27.11389,9.00001],"rotation":{"angle":0,"axis":"y","origin":[8,8,8]},"faces":{"north":{"uv":[13,7,13.5,7.5],"texture":"#3"},"east":{"uv":[13,7.5,13.5,8],"texture":"#3"},"south":{"uv":[13,8,13.5,8.5],"texture":"#3"},"west":{"uv":[13,6.5,13.5,7],"texture":"#3"},"up":{"uv":[9.5,13.5,9,13],"rotation":270,"texture":"#3"},"down":{"uv":[10,13,9.5,13.5],"rotation":90,"texture":"#3"}}},{"from":[6.75,-0.31479,7.25001],"to":[9.25,0.43521,8.75001],"rotation":{"angle":0,"axis":"z","origin":[8,8,8]},"faces":{"north":{"uv":[11,7,12.5,7.5],"texture":"#3"},"east":{"uv":[12.5,5.5,13.5,6],"texture":"#3"},"south":{"uv":[11,7.5,12.5,8],"texture":"#3"},"west":{"uv":[12.5,5,13.5,5.5],"texture":"#3"},"up":{"uv":[7,9,6,7.5],"rotation":270,"texture":"#3"},"down":{"uv":[9,0,8,1.5],"rotation":90,"texture":"#3"}}},{"from":[6.76,-2.12545,9.06067],"to":[9.24,-0.62545,9.81067],"rotation":{"angle":0,"axis":"z","origin":[8,8,8]},"faces":{"north":{"uv":[7.5,4,9,5],"texture":"#3"},"east":{"uv":[4.5,12.5,5,13.5],"texture":"#3"},"south":{"uv":[4.5,7.5,6,8.5],"texture":"#3"},"west":{"uv":[12.5,4,13,5],"texture":"#3"},"up":{"uv":[5,12.5,4.5,11],"rotation":270,"texture":"#3"},"down":{"uv":[5.5,11,5,12.5],"rotation":90,"texture":"#3"}}},{"from":[6.75,0.62055,15.69011],"to":[9.25,2.12055,16.44011],"rotation":{"angle":45,"axis":"x","origin":[8,8,8]},"faces":{"north":{"uv":[7,7,8.5,8],"texture":"#3"},"east":{"uv":[12.5,3,13,4],"texture":"#3"},"south":{"uv":[3,7.5,4.5,8.5],"texture":"#3"},"west":{"uv":[2.5,12.5,3,13.5],"texture":"#3"},"up":{"uv":[11.5,4,11,2.5],"rotation":270,"texture":"#3"},"down":{"uv":[11.5,4,11,5.5],"rotation":90,"texture":"#3"}}},{"from":[6.75,2.43121,13.87945],"to":[9.25,3.18121,15.37945],"rotation":{"angle":45,"axis":"x","origin":[8,8,8]},"faces":{"north":{"uv":[11,1.5,12.5,2],"texture":"#3"},"east":{"uv":[12.5,2.5,13.5,3],"texture":"#3"},"south":{"uv":[11,2,12.5,2.5],"texture":"#3"},"west":{"uv":[12.5,2,13.5,2.5],"texture":"#3"},"up":{"uv":[7.5,5.5,6.5,4],"rotation":270,"texture":"#3"},"down":{"uv":[8,5.5,7,7],"rotation":90,"texture":"#3"}}},{"from":[6.75,0.62056,12.81879],"to":[9.25,2.12056,13.56879],"rotation":{"angle":45,"axis":"x","origin":[8,8,8]},"faces":{"north":{"uv":[6.5,2,8,3],"texture":"#3"},"east":{"uv":[2,12.5,2.5,13.5],"texture":"#3"},"south":{"uv":[6.5,3,8,4],"texture":"#3"},"west":{"uv":[1.5,12.5,2,13.5],"texture":"#3"},"up":{"uv":[11,11.5,10.5,10],"rotation":270,"texture":"#3"},"down":{"uv":[11.5,0,11,1.5],"rotation":90,"texture":"#3"}}},{"from":[6.76,-2.12545,6.18935],"to":[9.24,-0.62545,6.93935],"rotation":{"angle":0,"axis":"z","origin":[8,8,8]},"faces":{"north":{"uv":[6.5,0,8,1],"texture":"#3"},"east":{"uv":[12.5,1,13,2],"texture":"#3"},"south":{"uv":[6.5,1,8,2],"texture":"#3"},"west":{"uv":[1,12.5,1.5,13.5],"texture":"#3"},"up":{"uv":[11,8.5,10.5,7],"rotation":270,"texture":"#3"},"down":{"uv":[11,8.5,10.5,10],"rotation":90,"texture":"#3"}}},{"from":[6.75,-0.44011,13.87945],"to":[9.25,0.30989,15.37945],"rotation":{"angle":45,"axis":"x","origin":[8,8,8]},"faces":{"north":{"uv":[10.5,6,12,6.5],"texture":"#3"},"east":{"uv":[12.5,0.5,13.5,1],"texture":"#3"},"south":{"uv":[10.5,6.5,12,7],"texture":"#3"},"west":{"uv":[12.5,0,13.5,0.5],"texture":"#3"},"up":{"uv":[6,7.5,5,6],"rotation":270,"texture":"#3"},"down":{"uv":[7,6,6,7.5],"rotation":90,"texture":"#3"}}},{"from":[7.26,0.26732,7.00001],"to":[8.74,1.01732,9.00001],"rotation":{"angle":0,"axis":"z","origin":[8,8,8]},"faces":{"north":{"uv":[12,11.5,13,12],"texture":"#3"},"east":{"uv":[12,12,13,12.5],"texture":"#3"},"south":{"uv":[0,12.5,1,13],"texture":"#3"},"west":{"uv":[10.5,12,11.5,12.5],"texture":"#3"},"up":{"uv":[10,5,9,4],"rotation":270,"texture":"#3"},"down":{"uv":[10,5,9,6],"rotation":90,"texture":"#3"}}},{"from":[7.26,-2.3969,5.58579],"to":[8.74,-0.3969,6.33579],"rotation":{"angle":0,"axis":"z","origin":[8,8,8]},"faces":{"north":{"uv":[9,2,10,3],"texture":"#3"},"east":{"uv":[9,12,9.5,13],"texture":"#3"},"south":{"uv":[9,3,10,4],"texture":"#3"},"west":{"uv":[12,8.5,12.5,9.5],"texture":"#3"},"up":{"uv":[10,13,9.5,12],"rotation":270,"texture":"#3"},"down":{"uv":[10.5,12,10,13],"rotation":90,"texture":"#3"}}},{"from":[7.25,-1.05881,13.64461],"to":[8.75,-0.30881,15.64461],"rotation":{"angle":45,"axis":"x","origin":[8,8,8]},"faces":{"north":{"uv":[7,12,8,12.5],"texture":"#3"},"east":{"uv":[8,12,9,12.5],"texture":"#3"},"south":{"uv":[12,8,13,8.5],"texture":"#3"},"west":{"uv":[12,6.5,13,7],"texture":"#3"},"up":{"uv":[10,1,9,0],"rotation":270,"texture":"#3"},"down":{"uv":[10,1,9,2],"rotation":90,"texture":"#3"}}},{"from":[7.25,0.3554,12.2304],"to":[8.75,2.3554,12.9804],"rotation":{"angle":45,"axis":"x","origin":[8,8,8]},"faces":{"north":{"uv":[5,8.5,6,9.5],"texture":"#3"},"east":{"uv":[12,5.5,12.5,6.5],"texture":"#3"},"south":{"uv":[8.5,7,9.5,8],"texture":"#3"},"west":{"uv":[5.5,12,6,13],"texture":"#3"},"up":{"uv":[6.5,13,6,12],"rotation":270,"texture":"#3"},"down":{"uv":[7,12,6.5,13],"rotation":90,"texture":"#3"}}},{"from":[7.25,0.35539,3.0196],"to":[8.75,2.35539,3.7696],"rotation":{"angle":-45,"axis":"x","origin":[8,8,8]},"faces":{"north":{"uv":[3,8.5,4,9.5],"texture":"#3"},"east":{"uv":[12,3.5,12.5,4.5],"texture":"#3"},"south":{"uv":[4,8.5,5,9.5],"texture":"#3"},"west":{"uv":[3.5,12,4,13],"texture":"#3"},"up":{"uv":[4.5,13,4,12],"rotation":270,"texture":"#3"},"down":{"uv":[12.5,4.5,12,5.5],"rotation":90,"texture":"#3"}}},{"from":[7.26,-2.3969,9.66421],"to":[8.74,-0.3969,10.41421],"rotation":{"angle":0,"axis":"z","origin":[8,8,8]},"faces":{"north":{"uv":[7,8,8,9],"texture":"#3"},"east":{"uv":[12,0,12.5,1],"texture":"#3"},"south":{"uv":[8,8,9,9],"texture":"#3"},"west":{"uv":[11.5,11.5,12,12.5],"texture":"#3"},"up":{"uv":[12.5,3.5,12,2.5],"rotation":270,"texture":"#3"},"down":{"uv":[3.5,12,3,13],"rotation":90,"texture":"#3"}}},{"from":[7.25,-1.05883,0.35539],"to":[8.75,-0.30883,2.35539],"rotation":{"angle":-45,"axis":"x","origin":[8,8,8]},"faces":{"north":{"uv":[10.5,11.5,11.5,12],"texture":"#3"},"east":{"uv":[11.5,10.5,12.5,11],"texture":"#3"},"south":{"uv":[11.5,11,12.5,11.5],"texture":"#3"},"west":{"uv":[11.5,10,12.5,10.5],"texture":"#3"},"up":{"uv":[9,6,8,5],"rotation":270,"texture":"#3"},"down":{"uv":[9,6,8,7],"rotation":90,"texture":"#3"}}},{"from":[7.25,-3.81111,7.00001],"to":[8.75,-3.06111,9.00001],"rotation":{"angle":0,"axis":"y","origin":[8,8,8]},"faces":{"north":{"uv":[8,11.5,9,12],"texture":"#3"},"east":{"uv":[9,11.5,10,12],"texture":"#3"},"south":{"uv":[11.5,9.5,12.5,10],"texture":"#3"},"west":{"uv":[7,11.5,8,12],"texture":"#3"},"up":{"uv":[9,2.5,8,1.5],"rotation":270,"texture":"#3"},"down":{"uv":[9,2.5,8,3.5],"rotation":90,"texture":"#3"}}},{"from":[6.75,-3.18611,7.25001],"to":[9.25,-2.43611,8.75001],"rotation":{"angle":0,"axis":"y","origin":[8,8,8]},"faces":{"north":{"uv":[4.5,10.5,6,11],"texture":"#3"},"east":{"uv":[6,11.5,7,12],"texture":"#3"},"south":{"uv":[10.5,5.5,12,6],"texture":"#3"},"west":{"uv":[11.5,1,12.5,1.5],"texture":"#3"},"up":{"uv":[4,7.5,3,6],"rotation":270,"texture":"#3"},"down":{"uv":[5,6,4,7.5],"rotation":90,"texture":"#3"}}},{"from":[7.25,-2.40647,7.18773],"to":[8.75,0.59353,8.18773],"rotation":{"angle":22.5,"axis":"x","origin":[8,8,8]},"faces":{"north":{"uv":[5.5,3,6.5,4.5],"texture":"#3"},"east":{"uv":[10.5,4,11,5.5],"texture":"#3"},"south":{"uv":[5.5,4.5,6.5,6],"texture":"#3"},"west":{"uv":[4,10.5,4.5,12],"texture":"#3"},"up":{"uv":[12,4.5,11.5,3.5],"rotation":270,"texture":"#3"},"down":{"uv":[12,4.5,11.5,5.5],"rotation":90,"texture":"#3"}}},{"from":[7.5,-1.76666,12.46239],"to":[8.5,1.23334,13.46239],"rotation":{"angle":45,"axis":"x","origin":[8,8,8]},"faces":{"north":{"uv":[10,9.5,10.5,11],"texture":"#3"},"east":{"uv":[3,10.5,3.5,12],"texture":"#3"},"south":{"uv":[3.5,10.5,4,12],"texture":"#3"},"west":{"uv":[9.5,10,10,11.5],"texture":"#3"},"up":{"uv":[6.5,13.5,6,13],"rotation":270,"texture":"#3"},"down":{"uv":[7,13,6.5,13.5],"rotation":90,"texture":"#3"}}},{"from":[7.26,-1.78413,0.06715],"to":[8.74,1.21587,1.06715],"rotation":{"angle":-22.5,"axis":"x","origin":[8,8,8]},"faces":{"north":{"uv":[5.5,0,6.5,1.5],"texture":"#3"},"east":{"uv":[9,10,9.5,11.5],"texture":"#3"},"south":{"uv":[5.5,1.5,6.5,3],"texture":"#3"},"west":{"uv":[8.5,10,9,11.5],"texture":"#3"},"up":{"uv":[12,1,11.5,0],"rotation":270,"texture":"#3"},"down":{"uv":[12,2.5,11.5,3.5],"rotation":90,"texture":"#3"}}},{"from":[7.26,-2.02918,15.03435],"to":[8.74,0.97082,16.03435],"rotation":{"angle":22.5,"axis":"x","origin":[8,8,8]},"faces":{"north":{"uv":[4.5,3,5.5,4.5],"texture":"#3"},"east":{"uv":[10,8,10.5,9.5],"texture":"#3"},"south":{"uv":[4.5,4.5,5.5,6],"texture":"#3"},"west":{"uv":[8,10,8.5,11.5],"texture":"#3"},"up":{"uv":[10.5,12,10,11],"rotation":270,"texture":"#3"},"down":{"uv":[11.5,10.5,11,11.5],"rotation":90,"texture":"#3"}}},{"from":[7.25,-2.65153,7.71077],"to":[8.75,0.34847,8.71077],"rotation":{"angle":-22.5,"axis":"x","origin":[8,8,8]},"faces":{"north":{"uv":[4.5,0,5.5,1.5],"texture":"#3"},"east":{"uv":[7.5,10,8,11.5],"texture":"#3"},"south":{"uv":[4.5,1.5,5.5,3],"texture":"#3"},"west":{"uv":[7,10,7.5,11.5],"texture":"#3"},"up":{"uv":[6,12,5.5,11],"rotation":270,"texture":"#3"},"down":{"uv":[11.5,9.5,11,10.5],"rotation":90,"texture":"#3"}}},{"from":[7.5,1.42199,15.88229],"to":[8.5,4.42199,16.88229],"rotation":{"angle":45,"axis":"x","origin":[8,8,8]},"faces":{"north":{"uv":[10,5.5,10.5,7],"texture":"#3"},"east":{"uv":[6,10,6.5,11.5],"texture":"#3"},"south":{"uv":[6.5,10,7,11.5],"texture":"#3"},"west":{"uv":[10,4,10.5,5.5],"texture":"#3"},"up":{"uv":[7,6,6.5,5.5],"rotation":270,"texture":"#3"},"down":{"uv":[8,5,7.5,5.5],"rotation":90,"texture":"#3"}}},{"from":[7.275,-9.68611,7.00001],"to":[8.725,-3.68611,9.00001],"rotation":{"angle":0,"axis":"y","origin":[8,8,8]},"faces":{"north":{"uv":[4,0,4.5,3],"texture":"#3"},"east":{"uv":[3,3,4,6],"texture":"#3"},"south":{"uv":[4,3,4.5,6],"texture":"#3"},"west":{"uv":[3,0,4,3],"texture":"#3"},"up":{"uv":[12,9,11,8.5],"rotation":270,"texture":"#3"},"down":{"uv":[12,9,11,9.5],"rotation":90,"texture":"#3"}}},{"from":[7.7505,0.81389,7.00001],"to":[8.2505,25.81389,9.00001],"rotation":{"angle":0,"axis":"y","origin":[8,8,8]},"faces":{"north":{"uv":[2,0,2.5,12.5],"texture":"#3"},"east":{"uv":[1,0,2,12.5],"texture":"#3"},"south":{"uv":[2.5,0,3,12.5],"texture":"#3"},"west":{"uv":[0,0,1,12.5],"texture":"#3"},"up":{"uv":[9,4,8,3.5],"rotation":270,"texture":"#3"},"down":{"uv":[12,8,11,8.5],"rotation":90,"texture":"#3"}}},{"from":[7,0.1307,13.36931],"to":[9,2.6307,15.86931],"rotation":{"angle":45,"axis":"x","origin":[8,8,8]},"faces":{"north":{"uv":[3,3,5,5.5],"texture":"#2"},"east":{"uv":[0,3,2.5,5.5],"texture":"#2"},"south":{"uv":[3,0,5,2.5],"texture":"#2"},"west":{"uv":[0,0,2.5,2.5],"texture":"#2"},"up":{"uv":[7.5,2,5,0],"rotation":270,"texture":"#2"},"down":{"uv":[7.5,2,5,4],"rotation":90,"texture":"#2"}}},{"from":[10.39253,15.39353,3.00001],"to":[20.39253,15.39353,13.00001],"rotation":{"angle":45,"axis":"z","origin":[8,8,8]},"faces":{"north":{"uv":[5,0,0,0],"texture":"#0"},"east":{"uv":[5,0,0,0],"texture":"#0"},"south":{"uv":[5,0,0,0],"texture":"#0"},"west":{"uv":[15,0.5,15.5,1],"texture":"#0"},"up":{"uv":[10,0,15,5],"rotation":270,"texture":"#0"},"down":{"uv":[0,15,5,10],"rotation":90,"texture":"#0"}}},{"from":[20.39352,15.39352,3.00001],"to":[20.39352,20.39352,13.00001],"rotation":{"angle":45,"axis":"z","origin":[8,8,8]},"faces":{"north":{"uv":[0,0,0,2.5],"texture":"#0"},"east":{"uv":[10,7.5,15,10],"texture":"#0"},"south":{"uv":[0,0,0,2.5],"texture":"#0"},"west":{"uv":[15,0.5,15.5,1],"texture":"#0"},"up":{"uv":[5,0,0,0],"rotation":270,"texture":"#0"},"down":{"uv":[5,0,0,0],"rotation":90,"texture":"#0"}}},{"from":[10.39352,5.39453,3.00001],"to":[10.39352,15.39453,13.00001],"rotation":{"angle":45,"axis":"z","origin":[8,8,8]},"faces":{"north":{"uv":[0,0,0,5],"texture":"#0"},"east":{"uv":[5,0,10,5],"texture":"#0"},"south":{"uv":[0,0,0,5],"texture":"#0"},"west":{"uv":[15,0.5,15.5,1],"texture":"#0"},"up":{"uv":[5,0,0,0],"rotation":270,"texture":"#0"},"down":{"uv":[5,0,0,0],"rotation":90,"texture":"#0"}}},{"from":[0.39353,5.39353,3.00001],"to":[10.39353,5.39353,13.00001],"rotation":{"angle":45,"axis":"z","origin":[8,8,8]},"faces":{"north":{"uv":[5,0,0,0],"texture":"#0"},"east":{"uv":[5,0,0,0],"texture":"#0"},"south":{"uv":[5,0,0,0],"texture":"#0"},"west":{"uv":[15,0.5,15.5,1],"texture":"#0"},"up":{"uv":[0,5,5,10],"rotation":270,"texture":"#0"},"down":{"uv":[0,5,5,0],"rotation":90,"texture":"#0"}}},{"from":[0.39353,0.39453,3.00001],"to":[0.39353,5.39453,13.00001],"rotation":{"angle":45,"axis":"z","origin":[8,8,8]},"faces":{"north":{"uv":[0,0,0,2.5],"texture":"#0"},"east":{"uv":[4.5,10,9.5,12.5],"texture":"#0"},"south":{"uv":[0,0,0,2.5],"texture":"#0"},"west":{"uv":[15,0.5,15.5,1],"texture":"#0"},"up":{"uv":[5,0,0,0],"rotation":270,"texture":"#0"},"down":{"uv":[5,0,0,0],"rotation":90,"texture":"#0"}}},{"from":[-4.39253,15.39353,3.00001],"to":[5.60747,15.39353,13.00001],"rotation":{"angle":-45,"axis":"z","origin":[8,8,8]},"faces":{"north":{"uv":[0,0,5,0],"texture":"#1"},"east":{"uv":[0,0,5,0],"texture":"#1"},"south":{"uv":[0,0,5,0],"texture":"#1"},"west":{"uv":[15,0.5,15.5,1],"texture":"#1"},"up":{"uv":[0,10,5,15],"rotation":270,"texture":"#1"},"down":{"uv":[10,5,15,0],"rotation":90,"texture":"#1"}}},{"from":[-4.39352,15.39352,3.00001],"to":[-4.39352,20.39352,13.00001],"rotation":{"angle":-45,"axis":"z","origin":[8,8,8]},"faces":{"north":{"uv":[0,0,0,2.5],"texture":"#1"},"east":{"uv":[10,7.5,15,10],"texture":"#1"},"south":{"uv":[0,0,0,2.5],"texture":"#1"},"west":{"uv":[15,0.5,15.5,1],"texture":"#1"},"up":{"uv":[5,0,0,0],"rotation":270,"texture":"#1"},"down":{"uv":[5,0,0,0],"rotation":90,"texture":"#1"}}},{"from":[5.60648,5.39453,3.00001],"to":[5.60648,15.39453,13.00001],"rotation":{"angle":-45,"axis":"z","origin":[8,8,8]},"faces":{"north":{"uv":[0,0,0,5],"texture":"#1"},"east":{"uv":[5,0,10,5],"texture":"#1"},"south":{"uv":[0,0,0,5],"texture":"#1"},"west":{"uv":[15,0.5,15.5,1],"texture":"#1"},"up":{"uv":[5,0,0,0],"rotation":270,"texture":"#1"},"down":{"uv":[5,0,0,0],"rotation":90,"texture":"#1"}}},{"from":[5.60647,5.39353,3.00001],"to":[15.60647,5.39353,13.00001],"rotation":{"angle":-45,"axis":"z","origin":[8,8,8]},"faces":{"north":{"uv":[0,0,5,0],"texture":"#1"},"east":{"uv":[0,0,5,0],"texture":"#1"},"south":{"uv":[0,0,5,0],"texture":"#1"},"west":{"uv":[15,0.5,15.5,1],"texture":"#1"},"up":{"uv":[0,5,5,10],"rotation":270,"texture":"#1"},"down":{"uv":[0,5,5,0],"rotation":90,"texture":"#1"}}},{"from":[15.60647,0.39453,3.00001],"to":[15.60647,5.39453,13.00001],"rotation":{"angle":-45,"axis":"z","origin":[8,8,8]},"faces":{"north":{"uv":[0,0,0,2.5],"texture":"#1"},"east":{"uv":[5,10,10,12.5],"texture":"#1"},"south":{"uv":[0,0,0,2.5],"texture":"#1"},"west":{"uv":[15,0.5,15.5,1],"texture":"#1"},"up":{"uv":[5,0,0,0],"rotation":270,"texture":"#1"},"down":{"uv":[5,0,0,0],"rotation":90,"texture":"#1"}}}],"gui_light":"front","display":{"thirdperson_righthand":{"translation":[0,10.25,0.5],"scale":[0.91016,0.91016,0.91016]},"thirdperson_lefthand":{"translation":[0,10.25,0.5],"scale":[0.91016,0.91016,0.91016]},"firstperson_righthand":{"rotation":[-9.25,0,0],"translation":[0.5,7,0],"scale":[0.5918,0.5918,0.5918]},"firstperson_lefthand":{"rotation":[-9.25,0,0],"translation":[0.5,7,0],"scale":[0.5918,0.5918,0.5918]},"ground":{"rotation":[0,0,-80],"translation":[-0.25,-1,-0.25],"scale":[0.68164,0.68164,0.68164]},"gui":{"rotation":[90,50.25,-90],"translation":[0,0.25,0],"scale":[0.51953,0.51953,0.51953]},"head":{"rotation":[-90,57.5,90],"translation":[-0.5,17.5,0],"scale":[0.89648,0.89648,0.89648]},"fixed":{"rotation":[0,90,0],"translation":[0,0.75,-2],"scale":[1.69141,1.69141,1.69141]}},"mcmodels":"68f2816ae565be26ad8827ec2d34e0ac"}