{
	"texture_size": [64, 64],
	"textures": {
		"1": "netherite_sword/vortex_sword"
	},
	"elements": [
		{
			"from": [7, -8.2, 7],
			"to": [9, 4.8, 9],
			"rotation": {"angle": 0, "axis": "y", "origin": [0, 21.8, 0]},
			"faces": {
				"north": {"uv": [0, 3.75, 0.5, 7], "texture": "#1"},
				"east": {"uv": [0.5, 3.75, 1, 7], "texture": "#1"},
				"south": {"uv": [1, 3.75, 1.5, 7], "texture": "#1"},
				"west": {"uv": [1.5, 3.75, 2, 7], "texture": "#1"},
				"up": {"uv": [2, 7.5, 1.5, 7], "texture": "#1"},
				"down": {"uv": [2.5, 7, 2, 7.5], "texture": "#1"}
			}
		},
		{
			"from": [6.5, -10.45, 6.5],
			"to": [9.5, -7.45, 9.5],
			"rotation": {"angle": 45, "axis": "z", "origin": [8, -8.95, 8]},
			"faces": {
				"north": {"uv": [5.5, 6, 6.25, 6.75], "texture": "#1"},
				"east": {"uv": [2, 6.25, 2.75, 7], "texture": "#1"},
				"south": {"uv": [2.75, 6.25, 3.5, 7], "texture": "#1"},
				"west": {"uv": [6.25, 3.5, 7, 4.25], "texture": "#1"},
				"up": {"uv": [7, 6.75, 6.25, 6], "texture": "#1"},
				"down": {"uv": [7.25, 0, 6.5, 0.75], "texture": "#1"}
			}
		},
		{
			"from": [6.501, -6.699, 6.501],
			"to": [9.499, 2.299, 9.499],
			"rotation": {"angle": 0, "axis": "y", "origin": [0, 20.3, 0]},
			"faces": {
				"north": {"uv": [2.5, 0, 3.25, 2.25], "texture": "#1"},
				"east": {"uv": [2.5, 2.25, 3.25, 4.5], "texture": "#1"},
				"south": {"uv": [3.25, 0, 4, 2.25], "texture": "#1"},
				"west": {"uv": [3.25, 2.25, 4, 4.5], "texture": "#1"},
				"up": {"uv": [7.25, 1.5, 6.5, 0.75], "texture": "#1"},
				"down": {"uv": [7.25, 1.5, 6.5, 2.25], "texture": "#1"}
			}
		},
		{
			"from": [6, 3.25, 6.5],
			"to": [10, 7.25, 9.5],
			"rotation": {"angle": 0, "axis": "y", "origin": [8, 5.25, 8]},
			"faces": {
				"north": {"uv": [4, 2.5, 5, 3.5], "texture": "#1"},
				"east": {"uv": [5.25, 0, 6, 1], "texture": "#1"},
				"south": {"uv": [4, 3.5, 5, 4.5], "texture": "#1"},
				"west": {"uv": [5.25, 1, 6, 2], "texture": "#1"},
				"up": {"uv": [3, 6.25, 2, 5.5], "texture": "#1"},
				"down": {"uv": [4, 5.5, 3, 6.25], "texture": "#1"}
			}
		},
		{
			"from": [4.98, 1.23, 6.98],
			"to": [10.02, 6.27, 9.02],
			"rotation": {"angle": -45, "axis": "z", "origin": [8, 3.25, 8]},
			"faces": {
				"north": {"uv": [4, 0, 5.25, 1.25], "texture": "#1"},
				"east": {"uv": [6, 0, 6.5, 1.25], "texture": "#1"},
				"south": {"uv": [4, 1.25, 5.25, 2.5], "texture": "#1"},
				"west": {"uv": [6, 1.25, 6.5, 2.5], "texture": "#1"},
				"up": {"uv": [7.25, 3, 6, 2.5], "texture": "#1"},
				"down": {"uv": [7.25, 3, 6, 3.5], "texture": "#1"}
			}
		},
		{
			"from": [3.42447, 2.15289, 6.96],
			"to": [5.50447, 4.23289, 9.04],
			"rotation": {"angle": 22.5, "axis": "z", "origin": [4.46447, 3.19289, 8]},
			"faces": {
				"north": {"uv": [2.5, 7, 3, 7.5], "texture": "#1"},
				"east": {"uv": [3, 7, 3.5, 7.5], "texture": "#1"},
				"south": {"uv": [3.5, 7, 4, 7.5], "texture": "#1"},
				"west": {"uv": [7, 3.5, 7.5, 4], "texture": "#1"},
				"up": {"uv": [7.5, 4.5, 7, 4], "texture": "#1"},
				"down": {"uv": [7.5, 4.5, 7, 5], "texture": "#1"}
			}
		},
		{
			"from": [4.40016, 5.39421, 6.98],
			"to": [6.44016, 8.43421, 9.02],
			"rotation": {"angle": 45, "axis": "z", "origin": [5.42016, 6.41421, 7.999]},
			"faces": {
				"north": {"uv": [2, 3.75, 2.5, 4.5], "texture": "#1"},
				"east": {"uv": [3.5, 6.25, 4, 7], "texture": "#1"},
				"south": {"uv": [4, 6.5, 4.5, 7.25], "texture": "#1"},
				"west": {"uv": [6.5, 4.25, 7, 5], "texture": "#1"},
				"up": {"uv": [7.5, 5.5, 7, 5], "texture": "#1"},
				"down": {"uv": [7.5, 6, 7, 6.5], "texture": "#1"}
			}
		},
		{
			"from": [9.55984, 5.39421, 6.98],
			"to": [11.59984, 8.43421, 9.02],
			"rotation": {"angle": -45, "axis": "z", "origin": [10.57984, 6.41421, 7.999]},
			"faces": {
				"north": {"uv": [4.5, 6.5, 5, 7.25], "texture": "#1"},
				"east": {"uv": [6.5, 5, 7, 5.75], "texture": "#1"},
				"south": {"uv": [5.5, 6.75, 6, 7.5], "texture": "#1"},
				"west": {"uv": [6, 6.75, 6.5, 7.5], "texture": "#1"},
				"up": {"uv": [7.75, 0.5, 7.25, 0], "texture": "#1"},
				"down": {"uv": [7.75, 0.5, 7.25, 1], "texture": "#1"}
			}
		},
		{
			"from": [10.49553, 2.15289, 6.96],
			"to": [12.57553, 4.23289, 9.04],
			"rotation": {"angle": -22.5, "axis": "z", "origin": [11.53553, 3.19289, 8]},
			"faces": {
				"north": {"uv": [7.25, 1, 7.75, 1.5], "texture": "#1"},
				"east": {"uv": [7.25, 1.5, 7.75, 2], "texture": "#1"},
				"south": {"uv": [7.25, 2.5, 7.75, 3], "texture": "#1"},
				"west": {"uv": [7.25, 3, 7.75, 3.5], "texture": "#1"},
				"up": {"uv": [4.5, 7.75, 4, 7.25], "texture": "#1"},
				"down": {"uv": [5, 7.25, 4.5, 7.75], "texture": "#1"}
			}
		},
		{
			"from": [5.999, 3.249, 6.499],
			"to": [10.001, 7.251, 9.501],
			"rotation": {"angle": 45, "axis": "z", "origin": [8, 5.25, 8]},
			"faces": {
				"north": {"uv": [2, 4.5, 3, 5.5], "texture": "#1"},
				"east": {"uv": [5.5, 3.5, 6.25, 4.5], "texture": "#1"},
				"south": {"uv": [3, 4.5, 4, 5.5], "texture": "#1"},
				"west": {"uv": [4, 5.5, 4.75, 6.5], "texture": "#1"},
				"up": {"uv": [6.5, 5.25, 5.5, 4.5], "texture": "#1"},
				"down": {"uv": [6.5, 5.25, 5.5, 6], "texture": "#1"}
			}
		},
		{
			"from": [5.5, 7.25, 7.5],
			"to": [10.5, 22.25, 8.5],
			"rotation": {"angle": 0, "axis": "y", "origin": [12.51, 7.74, 7.99]},
			"faces": {
				"north": {"uv": [0, 0, 1.25, 3.75], "texture": "#1"},
				"east": {"uv": [5, 3.5, 5.25, 7.25], "texture": "#1"},
				"south": {"uv": [1.25, 0, 2.5, 3.75], "texture": "#1"},
				"west": {"uv": [5.25, 3.5, 5.5, 7.25], "texture": "#1"},
				"up": {"uv": [7.75, 2.5, 6.5, 2.25], "texture": "#1"},
				"down": {"uv": [7.75, 5.75, 6.5, 6], "texture": "#1"}
			}
		},
		{
			"from": [5.98, 20.48, 7.48],
			"to": [10.02, 24.52, 8.52],
			"rotation": {"angle": 45, "axis": "z", "origin": [8, 22.5, 8]},
			"faces": {
				"north": {"uv": [4, 4.5, 5, 5.5], "texture": "#1"},
				"east": {"uv": [4.75, 5.5, 5, 6.5], "texture": "#1"},
				"south": {"uv": [5, 2.5, 6, 3.5], "texture": "#1"},
				"west": {"uv": [5, 7.25, 5.25, 8.25], "texture": "#1"},
				"up": {"uv": [8, 5.75, 7, 5.5], "texture": "#1"},
				"down": {"uv": [8, 6.5, 7, 6.75], "texture": "#1"}
			}
		},
		{
			"from": [6.5, 7.25, 7],
			"to": [9.5, 9.25, 9],
			"rotation": {"angle": 0, "axis": "y", "origin": [12.51, 7.74, 7.99]},
			"faces": {
				"north": {"uv": [5.25, 2, 6, 2.5], "texture": "#1"},
				"east": {"uv": [6.5, 7.25, 7, 7.75], "texture": "#1"},
				"south": {"uv": [6.5, 6.75, 7.25, 7.25], "texture": "#1"},
				"west": {"uv": [7.25, 6.75, 7.75, 7.25], "texture": "#1"},
				"up": {"uv": [0.75, 7.5, 0, 7], "texture": "#1"},
				"down": {"uv": [1.5, 7, 0.75, 7.5], "texture": "#1"}
			}
		}
	],
	"gui_light": "front",
	"display": {
		"thirdperson_righthand": {
			"rotation": [-10, -90, 0],
			"translation": [0, 4, 0.25],
			"scale": [0.6, 0.6, 0.6]
		},
		"thirdperson_lefthand": {
			"rotation": [-10, 90, 0],
			"translation": [0, 4, 0.25],
			"scale": [0.6, 0.6, 0.6]
		},
		"firstperson_righthand": {
			"rotation": [20, -90, 0],
			"translation": [1, 1.25, 0.5],
			"scale": [0.6, 0.6, 0.6]
		},
		"firstperson_lefthand": {
			"rotation": [20, 90, 0],
			"translation": [1, 1.25, 0.5],
			"scale": [0.6, 0.6, 0.6]
		},
		"ground": {
			"rotation": [0, 0, -45],
			"translation": [2.5, 5.75, 0],
			"scale": [0.3, 0.3, 0.3]
		},
		"gui": {
			"rotation": [0, 0, -45],
			"translation": [0.5, 0.5, -0.75],
			"scale": [0.625, 0.625, 0.625]
		},
		"head": {
			"rotation": [0, 0, 45],
			"translation": [9.75, 7.5, 0.75],
			"scale": [0.6, 0.6, 0.6]
		},
		"fixed": {
			"rotation": [0, -180, -45],
			"translation": [-0.75, 0.5, 0.5],
			"scale": [0.55, 0.55, 0.55]
		}
	},
	"groups": [
		{
			"name": "pickaxe",
			"origin": [8, 8, 8],
			"color": 0,
			"children": [
				{
					"name": "pommel",
					"origin": [8, 8, 8],
					"color": 0,
					"children": []
				},
				{
					"name": "grip",
					"origin": [8, 8, 8],
					"color": 0,
					"children": [
						0,
						1,
						{
							"name": "handle",
							"origin": [8, 8, 8],
							"color": 0,
							"children": [2]
						}
					]
				},
				{
					"name": "guard",
					"origin": [8, 8, 8],
					"color": 0,
					"children": [
						{
							"name": "cross-guard",
							"origin": [8, 8, 8],
							"color": 0,
							"children": [
								{
									"name": "gem",
									"origin": [8, 8, 8],
									"color": 0,
									"children": [3, 4, 5, 6, 7, 8, 9]
								},
								{
									"name": "blade",
									"origin": [8, 8, 8],
									"color": 0,
									"children": [10, 11, 12]
								}
							]
						}
					]
				}
			]
		}
	]
}