{
	"texture_size": [64, 64],
	"textures": {
		"1": "netherite_pickaxe/vortex_pickaxe"
	},
	"elements": [
		{
			"from": [7, -8.2, 7],
			"to": [9, 7.8, 9],
			"rotation": {"angle": 0, "axis": "y", "origin": [0, 21.8, 0]},
			"faces": {
				"north": {"uv": [0, 0, 0.5, 4], "texture": "#1"},
				"east": {"uv": [0.5, 0, 1, 4], "texture": "#1"},
				"south": {"uv": [1, 0, 1.5, 4], "texture": "#1"},
				"west": {"uv": [1.5, 0, 2, 4], "texture": "#1"},
				"up": {"uv": [7.25, 6, 6.75, 5.5], "texture": "#1"},
				"down": {"uv": [4, 7, 3.5, 7.5], "texture": "#1"}
			}
		},
		{
			"from": [6.5, -10.45, 6.5],
			"to": [9.5, -7.45, 9.5],
			"rotation": {"angle": 45, "axis": "z", "origin": [8, -8.95, 8]},
			"faces": {
				"north": {"uv": [3.5, 5.25, 4.25, 6], "texture": "#1"},
				"east": {"uv": [5.75, 1, 6.5, 1.75], "texture": "#1"},
				"south": {"uv": [5.75, 1.75, 6.5, 2.5], "texture": "#1"},
				"west": {"uv": [5.75, 2.5, 6.5, 3.25], "texture": "#1"},
				"up": {"uv": [6.5, 4, 5.75, 3.25], "texture": "#1"},
				"down": {"uv": [5, 5.75, 4.25, 6.5], "texture": "#1"}
			}
		},
		{
			"from": [6.501, -6.199, 6.501],
			"to": [9.499, 2.799, 9.499],
			"rotation": {"angle": 0, "axis": "y", "origin": [0, 20.8, 0]},
			"faces": {
				"north": {"uv": [2, 0, 2.75, 2.25], "texture": "#1"},
				"east": {"uv": [2, 2.25, 2.75, 4.5], "texture": "#1"},
				"south": {"uv": [2.75, 0, 3.5, 2.25], "texture": "#1"},
				"west": {"uv": [2.75, 2.25, 3.5, 4.5], "texture": "#1"},
				"up": {"uv": [0.75, 6.75, 0, 6], "texture": "#1"},
				"down": {"uv": [1.5, 6, 0.75, 6.75], "texture": "#1"}
			}
		},
		{
			"from": [6, 10.75, 6.5],
			"to": [10, 14.75, 9.5],
			"rotation": {"angle": 0, "axis": "y", "origin": [8, 12.75, 8]},
			"faces": {
				"north": {"uv": [0, 4, 1, 5], "texture": "#1"},
				"east": {"uv": [0, 5, 0.75, 6], "texture": "#1"},
				"south": {"uv": [1, 4, 2, 5], "texture": "#1"},
				"west": {"uv": [0.75, 5, 1.5, 6], "texture": "#1"},
				"up": {"uv": [5.5, 5.75, 4.5, 5], "texture": "#1"},
				"down": {"uv": [2.5, 5.25, 1.5, 6], "texture": "#1"}
			}
		},
		{
			"from": [4.98, 8.73, 6.98],
			"to": [10.02, 13.77, 9.02],
			"rotation": {"angle": -45, "axis": "z", "origin": [8, 10.75, 8]},
			"faces": {
				"north": {"uv": [3.5, 0, 4.75, 1.25], "texture": "#1"},
				"east": {"uv": [2.5, 5.25, 3, 6.5], "texture": "#1"},
				"south": {"uv": [3.5, 1.25, 4.75, 2.5], "texture": "#1"},
				"west": {"uv": [3, 5.25, 3.5, 6.5], "texture": "#1"},
				"up": {"uv": [6.5, 4.5, 5.25, 4], "texture": "#1"},
				"down": {"uv": [6.5, 4.5, 5.25, 5], "texture": "#1"}
			}
		},
		{
			"from": [3.42447, 9.65289, 6.96],
			"to": [5.50447, 11.73289, 9.04],
			"rotation": {"angle": 22.5, "axis": "z", "origin": [4.46447, 10.69289, 8]},
			"faces": {
				"north": {"uv": [4, 7, 4.5, 7.5], "texture": "#1"},
				"east": {"uv": [7, 4, 7.5, 4.5], "texture": "#1"},
				"south": {"uv": [4.5, 7, 5, 7.5], "texture": "#1"},
				"west": {"uv": [5.5, 7, 6, 7.5], "texture": "#1"},
				"up": {"uv": [6.5, 7.5, 6, 7], "texture": "#1"},
				"down": {"uv": [7.5, 6, 7, 6.5], "texture": "#1"}
			}
		},
		{
			"from": [4.42016, 12.91421, 6.999],
			"to": [6.42016, 15.91421, 8.999],
			"rotation": {"angle": 45, "axis": "z", "origin": [5.42016, 13.91421, 7.999]},
			"faces": {
				"north": {"uv": [6.5, 4, 7, 4.75], "texture": "#1"},
				"east": {"uv": [6.5, 6, 7, 6.75], "texture": "#1"},
				"south": {"uv": [0, 6.75, 0.5, 7.5], "texture": "#1"},
				"west": {"uv": [6.75, 0, 7.25, 0.75], "texture": "#1"},
				"up": {"uv": [7.5, 7, 7, 6.5], "texture": "#1"},
				"down": {"uv": [7.5, 7, 7, 7.5], "texture": "#1"}
			}
		},
		{
			"from": [9.57984, 12.91421, 6.999],
			"to": [11.57984, 15.91421, 8.999],
			"rotation": {"angle": -45, "axis": "z", "origin": [10.57984, 13.91421, 7.999]},
			"faces": {
				"north": {"uv": [0.5, 6.75, 1, 7.5], "texture": "#1"},
				"east": {"uv": [1, 6.75, 1.5, 7.5], "texture": "#1"},
				"south": {"uv": [6.75, 4.75, 7.25, 5.5], "texture": "#1"},
				"west": {"uv": [5, 6.75, 5.5, 7.5], "texture": "#1"},
				"up": {"uv": [7.75, 0.5, 7.25, 0], "texture": "#1"},
				"down": {"uv": [7.75, 4.5, 7.25, 5], "texture": "#1"}
			}
		},
		{
			"from": [10.49553, 9.65289, 6.96],
			"to": [12.57553, 11.73289, 9.04],
			"rotation": {"angle": -22.5, "axis": "z", "origin": [11.53553, 10.69289, 8]},
			"faces": {
				"north": {"uv": [7.25, 5, 7.75, 5.5], "texture": "#1"},
				"east": {"uv": [7.25, 5.5, 7.75, 6], "texture": "#1"},
				"south": {"uv": [0, 7.5, 0.5, 8], "texture": "#1"},
				"west": {"uv": [0.5, 7.5, 1, 8], "texture": "#1"},
				"up": {"uv": [8, 1, 7.5, 0.5], "texture": "#1"},
				"down": {"uv": [1.5, 7.5, 1, 8], "texture": "#1"}
			}
		},
		{
			"from": [7, 4.65389, 8.22546],
			"to": [9.04, 7.69389, 9.26546],
			"rotation": {"angle": -22.5, "axis": "x", "origin": [7.95, 6.67389, 8.24546]},
			"faces": {
				"north": {"uv": [6.5, 6.75, 7, 7.5], "texture": "#1"},
				"east": {"uv": [7.5, 3.75, 7.75, 4.5], "texture": "#1"},
				"south": {"uv": [7, 0.75, 7.5, 1.5], "texture": "#1"},
				"west": {"uv": [4.5, 7.5, 4.75, 8.25], "texture": "#1"},
				"up": {"uv": [2, 5.25, 1.5, 5], "texture": "#1"},
				"down": {"uv": [5.75, 7.5, 5.25, 7.75], "texture": "#1"}
			}
		},
		{
			"from": [7, 4.65389, 6.73454],
			"to": [9.04, 7.69389, 7.77454],
			"rotation": {"angle": 22.5, "axis": "x", "origin": [7.95, 6.67389, 7.75454]},
			"faces": {
				"north": {"uv": [1.5, 7, 2, 7.75], "texture": "#1"},
				"east": {"uv": [4.75, 7.5, 5, 8.25], "texture": "#1"},
				"south": {"uv": [7, 1.5, 7.5, 2.25], "texture": "#1"},
				"west": {"uv": [5, 7.5, 5.25, 8.25], "texture": "#1"},
				"up": {"uv": [6.25, 7.75, 5.75, 7.5], "texture": "#1"},
				"down": {"uv": [8, 6, 7.5, 6.25], "texture": "#1"}
			}
		},
		{
			"from": [8.56814, 4.69001, 6.94],
			"to": [10.68814, 8.81001, 9.06],
			"rotation": {"angle": 22.5, "axis": "z", "origin": [8.62814, 5.75001, 8.07]},
			"faces": {
				"north": {"uv": [5, 5.75, 5.5, 6.75], "texture": "#1"},
				"east": {"uv": [1.5, 6, 2, 7], "texture": "#1"},
				"south": {"uv": [2, 6, 2.5, 7], "texture": "#1"},
				"west": {"uv": [3.5, 6, 4, 7], "texture": "#1"},
				"up": {"uv": [8, 1.5, 7.5, 1], "texture": "#1"},
				"down": {"uv": [8, 1.5, 7.5, 2], "texture": "#1"}
			}
		},
		{
			"from": [5.33186, 4.71001, 6.96],
			"to": [7.41186, 8.79001, 9.04],
			"rotation": {"angle": -22.5, "axis": "z", "origin": [7.37186, 5.75001, 8.07]},
			"faces": {
				"north": {"uv": [5.5, 6, 6, 7], "texture": "#1"},
				"east": {"uv": [6, 6, 6.5, 7], "texture": "#1"},
				"south": {"uv": [6.5, 1, 7, 2], "texture": "#1"},
				"west": {"uv": [6.5, 2, 7, 3], "texture": "#1"},
				"up": {"uv": [8, 2.5, 7.5, 2], "texture": "#1"},
				"down": {"uv": [8, 2.5, 7.5, 3], "texture": "#1"}
			}
		},
		{
			"from": [5.999, 10.749, 6.499],
			"to": [10.001, 14.751, 9.501],
			"rotation": {"angle": 45, "axis": "z", "origin": [8, 12.75, 8]},
			"faces": {
				"north": {"uv": [3.5, 2.5, 4.5, 3.5], "texture": "#1"},
				"east": {"uv": [4.5, 4, 5.25, 5], "texture": "#1"},
				"south": {"uv": [3.5, 3.5, 4.5, 4.5], "texture": "#1"},
				"west": {"uv": [4.75, 0, 5.5, 1], "texture": "#1"},
				"up": {"uv": [5.75, 1.75, 4.75, 1], "texture": "#1"},
				"down": {"uv": [5.75, 1.75, 4.75, 2.5], "texture": "#1"}
			}
		},
		{
			"from": [17.52577, 9.85505, 7.501],
			"to": [19.52377, 10.85305, 8.499],
			"rotation": {"angle": -45, "axis": "z", "origin": [17.52477, 10.85405, 8]},
			"faces": {
				"north": {"uv": [6.25, 7.5, 6.75, 7.75], "texture": "#1"},
				"east": {"uv": [6.5, 4.75, 6.75, 5], "texture": "#1"},
				"south": {"uv": [7.5, 6.25, 8, 6.5], "texture": "#1"},
				"west": {"uv": [6.75, 0.75, 7, 1], "texture": "#1"},
				"up": {"uv": [8, 6.75, 7.5, 6.5], "texture": "#1"},
				"down": {"uv": [7.25, 7.5, 6.75, 7.75], "texture": "#1"}
			}
		},
		{
			"from": [14, 10.75, 7.5],
			"to": [18, 12.75, 8.5],
			"rotation": {"angle": -22.5, "axis": "z", "origin": [14, 12.75, 8]},
			"faces": {
				"north": {"uv": [2.5, 6.5, 3.5, 7], "texture": "#1"},
				"east": {"uv": [4.25, 5.25, 4.5, 5.75], "texture": "#1"},
				"south": {"uv": [6.5, 3, 7.5, 3.5], "texture": "#1"},
				"west": {"uv": [4, 6, 4.25, 6.5], "texture": "#1"},
				"up": {"uv": [8.5, 3.25, 7.5, 3], "texture": "#1"},
				"down": {"uv": [8.5, 3.25, 7.5, 3.5], "texture": "#1"}
			}
		},
		{
			"from": [9, 10.25, 7],
			"to": [14, 13.25, 9],
			"rotation": {"angle": 0, "axis": "y", "origin": [6.99, 10.74, 7.99]},
			"faces": {
				"north": {"uv": [2, 4.5, 3.25, 5.25], "texture": "#1"},
				"east": {"uv": [2, 7, 2.5, 7.75], "texture": "#1"},
				"south": {"uv": [4.5, 2.5, 5.75, 3.25], "texture": "#1"},
				"west": {"uv": [7, 2.25, 7.5, 3], "texture": "#1"},
				"up": {"uv": [6.75, 0.5, 5.5, 0], "texture": "#1"},
				"down": {"uv": [6.75, 0.5, 5.5, 1], "texture": "#1"}
			}
		},
		{
			"from": [2, 10.25, 7],
			"to": [7, 13.25, 9],
			"rotation": {"angle": 0, "axis": "y", "origin": [9.01, 10.74, 7.99]},
			"faces": {
				"north": {"uv": [3.25, 4.5, 4.5, 5.25], "texture": "#1"},
				"east": {"uv": [2.5, 7, 3, 7.75], "texture": "#1"},
				"south": {"uv": [4.5, 3.25, 5.75, 4], "texture": "#1"},
				"west": {"uv": [3, 7, 3.5, 7.75], "texture": "#1"},
				"up": {"uv": [6.75, 5.5, 5.5, 5], "texture": "#1"},
				"down": {"uv": [6.75, 5.5, 5.5, 6], "texture": "#1"}
			}
		},
		{
			"from": [-2, 10.75, 7.5],
			"to": [2, 12.75, 8.5],
			"rotation": {"angle": 22.5, "axis": "z", "origin": [2, 12.75, 8]},
			"faces": {
				"north": {"uv": [6.5, 3.5, 7.5, 4], "texture": "#1"},
				"east": {"uv": [7.5, 6.75, 7.75, 7.25], "texture": "#1"},
				"south": {"uv": [4, 6.5, 5, 7], "texture": "#1"},
				"west": {"uv": [7.25, 7.5, 7.5, 8], "texture": "#1"},
				"up": {"uv": [4.5, 7.75, 3.5, 7.5], "texture": "#1"},
				"down": {"uv": [8.5, 3.5, 7.5, 3.75], "texture": "#1"}
			}
		},
		{
			"from": [-3.52377, 9.85505, 7.501],
			"to": [-1.52577, 10.85305, 8.499],
			"rotation": {"angle": 45, "axis": "z", "origin": [-1.52477, 10.85405, 8]},
			"faces": {
				"north": {"uv": [7.5, 7.25, 8, 7.5], "texture": "#1"},
				"east": {"uv": [7, 4.5, 7.25, 4.75], "texture": "#1"},
				"south": {"uv": [7.5, 7.5, 8, 7.75], "texture": "#1"},
				"west": {"uv": [7.25, 0.5, 7.5, 0.75], "texture": "#1"},
				"up": {"uv": [8.25, 0.25, 7.75, 0], "texture": "#1"},
				"down": {"uv": [8.25, 0.25, 7.75, 0.5], "texture": "#1"}
			}
		}
	],
	"gui_light": "front",
	"display": {
		"thirdperson_righthand": {
			"rotation": [-10, -90, 0],
			"translation": [0, 3.75, 0.25],
			"scale": [0.6, 0.6, 0.6]
		},
		"thirdperson_lefthand": {
			"rotation": [-10, 90, 0],
			"translation": [0, 3.75, 0.25],
			"scale": [0.6, 0.6, 0.6]
		},
		"firstperson_righthand": {
			"rotation": [20, -90, 0],
			"translation": [3.5, 4, 0.5],
			"scale": [0.6, 0.6, 0.6]
		},
		"firstperson_lefthand": {
			"rotation": [20, 90, 0],
			"translation": [3.5, 4, 0.5],
			"scale": [0.6, 0.6, 0.6]
		},
		"ground": {
			"rotation": [0, 0, -45],
			"translation": [2.5, 5, 0],
			"scale": [0.3, 0.3, 0.3]
		},
		"gui": {
			"rotation": [0, 0, -45],
			"translation": [1.5, 1.5, -0.75],
			"scale": [0.71, 0.71, 0.71]
		},
		"head": {
			"rotation": [0, 0, 45],
			"translation": [9.75, 7.5, 0.75],
			"scale": [0.6, 0.6, 0.6]
		},
		"fixed": {
			"rotation": [0, -180, -45],
			"translation": [-1.5, 1.5, 0.25],
			"scale": [0.65, 0.65, 0.65]
		}
	},
	"groups": [
		{
			"name": "pickaxe",
			"origin": [8, 8, 8],
			"color": 0,
			"children": [
				{
					"name": "pommel",
					"origin": [8, 8, 8],
					"color": 0,
					"children": []
				},
				{
					"name": "grip",
					"origin": [8, 8, 8],
					"color": 0,
					"children": [
						0,
						1,
						{
							"name": "handle",
							"origin": [8, 8, 8],
							"color": 0,
							"children": [2]
						}
					]
				},
				{
					"name": "guard",
					"origin": [8, 8, 8],
					"color": 0,
					"children": [
						{
							"name": "cross-guard",
							"origin": [8, 8, 8],
							"color": 0,
							"children": [
								{
									"name": "gem",
									"origin": [8, 8, 8],
									"color": 0,
									"children": [3, 4, 5, 6, 7, 8, 9, 10, 11, 12, 13]
								},
								{
									"name": "blade",
									"origin": [8, 8, 8],
									"color": 0,
									"children": [14, 15, 16, 17, 18, 19]
								}
							]
						}
					]
				}
			]
		}
	]
}