{"overrides":[{"predicate":{"custom_model_data":31},"model":"modelengine:nocsy_otter_v2/back_leg_right"},{"predicate":{"custom_model_data":32},"model":"modelengine:nocsy_otter_v2/tail"},{"predicate":{"custom_model_data":34},"model":"modelengine:nocsy_otter_v2/back_leg_left"},{"predicate":{"custom_model_data":39},"model":"modelengine:nocsy_otter_v2/body"},{"predicate":{"custom_model_data":62},"model":"modelengine:nocsy_otter_v2/front_leg_right"},{"predicate":{"custom_model_data":65},"model":"modelengine:nocsy_otter_v2/front_leg_left"},{"predicate":{"custom_model_data":70},"model":"modelengine:nocsy_otter_v2/head"}],"parent":"minecraft:item/generated","textures":{"layer0":"minecraft:item/leather_horse_armor"}}