{
	"credit": "Made with Blockbench",
	"textures": {
		"1": "block/gold_block",
		"2": "block/stone_bricks",
		"particle": "block/gold_block"
	},
	"elements": [
		{
			"name": "block",
			"from": [3.04669, 18.0625, 3.04669],
			"to": [12.96887, 27.4375, 12.93774],
			"rotation": {"angle": 0, "axis": "y", "origin": [8, 8, 8]},
			"faces": {
				"north": {"uv": [0, 0, 16, 16], "texture": "#2"},
				"east": {"uv": [0, 0, 16, 16], "texture": "#2"},
				"south": {"uv": [0, 0, 16, 16], "texture": "#2"},
				"west": {"uv": [0, 0, 16, 16], "texture": "#2"},
				"up": {"uv": [0, 0, 16, 16], "texture": "#2"},
				"down": {"uv": [0, 0, 16, 16], "texture": "#2"}
			}
		},
		{
			"from": [12.00551, 8.44399, 3.03891],
			"to": [14.47438, 12.66383, 12.99222],
			"rotation": {"angle": -45, "axis": "z", "origin": [13.98994, 10.31169, 8.01556]},
			"faces": {
				"north": {"uv": [12.95331, 6, 3, 10.23541], "rotation": 180, "texture": "#1"},
				"east": {"uv": [12.95331, 6, 3, 10.23541], "rotation": 180, "texture": "#1"},
				"south": {"uv": [12.95331, 6, 3, 10.23541], "rotation": 180, "texture": "#1"},
				"west": {"uv": [12.95331, 6, 3, 10.23541], "rotation": 180, "texture": "#1"},
				"up": {"uv": [12.95331, 6, 3, 10.23541], "rotation": 180, "texture": "#1"},
				"down": {"uv": [12.95331, 6, 3, 10.23541], "rotation": 180, "texture": "#1"}
			}
		},
		{
			"from": [3.01556, 18.15613, 15.5],
			"to": [12.96887, 20.625, 19.73541],
			"rotation": {"angle": -45, "axis": "x", "origin": [8, 10.375, 25.75]},
			"faces": {
				"north": {"uv": [12.95331, 6, 3, 10.23541], "rotation": 180, "texture": "#1"},
				"east": {"uv": [12.95331, 6, 3, 10.23541], "rotation": 180, "texture": "#1"},
				"south": {"uv": [12.95331, 6, 3, 10.23541], "rotation": 180, "texture": "#1"},
				"west": {"uv": [12.95331, 6, 3, 10.23541], "rotation": 180, "texture": "#1"},
				"up": {"uv": [12.95331, 6, 3, 10.23541], "rotation": 180, "texture": "#1"},
				"down": {"uv": [12.95331, 6, 3, 10.23541], "rotation": 180, "texture": "#1"}
			}
		},
		{
			"from": [1.52562, 8.44399, 3.03891],
			"to": [3.99449, 12.67939, 12.99222],
			"rotation": {"angle": 45, "axis": "z", "origin": [2.01006, 10.31169, 8.01556]},
			"faces": {
				"north": {"uv": [12.95331, 6, 3, 10.23541], "rotation": 180, "texture": "#1"},
				"east": {"uv": [12.95331, 6, 3, 10.23541], "rotation": 180, "texture": "#1"},
				"south": {"uv": [12.95331, 6, 3, 10.23541], "rotation": 180, "texture": "#1"},
				"west": {"uv": [12.95331, 6, 3, 10.23541], "rotation": 180, "texture": "#1"},
				"up": {"uv": [12.95331, 6, 3, 10.23541], "rotation": 180, "texture": "#1"},
				"down": {"uv": [12.95331, 6, 3, 10.23541], "rotation": 180, "texture": "#1"}
			}
		},
		{
			"from": [3.01556, 18.15613, -3.73541],
			"to": [12.96887, 20.625, 0.5],
			"rotation": {"angle": 45, "axis": "x", "origin": [8, 10.375, -9.75]},
			"faces": {
				"north": {"uv": [12.95331, 6, 3, 10.23541], "rotation": 180, "texture": "#1"},
				"east": {"uv": [12.95331, 6, 3, 10.23541], "rotation": 180, "texture": "#1"},
				"south": {"uv": [12.95331, 6, 3, 10.23541], "rotation": 180, "texture": "#1"},
				"west": {"uv": [12.95331, 6, 3, 10.23541], "rotation": 180, "texture": "#1"},
				"up": {"uv": [12.95331, 6, 3, 10.23541], "rotation": 180, "texture": "#1"},
				"down": {"uv": [12.95331, 6, 3, 10.23541], "rotation": 180, "texture": "#1"}
			}
		},
		{
			"from": [3, 11.625, 0],
			"to": [13, 21.625, 3],
			"rotation": {"angle": 0, "axis": "y", "origin": [15, 16.625, 10.5]},
			"faces": {
				"north": {"uv": [3, 2, 12, 11], "texture": "#1"},
				"east": {"uv": [3, 2, 12, 11], "texture": "#1"},
				"south": {"uv": [3, 2, 12, 11], "texture": "#1"},
				"west": {"uv": [3, 2, 12, 11], "texture": "#1"},
				"up": {"uv": [3, 2, 12, 11], "texture": "#1"},
				"down": {"uv": [3, 2, 12, 11], "texture": "#1"}
			}
		},
		{
			"from": [0.41421, 11.625, 2],
			"to": [4.66227, 21.60944, 4],
			"rotation": {"angle": 45, "axis": "y", "origin": [1.41421, 16.625, 3]},
			"faces": {
				"north": {"uv": [2, 8, 11.98444, 12.24805], "rotation": 270, "texture": "#1"},
				"east": {"uv": [2, 8, 11.98444, 12.24805], "rotation": 270, "texture": "#1"},
				"south": {"uv": [2, 8, 11.98444, 12.24805], "rotation": 270, "texture": "#1"},
				"west": {"uv": [2, 8, 11.98444, 12.24805], "rotation": 270, "texture": "#1"},
				"up": {"uv": [2, 8, 11.98444, 12.24805], "rotation": 270, "texture": "#1"},
				"down": {"uv": [2, 8, 11.98444, 12.24805], "rotation": 270, "texture": "#1"}
			}
		},
		{
			"from": [0, 11.625, 3],
			"to": [3, 21.625, 13],
			"rotation": {"angle": 0, "axis": "y", "origin": [7.625, 8.625, 8]},
			"faces": {
				"north": {"uv": [3, 3, 11, 11], "rotation": 270, "texture": "#1"},
				"east": {"uv": [3, 3, 11, 11], "rotation": 270, "texture": "#1"},
				"south": {"uv": [3, 3, 11, 11], "rotation": 270, "texture": "#1"},
				"west": {"uv": [3, 3, 11, 11], "rotation": 270, "texture": "#1"},
				"up": {"uv": [3, 3, 11, 11], "rotation": 270, "texture": "#1"},
				"down": {"uv": [3, 3, 11, 11], "rotation": 270, "texture": "#1"}
			}
		},
		{
			"from": [0.41421, 11.625, 12],
			"to": [4.66227, 21.60944, 14],
			"rotation": {"angle": -45, "axis": "y", "origin": [1.41421, 16.625, 13]},
			"faces": {
				"north": {"uv": [2, 8, 11.98444, 3.75195], "rotation": 90, "texture": "#1"},
				"east": {"uv": [2, 8, 11.98444, 3.75195], "rotation": 90, "texture": "#1"},
				"south": {"uv": [2, 8, 11.98444, 3.75195], "rotation": 90, "texture": "#1"},
				"west": {"uv": [2, 8, 11.98444, 3.75195], "rotation": 90, "texture": "#1"},
				"up": {"uv": [2, 8, 11.98444, 3.75195], "rotation": 90, "texture": "#1"},
				"down": {"uv": [2, 8, 11.98444, 3.75195], "rotation": 90, "texture": "#1"}
			}
		},
		{
			"from": [3, 11.625, 13],
			"to": [13, 21.625, 16],
			"rotation": {"angle": 0, "axis": "y", "origin": [15, 16.625, 7.5]},
			"faces": {
				"north": {"uv": [3, 3, 11, 11], "texture": "#1"},
				"east": {"uv": [3, 3, 11, 11], "texture": "#1"},
				"south": {"uv": [3, 3, 11, 11], "texture": "#1"},
				"west": {"uv": [3, 3, 11, 11], "texture": "#1"},
				"up": {"uv": [3, 3, 11, 11], "texture": "#1"},
				"down": {"uv": [3, 3, 11, 11], "texture": "#1"}
			}
		},
		{
			"from": [11.33773, 11.625, 12],
			"to": [15.58579, 21.60944, 14],
			"rotation": {"angle": 45, "axis": "y", "origin": [14.58579, 16.625, 13]},
			"faces": {
				"north": {"uv": [2, 8, 11.98444, 12.24805], "rotation": 90, "texture": "#1"},
				"east": {"uv": [2, 8, 11.98444, 12.24805], "rotation": 90, "texture": "#1"},
				"south": {"uv": [2, 8, 11.98444, 12.24805], "rotation": 90, "texture": "#1"},
				"west": {"uv": [2, 8, 11.98444, 12.24805], "rotation": 90, "texture": "#1"},
				"up": {"uv": [2, 8, 11.98444, 12.24805], "rotation": 90, "texture": "#1"},
				"down": {"uv": [2, 8, 11.98444, 12.24805], "rotation": 90, "texture": "#1"}
			}
		},
		{
			"from": [13, 11.625, 3],
			"to": [16, 21.625, 13],
			"rotation": {"angle": 0, "axis": "y", "origin": [7.625, 8.625, 8]},
			"faces": {
				"north": {"uv": [3, 3, 11, 11], "rotation": 270, "texture": "#1"},
				"east": {"uv": [3, 3, 11, 11], "rotation": 270, "texture": "#1"},
				"south": {"uv": [3, 3, 11, 11], "rotation": 270, "texture": "#1"},
				"west": {"uv": [3, 3, 11, 11], "rotation": 270, "texture": "#1"},
				"up": {"uv": [3, 3, 11, 11], "rotation": 270, "texture": "#1"},
				"down": {"uv": [3, 3, 11, 11], "rotation": 270, "texture": "#1"}
			}
		},
		{
			"from": [11.33773, 11.625, 2],
			"to": [15.58579, 21.60944, 4],
			"rotation": {"angle": -45, "axis": "y", "origin": [14.58579, 16.625, 3]},
			"faces": {
				"north": {"uv": [2, 8, 11.98444, 3.75195], "rotation": 270, "texture": "#1"},
				"east": {"uv": [2, 8, 11.98444, 3.75195], "rotation": 270, "texture": "#1"},
				"south": {"uv": [2, 8, 11.98444, 3.75195], "rotation": 270, "texture": "#1"},
				"west": {"uv": [2, 8, 11.98444, 3.75195], "rotation": 270, "texture": "#1"},
				"up": {"uv": [2, 8, 11.98444, 3.75195], "rotation": 270, "texture": "#1"},
				"down": {"uv": [2, 8, 11.98444, 3.75195], "rotation": 270, "texture": "#1"}
			}
		},
		{
			"from": [3, 8.625, 3],
			"to": [13, 11.625, 13],
			"rotation": {"angle": 0, "axis": "y", "origin": [8, 8, 8]},
			"faces": {
				"north": {"uv": [3, 3, 11, 11], "texture": "#1"},
				"east": {"uv": [3, 3, 11, 11], "texture": "#1"},
				"south": {"uv": [3, 3, 11, 11], "texture": "#1"},
				"west": {"uv": [3, 3, 11, 11], "texture": "#1"},
				"up": {"uv": [3, 3, 11, 11], "texture": "#1"},
				"down": {"uv": [3, 3, 11, 11], "texture": "#1"}
			}
		},
		{
			"from": [17.36218, 21.62617, 6.01556],
			"to": [20.36218, 27.12617, 9.98444],
			"rotation": {"angle": -45, "axis": "z", "origin": [13.86218, 26.62617, 8.01556]},
			"faces": {
				"north": {"uv": [4, 4, 8, 7], "rotation": 180, "texture": "#1"},
				"east": {"uv": [4, 4, 8, 7], "rotation": 180, "texture": "#1"},
				"south": {"uv": [4, 4, 8, 7], "rotation": 180, "texture": "#1"},
				"west": {"uv": [4, 4, 8, 7], "rotation": 180, "texture": "#1"},
				"up": {"uv": [4, 4, 8, 7], "rotation": 180, "texture": "#1"},
				"down": {"uv": [4, 4, 8, 7], "rotation": 180, "texture": "#1"}
			}
		},
		{
			"from": [16.69061, 21.50485, 5.98444],
			"to": [20.69061, 24.50485, 10.01556],
			"rotation": {"angle": 0, "axis": "y", "origin": [18.69061, 23.00485, 7.98444]},
			"faces": {
				"north": {"uv": [4, 4, 8, 7], "rotation": 180, "texture": "#1"},
				"east": {"uv": [4, 4, 8, 7], "rotation": 180, "texture": "#1"},
				"south": {"uv": [4, 4, 8, 7], "rotation": 180, "texture": "#1"},
				"west": {"uv": [4, 4, 8, 7], "rotation": 180, "texture": "#1"},
				"up": {"uv": [4, 4, 8, 7], "rotation": 180, "texture": "#1"},
				"down": {"uv": [4, 4, 8, 7], "rotation": 180, "texture": "#1"}
			}
		},
		{
			"from": [17.37259, 17.99444, 6],
			"to": [20.37259, 20.49444, 9.96887],
			"rotation": {"angle": -45, "axis": "z", "origin": [23.87259, 18.49444, 7.98444]},
			"faces": {
				"north": {"uv": [4, 4, 8, 7], "rotation": 180, "texture": "#1"},
				"east": {"uv": [4, 4, 8, 7], "rotation": 180, "texture": "#1"},
				"south": {"uv": [4, 4, 8, 7], "rotation": 180, "texture": "#1"},
				"west": {"uv": [4, 4, 8, 7], "rotation": 180, "texture": "#1"},
				"up": {"uv": [4, 4, 8, 7], "rotation": 180, "texture": "#1"},
				"down": {"uv": [4, 4, 8, 7], "rotation": 180, "texture": "#1"}
			}
		},
		{
			"from": [20.06193, 17.38353, 5.96887],
			"to": [22.81193, 22.38353, 10.03113],
			"rotation": {"angle": 0, "axis": "y", "origin": [21.31193, 20.38353, 8.01556]},
			"faces": {
				"north": {"uv": [4, 4, 8, 7], "rotation": 180, "texture": "#1"},
				"east": {"uv": [4, 4, 8, 7], "rotation": 180, "texture": "#1"},
				"south": {"uv": [4, 4, 8, 7], "rotation": 180, "texture": "#1"},
				"west": {"uv": [4, 4, 8, 7], "rotation": 180, "texture": "#1"},
				"up": {"uv": [4, 4, 8, 7], "rotation": 180, "texture": "#1"},
				"down": {"uv": [4, 4, 8, 7], "rotation": 180, "texture": "#1"}
			}
		},
		{
			"from": [15.12259, 19.27262, 6],
			"to": [20.37259, 21.77262, 9.96887],
			"rotation": {"angle": 45, "axis": "z", "origin": [23.87259, 21.27262, 7.95331]},
			"faces": {
				"north": {"uv": [4, 4, 8, 7], "rotation": 180, "texture": "#1"},
				"east": {"uv": [4, 4, 8, 7], "rotation": 180, "texture": "#1"},
				"south": {"uv": [4, 4, 8, 7], "rotation": 180, "texture": "#1"},
				"west": {"uv": [4, 4, 8, 7], "rotation": 180, "texture": "#1"},
				"up": {"uv": [4, 4, 8, 7], "rotation": 180, "texture": "#1"},
				"down": {"uv": [4, 4, 8, 7], "rotation": 180, "texture": "#1"}
			}
		},
		{
			"from": [15.04306, 11.96922, 5.98444],
			"to": [18.54306, 14.46922, 9.98444],
			"rotation": {"angle": 22.5, "axis": "z", "origin": [14.54306, 14.21922, 7.98444]},
			"faces": {
				"north": {"uv": [4, 4, 8, 7], "rotation": 180, "texture": "#1"},
				"east": {"uv": [4, 4, 8, 7], "rotation": 180, "texture": "#1"},
				"south": {"uv": [4, 4, 8, 7], "rotation": 180, "texture": "#1"},
				"west": {"uv": [4, 4, 8, 7], "rotation": 180, "texture": "#1"},
				"up": {"uv": [4, 4, 8, 7], "rotation": 180, "texture": "#1"},
				"down": {"uv": [4, 4, 8, 7], "rotation": 180, "texture": "#1"}
			}
		},
		{
			"from": [-4.36218, 21.62617, 6.01556],
			"to": [-1.36218, 27.12617, 9.98444],
			"rotation": {"angle": 45, "axis": "z", "origin": [2.13782, 26.62617, 8.01556]},
			"faces": {
				"north": {"uv": [4, 4, 8, 7], "rotation": 180, "texture": "#1"},
				"east": {"uv": [4, 4, 8, 7], "rotation": 180, "texture": "#1"},
				"south": {"uv": [4, 4, 8, 7], "rotation": 180, "texture": "#1"},
				"west": {"uv": [4, 4, 8, 7], "rotation": 180, "texture": "#1"},
				"up": {"uv": [4, 4, 8, 7], "rotation": 180, "texture": "#1"},
				"down": {"uv": [4, 4, 8, 7], "rotation": 180, "texture": "#1"}
			}
		},
		{
			"from": [-4.69061, 21.50485, 5.98444],
			"to": [-0.69061, 24.50485, 10.01556],
			"rotation": {"angle": 0, "axis": "y", "origin": [-2.69061, 23.00485, 7.98444]},
			"faces": {
				"north": {"uv": [4, 4, 8, 7], "rotation": 180, "texture": "#1"},
				"east": {"uv": [4, 4, 8, 7], "rotation": 180, "texture": "#1"},
				"south": {"uv": [4, 4, 8, 7], "rotation": 180, "texture": "#1"},
				"west": {"uv": [4, 4, 8, 7], "rotation": 180, "texture": "#1"},
				"up": {"uv": [4, 4, 8, 7], "rotation": 180, "texture": "#1"},
				"down": {"uv": [4, 4, 8, 7], "rotation": 180, "texture": "#1"}
			}
		},
		{
			"from": [-4.37259, 17.99444, 6],
			"to": [-1.37259, 20.49444, 9.96887],
			"rotation": {"angle": 45, "axis": "z", "origin": [-7.87259, 18.49444, 7.98444]},
			"faces": {
				"north": {"uv": [4, 4, 8, 7], "rotation": 180, "texture": "#1"},
				"east": {"uv": [4, 4, 8, 7], "rotation": 180, "texture": "#1"},
				"south": {"uv": [4, 4, 8, 7], "rotation": 180, "texture": "#1"},
				"west": {"uv": [4, 4, 8, 7], "rotation": 180, "texture": "#1"},
				"up": {"uv": [4, 4, 8, 7], "rotation": 180, "texture": "#1"},
				"down": {"uv": [4, 4, 8, 7], "rotation": 180, "texture": "#1"}
			}
		},
		{
			"from": [-6.81193, 17.38353, 5.96887],
			"to": [-4.06193, 22.38353, 10.03113],
			"rotation": {"angle": 0, "axis": "y", "origin": [-5.31193, 20.38353, 8.01556]},
			"faces": {
				"north": {"uv": [4, 4, 8, 7], "rotation": 180, "texture": "#1"},
				"east": {"uv": [4, 4, 8, 7], "rotation": 180, "texture": "#1"},
				"south": {"uv": [4, 4, 8, 7], "rotation": 180, "texture": "#1"},
				"west": {"uv": [4, 4, 8, 7], "rotation": 180, "texture": "#1"},
				"up": {"uv": [4, 4, 8, 7], "rotation": 180, "texture": "#1"},
				"down": {"uv": [4, 4, 8, 7], "rotation": 180, "texture": "#1"}
			}
		},
		{
			"from": [-4.37259, 19.27262, 6],
			"to": [0.87741, 21.77262, 9.96887],
			"rotation": {"angle": -45, "axis": "z", "origin": [-7.87259, 21.27262, 7.95331]},
			"faces": {
				"north": {"uv": [4, 4, 8, 7], "rotation": 180, "texture": "#1"},
				"east": {"uv": [4, 4, 8, 7], "rotation": 180, "texture": "#1"},
				"south": {"uv": [4, 4, 8, 7], "rotation": 180, "texture": "#1"},
				"west": {"uv": [4, 4, 8, 7], "rotation": 180, "texture": "#1"},
				"up": {"uv": [4, 4, 8, 7], "rotation": 180, "texture": "#1"},
				"down": {"uv": [4, 4, 8, 7], "rotation": 180, "texture": "#1"}
			}
		},
		{
			"from": [-2.54306, 11.96922, 5.98444],
			"to": [0.95694, 14.46922, 9.98444],
			"rotation": {"angle": -22.5, "axis": "z", "origin": [1.45694, 14.21922, 7.98444]},
			"faces": {
				"north": {"uv": [4, 4, 8, 7], "rotation": 180, "texture": "#1"},
				"east": {"uv": [4, 4, 8, 7], "rotation": 180, "texture": "#1"},
				"south": {"uv": [4, 4, 8, 7], "rotation": 180, "texture": "#1"},
				"west": {"uv": [4, 4, 8, 7], "rotation": 180, "texture": "#1"},
				"up": {"uv": [4, 4, 8, 7], "rotation": 180, "texture": "#1"},
				"down": {"uv": [4, 4, 8, 7], "rotation": 180, "texture": "#1"}
			}
		},
		{
			"from": [1.75, 0.625, 2],
			"to": [14.25, 1.625, 14],
			"rotation": {"angle": 0, "axis": "y", "origin": [8, 8, 8]},
			"faces": {
				"north": {"uv": [4, 5, 16.5, 6], "texture": "#1"},
				"east": {"uv": [4, 5, 16.5, 6], "texture": "#1"},
				"south": {"uv": [4, 5, 16.5, 6], "texture": "#1"},
				"west": {"uv": [4, 5, 16.5, 6], "texture": "#1"},
				"up": {"uv": [0, 0, 16, 16], "texture": "#1"},
				"down": {"uv": [0, 0, 16, 16], "texture": "#1"}
			}
		},
		{
			"from": [4, 2.625, 4],
			"to": [12, 3.625, 12],
			"rotation": {"angle": 0, "axis": "y", "origin": [8, 8, 8]},
			"faces": {
				"north": {"uv": [4, 5, 12, 6], "texture": "#1"},
				"east": {"uv": [4, 5, 12, 6], "texture": "#1"},
				"south": {"uv": [4, 5, 12, 6], "texture": "#1"},
				"west": {"uv": [4, 5, 12, 6], "texture": "#1"},
				"up": {"uv": [0, 0, 16, 16], "texture": "#1"},
				"down": {"uv": [4, 5, 12, 6], "texture": "#1"}
			}
		},
		{
			"from": [6, 3.625, 6],
			"to": [10, 7.625, 10],
			"rotation": {"angle": 0, "axis": "y", "origin": [8, 8, 8]},
			"faces": {
				"north": {"uv": [5, 5, 9, 9], "texture": "#1"},
				"east": {"uv": [5, 5, 9, 9], "texture": "#1"},
				"south": {"uv": [5, 5, 9, 9], "texture": "#1"},
				"west": {"uv": [5, 5, 9, 9], "texture": "#1"},
				"up": {"uv": [5, 5, 9, 9], "texture": "#1"},
				"down": {"uv": [5, 5, 9, 9], "texture": "#1"}
			}
		},
		{
			"from": [6, 6.625, 5],
			"to": [10, 10.625, 9],
			"rotation": {"angle": -22.5, "axis": "x", "origin": [8, 8, 8]},
			"faces": {
				"north": {"uv": [4, 5, 8, 9], "texture": "#1"},
				"east": {"uv": [4, 5, 8, 9], "texture": "#1"},
				"south": {"uv": [4, 5, 8, 9], "texture": "#1"},
				"west": {"uv": [4, 5, 8, 9], "texture": "#1"},
				"up": {"uv": [4, 5, 8, 9], "texture": "#1"},
				"down": {"uv": [4, 5, 8, 9], "texture": "#1"}
			}
		},
		{
			"from": [5, 6.625, 6],
			"to": [9, 10.625, 10],
			"rotation": {"angle": 22.5, "axis": "z", "origin": [8, 8, 8]},
			"faces": {
				"north": {"uv": [4, 5, 8, 9], "texture": "#1"},
				"east": {"uv": [4, 5, 8, 9], "texture": "#1"},
				"south": {"uv": [4, 5, 8, 9], "texture": "#1"},
				"west": {"uv": [4, 5, 8, 9], "texture": "#1"},
				"up": {"uv": [4, 5, 8, 9], "texture": "#1"},
				"down": {"uv": [4, 5, 8, 9], "texture": "#1"}
			}
		},
		{
			"from": [6, 6.625, 7],
			"to": [10, 10.625, 11],
			"rotation": {"angle": 22.5, "axis": "x", "origin": [8, 8, 8]},
			"faces": {
				"north": {"uv": [0, 0, 4, 4], "texture": "#1"},
				"east": {"uv": [0, 0, 4, 4], "texture": "#1"},
				"south": {"uv": [0, 0, 4, 4], "texture": "#1"},
				"west": {"uv": [0, 0, 4, 4], "texture": "#1"},
				"up": {"uv": [0, 0, 4, 4], "texture": "#1"},
				"down": {"uv": [0, 0, 4, 4], "texture": "#1"}
			}
		},
		{
			"from": [7, 6.625, 6],
			"to": [11, 10.625, 10],
			"rotation": {"angle": -22.5, "axis": "z", "origin": [8, 8, 8]},
			"faces": {
				"north": {"uv": [4, 5, 8, 9], "texture": "#1"},
				"east": {"uv": [4, 5, 8, 9], "texture": "#1"},
				"south": {"uv": [4, 5, 8, 9], "texture": "#1"},
				"west": {"uv": [4, 5, 8, 9], "texture": "#1"},
				"up": {"uv": [4, 5, 8, 9], "texture": "#1"},
				"down": {"uv": [4, 5, 8, 9], "texture": "#1"}
			}
		},
		{
			"from": [3, 1.625, 3],
			"to": [13, 2.625, 13],
			"rotation": {"angle": 0, "axis": "y", "origin": [8, 8, 8]},
			"faces": {
				"north": {"uv": [4, 5, 14, 6], "texture": "#1"},
				"east": {"uv": [4, 5, 14, 6], "texture": "#1"},
				"south": {"uv": [4, 5, 14, 6], "texture": "#1"},
				"west": {"uv": [4, 5, 14, 6], "texture": "#1"},
				"up": {"uv": [0, 0, 16, 16], "texture": "#1"},
				"down": {"uv": [4, 5, 14, 6], "texture": "#1"}
			}
		}
	],
	"display": {
		"thirdperson_righthand": {
			"translation": [0, -2.25, 0],
			"scale": [0.5, 0.5, 0.5]
		},
		"thirdperson_lefthand": {
			"translation": [0, -2.25, 0],
			"scale": [0.5, 0.5, 0.5]
		},
		"firstperson_righthand": {
			"rotation": [0, 137, 0],
			"translation": [0.25, 1, 0.5],
			"scale": [0.5, 0.5, 0.5]
		},
		"firstperson_lefthand": {
			"rotation": [0, 137, 0],
			"translation": [0.25, 1, 0.5],
			"scale": [0.5, 0.5, 0.5]
		},
		"ground": {
			"translation": [0, 0.75, 0],
			"scale": [0.5, 0.5, 0.5]
		},
		"gui": {
			"rotation": [20, 25, 0],
			"translation": [0, -3, 0],
			"scale": [0.5, 0.5, 0.5]
		},
		"head": {
			"translation": [0, 10.5, 0],
			"scale": [0.5, 0.5, 0.5]
		},
		"fixed": {
			"rotation": [-90, 0, 0],
			"translation": [0, 0, -9],
			"scale": [1.25, 1.25, 1.25]
		}
	},
	"groups": [
		{
			"name": "gold-building1",
			"origin": [8, 8, 8],
			"color": 0,
			"children": [0,
				{
					"name": "cup",
					"origin": [8, 8, 8],
					"color": 0,
					"children": [1, 2, 3, 4, 5, 6, 7, 8, 9, 10, 11, 12, 13]
				},
				{
					"name": "handle1",
					"origin": [8, 8, 8],
					"color": 0,
					"children": [14, 15, 16, 17, 18, 19]
				},
				{
					"name": "handle2",
					"origin": [8, 8, 8],
					"color": 0,
					"children": [20, 21, 22, 23, 24, 25]
				},
				{
					"name": "base/stand",
					"origin": [8, 8, 8],
					"color": 0,
					"children": [26, 27, 28, 29, 30, 31, 32, 33]
				}
			]
		}
	]
}