{"__comment":"DesignedbyPlagForOraxen","textures":{"0":"paper/coach"},"elements":[{"from":[2,7,-9],"to":[14,9,24],"faces":{"down":{"uv":[3,3.75,1.5,7.875],"texture":"#0"},"up":{"uv":[1.5,7.875,0,3.75],"texture":"#0"},"north":{"uv":[4,3.25,5.5,3.5],"texture":"#0"},"south":{"uv":[4,3.5,5.5,3.75],"texture":"#0"},"west":{"uv":[6.875,6.125,11,6.375],"texture":"#0"},"east":{"uv":[6.875,5.875,11,6.125],"texture":"#0"}}},{"from":[2,4,-6],"to":[14,6,-5],"faces":{"down":{"uv":[11.125,8.125,9.625,8.25],"texture":"#0"},"up":{"uv":[11.125,8.125,9.625,8],"texture":"#0"},"north":{"uv":[6.875,6.375,8.375,6.625],"texture":"#0"},"south":{"uv":[9.625,1.625,11.125,1.875],"texture":"#0"},"west":{"uv":[7.75,1.125,7.875,1.375],"texture":"#0"},"east":{"uv":[4.875,7,5,7.25],"texture":"#0"}}},{"from":[-1.9,0,16.5],"to":[0.1,9,25.5],"faces":{"down":{"uv":[9.75,11.5,9.5,10.375],"texture":"#0"},"up":{"uv":[10.625,6.375,10.375,7.5],"texture":"#0"},"north":{"uv":[10.625,3.5,10.375,4.625],"texture":"#0"},"south":{"uv":[10.625,0,10.375,1.125],"texture":"#0"},"west":{"uv":[8.625,7.25,7.5,8.375],"texture":"#0"},"east":{"uv":[7.5,7.25,6.375,8.375],"texture":"#0"}}},{"from":[15.9,0,16.5],"to":[17.9,9,25.5],"faces":{"down":{"uv":[9.5,11.5,9.75,10.375],"texture":"#0"},"up":{"uv":[10.375,6.375,10.625,7.5],"texture":"#0"},"north":{"uv":[10.375,3.5,10.625,4.625],"texture":"#0"},"south":{"uv":[10.375,0,10.625,1.125],"texture":"#0"},"west":{"uv":[6.375,7.25,7.5,8.375],"texture":"#0"},"east":{"uv":[7.5,7.25,8.625,8.375],"texture":"#0"}}},{"from":[15.9,0,-9.7],"to":[17.9,9,-0.6999998],"faces":{"down":{"uv":[9.5,10.375,9.75,11.5],"texture":"#0"},"up":{"uv":[10.375,7.5,10.625,6.375],"texture":"#0"},"north":{"uv":[10.625,0,10.375,1.125],"texture":"#0"},"south":{"uv":[10.625,3.5,10.375,4.625],"texture":"#0"},"west":{"uv":[7.5,7.25,6.375,8.375],"texture":"#0"},"east":{"uv":[8.625,7.25,7.5,8.375],"texture":"#0"}}},{"from":[16,15,-7],"to":[16.001,28,23],"faces":{"down":{"uv":[4,0,2,3.75],"texture":"#0"},"up":{"uv":[2,3.75,0,0],"texture":"#0"},"north":{"uv":[4,1.625,6,3.25],"texture":"#0"},"south":{"uv":[3,5.375,5,7],"texture":"#0"},"west":{"uv":[6.75,3.75,3,5.375],"texture":"#0"},"east":{"uv":[3,3.75,6.75,5.375],"texture":"#0"}}},{"from":[0,15,-7],"to":[0.001,28,23],"faces":{"down":{"uv":[4,0,2,3.75],"texture":"#0"},"up":{"uv":[2,3.75,0,0],"texture":"#0"},"north":{"uv":[4,1.625,6,3.25],"texture":"#0"},"south":{"uv":[3,5.375,5,7],"texture":"#0"},"west":{"uv":[4,0,7.75,1.625],"texture":"#0"},"east":{"uv":[7.75,0,4,1.625],"texture":"#0"}}},{"from":[0,15,23],"to":[16,28,23.001],"faces":{"down":{"uv":[4,0,2,3.75],"texture":"#0"},"up":{"uv":[2,3.75,0,0],"texture":"#0"},"north":{"uv":[5,5.375,3,7],"texture":"#0"},"south":{"uv":[3,5.375,5,7],"texture":"#0"},"west":{"uv":[4,0,7.75,1.625],"texture":"#0"},"east":{"uv":[3,3.75,6.75,5.375],"texture":"#0"}}},{"from":[0,28,-7],"to":[16,28.001,23],"faces":{"down":{"uv":[2,0,0,3.75],"texture":"#0"},"up":{"uv":[2,3.75,0,0],"texture":"#0"},"north":{"uv":[4,1.625,6,3.25],"texture":"#0"},"south":{"uv":[3,5.375,5,7],"texture":"#0"},"west":{"uv":[4,0,7.75,1.625],"texture":"#0"},"east":{"uv":[3,3.75,6.75,5.375],"texture":"#0"}}},{"from":[0,15,-7],"to":[16,28,-6.999],"faces":{"down":{"uv":[4,0,2,3.75],"texture":"#0"},"up":{"uv":[2,3.75,0,0],"texture":"#0"},"north":{"uv":[4,1.625,6,3.25],"texture":"#0"},"south":{"uv":[6,1.625,4,3.25],"texture":"#0"},"west":{"uv":[4,0,7.75,1.625],"texture":"#0"},"east":{"uv":[3,3.75,6.75,5.375],"texture":"#0"}}},{"from":[14,7,-5],"to":[15,12,20],"faces":{"down":{"uv":[8.875,9.375,8.75,12.5],"texture":"#0"},"up":{"uv":[8.75,12.5,8.625,9.375],"texture":"#0"},"north":{"uv":[6.75,4.75,6.875,5.375],"texture":"#0"},"south":{"uv":[10.75,8.625,10.875,9.25],"texture":"#0"},"west":{"uv":[9.125,2.875,6,3.5],"texture":"#0"},"east":{"uv":[6,2.875,9.125,3.5],"texture":"#0"}}},{"from":[1,7,-5],"to":[2,12,20],"faces":{"down":{"uv":[9.125,9.375,9,12.5],"texture":"#0"},"up":{"uv":[9,12.5,8.875,9.375],"texture":"#0"},"north":{"uv":[10.75,9.25,10.875,9.875],"texture":"#0"},"south":{"uv":[10.75,9.875,10.875,10.5],"texture":"#0"},"west":{"uv":[6.75,4.125,9.875,4.75],"texture":"#0"},"east":{"uv":[9.875,4.125,6.75,4.75],"texture":"#0"}}},{"from":[3,7.025,21],"to":[13,12.025,22],"faces":{"down":{"uv":[11.375,7.625,10.125,7.75],"texture":"#0"},"up":{"uv":[11.375,7.625,10.125,7.5],"texture":"#0"},"north":{"uv":[10.375,2.625,9.125,3.25],"texture":"#0"},"south":{"uv":[9.125,2.625,10.375,3.25],"texture":"#0"},"west":{"uv":[10.875,8.625,11,9.25],"texture":"#0"},"east":{"uv":[10.75,10.5,10.875,11.125],"texture":"#0"}}},{"from":[3,13,21],"to":[13,15,22],"faces":{"down":{"uv":[11.375,7.875,10.125,8],"texture":"#0"},"up":{"uv":[11.375,7.875,10.125,7.75],"texture":"#0"},"north":{"uv":[5.5,3.5,6.75,3.75],"texture":"#0"},"south":{"uv":[9.625,2.375,10.875,2.625],"texture":"#0"},"west":{"uv":[10.375,3,10.5,3.25],"texture":"#0"},"east":{"uv":[10.25,5.125,10.375,5.375],"texture":"#0"}}},{"from":[1,13,-5],"to":[2,15,20],"faces":{"down":{"uv":[8.375,10.25,8.25,13.375],"texture":"#0"},"up":{"uv":[8.25,13.375,8.125,10.25],"texture":"#0"},"north":{"uv":[1.875,8.875,2,9.125],"texture":"#0"},"south":{"uv":[2,8.875,2.125,9.125],"texture":"#0"},"west":{"uv":[9.5,8.375,12.625,8.625],"texture":"#0"},"east":{"uv":[9.125,3.25,12.25,3.5],"texture":"#0"}}},{"from":[14,13,-5],"to":[15,15,20],"faces":{"down":{"uv":[8.125,10.25,8,13.375],"texture":"#0"},"up":{"uv":[8,13.375,7.875,10.25],"texture":"#0"},"north":{"uv":[8.375,6.375,8.5,6.625],"texture":"#0"},"south":{"uv":[8.5,6.375,8.625,6.625],"texture":"#0"},"west":{"uv":[9,5.625,12.125,5.875],"texture":"#0"},"east":{"uv":[9,5.375,12.125,5.625],"texture":"#0"}}},{"from":[12.9,3,19.5],"to":[15.9,21,22.5],"faces":{"down":{"uv":[11,6.75,10.625,7.125],"texture":"#0"},"up":{"uv":[11,6.75,10.625,6.375],"texture":"#0"},"north":{"uv":[6.375,9.375,6.75,11.625],"texture":"#0"},"south":{"uv":[7.125,9.375,7.5,11.625],"texture":"#0"},"west":{"uv":[7.5,9.375,7.875,11.625],"texture":"#0"},"east":{"uv":[6.75,9.375,7.125,11.625],"texture":"#0"}}},{"from":[12.9,3,-6.8],"to":[15.9,21,-3.799999],"faces":{"down":{"uv":[11,6.75,10.625,7.125],"texture":"#0"},"up":{"uv":[11,6.75,10.625,6.375],"texture":"#0"},"north":{"uv":[6.375,9.375,6.75,11.625],"texture":"#0"},"south":{"uv":[7.125,9.375,7.5,11.625],"texture":"#0"},"west":{"uv":[7.5,9.375,7.875,11.625],"texture":"#0"},"east":{"uv":[6.75,9.375,7.125,11.625],"texture":"#0"}}},{"from":[0.09999999,3,-6.8],"to":[3.1,21,-3.799999],"faces":{"down":{"uv":[10.625,6.75,11,7.125],"texture":"#0"},"up":{"uv":[10.625,6.75,11,6.375],"texture":"#0"},"north":{"uv":[6.75,9.375,6.375,11.625],"texture":"#0"},"south":{"uv":[7.5,9.375,7.125,11.625],"texture":"#0"},"west":{"uv":[7.125,9.375,6.75,11.625],"texture":"#0"},"east":{"uv":[7.875,9.375,7.5,11.625],"texture":"#0"}}},{"from":[-1.9,0,-9.7],"to":[0.1,9,-0.6999998],"faces":{"down":{"uv":[9.75,10.375,9.5,11.5],"texture":"#0"},"up":{"uv":[10.625,7.5,10.375,6.375],"texture":"#0"},"north":{"uv":[10.375,0,10.625,1.125],"texture":"#0"},"south":{"uv":[10.375,3.5,10.625,4.625],"texture":"#0"},"west":{"uv":[7.5,7.25,8.625,8.375],"texture":"#0"},"east":{"uv":[6.375,7.25,7.5,8.375],"texture":"#0"}}},{"from":[12.9,6,6.5],"to":[15.9,24,9.5],"faces":{"down":{"uv":[11,6.75,10.625,7.125],"texture":"#0"},"up":{"uv":[11,6.75,10.625,6.375],"texture":"#0"},"north":{"uv":[6.375,9.375,6.75,11.625],"texture":"#0"},"south":{"uv":[7.125,9.375,7.5,11.625],"texture":"#0"},"west":{"uv":[7.5,9.375,7.875,11.625],"texture":"#0"},"east":{"uv":[6.75,9.375,7.125,11.625],"texture":"#0"}}},{"from":[0.09999999,6,6.5],"to":[3.1,24,9.5],"faces":{"down":{"uv":[10.625,6.75,11,7.125],"texture":"#0"},"up":{"uv":[10.625,6.75,11,6.375],"texture":"#0"},"north":{"uv":[6.75,9.375,6.375,11.625],"texture":"#0"},"south":{"uv":[7.5,9.375,7.125,11.625],"texture":"#0"},"west":{"uv":[7.125,9.375,6.75,11.625],"texture":"#0"},"east":{"uv":[7.875,9.375,7.5,11.625],"texture":"#0"}}},{"from":[0.09999999,3,19.5],"to":[3.1,21,22.5],"faces":{"down":{"uv":[10.625,6.75,11,7.125],"texture":"#0"},"up":{"uv":[10.625,6.75,11,6.375],"texture":"#0"},"north":{"uv":[6.75,9.375,6.375,11.625],"texture":"#0"},"south":{"uv":[7.5,9.375,7.125,11.625],"texture":"#0"},"west":{"uv":[7.125,9.375,6.75,11.625],"texture":"#0"},"east":{"uv":[7.875,9.375,7.5,11.625],"texture":"#0"}}},{"from":[2,4,21],"to":[14,6,22],"faces":{"down":{"uv":[11.375,4.625,9.875,4.75],"texture":"#0"},"up":{"uv":[11.125,8.375,9.625,8.25],"texture":"#0"},"north":{"uv":[9.625,1.875,11.125,2.125],"texture":"#0"},"south":{"uv":[9.625,2.125,11.125,2.375],"texture":"#0"},"west":{"uv":[2.875,7.875,3,8.125],"texture":"#0"},"east":{"uv":[7.75,1.375,7.875,1.625],"texture":"#0"}}},{"from":[-7,9,2],"to":[8,19,2.001],"rotation":{"origin":[-2,2,-16],"axis":"y","angle":22.5},"faces":{"down":{"uv":[1.875,0,0,0],"texture":"#0"},"up":{"uv":[1.875,0,0,0],"texture":"#0"},"north":{"uv":[5,5.375,6.875,6.625],"texture":"#0"},"south":{"uv":[6.875,5.375,5,6.625],"texture":"#0"},"west":{"uv":[0,0,0,1.25],"texture":"#0"},"east":{"uv":[0,0,0,1.25],"texture":"#0"}}},{"from":[-2,9,-1],"to":[4,16,5],"rotation":{"origin":[-2,2,-16],"axis":"y","angle":22.5},"faces":{"down":{"uv":[10.375,0.875,9.625,1.625],"texture":"#0"},"up":{"uv":[8.625,2.875,7.875,2.125],"texture":"#0"},"north":{"uv":[7.875,9.375,8.625,10.25],"texture":"#0"},"south":{"uv":[9.5,9.5,10.25,10.375],"texture":"#0"},"west":{"uv":[9.625,0,10.375,0.875],"texture":"#0"},"east":{"uv":[9.5,8.625,10.25,9.5],"texture":"#0"}}},{"from":[0,16,1],"to":[2,19,3],"rotation":{"origin":[-2,2,-16],"axis":"y","angle":22.5},"faces":{"down":{"uv":[2.875,7.875,2.625,8.125],"texture":"#0"},"up":{"uv":[4.875,7.25,4.625,7],"texture":"#0"},"north":{"uv":[8.625,2.125,8.875,2.5],"texture":"#0"},"south":{"uv":[10.75,1.125,11,1.5],"texture":"#0"},"west":{"uv":[10.75,2.625,11,3],"texture":"#0"},"east":{"uv":[10.625,7.125,10.875,7.5],"texture":"#0"}}},{"from":[-1,19,0],"to":[3,21,4],"rotation":{"origin":[-2,2,-16],"axis":"y","angle":22.5},"faces":{"down":{"uv":[10.125,7.5,9.625,8],"texture":"#0"},"up":{"uv":[8.625,7.125,8.125,6.625],"texture":"#0"},"north":{"uv":[5.5,3.25,6,3.5],"texture":"#0"},"south":{"uv":[2.125,7.875,2.625,8.125],"texture":"#0"},"west":{"uv":[8.625,2.625,9.125,2.875],"texture":"#0"},"east":{"uv":[4.125,7,4.625,7.25],"texture":"#0"}}},{"from":[3,9,10],"to":[11,17,18],"rotation":{"origin":[0,2,9],"axis":"y","angle":45},"faces":{"down":{"uv":[9.625,7.375,8.625,8.375],"texture":"#0"},"up":{"uv":[9.625,7.375,8.625,6.375],"texture":"#0"},"north":{"uv":[5.125,8.375,6.125,9.375],"texture":"#0"},"south":{"uv":[7.125,8.375,8.125,9.375],"texture":"#0"},"west":{"uv":[8.125,8.375,9.125,9.375],"texture":"#0"},"east":{"uv":[6.125,8.375,7.125,9.375],"texture":"#0"}}},{"from":[3,8.849999,14],"to":[11,16.85,22],"rotation":{"origin":[0,1.85,13],"axis":"y","angle":22.5},"faces":{"down":{"uv":[9.625,7.375,8.625,8.375],"texture":"#0"},"up":{"uv":[9.625,7.375,8.625,6.375],"texture":"#0"},"north":{"uv":[5.125,8.375,6.125,9.375],"texture":"#0"},"south":{"uv":[7.125,8.375,8.125,9.375],"texture":"#0"},"west":{"uv":[8.125,8.375,9.125,9.375],"texture":"#0"},"east":{"uv":[6.125,8.375,7.125,9.375],"texture":"#0"}}}],"display":{"thirdperson_righthand":{"rotation":[75,45,0],"translation":[0,2.5,0],"scale":[0.375,0.375,0.375]},"thirdperson_lefthand":{"rotation":[75,45,0],"translation":[0,2.5,0],"scale":[0.375,0.375,0.375]},"firstperson_righthand":{"rotation":[0,45,0],"scale":[0.4,0.4,0.4]},"firstperson_lefthand":{"rotation":[0,225,0],"scale":[0.4,0.4,0.4]},"gui":{"rotation":[30,225,0],"translation":[0,-1.25,0],"scale":[0.35156,0.35156,0.35156]},"ground":{"translation":[0,3,0],"scale":[0.25,0.25,0.25]},"fixed":{"rotation":[-90,0,0],"translation":[-16,31.5,-24],"scale":[3,3,3]}}}