{"credit":"MadebyAvilaforOraxen","texture_size":[64,64],"textures":{"2":"paper/shelf","particle":"default/shelf"},"elements":[{"from":[0,0,6],"to":[16,1,16],"faces":{"north":{"uv":[6,10,10,10.25],"texture":"#2"},"east":{"uv":[6,9.75,8.5,10],"texture":"#2"},"south":{"uv":[10,10,14,10.25],"texture":"#2"},"west":{"uv":[10.5,2.5,13,2.75],"texture":"#2"},"up":{"uv":[4,2.5,0,0],"texture":"#2"},"down":{"uv":[4,2.5,0,5],"texture":"#2"}}},{"from":[1,1,6],"to":[1,8,16],"faces":{"north":{"uv":[0,0,0,1.75],"texture":"#2"},"east":{"uv":[0,5,2.5,6.75],"texture":"#2"},"south":{"uv":[0,0,0,1.75],"texture":"#2"},"west":{"uv":[2.5,5,5,6.75],"texture":"#2"},"up":{"uv":[0,2.5,0,0],"texture":"#2"},"down":{"uv":[0,0,0,2.5],"texture":"#2"}}},{"from":[1,9,6],"to":[1,13,16],"faces":{"north":{"uv":[0,0,0,1],"texture":"#2"},"east":{"uv":[7.75,6.5,10.25,7.5],"texture":"#2"},"south":{"uv":[0,0,0,1],"texture":"#2"},"west":{"uv":[7.75,7.5,10.25,8.5],"texture":"#2"},"up":{"uv":[0,2.5,0,0],"texture":"#2"},"down":{"uv":[0,0,0,2.5],"texture":"#2"}}},{"from":[1,-4,6],"to":[1,0,16],"faces":{"north":{"uv":[0,0,0,1],"texture":"#2"},"east":{"uv":[8,0,10.5,1],"texture":"#2"},"south":{"uv":[0,0,0,1],"texture":"#2"},"west":{"uv":[8,1,10.5,2],"texture":"#2"},"up":{"uv":[0,2.5,0,0],"texture":"#2"},"down":{"uv":[0,0,0,2.5],"texture":"#2"}}},{"from":[0,8,6],"to":[16,9,16],"faces":{"north":{"uv":[0,10.25,4,10.5],"texture":"#2"},"east":{"uv":[10.5,2.75,13,3],"texture":"#2"},"south":{"uv":[6,10.25,10,10.5],"texture":"#2"},"west":{"uv":[10.5,3,13,3.25],"texture":"#2"},"up":{"uv":[8,2.5,4,0],"texture":"#2"},"down":{"uv":[8,2.5,4,5],"texture":"#2"}}},{"from":[0.5,-5,15.6],"to":[1.5,14,16.6],"faces":{"north":{"uv":[4,9.25,4.25,14],"texture":"#2"},"east":{"uv":[4.25,9.25,4.5,14],"texture":"#2"},"south":{"uv":[4.5,9.25,4.75,14],"texture":"#2"},"west":{"uv":[4.75,9.25,5,14],"texture":"#2"},"up":{"uv":[7.75,6.75,7.5,6.5],"texture":"#2"},"down":{"uv":[6.75,8.25,6.5,8.5],"texture":"#2"}}},{"from":[0.5,7.5,5.6],"to":[1.5,9.5,15.6],"faces":{"north":{"uv":[1.5,8.5,1.75,9],"texture":"#2"},"east":{"uv":[1.5,9.25,4,9.75],"texture":"#2"},"south":{"uv":[1.75,8.5,2,9],"texture":"#2"},"west":{"uv":[9.25,5,11.75,5.5],"texture":"#2"},"up":{"uv":[3.75,13,3.5,10.5],"texture":"#2"},"down":{"uv":[4,10.5,3.75,13],"texture":"#2"}}},{"from":[0.5,-0.5,5.6],"to":[1.5,1.5,15.6],"faces":{"north":{"uv":[2,8.5,2.25,9],"texture":"#2"},"east":{"uv":[9.25,5.5,11.75,6],"texture":"#2"},"south":{"uv":[2.25,8.5,2.5,9],"texture":"#2"},"west":{"uv":[9.25,6,11.75,6.5],"texture":"#2"},"up":{"uv":[6.25,13,6,10.5],"texture":"#2"},"down":{"uv":[6.5,10.5,6.25,13],"texture":"#2"}}},{"from":[14.5,-5,15.6],"to":[15.5,14,16.6],"faces":{"north":{"uv":[5,9.75,5.25,14.5],"texture":"#2"},"east":{"uv":[5.25,9.75,5.5,14.5],"texture":"#2"},"south":{"uv":[5.5,9.75,5.75,14.5],"texture":"#2"},"west":{"uv":[5.75,9.75,6,14.5],"texture":"#2"},"up":{"uv":[7,8.5,6.75,8.25],"texture":"#2"},"down":{"uv":[7.25,8.25,7,8.5],"texture":"#2"}}},{"from":[15,-4,6],"to":[15,0,16],"faces":{"north":{"uv":[0,0,0,1],"texture":"#2"},"east":{"uv":[8,4,10.5,5],"texture":"#2"},"south":{"uv":[0,0,0,1],"texture":"#2"},"west":{"uv":[2.5,8.25,5,9.25],"texture":"#2"},"up":{"uv":[0,2.5,0,0],"texture":"#2"},"down":{"uv":[0,0,0,2.5],"texture":"#2"}}},{"from":[15,1,6],"to":[15,8,16],"faces":{"north":{"uv":[0,0,0,1.75],"texture":"#2"},"east":{"uv":[5,5,7.5,6.75],"texture":"#2"},"south":{"uv":[0,0,0,1.75],"texture":"#2"},"west":{"uv":[0,6.75,2.5,8.5],"texture":"#2"},"up":{"uv":[0,2.5,0,0],"texture":"#2"},"down":{"uv":[0,0,0,2.5],"texture":"#2"}}},{"from":[14.5,-0.5,5.6],"to":[15.5,1.5,15.6],"faces":{"north":{"uv":[8.5,10.5,8.75,11],"texture":"#2"},"east":{"uv":[9.5,9.5,12,10],"texture":"#2"},"south":{"uv":[8.75,10.5,9,11],"texture":"#2"},"west":{"uv":[1.5,9.75,4,10.25],"texture":"#2"},"up":{"uv":[7.25,13,7,10.5],"texture":"#2"},"down":{"uv":[7.5,10.5,7.25,13],"texture":"#2"}}},{"from":[14.5,7.5,5.6],"to":[15.5,9.5,15.6],"faces":{"north":{"uv":[10.5,4,10.75,4.5],"texture":"#2"},"east":{"uv":[9.5,8.5,12,9],"texture":"#2"},"south":{"uv":[10.5,4.5,10.75,5],"texture":"#2"},"west":{"uv":[9.5,9,12,9.5],"texture":"#2"},"up":{"uv":[6.75,13,6.5,10.5],"texture":"#2"},"down":{"uv":[7,10.5,6.75,13],"texture":"#2"}}},{"from":[15,9,6],"to":[15,13,16],"faces":{"north":{"uv":[0,0,0,1],"texture":"#2"},"east":{"uv":[8,2,10.5,3],"texture":"#2"},"south":{"uv":[0,0,0,1],"texture":"#2"},"west":{"uv":[8,3,10.5,4],"texture":"#2"},"up":{"uv":[0,2.5,0,0],"texture":"#2"},"down":{"uv":[0,0,0,2.5],"texture":"#2"}}},{"from":[6,1,7],"to":[13,3,13],"rotation":{"angle":0,"axis":"y","origin":[0,-8,0]},"faces":{"north":{"uv":[10.5,1,12.25,1.5],"texture":"#2"},"east":{"uv":[2,10.5,3.5,11],"texture":"#2"},"south":{"uv":[10.5,1.5,12.25,2],"texture":"#2"},"west":{"uv":[10.5,2,12,2.5],"texture":"#2"},"up":{"uv":[4.25,8.25,2.5,6.75],"texture":"#2"},"down":{"uv":[6,6.75,4.25,8.25],"texture":"#2"}}},{"from":[4,1,8],"to":[5,7,14],"rotation":{"angle":-22.5,"axis":"z","origin":[4.5,4,11]},"faces":{"north":{"uv":[7.5,10.5,7.75,12],"texture":"#2"},"east":{"uv":[5,8.25,6.5,9.75],"texture":"#2"},"south":{"uv":[7.75,10.5,8,12],"texture":"#2"},"west":{"uv":[0,8.5,1.5,10],"texture":"#2"},"up":{"uv":[8.25,12,8,10.5],"texture":"#2"},"down":{"uv":[8.5,10.5,8.25,12],"texture":"#2"}}},{"from":[5,3,8],"to":[12,4,14],"rotation":{"angle":0,"axis":"y","origin":[0,-8,0]},"faces":{"north":{"uv":[10.5,3.25,12.25,3.5],"texture":"#2"},"east":{"uv":[0,10,1.5,10.25],"texture":"#2"},"south":{"uv":[10.5,3.5,12.25,3.75],"texture":"#2"},"west":{"uv":[10.5,3.75,12,4],"texture":"#2"},"up":{"uv":[7.75,8.25,6,6.75],"texture":"#2"},"down":{"uv":[9.25,5,7.5,6.5],"texture":"#2"}}},{"from":[4,9,9],"to":[8,13,13],"faces":{"north":{"uv":[10.25,6.5,11.25,7.5],"texture":"#2"},"east":{"uv":[10.25,7.5,11.25,8.5],"texture":"#2"},"south":{"uv":[10,10.25,11,11.25],"texture":"#2"},"west":{"uv":[0,10.5,1,11.5],"texture":"#2"},"up":{"uv":[11.5,1,10.5,0],"texture":"#2"},"down":{"uv":[2,10.5,1,11.5],"texture":"#2"}}},{"from":[6,13,8],"to":[6,18,14],"faces":{"north":{"uv":[0,0,0,1.25],"texture":"#2"},"east":{"uv":[6.5,8.5,8,9.75],"texture":"#2"},"south":{"uv":[0,0,0,1.25],"texture":"#2"},"west":{"uv":[8,8.5,9.5,9.75],"texture":"#2"},"up":{"uv":[0,1.5,0,0],"texture":"#2"},"down":{"uv":[0,0,0,1.5],"texture":"#2"}}},{"from":[3,13,11],"to":[9,18,11],"rotation":{"angle":0,"axis":"y","origin":[6,15.5,11]},"faces":{"north":{"uv":[8,8.5,9.5,9.75],"texture":"#2"},"east":{"uv":[0,0,0,1.25],"texture":"#2"},"south":{"uv":[6.5,8.5,8,9.75],"texture":"#2"},"west":{"uv":[0,0,0,1.25],"texture":"#2"},"up":{"uv":[0,1.5,0,0],"rotation":90,"texture":"#2"},"down":{"uv":[0,0,0,1.5],"rotation":270,"texture":"#2"}}}],"gui_light":"front","display":{"thirdperson_righthand":{"rotation":[75,45,0],"translation":[0,2.5,0],"scale":[0.375,0.375,0.375]},"thirdperson_lefthand":{"rotation":[75,45,0],"translation":[0,2.5,0],"scale":[0.375,0.375,0.375]},"firstperson_righthand":{"rotation":[0,45,0],"scale":[0.4,0.4,0.4]},"firstperson_lefthand":{"rotation":[0,225,0],"scale":[0.4,0.4,0.4]},"ground":{"translation":[0,3,0],"scale":[0.25,0.25,0.25]},"gui":{"rotation":[30,225,0],"translation":[1.25,0,0],"scale":[0.625,0.625,0.625]},"fixed":{"translation":[0,0,-15],"scale":[2,2,2]}}}