{"textures":{"0":"modelengine:entity/frankenstein2"},"elements":[{"from":[7.0,7.5020943,1.5031357],"to":[9.0,10.502094,3.5031357],"faces":{"east":{"uv":[5.625,6.0,5.875,6.375],"tintindex":0,"rotation":0,"texture":"#0"},"south":{"uv":[1.125,6.125,1.375,6.5],"tintindex":0,"rotation":0,"texture":"#0"},"north":{"uv":[1.0,4.5,1.25,4.875],"tintindex":0,"rotation":0,"texture":"#0"},"west":{"uv":[5.625,6.375,5.875,6.75],"tintindex":0,"rotation":0,"texture":"#0"},"up":{"uv":[4.5,3.75,4.25,3.5],"tintindex":0,"rotation":0,"texture":"#0"},"down":{"uv":[5.875,3.25,5.625,3.5],"tintindex":0,"rotation":0,"texture":"#0"}},"rotation":{"origin":[11.5,8.502094,3.0031357],"angle":22.5,"axis":"x"}},{"from":[4.5,7.0,3.0],"to":[11.5,14.0,11.0],"faces":{"east":{"uv":[7.875,4.125,8.875,5.0],"tintindex":0,"rotation":0,"texture":"#0"},"south":{"uv":[5.5,8.125,6.375,9.0],"tintindex":0,"rotation":0,"texture":"#0"},"north":{"uv":[8.0,3.0,8.875,3.875],"tintindex":0,"rotation":0,"texture":"#0"},"west":{"uv":[7.875,5.0,8.875,5.875],"tintindex":0,"rotation":0,"texture":"#0"},"up":{"uv":[8.75,6.875,7.875,5.875],"tintindex":0,"rotation":0,"texture":"#0"},"down":{"uv":[8.75,6.875,7.875,7.875],"tintindex":0,"rotation":0,"texture":"#0"}}},{"from":[4.5,10.0,2.0],"to":[11.5,14.0,3.0],"faces":{"east":{"uv":[2.5,3.0,2.625,3.5],"tintindex":0,"rotation":0,"texture":"#0"},"south":{"uv":[9.25,7.625,10.125,8.125],"tintindex":0,"rotation":0,"texture":"#0"},"north":{"uv":[3.875,9.25,4.75,9.75],"tintindex":0,"rotation":0,"texture":"#0"},"west":{"uv":[4.375,4.875,4.5,5.375],"tintindex":0,"rotation":0,"texture":"#0"},"up":{"uv":[8.875,4.0,8.0,3.875],"tintindex":0,"rotation":0,"texture":"#0"},"down":{"uv":[8.875,4.0,8.0,4.125],"tintindex":0,"rotation":0,"texture":"#0"}}}],"display":{"gui":{"rotation":[30,225,0]}}}