{"textures":{"0":"modelengine:entity/frankenstein2"},"elements":[{"from":[3.5,1.000001,5.5],"to":[8.5,10.0,10.5],"faces":{"east":{"uv":[8.75,8.5,8.125,9.625],"tintindex":0,"rotation":0,"texture":"#0"},"south":{"uv":[8.125,8.5,7.5,9.625],"tintindex":0,"rotation":0,"texture":"#0"},"north":{"uv":[9.0,0.0,8.375,1.125],"tintindex":0,"rotation":0,"texture":"#0"},"west":{"uv":[1.75,8.375,1.125,9.5],"tintindex":0,"rotation":0,"texture":"#0"},"up":{"uv":[4.75,9.875,5.375,9.25],"tintindex":0,"rotation":0,"texture":"#0"},"down":{"uv":[9.375,1.125,10.0,1.75],"tintindex":0,"rotation":0,"texture":"#0"}}}],"display":{"gui":{"rotation":[30,225,0]}}}