{"textures":{"0":"modelengine:entity/frankenstein2"},"elements":[{"from":[8.298174,1.7518821,3.1385612],"to":[13.298175,7.751882,13.138561],"faces":{"east":{"uv":[5.5,7.25,4.25,8.0],"tintindex":0,"rotation":0,"texture":"#0"},"south":{"uv":[9.375,9.125,8.75,9.875],"tintindex":0,"rotation":0,"texture":"#0"},"north":{"uv":[3.875,9.125,3.25,9.875],"tintindex":0,"rotation":0,"texture":"#0"},"west":{"uv":[4.25,7.25,3.0,8.0],"tintindex":0,"rotation":0,"texture":"#0"},"up":{"uv":[4.25,9.25,4.875,8.0],"tintindex":0,"rotation":0,"texture":"#0"},"down":{"uv":[4.875,8.0,5.5,9.25],"tintindex":0,"rotation":0,"texture":"#0"}}},{"from":[8.298174,-2.2481174,7.1385612],"to":[11.298175,1.7518821,13.138561],"faces":{"east":{"uv":[2.375,9.5,1.625,10.0],"tintindex":0,"rotation":0,"texture":"#0"},"south":{"uv":[6.875,9.875,6.5,10.375],"tintindex":0,"rotation":0,"texture":"#0"},"north":{"uv":[6.5,9.875,6.125,10.375],"tintindex":0,"rotation":0,"texture":"#0"},"west":{"uv":[1.625,9.5,0.875,10.0],"tintindex":0,"rotation":0,"texture":"#0"},"up":{"uv":[0.375,10.375,0.75,9.625],"tintindex":0,"rotation":0,"texture":"#0"},"down":{"uv":[9.625,1.75,10.0,2.5],"tintindex":0,"rotation":0,"texture":"#0"}}},{"from":[12.298175,3.751882,2.1385612],"to":[15.298175,7.751882,7.1385612],"faces":{"east":{"uv":[10.125,4.75,9.5,5.25],"tintindex":0,"rotation":0,"texture":"#0"},"south":{"uv":[10.375,0.0,10.0,0.5],"tintindex":0,"rotation":0,"texture":"#0"},"north":{"uv":[9.125,9.875,8.75,10.375],"tintindex":0,"rotation":0,"texture":"#0"},"west":{"uv":[10.125,4.25,9.5,4.75],"tintindex":0,"rotation":0,"texture":"#0"},"up":{"uv":[2.375,10.375,2.75,9.75],"tintindex":0,"rotation":0,"texture":"#0"},"down":{"uv":[2.75,9.75,3.125,10.375],"tintindex":0,"rotation":0,"texture":"#0"}}},{"from":[7.850754,-4.671712,7.1385612],"to":[10.850754,-1.6717119,13.138561],"faces":{"east":{"uv":[6.875,9.5,6.125,9.875],"tintindex":0,"rotation":0,"texture":"#0"},"south":{"uv":[10.375,1.25,10.0,1.625],"tintindex":0,"rotation":0,"texture":"#0"},"north":{"uv":[1.5,10.0,1.125,10.375],"tintindex":0,"rotation":0,"texture":"#0"},"west":{"uv":[7.875,4.125,7.125,4.5],"tintindex":0,"rotation":0,"texture":"#0"},"up":{"uv":[6.875,10.25,7.25,9.5],"tintindex":0,"rotation":0,"texture":"#0"},"down":{"uv":[0.0,9.625,0.375,10.375],"tintindex":0,"rotation":0,"texture":"#0"}},"rotation":{"origin":[11.0,-4.0,9.0],"angle":-45.0,"axis":"z"}},{"from":[7.2338333,-1.2607746,3.1385612],"to":[10.233834,2.739225,6.1385612],"faces":{"east":{"uv":[3.5,9.875,3.125,10.375],"tintindex":0,"rotation":0,"texture":"#0"},"south":{"uv":[10.125,6.875,9.75,7.375],"tintindex":0,"rotation":0,"texture":"#0"},"north":{"uv":[6.125,9.75,5.75,10.25],"tintindex":0,"rotation":0,"texture":"#0"},"west":{"uv":[10.125,6.375,9.75,6.875],"tintindex":0,"rotation":0,"texture":"#0"},"up":{"uv":[6.5,8.25,6.875,7.875],"tintindex":0,"rotation":0,"texture":"#0"},"down":{"uv":[8.625,2.0,9.0,2.375],"tintindex":0,"rotation":0,"texture":"#0"}},"rotation":{"origin":[10.28415,-0.42984676,4.0],"angle":-22.5,"axis":"z"}},{"from":[11.298175,-0.2481184,1.1385612],"to":[14.298175,5.751882,4.1385612],"faces":{"east":{"uv":[8.75,9.625,8.375,10.375],"tintindex":0,"rotation":0,"texture":"#0"},"south":{"uv":[8.375,9.625,8.0,10.375],"tintindex":0,"rotation":0,"texture":"#0"},"north":{"uv":[7.625,9.625,7.25,10.375],"tintindex":0,"rotation":0,"texture":"#0"},"west":{"uv":[8.0,9.625,7.625,10.375],"tintindex":0,"rotation":0,"texture":"#0"},"up":{"uv":[1.5,10.375,1.875,10.0],"tintindex":0,"rotation":0,"texture":"#0"},"down":{"uv":[10.0,1.625,10.375,2.0],"tintindex":0,"rotation":0,"texture":"#0"}}},{"from":[7.1480427,-4.030219,3.1385612],"to":[10.148043,-0.030219078,6.1385612],"faces":{"east":{"uv":[10.25,5.25,9.875,5.75],"tintindex":0,"rotation":0,"texture":"#0"},"south":{"uv":[5.375,9.875,5.0,10.375],"tintindex":0,"rotation":0,"texture":"#0"},"north":{"uv":[3.875,9.875,3.5,10.375],"tintindex":0,"rotation":0,"texture":"#0"},"west":{"uv":[5.0,9.875,4.625,10.375],"tintindex":0,"rotation":0,"texture":"#0"},"up":{"uv":[0.75,10.375,1.125,10.0],"tintindex":0,"rotation":0,"texture":"#0"},"down":{"uv":[10.0,0.875,10.375,1.25],"tintindex":0,"rotation":0,"texture":"#0"}}}],"display":{"gui":{"rotation":[30,225,0]}}}