{"textures":{"0":"modelengine:entity/frankenstein2"},"elements":[{"from":[6.0,1.0,5.0],"to":[11.0,8.0,11.0],"faces":{"east":{"uv":[2.5,8.625,1.75,9.5],"tintindex":0,"rotation":0,"texture":"#0"},"south":{"uv":[9.5,4.5,8.875,5.375],"tintindex":0,"rotation":0,"texture":"#0"},"north":{"uv":[9.5,3.625,8.875,4.5],"tintindex":0,"rotation":0,"texture":"#0"},"west":{"uv":[9.375,1.125,8.625,2.0],"tintindex":0,"rotation":0,"texture":"#0"},"up":{"uv":[9.0,2.75,9.625,2.0],"tintindex":0,"rotation":0,"texture":"#0"},"down":{"uv":[5.5,9.0,6.125,9.75],"tintindex":0,"rotation":0,"texture":"#0"}}},{"from":[6.0,1.0,4.0],"to":[11.0,4.0,5.0],"faces":{"east":{"uv":[1.25,6.5,1.125,6.875],"tintindex":0,"rotation":0,"texture":"#0"},"south":{"uv":[10.375,0.5,9.75,0.875],"tintindex":0,"rotation":0,"texture":"#0"},"north":{"uv":[10.0,9.625,9.375,10.0],"tintindex":0,"rotation":0,"texture":"#0"},"west":{"uv":[4.5,5.375,4.375,5.75],"tintindex":0,"rotation":0,"texture":"#0"},"up":{"uv":[6.5,3.125,7.125,3.0],"tintindex":0,"rotation":0,"texture":"#0"},"down":{"uv":[6.5,3.125,7.125,3.25],"tintindex":0,"rotation":0,"texture":"#0"}}}],"display":{"gui":{"rotation":[30,225,0]}}}