{"textures":{"0":"modelengine:entity/frankenstein2"},"elements":[{"from":[7.0,3.9999995,8.5],"to":[10.0,8.0,12.5],"faces":{"east":{"uv":[10.125,2.5,9.625,3.0],"tintindex":0,"rotation":0,"texture":"#0"},"south":{"uv":[4.25,9.75,3.875,10.25],"tintindex":0,"rotation":0,"texture":"#0"},"north":{"uv":[10.125,3.0,9.75,3.5],"tintindex":0,"rotation":0,"texture":"#0"},"west":{"uv":[4.25,8.625,3.75,9.125],"tintindex":0,"rotation":0,"texture":"#0"},"up":{"uv":[4.25,10.25,4.625,9.75],"tintindex":0,"rotation":0,"texture":"#0"},"down":{"uv":[5.375,9.75,5.75,10.25],"tintindex":0,"rotation":0,"texture":"#0"}}}],"display":{"gui":{"rotation":[30,225,0]}}}