{"textures":{"0":"modelengine:entity/frankenstein2"},"elements":[{"from":[0.9627075,-8.918411,10.67101],"to":[6.9627085,-3.9184113,14.67101],"faces":{"east":{"uv":[10.0,3.625,9.5,4.25],"tintindex":0,"rotation":0,"texture":"#0"},"south":{"uv":[3.25,9.125,2.5,9.75],"tintindex":0,"rotation":0,"texture":"#0"},"north":{"uv":[9.75,0.5,9.0,1.125],"tintindex":0,"rotation":0,"texture":"#0"},"west":{"uv":[7.0,7.25,6.5,7.875],"tintindex":0,"rotation":0,"texture":"#0"},"up":{"uv":[6.875,2.0,7.625,1.5],"tintindex":0,"rotation":0,"texture":"#0"},"down":{"uv":[9.375,9.125,10.125,9.625],"tintindex":0,"rotation":0,"texture":"#0"}}},{"from":[-0.5372925,1.0815887,3.17101],"to":[8.462708,11.081589,14.17101],"faces":{"east":{"uv":[1.375,4.875,0.0,6.125],"tintindex":0,"rotation":0,"texture":"#0"},"south":{"uv":[3.625,6.0,2.5,7.25],"tintindex":0,"rotation":0,"texture":"#0"},"north":{"uv":[2.5,6.0,1.375,7.25],"tintindex":0,"rotation":0,"texture":"#0"},"west":{"uv":[5.875,4.75,4.5,6.0],"tintindex":0,"rotation":0,"texture":"#0"},"up":{"uv":[5.875,5.875,7.0,4.5],"tintindex":0,"rotation":0,"texture":"#0"},"down":{"uv":[5.875,5.875,7.0,7.25],"tintindex":0,"rotation":0,"texture":"#0"}}},{"from":[-0.03729248,-5.9184113,3.67101],"to":[7.9627085,-1.9184113,13.67101],"faces":{"east":{"uv":[10.0,5.875,8.75,6.375],"tintindex":0,"rotation":0,"texture":"#0"},"south":{"uv":[10.0,0.0,9.0,0.5],"tintindex":0,"rotation":0,"texture":"#0"},"north":{"uv":[9.875,5.375,8.875,5.875],"tintindex":0,"rotation":0,"texture":"#0"},"west":{"uv":[3.75,8.625,2.5,9.125],"tintindex":0,"rotation":0,"texture":"#0"},"up":{"uv":[3.625,7.25,4.625,6.0],"tintindex":0,"rotation":0,"texture":"#0"},"down":{"uv":[4.625,6.0,5.625,7.25],"tintindex":0,"rotation":0,"texture":"#0"}}},{"from":[-1.0372925,-1.9184113,2.67101],"to":[8.962708,4.0815887,14.67101],"faces":{"east":{"uv":[8.375,0.75,6.875,1.5],"tintindex":0,"rotation":0,"texture":"#0"},"south":{"uv":[3.0,7.25,1.75,8.0],"tintindex":0,"rotation":0,"texture":"#0"},"north":{"uv":[2.5,3.0,1.25,3.75],"tintindex":0,"rotation":0,"texture":"#0"},"west":{"uv":[8.375,0.0,6.875,0.75],"tintindex":0,"rotation":0,"texture":"#0"},"up":{"uv":[2.625,3.75,3.875,2.25],"tintindex":0,"rotation":0,"texture":"#0"},"down":{"uv":[0.0,3.0,1.25,4.5],"tintindex":0,"rotation":0,"texture":"#0"}}}],"display":{"gui":{"rotation":[30,225,0]}}}