{"textures":{"0":"modelengine:entity/frankenstein2"},"elements":[{"from":[5.2807274,-1.8360176,-1.8794928],"to":[12.280728,8.163982,8.120507],"faces":{"east":{"uv":[7.125,3.25,5.875,4.5],"tintindex":0,"rotation":0,"texture":"#0"},"south":{"uv":[7.875,5.75,7.0,7.0],"tintindex":0,"rotation":0,"texture":"#0"},"north":{"uv":[7.875,4.5,7.0,5.75],"tintindex":0,"rotation":0,"texture":"#0"},"west":{"uv":[6.5,2.0,5.25,3.25],"tintindex":0,"rotation":0,"texture":"#0"},"up":{"uv":[7.0,8.25,7.875,7.0],"tintindex":0,"rotation":0,"texture":"#0"},"down":{"uv":[0.0,7.125,0.875,8.375],"tintindex":0,"rotation":0,"texture":"#0"}}}],"display":{"gui":{"rotation":[30,225,0]}}}