{"textures":{"0":"modelengine:entity/frankenstein2"},"elements":[{"from":[2.7018251,1.7518821,3.1385612],"to":[7.701826,7.751882,13.138561],"faces":{"east":{"uv":[3.0,7.25,4.25,8.0],"tintindex":0,"rotation":0,"texture":"#0"},"south":{"uv":[8.75,9.125,9.375,9.875],"tintindex":0,"rotation":0,"texture":"#0"},"north":{"uv":[3.25,9.125,3.875,9.875],"tintindex":0,"rotation":0,"texture":"#0"},"west":{"uv":[4.25,7.25,5.5,8.0],"tintindex":0,"rotation":0,"texture":"#0"},"up":{"uv":[4.875,9.25,4.25,8.0],"tintindex":0,"rotation":0,"texture":"#0"},"down":{"uv":[5.5,8.0,4.875,9.25],"tintindex":0,"rotation":0,"texture":"#0"}}},{"from":[5.149246,-4.671712,7.1385612],"to":[8.149246,-1.6717119,13.138561],"faces":{"east":{"uv":[7.125,4.125,7.875,4.5],"tintindex":0,"rotation":0,"texture":"#0"},"south":{"uv":[10.0,1.25,10.375,1.625],"tintindex":0,"rotation":0,"texture":"#0"},"north":{"uv":[1.125,10.0,1.5,10.375],"tintindex":0,"rotation":0,"texture":"#0"},"west":{"uv":[6.125,9.5,6.875,9.875],"tintindex":0,"rotation":0,"texture":"#0"},"up":{"uv":[7.25,10.25,6.875,9.5],"tintindex":0,"rotation":0,"texture":"#0"},"down":{"uv":[0.375,9.625,0.0,10.375],"tintindex":0,"rotation":0,"texture":"#0"}},"rotation":{"origin":[5.0,-4.0,9.0],"angle":45.0,"axis":"z"}},{"from":[0.70182514,3.751882,2.1385612],"to":[3.7018251,7.751882,7.1385612],"faces":{"east":{"uv":[9.5,4.25,10.125,4.75],"tintindex":0,"rotation":0,"texture":"#0"},"south":{"uv":[10.0,0.0,10.375,0.5],"tintindex":0,"rotation":0,"texture":"#0"},"north":{"uv":[8.75,9.875,9.125,10.375],"tintindex":0,"rotation":0,"texture":"#0"},"west":{"uv":[9.5,4.75,10.125,5.25],"tintindex":0,"rotation":0,"texture":"#0"},"up":{"uv":[2.75,10.375,2.375,9.75],"tintindex":0,"rotation":0,"texture":"#0"},"down":{"uv":[3.125,9.75,2.75,10.375],"tintindex":0,"rotation":0,"texture":"#0"}}},{"from":[5.8519573,-4.030219,3.1385612],"to":[8.851957,-0.030219078,6.1385612],"faces":{"east":{"uv":[4.625,9.875,5.0,10.375],"tintindex":0,"rotation":0,"texture":"#0"},"south":{"uv":[5.0,9.875,5.375,10.375],"tintindex":0,"rotation":0,"texture":"#0"},"north":{"uv":[3.5,9.875,3.875,10.375],"tintindex":0,"rotation":0,"texture":"#0"},"west":{"uv":[9.875,5.25,10.25,5.75],"tintindex":0,"rotation":0,"texture":"#0"},"up":{"uv":[1.125,10.375,0.75,10.0],"tintindex":0,"rotation":0,"texture":"#0"},"down":{"uv":[10.375,0.875,10.0,1.25],"tintindex":0,"rotation":0,"texture":"#0"}}},{"from":[1.7018251,-0.2481184,1.1385612],"to":[4.701825,5.751882,4.1385612],"faces":{"east":{"uv":[7.625,9.625,8.0,10.375],"tintindex":0,"rotation":0,"texture":"#0"},"south":{"uv":[8.0,9.625,8.375,10.375],"tintindex":0,"rotation":0,"texture":"#0"},"north":{"uv":[7.25,9.625,7.625,10.375],"tintindex":0,"rotation":0,"texture":"#0"},"west":{"uv":[8.375,9.625,8.75,10.375],"tintindex":0,"rotation":0,"texture":"#0"},"up":{"uv":[1.875,10.375,1.5,10.0],"tintindex":0,"rotation":0,"texture":"#0"},"down":{"uv":[10.375,1.625,10.0,2.0],"tintindex":0,"rotation":0,"texture":"#0"}}},{"from":[5.7661657,-1.2607746,3.1385612],"to":[8.766167,2.739225,6.1385612],"faces":{"east":{"uv":[9.75,6.375,10.125,6.875],"tintindex":0,"rotation":0,"texture":"#0"},"south":{"uv":[9.75,6.875,10.125,7.375],"tintindex":0,"rotation":0,"texture":"#0"},"north":{"uv":[5.75,9.75,6.125,10.25],"tintindex":0,"rotation":0,"texture":"#0"},"west":{"uv":[3.125,9.875,3.5,10.375],"tintindex":0,"rotation":0,"texture":"#0"},"up":{"uv":[6.875,8.25,6.5,7.875],"tintindex":0,"rotation":0,"texture":"#0"},"down":{"uv":[9.0,2.0,8.625,2.375],"tintindex":0,"rotation":0,"texture":"#0"}},"rotation":{"origin":[5.71585,-0.42984676,4.0],"angle":22.5,"axis":"z"}},{"from":[4.701825,-2.2481174,7.1385612],"to":[7.701826,1.7518821,13.138561],"faces":{"east":{"uv":[0.875,9.5,1.625,10.0],"tintindex":0,"rotation":0,"texture":"#0"},"south":{"uv":[6.5,9.875,6.875,10.375],"tintindex":0,"rotation":0,"texture":"#0"},"north":{"uv":[6.125,9.875,6.5,10.375],"tintindex":0,"rotation":0,"texture":"#0"},"west":{"uv":[1.625,9.5,2.375,10.0],"tintindex":0,"rotation":0,"texture":"#0"},"up":{"uv":[0.75,10.375,0.375,9.625],"tintindex":0,"rotation":0,"texture":"#0"},"down":{"uv":[10.0,1.75,9.625,2.5],"tintindex":0,"rotation":0,"texture":"#0"}}}],"display":{"gui":{"rotation":[30,225,0]}}}