{"textures":{"0":"modelengine:entity/frankenstein2"},"elements":[{"from":[5.0,1.0,4.0],"to":[10.0,4.0,5.0],"faces":{"east":{"uv":[4.375,5.375,4.5,5.75],"tintindex":0,"rotation":0,"texture":"#0"},"south":{"uv":[9.75,0.5,10.375,0.875],"tintindex":0,"rotation":0,"texture":"#0"},"north":{"uv":[9.375,9.625,10.0,10.0],"tintindex":0,"rotation":0,"texture":"#0"},"west":{"uv":[1.125,6.5,1.25,6.875],"tintindex":0,"rotation":0,"texture":"#0"},"up":{"uv":[7.125,3.125,6.5,3.0],"tintindex":0,"rotation":0,"texture":"#0"},"down":{"uv":[7.125,3.125,6.5,3.25],"tintindex":0,"rotation":0,"texture":"#0"}}},{"from":[5.0,1.0,5.0],"to":[10.0,8.0,11.0],"faces":{"east":{"uv":[8.625,1.125,9.375,2.0],"tintindex":0,"rotation":0,"texture":"#0"},"south":{"uv":[8.875,4.5,9.5,5.375],"tintindex":0,"rotation":0,"texture":"#0"},"north":{"uv":[8.875,3.625,9.5,4.5],"tintindex":0,"rotation":0,"texture":"#0"},"west":{"uv":[1.75,8.625,2.5,9.5],"tintindex":0,"rotation":0,"texture":"#0"},"up":{"uv":[9.625,2.75,9.0,2.0],"tintindex":0,"rotation":0,"texture":"#0"},"down":{"uv":[6.125,9.0,5.5,9.75],"tintindex":0,"rotation":0,"texture":"#0"}}}],"display":{"gui":{"rotation":[30,225,0]}}}