{"textures":{"0":"modelengine:entity/frankenstein2"},"elements":[{"from":[3.7192717,-1.8360176,-1.8794928],"to":[10.719273,8.163982,8.120507],"faces":{"east":{"uv":[5.25,2.0,6.5,3.25],"tintindex":0,"rotation":0,"texture":"#0"},"south":{"uv":[7.0,5.75,7.875,7.0],"tintindex":0,"rotation":0,"texture":"#0"},"north":{"uv":[7.0,4.5,7.875,5.75],"tintindex":0,"rotation":0,"texture":"#0"},"west":{"uv":[5.875,3.25,7.125,4.5],"tintindex":0,"rotation":0,"texture":"#0"},"up":{"uv":[7.875,8.25,7.0,7.0],"tintindex":0,"rotation":0,"texture":"#0"},"down":{"uv":[0.875,7.125,0.0,8.375],"tintindex":0,"rotation":0,"texture":"#0"}}}],"display":{"gui":{"rotation":[30,225,0]}}}