{
	"credit": "Made with Blockbench",
	"ambientocclusion": false,
	"texture_size": [128, 128],
	"textures": {
		"0": "netherite_axe/toffy_halloween_axe",
		"particle": "netherite_axe/toffy_halloween_axe"
	},
	"elements": [
		{
			"name": "flat",
			"from": [8, 3.75, -6],
			"to": [8, 27.75, 3],
			"rotation": {"angle": 0, "axis": "y", "origin": [1, 20, 13]},
			"faces": {
				"north": {"uv": [4.375, 7.125, 4.375, 10.125], "texture": "#0"},
				"east": {"uv": [0, 0, 1.125, 3], "texture": "#0"},
				"south": {"uv": [4.5, 7.125, 4.5, 10.125], "texture": "#0"},
				"west": {"uv": [1.25, 0, 2.375, 3], "texture": "#0"},
				"up": {"uv": [4.625, 8.25, 4.625, 7.125], "texture": "#0"},
				"down": {"uv": [4.75, 7.125, 4.75, 8.25], "texture": "#0"}
			}
		},
		{
			"name": "flat",
			"from": [8, 3.75, 9],
			"to": [8, 19.75, 18],
			"rotation": {"angle": 0, "axis": "y", "origin": [1, 20, 13]},
			"faces": {
				"north": {"uv": [5.625, 7.125, 5.625, 9.125], "texture": "#0"},
				"east": {"uv": [2.5, 0, 3.625, 2], "texture": "#0"},
				"south": {"uv": [5.75, 7.125, 5.75, 9.125], "texture": "#0"},
				"west": {"uv": [2.5, 2.125, 3.625, 4.125], "texture": "#0"},
				"up": {"uv": [5.875, 8.25, 5.875, 7.125], "texture": "#0"},
				"down": {"uv": [6, 7.125, 6, 8.25], "texture": "#0"}
			}
		},
		{
			"from": [6.525, -8, 6.5],
			"to": [9.475, -5, 9.5],
			"faces": {
				"north": {"uv": [5.625, 5.25, 6, 5.625], "texture": "#0"},
				"east": {"uv": [5.625, 5.75, 6, 6.125], "texture": "#0"},
				"south": {"uv": [5.875, 2.25, 6.25, 2.625], "texture": "#0"},
				"west": {"uv": [6, 0, 6.375, 0.375], "texture": "#0"},
				"up": {"uv": [6.375, 0.875, 6, 0.5], "texture": "#0"},
				"down": {"uv": [6.375, 1, 6, 1.375], "texture": "#0"}
			}
		},
		{
			"from": [6.5, -10, 7.5],
			"to": [9.5, -7, 10.5],
			"faces": {
				"north": {"uv": [4.5, 6, 4.875, 6.375], "texture": "#0"},
				"east": {"uv": [6.125, 5.25, 6.5, 5.625], "texture": "#0"},
				"south": {"uv": [6.125, 5.75, 6.5, 6.125], "texture": "#0"},
				"west": {"uv": [6.25, 3.25, 6.625, 3.625], "texture": "#0"},
				"up": {"uv": [6.625, 5, 6.25, 4.625], "texture": "#0"},
				"down": {"uv": [5.375, 6.25, 5, 6.625], "texture": "#0"}
			}
		},
		{
			"from": [6.5, 29, 6.5],
			"to": [9.5, 30, 9.5],
			"faces": {
				"north": {"uv": [6.625, 5.5, 7, 5.625], "texture": "#0"},
				"east": {"uv": [6.625, 5.75, 7, 5.875], "texture": "#0"},
				"south": {"uv": [6.625, 6, 7, 6.125], "texture": "#0"},
				"west": {"uv": [6.5, 6.625, 6.875, 6.75], "texture": "#0"},
				"up": {"uv": [6.375, 1.875, 6, 1.5], "texture": "#0"},
				"down": {"uv": [6.375, 2.75, 6, 3.125], "texture": "#0"}
			}
		},
		{
			"from": [6.5, 20, 6.5],
			"to": [9.5, 28, 9.5],
			"faces": {
				"north": {"uv": [2.75, 4.25, 3.125, 5.25], "texture": "#0"},
				"east": {"uv": [3.25, 4.25, 3.625, 5.25], "texture": "#0"},
				"south": {"uv": [4.375, 3.125, 4.75, 4.125], "texture": "#0"},
				"west": {"uv": [4.375, 4.25, 4.75, 5.25], "texture": "#0"},
				"up": {"uv": [4.375, 6.375, 4, 6], "texture": "#0"},
				"down": {"uv": [6.375, 4.125, 6, 4.5], "texture": "#0"}
			}
		},
		{
			"from": [6.5, 11.75, 6.5],
			"to": [9.5, 15.75, 9.5],
			"faces": {
				"north": {"uv": [3, 5.375, 3.375, 5.875], "texture": "#0"},
				"east": {"uv": [4.125, 5.375, 4.5, 5.875], "texture": "#0"},
				"south": {"uv": [5.5, 1, 5.875, 1.5], "texture": "#0"},
				"west": {"uv": [5.5, 1.625, 5.875, 2.125], "texture": "#0"},
				"up": {"uv": [5.875, 6.625, 5.5, 6.25], "texture": "#0"},
				"down": {"uv": [6.375, 6.25, 6, 6.625], "texture": "#0"}
			}
		},
		{
			"from": [6, 21.8, 5],
			"to": [10, 27.8, 11],
			"rotation": {"angle": 45, "axis": "x", "origin": [8, 24.8, 8]},
			"faces": {
				"north": {"uv": [3.75, 3.125, 4.25, 3.875], "texture": "#0"},
				"east": {"uv": [1.5, 3.125, 2.25, 3.875], "texture": "#0"},
				"south": {"uv": [1.5, 4, 2, 4.75], "texture": "#0"},
				"west": {"uv": [3.75, 1, 4.5, 1.75], "texture": "#0"},
				"up": {"uv": [4.25, 4.75, 3.75, 4], "texture": "#0"},
				"down": {"uv": [2.625, 4.25, 2.125, 5], "texture": "#0"}
			}
		},
		{
			"from": [8, 19.21061, 10.73358],
			"to": [8, 20.21061, 12.73358],
			"rotation": {"angle": 45, "axis": "x", "origin": [8, 21.96061, 14.23358]},
			"faces": {
				"north": {"uv": [2.375, 3.125, 2.375, 3.25], "texture": "#0"},
				"east": {"uv": [2.125, 4, 2.375, 4.125], "texture": "#0"},
				"south": {"uv": [2.375, 3.375, 2.375, 3.5], "texture": "#0"},
				"west": {"uv": [5.625, 0.75, 5.875, 0.875], "texture": "#0"},
				"up": {"uv": [2.375, 3.875, 2.375, 3.625], "texture": "#0"},
				"down": {"uv": [4.625, 1, 4.625, 1.25], "texture": "#0"}
			}
		},
		{
			"from": [8, 24.71061, 8.73358],
			"to": [8, 27.71061, 22.73358],
			"rotation": {"angle": 0, "axis": "y", "origin": [8, 21.96061, 14.23358]},
			"faces": {
				"north": {"uv": [4.625, 1.375, 4.625, 1.75], "texture": "#0"},
				"east": {"uv": [3.75, 0, 5.5, 0.375], "texture": "#0"},
				"south": {"uv": [3.25, 7, 3.25, 7.375], "texture": "#0"},
				"west": {"uv": [3.75, 0.5, 5.5, 0.875], "texture": "#0"},
				"up": {"uv": [6.375, 8.75, 6.375, 7], "texture": "#0"},
				"down": {"uv": [4.125, 7.125, 4.125, 8.875], "texture": "#0"}
			}
		},
		{
			"from": [8, 21.71061, 8.73358],
			"to": [8, 23.71061, 15.73358],
			"rotation": {"angle": 22.5, "axis": "x", "origin": [8, 21.96061, 14.23358]},
			"faces": {
				"north": {"uv": [7.125, 1.5, 7.125, 1.75], "texture": "#0"},
				"east": {"uv": [5.25, 3.5, 6.125, 3.75], "texture": "#0"},
				"south": {"uv": [7.125, 2.75, 7.125, 3], "texture": "#0"},
				"west": {"uv": [5.25, 4.875, 6.125, 5.125], "texture": "#0"},
				"up": {"uv": [7.125, 4.5, 7.125, 3.625], "texture": "#0"},
				"down": {"uv": [4.25, 7.125, 4.25, 8], "texture": "#0"}
			}
		},
		{
			"from": [7, -5, 7],
			"to": [9, 29, 9],
			"rotation": {"angle": 0, "axis": "y", "origin": [0, 19, 0]},
			"faces": {
				"north": {"uv": [0, 3.75, 0.25, 8], "texture": "#0"},
				"east": {"uv": [0.375, 3.75, 0.625, 8], "texture": "#0"},
				"south": {"uv": [0.75, 3.75, 1, 8], "texture": "#0"},
				"west": {"uv": [1.125, 3.75, 1.375, 8], "texture": "#0"},
				"up": {"uv": [3.625, 6.75, 3.375, 6.5], "texture": "#0"},
				"down": {"uv": [4, 6.5, 3.75, 6.75], "texture": "#0"}
			}
		},
		{
			"from": [7, 25.75, -1],
			"to": [9, 27.75, 7],
			"rotation": {"angle": 0, "axis": "y", "origin": [1, 20, 13]},
			"faces": {
				"north": {"uv": [6.5, 3.75, 6.75, 4], "texture": "#0"},
				"east": {"uv": [4.75, 2.25, 5.75, 2.5], "texture": "#0"},
				"south": {"uv": [4.125, 6.5, 4.375, 6.75], "texture": "#0"},
				"west": {"uv": [4.75, 2.625, 5.75, 2.875], "texture": "#0"},
				"up": {"uv": [5.125, 4, 4.875, 3], "texture": "#0"},
				"down": {"uv": [4, 4.875, 3.75, 5.875], "texture": "#0"}
			}
		},
		{
			"from": [7.5, 25.75, -2],
			"to": [8.5, 27.75, -1],
			"rotation": {"angle": 0, "axis": "y", "origin": [1, 20, 13]},
			"faces": {
				"north": {"uv": [6.875, 0.75, 7, 1], "texture": "#0"},
				"east": {"uv": [6.875, 1.125, 7, 1.375], "texture": "#0"},
				"south": {"uv": [6.875, 1.5, 7, 1.75], "texture": "#0"},
				"west": {"uv": [1.75, 6.875, 1.875, 7.125], "texture": "#0"},
				"up": {"uv": [6.125, 4.75, 6, 4.625], "texture": "#0"},
				"down": {"uv": [5.125, 6, 5, 6.125], "texture": "#0"}
			}
		},
		{
			"from": [7.5, 24.75, -3],
			"to": [8.5, 25.75, -2],
			"rotation": {"angle": 0, "axis": "y", "origin": [1, 20, 13]},
			"faces": {
				"north": {"uv": [4.125, 6.875, 4.25, 7], "texture": "#0"},
				"east": {"uv": [6.875, 4.125, 7, 4.25], "texture": "#0"},
				"south": {"uv": [4.375, 6.875, 4.5, 7], "texture": "#0"},
				"west": {"uv": [4.625, 6.875, 4.75, 7], "texture": "#0"},
				"up": {"uv": [7, 6.375, 6.875, 6.25], "texture": "#0"},
				"down": {"uv": [6.625, 6.875, 6.5, 7], "texture": "#0"}
			}
		},
		{
			"from": [7, 24.75, -2],
			"to": [9, 25.75, 7],
			"rotation": {"angle": 0, "axis": "y", "origin": [1, 20, 13]},
			"faces": {
				"north": {"uv": [6.75, 4.5, 7, 4.625], "texture": "#0"},
				"east": {"uv": [5.25, 3.875, 6.375, 4], "texture": "#0"},
				"south": {"uv": [6.75, 4.75, 7, 4.875], "texture": "#0"},
				"west": {"uv": [6, 2, 7.125, 2.125], "texture": "#0"},
				"up": {"uv": [5, 2.125, 4.75, 1], "texture": "#0"},
				"down": {"uv": [1.75, 4.875, 1.5, 6], "texture": "#0"}
			}
		},
		{
			"from": [7, 20.75, 0],
			"to": [9, 24.75, 7],
			"rotation": {"angle": 0, "axis": "y", "origin": [1, 20, 13]},
			"faces": {
				"north": {"uv": [2.25, 5.625, 2.5, 6.125], "texture": "#0"},
				"east": {"uv": [3.75, 1.875, 4.625, 2.375], "texture": "#0"},
				"south": {"uv": [1.5, 6.125, 1.75, 6.625], "texture": "#0"},
				"west": {"uv": [3.75, 2.5, 4.625, 3], "texture": "#0"},
				"up": {"uv": [5.5, 6.125, 5.25, 5.25], "texture": "#0"},
				"down": {"uv": [2.875, 5.375, 2.625, 6.25], "texture": "#0"}
			}
		},
		{
			"from": [7, 14.75, 0],
			"to": [9, 17.75, 3],
			"rotation": {"angle": 0, "axis": "y", "origin": [1, 20, 13]},
			"faces": {
				"north": {"uv": [2.25, 6.25, 2.5, 6.625], "texture": "#0"},
				"east": {"uv": [3, 6, 3.375, 6.375], "texture": "#0"},
				"south": {"uv": [1.875, 6.375, 2.125, 6.75], "texture": "#0"},
				"west": {"uv": [3.5, 6, 3.875, 6.375], "texture": "#0"},
				"up": {"uv": [6.625, 2.625, 6.375, 2.25], "texture": "#0"},
				"down": {"uv": [2.875, 6.375, 2.625, 6.75], "texture": "#0"}
			}
		},
		{
			"from": [7.5, 17.75, -3],
			"to": [8.5, 20.75, -2],
			"rotation": {"angle": 0, "axis": "y", "origin": [1, 20, 13]},
			"faces": {
				"north": {"uv": [4.125, 4.875, 4.25, 5.25], "texture": "#0"},
				"east": {"uv": [3.5, 5.375, 3.625, 5.75], "texture": "#0"},
				"south": {"uv": [4.625, 5.375, 4.75, 5.75], "texture": "#0"},
				"west": {"uv": [1.5, 6.75, 1.625, 7.125], "texture": "#0"},
				"up": {"uv": [2, 5, 1.875, 4.875], "texture": "#0"},
				"down": {"uv": [6.125, 3.25, 6, 3.375], "texture": "#0"}
			}
		},
		{
			"from": [7, 17.75, -2],
			"to": [9, 20.75, 3],
			"rotation": {"angle": 0, "axis": "y", "origin": [1, 20, 13]},
			"faces": {
				"north": {"uv": [6.5, 2.75, 6.75, 3.125], "texture": "#0"},
				"east": {"uv": [1.875, 5.125, 2.5, 5.5], "texture": "#0"},
				"south": {"uv": [3, 6.5, 3.25, 6.875], "texture": "#0"},
				"west": {"uv": [5.25, 3, 5.875, 3.375], "texture": "#0"},
				"up": {"uv": [5.875, 0.625, 5.625, 0], "texture": "#0"},
				"down": {"uv": [2.125, 5.625, 1.875, 6.25], "texture": "#0"}
			}
		},
		{
			"from": [7, 12.75, -1],
			"to": [9, 14.75, 7],
			"rotation": {"angle": 0, "axis": "y", "origin": [1, 20, 13]},
			"faces": {
				"north": {"uv": [6.5, 4.125, 6.75, 4.375], "texture": "#0"},
				"east": {"uv": [4.875, 4.125, 5.875, 4.375], "texture": "#0"},
				"south": {"uv": [4.5, 6.5, 4.75, 6.75], "texture": "#0"},
				"west": {"uv": [4.875, 4.5, 5.875, 4.75], "texture": "#0"},
				"up": {"uv": [5.125, 5.875, 4.875, 4.875], "texture": "#0"},
				"down": {"uv": [5.375, 1, 5.125, 2], "texture": "#0"}
			}
		},
		{
			"from": [7, 11.75, 0],
			"to": [9, 12.75, 3],
			"rotation": {"angle": 0, "axis": "y", "origin": [1, 20, 13]},
			"faces": {
				"north": {"uv": [4.875, 6.75, 5.125, 6.875], "texture": "#0"},
				"east": {"uv": [6.75, 2.25, 7.125, 2.375], "texture": "#0"},
				"south": {"uv": [5.25, 6.75, 5.5, 6.875], "texture": "#0"},
				"west": {"uv": [6.75, 2.5, 7.125, 2.625], "texture": "#0"},
				"up": {"uv": [6.75, 0.375, 6.5, 0], "texture": "#0"},
				"down": {"uv": [6.75, 0.5, 6.5, 0.875], "texture": "#0"}
			}
		},
		{
			"from": [7.5, 12.75, -2],
			"to": [8.5, 14.75, -1],
			"rotation": {"angle": 0, "axis": "y", "origin": [1, 20, 13]},
			"faces": {
				"north": {"uv": [2, 6.875, 2.125, 7.125], "texture": "#0"},
				"east": {"uv": [2.5, 6.875, 2.625, 7.125], "texture": "#0"},
				"south": {"uv": [2.75, 6.875, 2.875, 7.125], "texture": "#0"},
				"west": {"uv": [6.875, 2.75, 7, 3], "texture": "#0"},
				"up": {"uv": [5.25, 7.125, 5.125, 7], "texture": "#0"},
				"down": {"uv": [7.125, 5.25, 7, 5.375], "texture": "#0"}
			}
		},
		{
			"from": [7.5, 11.75, -1],
			"to": [8.5, 12.75, 0],
			"rotation": {"angle": 0, "axis": "y", "origin": [1, 20, 13]},
			"faces": {
				"north": {"uv": [6.75, 6.875, 6.875, 7], "texture": "#0"},
				"east": {"uv": [3, 7, 3.125, 7.125], "texture": "#0"},
				"south": {"uv": [7, 3.125, 7.125, 3.25], "texture": "#0"},
				"west": {"uv": [7, 3.375, 7.125, 3.5], "texture": "#0"},
				"up": {"uv": [5, 7.125, 4.875, 7], "texture": "#0"},
				"down": {"uv": [7.125, 5, 7, 5.125], "texture": "#0"}
			}
		},
		{
			"from": [7, 9.75, 1],
			"to": [9, 11.75, 2],
			"rotation": {"angle": 0, "axis": "y", "origin": [1, 20, 13]},
			"faces": {
				"north": {"uv": [6.5, 6.25, 6.75, 6.5], "texture": "#0"},
				"east": {"uv": [5.625, 6.75, 5.75, 7], "texture": "#0"},
				"south": {"uv": [6.625, 5.125, 6.875, 5.375], "texture": "#0"},
				"west": {"uv": [5.875, 6.75, 6, 7], "texture": "#0"},
				"up": {"uv": [6.375, 6.875, 6.125, 6.75], "texture": "#0"},
				"down": {"uv": [7.125, 0, 6.875, 0.125], "texture": "#0"}
			}
		},
		{
			"from": [7.5, 8.75, 1],
			"to": [8.5, 9.75, 2],
			"rotation": {"angle": 0, "axis": "y", "origin": [1, 20, 13]},
			"faces": {
				"north": {"uv": [5.375, 7, 5.5, 7.125], "texture": "#0"},
				"east": {"uv": [6.125, 7, 6.25, 7.125], "texture": "#0"},
				"south": {"uv": [7, 6.5, 7.125, 6.625], "texture": "#0"},
				"west": {"uv": [7, 6.75, 7.125, 6.875], "texture": "#0"},
				"up": {"uv": [7.125, 7.125, 7, 7], "texture": "#0"},
				"down": {"uv": [7.25, 0.75, 7.125, 0.875], "texture": "#0"}
			}
		},
		{
			"from": [7, 8.75, 2],
			"to": [9, 11.75, 3],
			"rotation": {"angle": 0, "axis": "y", "origin": [1, 20, 13]},
			"faces": {
				"north": {"uv": [6.5, 1, 6.75, 1.375], "texture": "#0"},
				"east": {"uv": [2.25, 6.75, 2.375, 7.125], "texture": "#0"},
				"south": {"uv": [6.5, 1.5, 6.75, 1.875], "texture": "#0"},
				"west": {"uv": [6.75, 3.25, 6.875, 3.625], "texture": "#0"},
				"up": {"uv": [7.125, 0.375, 6.875, 0.25], "texture": "#0"},
				"down": {"uv": [7.125, 0.5, 6.875, 0.625], "texture": "#0"}
			}
		},
		{
			"from": [7.5, 6.75, 2],
			"to": [8.5, 8.75, 3],
			"rotation": {"angle": 0, "axis": "y", "origin": [1, 20, 13]},
			"faces": {
				"north": {"uv": [3.375, 6.875, 3.5, 7.125], "texture": "#0"},
				"east": {"uv": [3.625, 6.875, 3.75, 7.125], "texture": "#0"},
				"south": {"uv": [6.875, 3.75, 7, 4], "texture": "#0"},
				"west": {"uv": [3.875, 6.875, 4, 7.125], "texture": "#0"},
				"up": {"uv": [7.25, 1.125, 7.125, 1], "texture": "#0"},
				"down": {"uv": [7.25, 1.25, 7.125, 1.375], "texture": "#0"}
			}
		},
		{
			"from": [8, 30, 6.5],
			"to": [8, 32, 9.5],
			"rotation": {"angle": 0, "axis": "y", "origin": [6.5, 30.5, 8]},
			"faces": {
				"north": {"uv": [8.125, 0.75, 8.125, 1], "texture": "#0"},
				"east": {"uv": [7.75, 0.125, 8.125, 0.375], "texture": "#0"},
				"south": {"uv": [7.875, 0.75, 7.875, 1], "texture": "#0"},
				"west": {"uv": [7.25, 0.125, 7.625, 0.375], "texture": "#0"},
				"up": {"uv": [7.625, 0.625, 7.625, 1], "texture": "#0"},
				"down": {"uv": [7.375, 0.625, 7.375, 1], "texture": "#0"}
			}
		}
	],
	"gui_light": "front",
	"display": {
		"thirdperson_righthand": {
			"translation": [0, 3, 2],
			"scale": [0.7, 0.7, 0.7]
		},
		"thirdperson_lefthand": {
			"translation": [0, 3, 2],
			"scale": [0.7, 0.7, 0.7]
		},
		"firstperson_righthand": {
			"translation": [0, 1, 0],
			"scale": [0.5, 0.5, 0.5]
		},
		"firstperson_lefthand": {
			"translation": [0, 1, 0],
			"scale": [0.5, 0.5, 0.5]
		},
		"ground": {
			"rotation": [45, 0, 0],
			"scale": [0.2, 0.2, 0.2]
		},
		"gui": {
			"rotation": [69, 52, 95],
			"translation": [-2.25, -1, 0],
			"scale": [0.42, -0.42, 0.42]
		},
		"head": {
			"translation": [0, -6.75, -2.25]
		},
		"fixed": {
			"rotation": [90, -45, 90],
			"translation": [2.5, -2, -0.5],
			"scale": [0.5, 0.5, 0.5]
		}
	},
	"groups": [
		0,
		1,
		2,
		3,
		4,
		5,
		6,
		7,
		8,
		9,
		10,
		11,
		{
			"name": "group",
			"origin": [1, 20, 13],
			"color": 0,
			"children": [12, 13, 14, 15, 16, 17, 18, 19, 20, 21, 22, 23, 24, 25, 26, 27]
		},
		28
	]
}