{
	"texture_size": [64, 64],
	"textures": {
		"1": "crossbow/vortex_crossbow"
	},
	"elements": [
		{
			"from": [7, 6.25, 7.5],
			"to": [9, 13.25, 8.5],
			"rotation": {"angle": 0, "axis": "y", "origin": [14.01, 7.24, 7.99]},
			"faces": {
				"north": {"uv": [0.5, 6.25, 1, 8], "texture": "#1"},
				"east": {"uv": [4.5, 9.25, 4.75, 11], "texture": "#1"},
				"south": {"uv": [1, 6.25, 1.5, 8], "texture": "#1"},
				"west": {"uv": [4.75, 9.25, 5, 11], "texture": "#1"},
				"up": {"uv": [0.5, 10.5, 0, 10.25], "texture": "#1"},
				"down": {"uv": [10.75, 2, 10.25, 2.25], "texture": "#1"}
			}
		},
		{
			"from": [6.10544, 3.7904, 6.96],
			"to": [8.18544, 7.8704, 9.04],
			"rotation": {"angle": -22.5, "axis": "z", "origin": [7.14544, 5.8304, 8]},
			"faces": {
				"north": {"uv": [6, 7.75, 6.5, 8.75], "texture": "#1"},
				"east": {"uv": [8.25, 2.5, 8.75, 3.5], "texture": "#1"},
				"south": {"uv": [6.5, 8.25, 7, 9.25], "texture": "#1"},
				"west": {"uv": [7, 8.25, 7.5, 9.25], "texture": "#1"},
				"up": {"uv": [10, 7.75, 9.5, 7.25], "texture": "#1"},
				"down": {"uv": [10, 7.75, 9.5, 8.25], "texture": "#1"}
			}
		},
		{
			"from": [6.94188, 5.66602, 6.94],
			"to": [11.06188, 7.78602, 9.06],
			"rotation": {"angle": -45, "axis": "z", "origin": [8.86, 5.52993, 8]},
			"faces": {
				"north": {"uv": [8, 5.25, 9, 5.75], "texture": "#1"},
				"east": {"uv": [5.5, 9.5, 6, 10], "texture": "#1"},
				"south": {"uv": [8, 5.75, 9, 6.25], "texture": "#1"},
				"west": {"uv": [9.5, 5.5, 10, 6], "texture": "#1"},
				"up": {"uv": [9, 6.75, 8, 6.25], "texture": "#1"},
				"down": {"uv": [9.25, 2, 8.25, 2.5], "texture": "#1"}
			}
		},
		{
			"from": [14.29912, -4.00911, 6.94],
			"to": [18.41912, -1.88911, 9.06],
			"rotation": {"angle": 0, "axis": "y", "origin": [15.57576, -4.04712, 8]},
			"faces": {
				"north": {"uv": [1, 8.5, 2, 9], "texture": "#1"},
				"east": {"uv": [9.5, 9.25, 10, 9.75], "texture": "#1"},
				"south": {"uv": [2, 8.5, 3, 9], "texture": "#1"},
				"west": {"uv": [9.75, 2, 10.25, 2.5], "texture": "#1"},
				"up": {"uv": [6, 9, 5, 8.5], "texture": "#1"},
				"down": {"uv": [9.5, 7.5, 8.5, 8], "texture": "#1"}
			}
		},
		{
			"from": [13.39184, -6.80176, 6.96],
			"to": [15.47184, -2.72176, 9.04],
			"rotation": {"angle": 22.5, "axis": "z", "origin": [15.57576, -4.04712, 8]},
			"faces": {
				"north": {"uv": [7.5, 8.25, 8, 9.25], "texture": "#1"},
				"east": {"uv": [8, 8.25, 8.5, 9.25], "texture": "#1"},
				"south": {"uv": [8.5, 0, 9, 1], "texture": "#1"},
				"west": {"uv": [0.5, 8.5, 1, 9.5], "texture": "#1"},
				"up": {"uv": [10, 8.75, 9.5, 8.25], "texture": "#1"},
				"down": {"uv": [10, 8.75, 9.5, 9.25], "texture": "#1"}
			}
		},
		{
			"from": [13.39184, 22.22176, 6.96],
			"to": [15.47184, 26.30176, 9.04],
			"rotation": {"angle": -22.5, "axis": "z", "origin": [15.57576, 23.54712, 8]},
			"faces": {
				"north": {"uv": [6, 8.75, 6.5, 9.75], "texture": "#1"},
				"east": {"uv": [1, 9, 1.5, 10], "texture": "#1"},
				"south": {"uv": [1.5, 9, 2, 10], "texture": "#1"},
				"west": {"uv": [2, 9, 2.5, 10], "texture": "#1"},
				"up": {"uv": [10.25, 7, 9.75, 6.5], "texture": "#1"},
				"down": {"uv": [7.5, 9.75, 7, 10.25], "texture": "#1"}
			}
		},
		{
			"from": [14.29912, 21.38911, 6.94],
			"to": [18.51912, 23.50911, 9.06],
			"rotation": {"angle": 0, "axis": "y", "origin": [15.57576, 23.54712, 8]},
			"faces": {
				"north": {"uv": [4, 8.75, 5, 9.25], "texture": "#1"},
				"east": {"uv": [6, 9.75, 6.5, 10.25], "texture": "#1"},
				"south": {"uv": [8.75, 6.75, 9.75, 7.25], "texture": "#1"},
				"west": {"uv": [6.5, 9.75, 7, 10.25], "texture": "#1"},
				"up": {"uv": [10, 0.5, 9, 0], "texture": "#1"},
				"down": {"uv": [10, 0.5, 9, 1], "texture": "#1"}
			}
		},
		{
			"from": [6.94188, 11.71398, 6.94],
			"to": [11.06188, 13.83398, 9.06],
			"rotation": {"angle": 45, "axis": "z", "origin": [8.86, 13.97007, 8]},
			"faces": {
				"north": {"uv": [0.5, 8, 1.5, 8.5], "texture": "#1"},
				"east": {"uv": [5.25, 4, 5.75, 4.5], "texture": "#1"},
				"south": {"uv": [8, 3.5, 9, 4], "texture": "#1"},
				"west": {"uv": [5.75, 2.5, 6.25, 3], "texture": "#1"},
				"up": {"uv": [9, 4.5, 8, 4], "texture": "#1"},
				"down": {"uv": [9, 4.5, 8, 5], "texture": "#1"}
			}
		},
		{
			"from": [6.10544, 11.6296, 6.96],
			"to": [8.18544, 15.7096, 9.04],
			"rotation": {"angle": 22.5, "axis": "z", "origin": [7.14544, 13.6696, 8]},
			"faces": {
				"north": {"uv": [3, 8.5, 3.5, 9.5], "texture": "#1"},
				"east": {"uv": [8.5, 8, 9, 9], "texture": "#1"},
				"south": {"uv": [8.75, 2.5, 9.25, 3.5], "texture": "#1"},
				"west": {"uv": [3.5, 8.75, 4, 9.75], "texture": "#1"},
				"up": {"uv": [10.25, 3, 9.75, 2.5], "texture": "#1"},
				"down": {"uv": [4, 9.75, 3.5, 10.25], "texture": "#1"}
			}
		},
		{
			"from": [8.74184, 18.12176, 6.96],
			"to": [10.82184, 22.20176, 9.04],
			"rotation": {"angle": 0, "axis": "y", "origin": [10.92576, 19.44712, 8]},
			"faces": {
				"north": {"uv": [2.5, 9, 3, 10], "texture": "#1"},
				"east": {"uv": [9, 5, 9.5, 6], "texture": "#1"},
				"south": {"uv": [9, 8, 9.5, 9], "texture": "#1"},
				"west": {"uv": [8.5, 9, 9, 10], "texture": "#1"},
				"up": {"uv": [10, 10.25, 9.5, 9.75], "texture": "#1"},
				"down": {"uv": [10.5, 0, 10, 0.5], "texture": "#1"}
			}
		},
		{
			"from": [9.64912, 0.09089, 6.94],
			"to": [13.76912, 2.21089, 9.06],
			"rotation": {"angle": -22.5, "axis": "z", "origin": [10.92576, 0.05288, 8]},
			"faces": {
				"north": {"uv": [9, 6, 10, 6.5], "texture": "#1"},
				"east": {"uv": [10, 1, 10.5, 1.5], "texture": "#1"},
				"south": {"uv": [9.25, 3, 10.25, 3.5], "texture": "#1"},
				"west": {"uv": [1.5, 10, 2, 10.5], "texture": "#1"},
				"up": {"uv": [7.5, 9.75, 6.5, 9.25], "texture": "#1"},
				"down": {"uv": [8.5, 9.25, 7.5, 9.75], "texture": "#1"}
			}
		},
		{
			"from": [8.74184, -2.70176, 6.96],
			"to": [10.82184, 1.37824, 9.04],
			"rotation": {"angle": 0, "axis": "y", "origin": [10.92576, 0.05288, 8]},
			"faces": {
				"north": {"uv": [9, 9, 9.5, 10], "texture": "#1"},
				"east": {"uv": [0, 9.25, 0.5, 10.25], "texture": "#1"},
				"south": {"uv": [9.25, 2, 9.75, 3], "texture": "#1"},
				"west": {"uv": [4, 9.25, 4.5, 10.25], "texture": "#1"},
				"up": {"uv": [10.5, 1, 10, 0.5], "texture": "#1"},
				"down": {"uv": [1.5, 10, 1, 10.5], "texture": "#1"}
			}
		},
		{
			"from": [9.64912, 17.28911, 6.94],
			"to": [13.86912, 19.40911, 9.06],
			"rotation": {"angle": 22.5, "axis": "z", "origin": [10.92576, 19.44712, 8]},
			"faces": {
				"north": {"uv": [9, 3.5, 10, 4], "texture": "#1"},
				"east": {"uv": [7.5, 9.75, 8, 10.25], "texture": "#1"},
				"south": {"uv": [9, 4, 10, 4.5], "texture": "#1"},
				"west": {"uv": [8, 9.75, 8.5, 10.25], "texture": "#1"},
				"up": {"uv": [10, 5, 9, 4.5], "texture": "#1"},
				"down": {"uv": [6, 9, 5, 9.5], "texture": "#1"}
			}
		},
		{
			"from": [6.999, 13.749, 6.999],
			"to": [9.001, 19.751, 9.001],
			"rotation": {"angle": -22.5, "axis": "z", "origin": [7, 13.75, 8]},
			"faces": {
				"north": {"uv": [1.5, 6.25, 2, 7.75], "texture": "#1"},
				"east": {"uv": [2, 6.25, 2.5, 7.75], "texture": "#1"},
				"south": {"uv": [2.5, 6.25, 3, 7.75], "texture": "#1"},
				"west": {"uv": [6.25, 2.5, 6.75, 4], "texture": "#1"},
				"up": {"uv": [10, 1.5, 9.5, 1], "texture": "#1"},
				"down": {"uv": [10, 1.5, 9.5, 2], "texture": "#1"}
			}
		},
		{
			"from": [9.29556, -5.79458, 7],
			"to": [11.29556, 0.20542, 9],
			"rotation": {"angle": 45, "axis": "z", "origin": [9.29556, 0.20542, 8.001]},
			"faces": {
				"north": {"uv": [6.5, 5.25, 7, 6.75], "texture": "#1"},
				"east": {"uv": [6.75, 1.5, 7.25, 3], "texture": "#1"},
				"south": {"uv": [6.75, 3, 7.25, 4.5], "texture": "#1"},
				"west": {"uv": [6.5, 6.75, 7, 8.25], "texture": "#1"},
				"up": {"uv": [3, 10.5, 2.5, 10], "texture": "#1"},
				"down": {"uv": [10.5, 3.5, 10, 4], "texture": "#1"}
			}
		},
		{
			"from": [6.999, -0.251, 6.999],
			"to": [9.001, 5.751, 9.001],
			"rotation": {"angle": 22.5, "axis": "z", "origin": [7, 5.75, 8]},
			"faces": {
				"north": {"uv": [5, 6.25, 5.5, 7.75], "texture": "#1"},
				"east": {"uv": [5.5, 6.25, 6, 7.75], "texture": "#1"},
				"south": {"uv": [6, 6.25, 6.5, 7.75], "texture": "#1"},
				"west": {"uv": [6.5, 0, 7, 1.5], "texture": "#1"},
				"up": {"uv": [10.5, 2, 10, 1.5], "texture": "#1"},
				"down": {"uv": [2.5, 10, 2, 10.5], "texture": "#1"}
			}
		},
		{
			"from": [9.29556, 19.29458, 7],
			"to": [11.29556, 25.29458, 9],
			"rotation": {"angle": -45, "axis": "z", "origin": [9.29556, 19.29458, 8.001]},
			"faces": {
				"north": {"uv": [3, 6.25, 3.5, 7.75], "texture": "#1"},
				"east": {"uv": [3.5, 6.25, 4, 7.75], "texture": "#1"},
				"south": {"uv": [4, 6.25, 4.5, 7.75], "texture": "#1"},
				"west": {"uv": [4.5, 6.25, 5, 7.75], "texture": "#1"},
				"up": {"uv": [5.5, 10, 5, 9.5], "texture": "#1"},
				"down": {"uv": [10, 5, 9.5, 5.5], "texture": "#1"}
			}
		},
		{
			"from": [7.3, 13.85, 6.1],
			"to": [11.3, 17.85, 9.1],
			"rotation": {"angle": -22.5, "axis": "z", "origin": [9.3, 15.85, 7.6]},
			"faces": {
				"north": {"uv": [2.5, 5.25, 3.5, 6.25], "texture": "#1"},
				"east": {"uv": [7, 6.75, 7.75, 7.75], "texture": "#1"},
				"south": {"uv": [5.25, 3, 6.25, 4], "texture": "#1"},
				"west": {"uv": [7.25, 1, 8, 2], "texture": "#1"},
				"up": {"uv": [8.25, 2.75, 7.25, 2], "texture": "#1"},
				"down": {"uv": [8.25, 2.75, 7.25, 3.5], "texture": "#1"}
			}
		},
		{
			"from": [7.299, 13.849, 6.499],
			"to": [11.301, 17.851, 9.501],
			"rotation": {"angle": 22.5, "axis": "z", "origin": [9.3, 15.85, 8]},
			"faces": {
				"north": {"uv": [0.5, 5.25, 1.5, 6.25], "texture": "#1"},
				"east": {"uv": [5.75, 4, 6.5, 5], "texture": "#1"},
				"south": {"uv": [1.5, 5.25, 2.5, 6.25], "texture": "#1"},
				"west": {"uv": [7, 0, 7.75, 1], "texture": "#1"},
				"up": {"uv": [8, 6, 7, 5.25], "texture": "#1"},
				"down": {"uv": [8, 6, 7, 6.75], "texture": "#1"}
			}
		},
		{
			"from": [7.299, 1.649, 6.499],
			"to": [11.301, 5.651, 9.501],
			"rotation": {"angle": -22.5, "axis": "z", "origin": [9.3, 3.65, 8]},
			"faces": {
				"north": {"uv": [5.5, 5.25, 6.5, 6.25], "texture": "#1"},
				"east": {"uv": [3.5, 7.75, 4.25, 8.75], "texture": "#1"},
				"south": {"uv": [5.75, 1.5, 6.75, 2.5], "texture": "#1"},
				"west": {"uv": [4.25, 7.75, 5, 8.75], "texture": "#1"},
				"up": {"uv": [6, 8.5, 5, 7.75], "texture": "#1"},
				"down": {"uv": [8.75, 6.75, 7.75, 7.5], "texture": "#1"}
			}
		},
		{
			"from": [7.3, 1.65, 6.1],
			"to": [11.3, 5.65, 9.1],
			"rotation": {"angle": 22.5, "axis": "z", "origin": [9.3, 3.65, 7.6]},
			"faces": {
				"north": {"uv": [3.5, 5.25, 4.5, 6.25], "texture": "#1"},
				"east": {"uv": [7.25, 3.5, 8, 4.5], "texture": "#1"},
				"south": {"uv": [4.5, 5.25, 5.5, 6.25], "texture": "#1"},
				"west": {"uv": [7.75, 0, 8.5, 1], "texture": "#1"},
				"up": {"uv": [2.5, 8.5, 1.5, 7.75], "texture": "#1"},
				"down": {"uv": [3.5, 7.75, 2.5, 8.5], "texture": "#1"}
			}
		},
		{
			"from": [3.0054, 5.71865, 7.502],
			"to": [6.0014, 6.71465, 8.498],
			"rotation": {"angle": 22.5, "axis": "z", "origin": [-0.9966, 5.71665, 8.002]},
			"faces": {
				"north": {"uv": [10, 9.25, 10.75, 9.5], "texture": "#1"},
				"east": {"uv": [10.25, 2.5, 10.5, 2.75], "texture": "#1"},
				"south": {"uv": [10, 9.5, 10.75, 9.75], "texture": "#1"},
				"west": {"uv": [10.25, 2.75, 10.5, 3], "texture": "#1"},
				"up": {"uv": [10.75, 10, 10, 9.75], "texture": "#1"},
				"down": {"uv": [10.75, 10, 10, 10.25], "texture": "#1"}
			}
		},
		{
			"from": [1.7, 7.25, 7.5],
			"to": [2.7, 12.25, 8.5],
			"rotation": {"angle": 0, "axis": "y", "origin": [13.46, 6.74, 7.99]},
			"faces": {
				"north": {"uv": [0.5, 9.5, 0.75, 10.75], "texture": "#1"},
				"east": {"uv": [0.75, 9.5, 1, 10.75], "texture": "#1"},
				"south": {"uv": [3, 9.5, 3.25, 10.75], "texture": "#1"},
				"west": {"uv": [3.25, 9.5, 3.5, 10.75], "texture": "#1"},
				"up": {"uv": [9.5, 10.25, 9.25, 10], "texture": "#1"},
				"down": {"uv": [10.5, 2.25, 10.25, 2.5], "texture": "#1"}
			}
		},
		{
			"from": [3.0054, 12.78535, 7.502],
			"to": [6.0014, 13.78135, 8.498],
			"rotation": {"angle": -22.5, "axis": "z", "origin": [-0.9966, 13.78335, 8.002]},
			"faces": {
				"north": {"uv": [7.75, 7.5, 8.5, 7.75], "texture": "#1"},
				"east": {"uv": [7, 1, 7.25, 1.25], "texture": "#1"},
				"south": {"uv": [8.75, 7.25, 9.5, 7.5], "texture": "#1"},
				"west": {"uv": [7, 1.25, 7.25, 1.5], "texture": "#1"},
				"up": {"uv": [9.75, 6.75, 9, 6.5], "texture": "#1"},
				"down": {"uv": [10.75, 6.25, 10, 6.5], "texture": "#1"}
			}
		},
		{
			"from": [23.9, 9.25, 5.25],
			"to": [24.9, 10.25, 9.25],
			"rotation": {"angle": 22.5, "axis": "y", "origin": [24.4, 9.75, 8.75]},
			"faces": {
				"north": {"uv": [6.5, 4, 6.75, 4.25], "texture": "#1"},
				"east": {"uv": [9.75, 7, 10.75, 7.25], "texture": "#1"},
				"south": {"uv": [6.5, 4.25, 6.75, 4.5], "texture": "#1"},
				"west": {"uv": [10, 4, 11, 4.25], "texture": "#1"},
				"up": {"uv": [10.25, 5.25, 10, 4.25], "texture": "#1"},
				"down": {"uv": [5.25, 10, 5, 11], "texture": "#1"}
			}
		},
		{
			"from": [5, 8.25, 7.5],
			"to": [28, 11.25, 8.5],
			"rotation": {"angle": 0, "axis": "y", "origin": [14.01, 7.24, 7.99]},
			"faces": {
				"north": {"uv": [0, 1.5, 5.75, 2.25], "texture": "#1"},
				"east": {"uv": [5.75, 10, 6, 10.75], "texture": "#1"},
				"south": {"uv": [0, 2.25, 5.75, 3], "texture": "#1"},
				"west": {"uv": [9, 10, 9.25, 10.75], "texture": "#1"},
				"up": {"uv": [5.75, 4.75, 0, 4.5], "texture": "#1"},
				"down": {"uv": [5.75, 4.75, 0, 5], "texture": "#1"}
			}
		},
		{
			"name": "string-low",
			"from": [13.45241, -2.62301, 8.502],
			"to": [14.45241, 14.37699, 8.502],
			"rotation": {"angle": -45, "axis": "z", "origin": [13.95241, -2.12301, 8.502]},
			"faces": {
				"north": {"uv": [0, 5, 0.25, 9.25], "texture": "#1"},
				"east": {"uv": [0, 0, 0, 4.25], "texture": "#1"},
				"south": {"uv": [0.25, 5, 0.5, 9.25], "texture": "#1"},
				"west": {"uv": [0, 0, 0, 4.25], "texture": "#1"},
				"up": {"uv": [0.25, 0, 0, 0], "texture": "#1"},
				"down": {"uv": [0.25, 0, 0, 0], "texture": "#1"}
			}
		},
		{
			"name": "string-high",
			"from": [13.45241, 21.12301, 8.501],
			"to": [30.45241, 22.12301, 8.501],
			"rotation": {"angle": -45, "axis": "z", "origin": [13.95241, 21.62301, 8.501]},
			"faces": {
				"north": {"uv": [0.5, 5, 4.75, 5.25], "texture": "#1"},
				"east": {"uv": [0, 0, 0, 0.25], "texture": "#1"},
				"south": {"uv": [4.75, 5, 9, 5.25], "texture": "#1"},
				"west": {"uv": [0, 0, 0, 0.25], "texture": "#1"},
				"up": {"uv": [4.25, 0, 0, 0], "texture": "#1"},
				"down": {"uv": [4.25, 0, 0, 0], "texture": "#1"}
			}
		}
	],
	"gui_light": "front",
	"display": {
		"thirdperson_righthand": {
			"rotation": [-90, 0, -105],
			"translation": [1, 0.25, -5],
			"scale": [0.6, 0.6, 0.6]
		},
		"thirdperson_lefthand": {
			"rotation": [-90, 0, 75],
			"translation": [3, 0.25, -4.5],
			"scale": [0.6, 0.6, 0.6]
		},
		"firstperson_righthand": {
			"rotation": [95, -179, 80],
			"translation": [0.5, 4, -1],
			"scale": [0.6, 0.6, 0.6]
		},
		"firstperson_lefthand": {
			"rotation": [95, -179, -100],
			"translation": [2.25, 4, -0.75],
			"scale": [0.6, 0.6, 0.6]
		},
		"ground": {
			"rotation": [0, 0, -45],
			"translation": [0, 4.5, 0],
			"scale": [0.3, 0.3, 0.3]
		},
		"gui": {
			"rotation": [0, 0, -45],
			"translation": [-3.65, 2.1, -0.75],
			"scale": [0.615, 0.615, 0.615]
		},
		"head": {
			"rotation": [0, 0, -90],
			"translation": [-1, 9, 0.75],
			"scale": [0.6, 0.6, 0.6]
		},
		"fixed": {
			"rotation": [0, -180, -45],
			"translation": [3.25, 1.75, 0.75],
			"scale": [0.55, 0.55, 0.55]
		}
	},
	"groups": [
		{
			"name": "bow",
			"origin": [8, 8, 8],
			"color": 0,
			"children": [
				{
					"name": "bow",
					"origin": [8, 8, 8],
					"color": 0,
					"children": [
						{
							"name": "pommel",
							"origin": [8, 8, 8],
							"color": 0,
							"children": []
						},
						{
							"name": "grip",
							"origin": [8, 8, 8],
							"color": 0,
							"children": [
								{
									"name": "handle",
									"origin": [8, 8, 8],
									"color": 0,
									"children": []
								}
							]
						},
						{
							"name": "guard",
							"origin": [8, 8, 8],
							"color": 0,
							"children": [
								{
									"name": "cross-guard",
									"origin": [8, 8, 8],
									"color": 0,
									"children": [
										{
											"name": "gem1",
											"origin": [8, 8, 8],
											"color": 0,
											"children": []
										},
										{
											"name": "gem2",
											"origin": [8, 8, 8],
											"color": 0,
											"children": []
										},
										{
											"name": "blade",
											"origin": [8, 8, 8],
											"color": 0,
											"children": [0, 1, 2, 3, 4, 5, 6, 7, 8, 9, 10, 11, 12, 13, 14, 15, 16, 17, 18, 19, 20, 21, 22, 23, 24, 25]
										}
									]
								}
							]
						}
					]
				},
				{
					"name": "string",
					"origin": [8, 8, 8],
					"color": 0,
					"children": [26, 27]
				}
			]
		}
	]
}