{"textures":{"0":"modelengine:entity/chameleon","particle":"#0"},"elements":[{"from":[6.5,6.0,4.0],"to":[10.5,12.0,9.0],"faces":{"east":{"uv":[6.0,3.0,3.5,6.0],"tintindex":0,"rotation":0,"texture":"#0"},"south":{"uv":[6.0,3.0,8.0,6.0],"tintindex":0,"rotation":0,"texture":"#0"},"north":{"uv":[6.0,0.0,8.0,3.0],"tintindex":0,"rotation":0,"texture":"#0"},"west":{"uv":[3.5,3.0,6.0,6.0],"tintindex":0,"rotation":0,"texture":"#0"},"up":{"uv":[5.5,8.5,3.5,6.0],"tintindex":0,"rotation":0,"texture":"#0"},"down":{"uv":[7.5,6.0,5.5,8.5],"tintindex":0,"rotation":0,"texture":"#0"}}},{"from":[6.5,6.0,9.0],"to":[10.5,11.0,12.0],"faces":{"east":{"uv":[8.0,8.5,6.5,11.0],"tintindex":0,"rotation":0,"texture":"#0"},"south":{"uv":[7.5,6.0,9.5,8.5],"tintindex":0,"rotation":0,"texture":"#0"},"north":{"uv":[0.0,7.0,2.0,9.5],"tintindex":0,"rotation":0,"texture":"#0"},"west":{"uv":[6.5,8.5,8.0,11.0],"tintindex":0,"rotation":0,"texture":"#0"},"up":{"uv":[12.0,5.5,10.0,4.0],"tintindex":0,"rotation":0,"texture":"#0"},"down":{"uv":[12.0,9.0,10.0,10.5],"tintindex":0,"rotation":0,"texture":"#0"}}},{"from":[7.0,6.0,2.0],"to":[10.0,11.0,4.0],"faces":{"east":{"uv":[4.5,11.0,3.5,13.5],"tintindex":0,"rotation":0,"texture":"#0"},"south":{"uv":[3.5,8.5,5.0,11.0],"tintindex":0,"rotation":0,"texture":"#0"},"north":{"uv":[2.0,7.0,3.5,9.5],"tintindex":0,"rotation":0,"texture":"#0"},"west":{"uv":[3.5,11.0,4.5,13.5],"tintindex":0,"rotation":0,"texture":"#0"},"up":{"uv":[14.0,4.0,12.5,3.0],"tintindex":0,"rotation":0,"texture":"#0"},"down":{"uv":[6.0,12.5,4.5,13.5],"tintindex":0,"rotation":0,"texture":"#0"}}}],"display":{"head":{"rotation":[0.0,0.0,0.0]},"firstperson_righthand":{"rotation":[0.0,0.0,0.0]},"thirdperson_lefthand":{"rotation":[0.0,-0.0,-0.0]},"firstperson_lefthand":{"rotation":[0.0,-0.0,-0.0]},"fixed":{"rotation":[0.0,0.0,0.0]},"ground":{"rotation":[0.0,0.0,0.0]},"thirdperson_righthand":{"rotation":[0.0,0.0,0.0]},"gui":{"rotation":[-150.0,-45.0,180.0]}}}