{"textures":{"0":"modelengine:entity/chameleon","particle":"#0"},"elements":[{"from":[7.0,6.75,8.0],"to":[9.0,8.75,10.0],"faces":{"east":{"uv":[8.5,13.0,9.5,14.0],"tintindex":0,"rotation":0,"texture":"#0"},"south":{"uv":[9.5,13.0,10.5,14.0],"tintindex":0,"rotation":0,"texture":"#0"},"north":{"uv":[13.0,4.0,14.0,5.0],"tintindex":0,"rotation":0,"texture":"#0"},"west":{"uv":[13.0,9.5,14.0,10.5],"tintindex":0,"rotation":0,"texture":"#0"},"up":{"uv":[14.0,11.5,13.0,10.5],"tintindex":0,"rotation":0,"texture":"#0"},"down":{"uv":[14.0,11.5,13.0,12.5],"tintindex":0,"rotation":0,"texture":"#0"}}},{"from":[7.0,6.75,10.0],"to":[9.0,13.75,17.0],"faces":{"east":{"uv":[0.0,0.0,3.5,3.5],"tintindex":0,"rotation":0,"texture":"#0"},"south":{"uv":[9.0,8.5,10.0,12.0],"tintindex":0,"rotation":0,"texture":"#0"},"north":{"uv":[8.0,8.5,9.0,12.0],"tintindex":0,"rotation":0,"texture":"#0"},"west":{"uv":[3.5,0.0,0.0,3.5],"tintindex":0,"rotation":0,"texture":"#0"},"up":{"uv":[1.0,13.0,0.0,9.5],"tintindex":0,"rotation":0,"texture":"#0"},"down":{"uv":[2.0,9.5,1.0,13.0],"tintindex":0,"rotation":0,"texture":"#0"}}}],"display":{"head":{"rotation":[0.0,0.0,0.0]},"firstperson_righthand":{"rotation":[0.0,0.0,0.0]},"thirdperson_lefthand":{"rotation":[0.0,-0.0,-0.0]},"firstperson_lefthand":{"rotation":[0.0,-0.0,-0.0]},"fixed":{"rotation":[0.0,0.0,0.0]},"ground":{"rotation":[0.0,0.0,0.0]},"thirdperson_righthand":{"rotation":[0.0,0.0,0.0]},"gui":{"rotation":[-150.0,-45.0,180.0]}}}