{"textures":{"0":"modelengine:entity/nocsy_otter_v2","particle":"#0"},"elements":[{"from":[6.6,4.2000003,6.6],"to":[9.4,9.0,9.4],"faces":{"east":{"uv":[9.25,4.5,10.0,5.75],"tintindex":0,"rotation":0,"texture":"#0"},"south":{"uv":[9.25,8.25,10.0,9.5],"tintindex":0,"rotation":0,"texture":"#0"},"north":{"uv":[9.25,3.0,10.0,4.25],"tintindex":0,"rotation":0,"texture":"#0"},"west":{"uv":[9.5,0.0,10.25,1.25],"tintindex":0,"rotation":0,"texture":"#0"},"up":{"uv":[10.25,11.25,9.5,10.5],"tintindex":0,"rotation":0,"texture":"#0"},"down":{"uv":[11.25,10.5,10.5,11.25],"tintindex":0,"rotation":0,"texture":"#0"}}}],"display":{"head":{"rotation":[0.0,0.0,0.0]},"firstperson_righthand":{"rotation":[0.0,0.0,0.0]},"thirdperson_lefthand":{"rotation":[0.0,-0.0,-0.0]},"firstperson_lefthand":{"rotation":[0.0,-0.0,-0.0]},"fixed":{"rotation":[0.0,0.0,0.0]},"ground":{"rotation":[0.0,0.0,0.0]},"thirdperson_righthand":{"rotation":[0.0,0.0,0.0]},"gui":{"rotation":[-150.0,-45.0,180.0]}}}