{"textures":{"0":"modelengine:entity/nocsy_otter_v2","particle":"#0"},"elements":[{"from":[6.6,4.1,6.6],"to":[9.4,8.9,9.4],"faces":{"east":{"uv":[0.0,8.25,0.75,9.5],"tintindex":0,"rotation":0,"texture":"#0"},"south":{"uv":[1.0,8.25,1.75,9.5],"tintindex":0,"rotation":0,"texture":"#0"},"north":{"uv":[8.0,6.75,8.75,8.0],"tintindex":0,"rotation":0,"texture":"#0"},"west":{"uv":[2.0,8.25,2.75,9.5],"tintindex":0,"rotation":0,"texture":"#0"},"up":{"uv":[11.0,4.25,10.25,3.5],"tintindex":0,"rotation":0,"texture":"#0"},"down":{"uv":[11.0,4.5,10.25,5.25],"tintindex":0,"rotation":0,"texture":"#0"}}}],"display":{"head":{"rotation":[0.0,0.0,0.0]},"firstperson_righthand":{"rotation":[0.0,0.0,0.0]},"thirdperson_lefthand":{"rotation":[0.0,-0.0,-0.0]},"firstperson_lefthand":{"rotation":[0.0,-0.0,-0.0]},"fixed":{"rotation":[0.0,0.0,0.0]},"ground":{"rotation":[0.0,0.0,0.0]},"thirdperson_righthand":{"rotation":[0.0,0.0,0.0]},"gui":{"rotation":[-150.0,-45.0,180.0]}}}