{"textures":{"3":"modelengine:entity/scarycrowglow"},"elements":[{"from":[5.0,5.0,2.0],"to":[12.0,13.0,9.0],"faces":{"east":{"uv":[6.5,6.5,8.25,8.5],"tintindex":0,"rotation":0,"texture":"#3"},"south":{"uv":[8.25,4.5,10.0,6.5],"tintindex":0,"rotation":0,"texture":"#3"},"north":{"uv":[6.5,4.5,8.25,6.5],"tintindex":0,"rotation":0,"texture":"#3"},"west":{"uv":[8.25,6.5,10.0,8.5],"tintindex":0,"rotation":0,"texture":"#3"},"up":{"uv":[7.75,10.25,6.0,8.5],"tintindex":0,"rotation":0,"texture":"#3"},"down":{"uv":[9.5,8.5,7.75,10.25],"tintindex":0,"rotation":0,"texture":"#3"}},"rotation":{"origin":[8.0,10.0,5.0],"angle":-45.0,"axis":"y"}},{"from":[4.0,14.0,1.0],"to":[12.0,17.0,10.0],"faces":{"east":{"uv":[8.5,3.5,10.75,4.25],"tintindex":0,"rotation":0,"texture":"#3"},"south":{"uv":[10.0,5.0,12.0,5.75],"tintindex":0,"rotation":0,"texture":"#3"},"north":{"uv":[10.0,4.25,12.0,5.0],"tintindex":0,"rotation":0,"texture":"#3"},"west":{"uv":[1.0,10.0,3.25,10.75],"tintindex":0,"rotation":0,"texture":"#3"},"up":{"uv":[8.5,2.25,6.5,0.0],"tintindex":0,"rotation":0,"texture":"#3"},"down":{"uv":[8.5,2.25,6.5,4.5],"tintindex":0,"rotation":0,"texture":"#3"}}},{"from":[-2.0,13.0,-4.0],"to":[18.0,14.0,16.0],"faces":{"east":{"uv":[9.5,3.25,14.5,3.5],"tintindex":0,"rotation":0,"texture":"#3"},"south":{"uv":[10.0,7.75,15.0,8.0],"tintindex":0,"rotation":0,"texture":"#3"},"north":{"uv":[9.5,3.0,14.5,3.25],"tintindex":0,"rotation":0,"texture":"#3"},"west":{"uv":[10.0,8.0,15.0,8.25],"tintindex":0,"rotation":0,"texture":"#3"},"up":{"uv":[5.0,5.0,0.0,0.0],"tintindex":0,"rotation":0,"texture":"#3"},"down":{"uv":[5.0,5.0,0.0,10.0],"tintindex":0,"rotation":0,"texture":"#3"}}}],"display":{"gui":{"rotation":[30,225,0]}}}