{"textures":{"3":"modelengine:entity/scarycrowglow"},"elements":[{"from":[9.5,4.0,6.0],"to":[11.5,6.0,9.0],"faces":{"east":{"uv":[10.75,10.75,11.5,11.25],"tintindex":0,"rotation":0,"texture":"#3"},"south":{"uv":[9.5,11.25,10.0,11.75],"tintindex":0,"rotation":0,"texture":"#3"},"north":{"uv":[6.0,8.0,6.5,8.5],"tintindex":0,"rotation":0,"texture":"#3"},"west":{"uv":[11.25,0.0,12.0,0.5],"tintindex":0,"rotation":0,"texture":"#3"},"up":{"uv":[11.75,1.25,11.25,0.5],"tintindex":0,"rotation":0,"texture":"#3"},"down":{"uv":[11.75,1.25,11.25,2.0],"tintindex":0,"rotation":0,"texture":"#3"}}},{"from":[5.5,6.0,5.0],"to":[10.5,10.0,11.0],"faces":{"east":{"uv":[10.0,5.75,11.5,6.75],"tintindex":0,"rotation":0,"texture":"#3"},"south":{"uv":[4.75,10.5,6.0,11.5],"tintindex":0,"rotation":0,"texture":"#3"},"north":{"uv":[9.5,10.25,10.75,11.25],"tintindex":0,"rotation":0,"texture":"#3"},"west":{"uv":[10.0,6.75,11.5,7.75],"tintindex":0,"rotation":0,"texture":"#3"},"up":{"uv":[10.75,1.5,9.5,0.0],"tintindex":0,"rotation":0,"texture":"#3"},"down":{"uv":[10.75,1.5,9.5,3.0],"tintindex":0,"rotation":0,"texture":"#3"}}},{"from":[6.5,1.0,6.0],"to":[9.5,8.0,10.0],"faces":{"east":{"uv":[9.5,8.5,10.5,10.25],"tintindex":0,"rotation":0,"texture":"#3"},"south":{"uv":[8.75,10.25,9.5,12.0],"tintindex":0,"rotation":0,"texture":"#3"},"north":{"uv":[8.0,10.25,8.75,12.0],"tintindex":0,"rotation":0,"texture":"#3"},"west":{"uv":[0.0,10.0,1.0,11.75],"tintindex":0,"rotation":0,"texture":"#3"},"up":{"uv":[2.25,11.75,1.5,10.75],"tintindex":0,"rotation":0,"texture":"#3"},"down":{"uv":[3.0,10.75,2.25,11.75],"tintindex":0,"rotation":0,"texture":"#3"}}},{"from":[9.5,1.0,6.0],"to":[11.5,4.0,10.0],"faces":{"east":{"uv":[10.5,8.25,11.5,9.0],"tintindex":0,"rotation":0,"texture":"#3"},"south":{"uv":[11.25,3.5,11.75,4.25],"tintindex":0,"rotation":0,"texture":"#3"},"north":{"uv":[11.25,2.0,11.75,2.75],"tintindex":0,"rotation":0,"texture":"#3"},"west":{"uv":[10.5,9.0,11.5,9.75],"tintindex":0,"rotation":0,"texture":"#3"},"up":{"uv":[6.5,8.0,6.0,7.0],"tintindex":0,"rotation":0,"texture":"#3"},"down":{"uv":[11.25,9.75,10.75,10.75],"tintindex":0,"rotation":0,"texture":"#3"}}}],"display":{"gui":{"rotation":[30,225,0]}}}