{	"credit":"MadewithBlockbench",	"texture_size":[64,64],	"textures":{		"3":"netherite_sword/blue_cyber_sword"	},	"elements":[		{			"from":[7,-16,7],			"to":[9,-15,9],			"rotation":{"angle":0,"axis":"y","origin":[0,0,7]},			"faces":{				"north":{"uv":[2.5,4,3,4.25],"texture":"#3"},				"east":{"uv":[3,4,3.5,4.25],"texture":"#3"},				"south":{"uv":[7.25,2.25,7.75,2.5],"texture":"#3"},				"west":{"uv":[3.75,7.5,4.25,7.75],"texture":"#3"},				"up":{"uv":[4.75,7.5,4.25,7],"texture":"#3"},				"down":{"uv":[7.75,7,7.25,7.5],"texture":"#3"}			}		},		{			"from":[6,-15,6],			"to":[10,-11,10],			"rotation":{"angle":0,"axis":"y","origin":[0,0,7]},			"faces":{				"north":{"uv":[0,6,1,7],"texture":"#3"},				"east":{"uv":[6,0,7,1],"texture":"#3"},				"south":{"uv":[1,6,2,7],"texture":"#3"},				"west":{"uv":[4.75,6.5,5.75,7.5],"texture":"#3"},				"up":{"uv":[6.75,7.5,5.75,6.5],"texture":"#3"},				"down":{"uv":[7.75,2.5,6.75,3.5],"texture":"#3"}			}		},		{			"from":[6,-3,6],			"to":[10,1,10],			"rotation":{"angle":0,"axis":"y","origin":[0,-1,7]},			"faces":{				"north":{"uv":[4.75,4.5,5.75,5.5],"texture":"#3"},				"east":{"uv":[0,5,1,6],"texture":"#3"},				"south":{"uv":[1,5,2,6],"texture":"#3"},				"west":{"uv":[4.75,5.5,5.75,6.5],"texture":"#3"},				"up":{"uv":[6.75,3.5,5.75,2.5],"texture":"#3"},				"down":{"uv":[6.75,3.5,5.75,4.5],"texture":"#3"}			}		},		{			"from":[3,1,5],			"to":[13,3,11],			"rotation":{"angle":0,"axis":"y","origin":[0,0,7]},			"faces":{				"north":{"uv":[4.75,1.5,7.25,2],"texture":"#3"},				"east":{"uv":[2.75,7,4.25,7.5],"texture":"#3"},				"south":{"uv":[4.75,2,7.25,2.5],"texture":"#3"},				"west":{"uv":[7.25,1.25,8.75,1.75],"texture":"#3"},				"up":{"uv":[2.5,5,0,3.5],"texture":"#3"},				"down":{"uv":[6,0,3.5,1.5],"texture":"#3"}			}		},		{			"from":[2.33313,-2.71579,6],			"to":[6.33313,-0.71579,10],			"rotation":{"angle":22.5,"axis":"z","origin":[-3.66687,-3.71579,7]},			"faces":{				"north":{"uv":[7.25,5,8.25,5.5],"texture":"#3"},				"east":{"uv":[7.25,5.5,8.25,6],"texture":"#3"},				"south":{"uv":[7.25,6,8.25,6.5],"texture":"#3"},				"west":{"uv":[7.25,6.5,8.25,7],"texture":"#3"},				"up":{"uv":[6.75,5.5,5.75,4.5],"texture":"#3"},				"down":{"uv":[6.75,5.5,5.75,6.5],"texture":"#3"}			}		},		{			"from":[9.66687,-2.71579,6],			"to":[13.66687,-0.71579,10],			"rotation":{"angle":-22.5,"axis":"z","origin":[19.66687,-3.71579,7]},			"faces":{				"north":{"uv":[2.5,3.5,3.5,4],"texture":"#3"},				"east":{"uv":[6,1,7,1.5],"texture":"#3"},				"south":{"uv":[7.25,4,8.25,4.5],"texture":"#3"},				"west":{"uv":[7.25,4.5,8.25,5],"texture":"#3"},				"up":{"uv":[5.75,3.5,4.75,2.5],"texture":"#3"},				"down":{"uv":[5.75,3.5,4.75,4.5],"texture":"#3"}			}		},		{			"from":[5.5,3,7],			"to":[10.5,14,9],			"rotation":{"angle":0,"axis":"y","origin":[0,0,7]},			"faces":{				"north":{"uv":[3.5,1.5,4.75,4.25],"texture":"#3"},				"east":{"uv":[3.75,4.25,4.25,7],"texture":"#3"},				"south":{"uv":[2.5,4.25,3.75,7],"texture":"#3"},				"west":{"uv":[4.25,4.25,4.75,7],"texture":"#3"},				"up":{"uv":[8.5,2.25,7.25,1.75],"texture":"#3"},				"down":{"uv":[8.5,3.5,7.25,4],"texture":"#3"}			}		},		{			"from":[4.5,12,8],			"to":[11.5,26,8],			"rotation":{"angle":0,"axis":"y","origin":[0,0,7]},			"faces":{				"north":{"uv":[0,0,1.75,3.5],"texture":"#3"},				"east":{"uv":[0,0,0,3.5],"texture":"#3"},				"south":{"uv":[1.75,0,3.5,3.5],"texture":"#3"},				"west":{"uv":[0,0,0,3.5],"texture":"#3"},				"up":{"uv":[1.75,0,0,0],"texture":"#3"},				"down":{"uv":[1.75,0,0,0],"texture":"#3"}			}		},		{			"from":[7,-11,7],			"to":[9,-3,9],			"rotation":{"angle":0,"axis":"y","origin":[0,0,7]},			"faces":{				"north":{"uv":[2,5,2.5,7],"texture":"#3"},				"east":{"uv":[6.75,3.5,7.25,5.5],"texture":"#3"},				"south":{"uv":[6.75,5.5,7.25,7.5],"texture":"#3"},				"west":{"uv":[0,7,0.5,9],"texture":"#3"},				"up":{"uv":[3.25,8,2.75,7.5],"texture":"#3"},				"down":{"uv":[3.75,7.5,3.25,8],"texture":"#3"}			}		},		{			"from":[10.5,5,8],			"to":[13.5,10,8],			"rotation":{"angle":0,"axis":"y","origin":[0,0,7]},			"faces":{				"north":{"uv":[7,0,7.75,1.25],"texture":"#3"},				"east":{"uv":[0,0,0,1.25],"texture":"#3"},				"south":{"uv":[0.5,7,1.25,8.25],"texture":"#3"},				"west":{"uv":[0,0,0,1.25],"texture":"#3"},				"up":{"uv":[0.75,0,0,0],"texture":"#3"},				"down":{"uv":[0.75,0,0,0],"texture":"#3"}			}		},		{			"from":[2.5,5,8],			"to":[5.5,10,8],			"rotation":{"angle":0,"axis":"y","origin":[0,0,7]},			"faces":{				"north":{"uv":[1.25,7,2,8.25],"texture":"#3"},				"east":{"uv":[0,0,0,1.25],"texture":"#3"},				"south":{"uv":[2,7,2.75,8.25],"texture":"#3"},				"west":{"uv":[0,0,0,1.25],"texture":"#3"},				"up":{"uv":[0.75,0,0,0],"texture":"#3"},				"down":{"uv":[0.75,0,0,0],"texture":"#3"}			}		}	],	"gui_light":"front",	"display":{		"thirdperson_righthand":{			"rotation":[0,90,0],			"translation":[0,9,1.75],			"scale":[0.75,0.75,0.75]		},		"thirdperson_lefthand":{			"rotation":[0,90,0],			"translation":[0,9,1.75],			"scale":[0.75,0.75,0.75]		},		"firstperson_righthand":{			"rotation":[4.25,90,0],			"translation":[3,6,0.25],			"scale":[0.5,0.5,0.5]		},		"firstperson_lefthand":{			"rotation":[4.25,90,0],			"translation":[3,6,0.25],			"scale":[0.5,0.5,0.5]		},		"ground":{			"rotation":[0,0,45],			"translation":[0,5.5,0],			"scale":[0.4,0.4,0.4]		},		"gui":{			"rotation":[0,0,-45],			"translation":[0.75,1,0],			"scale":[0.5,0.5,0.5]		},		"fixed":{			"rotation":[0,0,45],			"translation":[-1.25,1.5,-0.5],			"scale":[0.6,0.6,0.6]		}	}}