{"textures":{"0":"modelengine:entity/wizpiglin_2_rift","particle":"#0"},"elements":[{"from":[-0.75,8.0,-4.25],"to":[16.75,8.0,20.25],"faces":{"up":{"uv":[4.375,6.125,0.0,0.0],"tintindex":0,"rotation":0,"texture":"#0"},"down":{"uv":[4.375,0.0,0.0,6.125],"tintindex":0,"rotation":0,"texture":"#0"}},"rotation":{"origin":[8.0,8.0,8.0],"angle":22.5,"axis":"y"}}],"display":{"head":{"rotation":[0.0,0.0,0.0]},"firstperson_righthand":{"rotation":[0.0,0.0,0.0]},"thirdperson_lefthand":{"rotation":[0.0,-0.0,-0.0]},"firstperson_lefthand":{"rotation":[0.0,-0.0,-0.0]},"fixed":{"rotation":[0.0,0.0,0.0]},"ground":{"rotation":[0.0,0.0,0.0]},"thirdperson_righthand":{"rotation":[0.0,0.0,0.0]},"gui":{"rotation":[-150.0,-45.0,180.0]}}}