{	"credit":"MadewithBlockbench",	"texture_size":[128,128],	"textures":{		"2":"shield/blue_cyber_shield",		"particle":"shield/blue_cyber_shield"	},	"elements":[		{			"from":[0.05,11,7.5],			"to":[16.05,27,8.5],			"rotation":{"angle":0,"axis":"y","origin":[0.05,11,7.5]},			"faces":{				"north":{"uv":[0,4.375,2,6.375],"texture":"#2"},				"east":{"uv":[5.375,6.875,5.5,8.875],"texture":"#2"},				"south":{"uv":[2,4.375,4,6.375],"texture":"#2"},				"west":{"uv":[7,4.625,7.125,6.625],"texture":"#2"},				"up":{"uv":[2,7.25,0,7.125],"texture":"#2"},				"down":{"uv":[9.125,3.5,7.125,3.625],"texture":"#2"}			}		},		{			"from":[4.05,16,8.475],			"to":[12.05,22,14.475],			"rotation":{"angle":0,"axis":"y","origin":[0.05,11,8.5]},			"faces":{				"north":{"uv":[6,4.375,7,5.125],"texture":"#2"},				"east":{"uv":[1,6.375,1.75,7.125],"texture":"#2"},				"south":{"uv":[6,5.125,7,5.875],"texture":"#2"},				"west":{"uv":[1.75,6.375,2.5,7.125],"texture":"#2"},				"up":{"uv":[7,6.625,6,5.875],"texture":"#2"},				"down":{"uv":[1,6.375,0,7.125],"texture":"#2"}			}		},		{			"from":[15.05,16.5,6.975],			"to":[17.05,23.5,9.025],			"rotation":{"angle":0,"axis":"y","origin":[16,12,7.5]},			"faces":{				"north":{"uv":[2,7.125,2.25,8],"texture":"#2"},				"east":{"uv":[2.25,7.125,2.5,8],"texture":"#2"},				"south":{"uv":[7.125,4.625,7.375,5.5],"texture":"#2"},				"west":{"uv":[7.125,5.5,7.375,6.375],"texture":"#2"},				"up":{"uv":[7.625,6.875,7.375,6.625],"texture":"#2"},				"down":{"uv":[7.625,6.875,7.375,7.125],"texture":"#2"}			}		},		{			"from":[15.84622,15.68156,6.95],			"to":[18.84622,27.68156,9.05],			"rotation":{"angle":-22.5,"axis":"z","origin":[12.69622,28.48156,8]},			"faces":{				"north":{"uv":[2.5,6.375,2.875,7.875],"texture":"#2"},				"east":{"uv":[3.875,6.875,4.125,8.375],"texture":"#2"},				"south":{"uv":[2.875,6.375,3.25,7.875],"texture":"#2"},				"west":{"uv":[4.125,6.875,4.375,8.375],"texture":"#2"},				"up":{"uv":[7.75,4.125,7.375,3.875],"texture":"#2"},				"down":{"uv":[7.75,5.625,7.375,5.875],"texture":"#2"}			}		},		{			"from":[8.06985,24.37849,6.9],			"to":[17.06985,28.37849,9.1],			"rotation":{"angle":-22.5,"axis":"z","origin":[13.06985,26.37849,8]},			"faces":{				"north":{"uv":[3.25,6.375,4.375,6.875],"texture":"#2"},				"east":{"uv":[7.125,3.625,7.375,4.125],"texture":"#2"},				"south":{"uv":[4.375,6.375,5.5,6.875],"texture":"#2"},				"west":{"uv":[1,7.25,1.25,7.75],"texture":"#2"},				"up":{"uv":[7.625,4.375,6.5,4.125],"texture":"#2"},				"down":{"uv":[8.125,3,7,3.25],"texture":"#2"}			}		},		{			"from":[-1.06985,24.37849,6.9],			"to":[7.93015,28.37849,9.1],			"rotation":{"angle":22.5,"axis":"z","origin":[2.93015,26.37849,8]},			"faces":{				"north":{"uv":[6.5,0,7.625,0.5],"texture":"#2"},				"east":{"uv":[1.25,7.25,1.5,7.75],"texture":"#2"},				"south":{"uv":[6.5,0.5,7.625,1],"texture":"#2"},				"west":{"uv":[1.5,7.25,1.75,7.75],"texture":"#2"},				"up":{"uv":[8.125,3.5,7,3.25],"texture":"#2"},				"down":{"uv":[8.125,4.375,7,4.625],"texture":"#2"}			}		},		{			"from":[-0.95,16.5,6.975],			"to":[1.05,23.5,9.025],			"rotation":{"angle":0,"axis":"y","origin":[0,12,7.5]},			"faces":{				"north":{"uv":[0,7.25,0.25,8.125],"texture":"#2"},				"east":{"uv":[0.25,7.25,0.5,8.125],"texture":"#2"},				"south":{"uv":[0.5,7.25,0.75,8.125],"texture":"#2"},				"west":{"uv":[0.75,7.25,1,8.125],"texture":"#2"},				"up":{"uv":[7.625,7.375,7.375,7.125],"texture":"#2"},				"down":{"uv":[7.625,7.375,7.375,7.625],"texture":"#2"}			}		},		{			"from":[-2.62742,14.53161,6.95],			"to":[0.37258,26.53161,9.05],			"rotation":{"angle":22.5,"axis":"z","origin":[0.52258,27.35661,8]},			"faces":{				"north":{"uv":[5.5,6.375,5.875,7.875],"texture":"#2"},				"east":{"uv":[4.375,6.875,4.625,8.375],"texture":"#2"},				"south":{"uv":[6.5,1,6.875,2.5],"texture":"#2"},				"west":{"uv":[4.625,6.875,4.875,8.375],"texture":"#2"},				"up":{"uv":[7.75,6.125,7.375,5.875],"texture":"#2"},				"down":{"uv":[7.75,6.125,7.375,6.375],"texture":"#2"}			}		},		{			"from":[5.68418,25.63967,6],			"to":[10.68418,30.63967,10],			"rotation":{"angle":0,"axis":"z","origin":[11.58418,27.63967,8]},			"faces":{				"north":{"uv":[6.5,3.5,7.125,4.125],"texture":"#2"},				"east":{"uv":[4.875,6.875,5.375,7.5],"texture":"#2"},				"south":{"uv":[3.25,6.875,3.875,7.5],"texture":"#2"},				"west":{"uv":[6.875,6.625,7.375,7.25],"texture":"#2"},				"up":{"uv":[7.5,2.5,6.875,2],"texture":"#2"},				"down":{"uv":[7.625,2.5,7,3],"texture":"#2"}			}		},		{			"from":[9.60614,4.22209,7.475],			"to":[13.90614,12.22209,8.525],			"rotation":{"angle":-22.5,"axis":"z","origin":[11.90614,6.22209,8]},			"faces":{				"north":{"uv":[6.5,2.5,7,3.5],"texture":"#2"},				"east":{"uv":[1.75,7.25,1.875,8.25],"texture":"#2"},				"south":{"uv":[5.875,6.625,6.375,7.625],"texture":"#2"},				"west":{"uv":[1.875,7.25,2,8.25],"texture":"#2"},				"up":{"uv":[8,1.125,7.5,1],"texture":"#2"},				"down":{"uv":[8,1.125,7.5,1.25],"texture":"#2"}			}		},		{			"from":[2.19386,4.22209,7.475],			"to":[6.39386,12.22209,8.525],			"rotation":{"angle":22.5,"axis":"z","origin":[4.19386,6.22209,8]},			"faces":{				"north":{"uv":[6.375,6.625,6.875,7.625],"texture":"#2"},				"east":{"uv":[6.875,7.25,7,8.25],"texture":"#2"},				"south":{"uv":[6.875,1,7.375,2],"texture":"#2"},				"west":{"uv":[7,7.25,7.125,8.25],"texture":"#2"},				"up":{"uv":[8,1.375,7.5,1.25],"texture":"#2"},				"down":{"uv":[8,1.375,7.5,1.5],"texture":"#2"}			}		},		{			"from":[4.05,3,7.5],			"to":[12.05,11,8.5],			"rotation":{"angle":0,"axis":"y","origin":[0.05,11,7.5]},			"faces":{				"north":{"uv":[4,4.375,5,5.375],"texture":"#2"},				"east":{"uv":[7.125,7.25,7.25,8.25],"texture":"#2"},				"south":{"uv":[5,4.375,6,5.375],"texture":"#2"},				"west":{"uv":[7.25,7.25,7.375,8.25],"texture":"#2"},				"up":{"uv":[8.125,6.5,7.125,6.375],"texture":"#2"},				"down":{"uv":[8.125,6.5,7.125,6.625],"texture":"#2"}			}		},		{			"from":[2.36573,0.31371,7.45],			"to":[10.36573,8.31371,8.55],			"rotation":{"angle":45,"axis":"z","origin":[7.55812,6.12132,8]},			"faces":{				"north":{"uv":[4,5.375,5,6.375],"texture":"#2"},				"east":{"uv":[7.375,1,7.5,2],"texture":"#2"},				"south":{"uv":[5,5.375,6,6.375],"texture":"#2"},				"west":{"uv":[7.375,4.625,7.5,5.625],"texture":"#2"},				"up":{"uv":[8.375,3.75,7.375,3.625],"texture":"#2"},				"down":{"uv":[8.375,3.75,7.375,3.875],"texture":"#2"}			}		},		{			"from":[-4.95,-3,8],			"to":[21.05,32,8],			"rotation":{"angle":0,"axis":"y","origin":[0.05,11,7.5]},			"faces":{				"north":{"uv":[0,0,3.25,4.375],"texture":"#2"},				"east":{"uv":[0,0,0,4.375],"texture":"#2"},				"south":{"uv":[3.25,0,6.5,4.375],"texture":"#2"},				"west":{"uv":[0,0,0,4.375],"texture":"#2"},				"up":{"uv":[3.25,0,0,0],"texture":"#2"},				"down":{"uv":[3.25,0,0,0],"texture":"#2"}			}		}	],	"gui_light":"front",	"display":{		"thirdperson_righthand":{			"rotation":[0,-90,0],			"translation":[2.5,-10.25,4],			"scale":[0.75,0.75,0.75]		},		"thirdperson_lefthand":{			"rotation":[0,-90,0],			"translation":[2.5,-10.25,4],			"scale":[0.75,0.75,0.75]		},		"firstperson_righthand":{			"translation":[-2.5,-4.25,3],			"scale":[0.5,0.5,0.5]		},		"firstperson_lefthand":{			"translation":[-2.5,-4.25,3],			"scale":[0.5,0.5,0.5]		},		"ground":{			"translation":[0,2,0],			"scale":[0.4,0.4,0.4]		},		"gui":{			"rotation":[0,-180,0],			"translation":[0,-3.25,0],			"scale":[0.5,0.5,0.5]		},		"fixed":{			"translation":[0,-4,-1],			"scale":[0.6,0.6,0.6]		}	},	"groups":[		0,		1,		2,		3,		4,		5,		6,		7,		8,		9,		10,		11,		12,		{			"name":"group",			"origin":[0.05,11,7.5],			"color":0,			"children":[13]		}	]}