{
	"credit": "Made with Blockbench",
	"texture_size": [32, 32],
	"textures": {
		"8": "shield/nebula_shieldfire",
		"9": "shield/nebula_shield"
	},
	"elements": [
		{
			"from": [8, -5, -2],
			"to": [8, 15, 18],
			"rotation": {"angle": 0, "axis": "y", "origin": [0, 16, 0]},
			"faces": {
				"north": {"uv": [0, 16, 16, 0], "texture": "#8"},
				"east": {"uv": [0, 16, 16, 0], "texture": "#8"},
				"south": {"uv": [0, 16, 16, 0], "texture": "#8"},
				"west": {"uv": [16, 16, 0, 0], "texture": "#8"},
				"up": {"uv": [0, 16, 16, 0], "texture": "#8"},
				"down": {"uv": [0, 16, 16, 0], "texture": "#8"}
			}
		},
		{
			"from": [6.49975, 14.13184, 3.21545],
			"to": [9.49975, 15.13184, 7.21545],
			"rotation": {"angle": 45, "axis": "x", "origin": [8, 10.35734, 8]},
			"faces": {
				"north": {"uv": [9.5, 7.5, 11, 8], "texture": "#9"},
				"east": {"uv": [9, 6.5, 11, 7], "texture": "#9"},
				"south": {"uv": [10, 1, 11.5, 1.5], "texture": "#9"},
				"west": {"uv": [9.5, 3, 11.5, 3.5], "texture": "#9"},
				"up": {"uv": [1.5, 5, 0, 3], "texture": "#9"},
				"down": {"uv": [3, 3, 1.5, 5], "texture": "#9"}
			}
		},
		{
			"from": [6.49975, 12.13184, 6.21545],
			"to": [9.49975, 14.13184, 7.21545],
			"rotation": {"angle": 45, "axis": "x", "origin": [8, 10.35734, 8]},
			"faces": {
				"north": {"uv": [6.5, 7, 8, 8], "texture": "#9"},
				"east": {"uv": [11, 0, 11.5, 1], "texture": "#9"},
				"south": {"uv": [7.5, 0, 9, 1], "texture": "#9"},
				"west": {"uv": [1, 11, 1.5, 12], "texture": "#9"},
				"up": {"uv": [12, 2, 10.5, 1.5], "texture": "#9"},
				"down": {"uv": [12, 2, 10.5, 2.5], "texture": "#9"}
			}
		},
		{
			"from": [6.74975, 12.13184, 4.21545],
			"to": [9.24975, 14.13184, 6.21545],
			"rotation": {"angle": 45, "axis": "x", "origin": [8, 10.35734, 8]},
			"faces": {
				"north": {"uv": [7.5, 4, 9, 5], "texture": "#9"},
				"east": {"uv": [5, 2, 6, 3], "texture": "#9"},
				"south": {"uv": [7.5, 5, 9, 6], "texture": "#9"},
				"west": {"uv": [6.5, 9.5, 7.5, 10.5], "texture": "#9"},
				"up": {"uv": [9, 7, 7.5, 6], "texture": "#9"},
				"down": {"uv": [9.5, 2, 8, 3], "texture": "#9"}
			}
		},
		{
			"from": [6.49975, 11.13184, 3.21545],
			"to": [9.49975, 12.13184, 7.21545],
			"rotation": {"angle": 45, "axis": "x", "origin": [8, 10.35734, 8]},
			"faces": {
				"north": {"uv": [10, 5, 11.5, 5.5], "texture": "#9"},
				"east": {"uv": [9.5, 3.5, 11.5, 4], "texture": "#9"},
				"south": {"uv": [9.5, 10, 11, 10.5], "texture": "#9"},
				"west": {"uv": [9.5, 7, 11.5, 7.5], "texture": "#9"},
				"up": {"uv": [4.5, 5, 3, 3], "texture": "#9"},
				"down": {"uv": [6, 3, 4.5, 5], "texture": "#9"}
			}
		},
		{
			"from": [6.49975, 12.13184, 3.21545],
			"to": [9.49975, 14.13184, 4.21545],
			"rotation": {"angle": 45, "axis": "x", "origin": [8, 10.35734, 8]},
			"faces": {
				"north": {"uv": [7.5, 1, 9, 2], "texture": "#9"},
				"east": {"uv": [1.5, 11, 2, 12], "texture": "#9"},
				"south": {"uv": [4, 7.5, 5.5, 8.5], "texture": "#9"},
				"west": {"uv": [2.5, 11, 3, 12], "texture": "#9"},
				"up": {"uv": [12, 3, 10.5, 2.5], "texture": "#9"},
				"down": {"uv": [7, 10.5, 5.5, 11], "texture": "#9"}
			}
		},
		{
			"from": [7.00075, 14.97636, 9.42197],
			"to": [9.00075, 17.97636, 14.42197],
			"rotation": {"angle": -22.5, "axis": "x", "origin": [8, 13.99684, 14.5679]},
			"faces": {
				"north": {"uv": [5.5, 7.5, 6.5, 9], "texture": "#9"},
				"east": {"uv": [0, 0, 2.5, 1.5], "texture": "#9"},
				"south": {"uv": [6.5, 8, 7.5, 9.5], "texture": "#9"},
				"west": {"uv": [0, 1.5, 2.5, 3], "texture": "#9"},
				"up": {"uv": [5.5, 7.5, 4.5, 5], "texture": "#9"},
				"down": {"uv": [6.5, 5, 5.5, 7.5], "texture": "#9"}
			}
		},
		{
			"from": [6.50075, 13.02411, 11.66315],
			"to": [9.50075, 17.02411, 13.66315],
			"rotation": {"angle": 22.5, "axis": "x", "origin": [8, 13.99684, 14.5679]},
			"faces": {
				"north": {"uv": [0, 5, 1.5, 7], "texture": "#9"},
				"east": {"uv": [6.5, 0, 7.5, 2], "texture": "#9"},
				"south": {"uv": [5, 0, 6.5, 2], "texture": "#9"},
				"west": {"uv": [0, 7, 1, 9], "texture": "#9"},
				"up": {"uv": [9.5, 4, 8, 3], "texture": "#9"},
				"down": {"uv": [9.5, 7, 8, 8], "texture": "#9"}
			}
		},
		{
			"from": [7.49975, 12.67982, 12.64643],
			"to": [8.49975, 14.67982, 15.64643],
			"rotation": {"angle": 45, "axis": "x", "origin": [7.9995, 13.1539, 15.97405]},
			"faces": {
				"north": {"uv": [3, 11, 3.5, 12], "texture": "#9"},
				"east": {"uv": [7.5, 8, 9, 9], "texture": "#9"},
				"south": {"uv": [4, 11, 4.5, 12], "texture": "#9"},
				"west": {"uv": [4, 8.5, 5.5, 9.5], "texture": "#9"},
				"up": {"uv": [4, 11.5, 3.5, 10], "texture": "#9"},
				"down": {"uv": [0.5, 10.5, 0, 12], "texture": "#9"}
			}
		},
		{
			"from": [6.99975, 13.26413, 14.68856],
			"to": [8.99975, 14.26413, 17.68856],
			"rotation": {"angle": -22.5, "axis": "x", "origin": [7.9995, 13.1539, 15.97405]},
			"faces": {
				"north": {"uv": [10.5, 9.5, 11.5, 10], "texture": "#9"},
				"east": {"uv": [10.5, 5.5, 12, 6], "texture": "#9"},
				"south": {"uv": [11, 4, 12, 4.5], "texture": "#9"},
				"west": {"uv": [10.5, 6, 12, 6.5], "texture": "#9"},
				"up": {"uv": [1, 10.5, 0, 9], "texture": "#9"},
				"down": {"uv": [10, 0, 9, 1.5], "texture": "#9"}
			}
		},
		{
			"from": [7.49975, 11.26413, 15.18856],
			"to": [8.49975, 13.26413, 17.18856],
			"rotation": {"angle": -22.5, "axis": "x", "origin": [7.9995, 13.1539, 15.97405]},
			"faces": {
				"north": {"uv": [4.5, 11, 5, 12], "texture": "#9"},
				"east": {"uv": [10, 0, 11, 1], "texture": "#9"},
				"south": {"uv": [5.5, 11, 6, 12], "texture": "#9"},
				"west": {"uv": [1, 10, 2, 11], "texture": "#9"},
				"up": {"uv": [6.5, 12, 6, 11], "texture": "#9"},
				"down": {"uv": [7, 11, 6.5, 12], "texture": "#9"}
			}
		},
		{
			"from": [7.50125, 11.26432, 16.75701],
			"to": [8.49725, 12.67289, 18.16557],
			"rotation": {"angle": 22.5, "axis": "x", "origin": [7.9995, 13.1539, 15.97405]},
			"faces": {
				"north": {"uv": [6, 4.5, 6.5, 5], "texture": "#9"},
				"east": {"uv": [4, 7, 4.5, 7.5], "texture": "#9"},
				"south": {"uv": [7, 4, 7.5, 4.5], "texture": "#9"},
				"west": {"uv": [9, 1.5, 9.5, 2], "texture": "#9"},
				"up": {"uv": [12, 1.5, 11.5, 1], "texture": "#9"},
				"down": {"uv": [12, 5, 11.5, 5.5], "texture": "#9"}
			}
		},
		{
			"from": [5.83468, 8.59894, 7.5015],
			"to": [7.24466, 10.00891, 8.4985],
			"rotation": {"angle": -45, "axis": "z", "origin": [5.5, 10.6616, 8]},
			"faces": {
				"north": {"uv": [11.5, 7, 12, 7.5], "texture": "#9"},
				"east": {"uv": [8, 11.5, 8.5, 12], "texture": "#9"},
				"south": {"uv": [9.5, 11.5, 10, 12], "texture": "#9"},
				"west": {"uv": [11.5, 9.5, 12, 10], "texture": "#9"},
				"up": {"uv": [10.5, 12, 10, 11.5], "texture": "#9"},
				"down": {"uv": [12, 10.5, 11.5, 11], "texture": "#9"}
			}
		},
		{
			"from": [4.27513, 8.96642, 7.5],
			"to": [6.27513, 10.96642, 8.5],
			"rotation": {"angle": 0, "axis": "y", "origin": [5.5, 10.6616, 8]},
			"faces": {
				"north": {"uv": [2.5, 10, 3.5, 11], "texture": "#9"},
				"east": {"uv": [8.5, 11, 9, 12], "texture": "#9"},
				"south": {"uv": [10, 4, 11, 5], "texture": "#9"},
				"west": {"uv": [9, 11, 9.5, 12], "texture": "#9"},
				"up": {"uv": [10.5, 11.5, 9.5, 11], "texture": "#9"},
				"down": {"uv": [12, 10, 11, 10.5], "texture": "#9"}
			}
		},
		{
			"from": [3.77513, 10.96642, 7],
			"to": [6.77513, 11.96642, 9],
			"rotation": {"angle": 0, "axis": "y", "origin": [5.5, 10.6616, 8]},
			"faces": {
				"north": {"uv": [10.5, 8, 12, 8.5], "texture": "#9"},
				"east": {"uv": [7.5, 11, 8.5, 11.5], "texture": "#9"},
				"south": {"uv": [10.5, 8.5, 12, 9], "texture": "#9"},
				"west": {"uv": [11, 7.5, 12, 8], "texture": "#9"},
				"up": {"uv": [2.5, 10, 1, 9], "texture": "#9"},
				"down": {"uv": [4, 9, 2.5, 10], "texture": "#9"}
			}
		},
		{
			"from": [3.46133, 10.52078, 7.5005],
			"to": [5.45933, 14.51778, 8.4995],
			"rotation": {"angle": -45, "axis": "z", "origin": [5.5, 10.6616, 8]},
			"faces": {
				"north": {"uv": [1, 7, 2, 9], "texture": "#9"},
				"east": {"uv": [5, 9.5, 5.5, 11.5], "texture": "#9"},
				"south": {"uv": [2, 7, 3, 9], "texture": "#9"},
				"west": {"uv": [2, 10, 2.5, 12], "texture": "#9"},
				"up": {"uv": [12, 5, 11, 4.5], "texture": "#9"},
				"down": {"uv": [12, 6.5, 11, 7], "texture": "#9"}
			}
		},
		{
			"from": [7.00075, 14.97636, 1.57803],
			"to": [9.00075, 17.97636, 6.57803],
			"rotation": {"angle": 22.5, "axis": "x", "origin": [8, 13.99684, 1.4321]},
			"faces": {
				"north": {"uv": [9, 4, 10, 5.5], "texture": "#9"},
				"east": {"uv": [2.5, 0, 5, 1.5], "texture": "#9"},
				"south": {"uv": [5.5, 9, 6.5, 10.5], "texture": "#9"},
				"west": {"uv": [2.5, 1.5, 5, 3], "texture": "#9"},
				"up": {"uv": [7, 4.5, 6, 2], "texture": "#9"},
				"down": {"uv": [7.5, 4.5, 6.5, 7], "texture": "#9"}
			}
		},
		{
			"from": [6.50075, 13.02411, 2.33685],
			"to": [9.50075, 17.02411, 4.33685],
			"rotation": {"angle": -22.5, "axis": "x", "origin": [8, 13.99684, 1.4321]},
			"faces": {
				"north": {"uv": [1.5, 5, 3, 7], "texture": "#9"},
				"east": {"uv": [7, 2, 8, 4], "texture": "#9"},
				"south": {"uv": [3, 5, 4.5, 7], "texture": "#9"},
				"west": {"uv": [3, 7, 4, 9], "texture": "#9"},
				"up": {"uv": [10.5, 6.5, 9, 5.5], "texture": "#9"},
				"down": {"uv": [9, 9, 7.5, 10], "texture": "#9"}
			}
		},
		{
			"from": [7.49975, 12.67982, 0.35357],
			"to": [8.49975, 14.67982, 3.35357],
			"rotation": {"angle": -45, "axis": "x", "origin": [7.9995, 13.1539, 0.02595]},
			"faces": {
				"north": {"uv": [10.5, 11, 11, 12], "texture": "#9"},
				"east": {"uv": [9, 8, 10.5, 9], "texture": "#9"},
				"south": {"uv": [11, 10.5, 11.5, 11.5], "texture": "#9"},
				"west": {"uv": [9, 9, 10.5, 10], "texture": "#9"},
				"up": {"uv": [1, 12, 0.5, 10.5], "texture": "#9"},
				"down": {"uv": [7.5, 10.5, 7, 12], "texture": "#9"}
			}
		},
		{
			"from": [6.99975, 13.26413, -1.68856],
			"to": [8.99975, 14.26413, 1.31144],
			"rotation": {"angle": 22.5, "axis": "x", "origin": [7.9995, 13.1539, 0.02595]},
			"faces": {
				"north": {"uv": [11.5, 0, 12.5, 0.5], "texture": "#9"},
				"east": {"uv": [10.5, 9, 12, 9.5], "texture": "#9"},
				"south": {"uv": [11.5, 0.5, 12.5, 1], "texture": "#9"},
				"west": {"uv": [9.5, 10.5, 11, 11], "texture": "#9"},
				"up": {"uv": [10.5, 3, 9.5, 1.5], "texture": "#9"},
				"down": {"uv": [5, 9.5, 4, 11], "texture": "#9"}
			}
		},
		{
			"from": [7.49975, 11.26413, -1.18856],
			"to": [8.49975, 13.26413, 0.81144],
			"rotation": {"angle": 22.5, "axis": "x", "origin": [7.9995, 13.1539, 0.02595]},
			"faces": {
				"north": {"uv": [11.5, 3, 12, 4], "texture": "#9"},
				"east": {"uv": [7.5, 10, 8.5, 11], "texture": "#9"},
				"south": {"uv": [3.5, 11.5, 4, 12.5], "texture": "#9"},
				"west": {"uv": [8.5, 10, 9.5, 11], "texture": "#9"},
				"up": {"uv": [5.5, 12.5, 5, 11.5], "texture": "#9"},
				"down": {"uv": [8, 11.5, 7.5, 12.5], "texture": "#9"}
			}
		},
		{
			"from": [7.50125, 11.26432, -2.16557],
			"to": [8.49725, 12.67289, -0.75701],
			"rotation": {"angle": -22.5, "axis": "x", "origin": [7.9995, 13.1539, 0.02595]},
			"faces": {
				"north": {"uv": [11, 11.5, 11.5, 12], "texture": "#9"},
				"east": {"uv": [11.5, 11, 12, 11.5], "texture": "#9"},
				"south": {"uv": [11.5, 11.5, 12, 12], "texture": "#9"},
				"west": {"uv": [0, 12, 0.5, 12.5], "texture": "#9"},
				"up": {"uv": [1, 12.5, 0.5, 12], "texture": "#9"},
				"down": {"uv": [1.5, 12, 1, 12.5], "texture": "#9"}
			}
		}
	],
	"display": {
		"thirdperson_righthand": {
			"translation": [3, -3, 2]
		},
		"thirdperson_lefthand": {
			"rotation": [0, 180, 0],
			"translation": [3, -3, 2]
		},
		"firstperson_righthand": {
			"rotation": [-32.31, 86.29, 40.13],
			"translation": [-1, -1.5, 0],
			"scale": [0.8, 0.8, 0.8]
		},
		"firstperson_lefthand": {
			"rotation": [180, -86.7, 180],
			"translation": [-1, -1.5, 0],
			"scale": [0.8, 0.8, 0.8]
		},
		"ground": {
			"translation": [0, 5.5, 0],
			"scale": [0.8, 0.8, 0.8]
		},
		"gui": {
			"rotation": [0, -90, 0],
			"translation": [0, 1.75, -0.5],
			"scale": [0.8, 0.8, 0.8]
		},
		"fixed": {
			"rotation": [-90, 90, 90],
			"translation": [-0.25, 2, -0.5],
			"scale": [0.9, 0.9, 0.9]
		}
	},
	"groups": [
		0,
		1,
		2,
		3,
		4,
		5,
		{
			"name": "Pommel",
			"origin": [8.00025, 16.5, 8],
			"color": 0,
			"children": []
		},
		{
			"name": "group",
			"origin": [0, 16, 0],
			"color": 0,
			"children": []
		},
		{
			"name": "LeftGuard",
			"origin": [7.81674, 12.1995, 11.05184],
			"color": 0,
			"children": [6, 7, 8, 9, 10, 11, 12, 13, 14, 15]
		},
		{
			"name": "LeftGuard",
			"origin": [7.81674, 12.1995, 11.05184],
			"color": 0,
			"children": [16, 17, 18, 19, 20, 21]
		}
	]
}