{
	"texture_size": [64, 64],
	"textures": {
		"1": "shield/vortex_shield"
	},
	"elements": [
		{
			"name": "handle",
			"from": [7, 8, 13],
			"to": [9, 14, 19],
			"faces": {
				"north": {"uv": [4, 6, 4.5, 7.5], "texture": "#1"},
				"east": {"uv": [3, 4.5, 4.5, 6], "texture": "#1"},
				"south": {"uv": [6, 4, 6.5, 5.5], "texture": "#1"},
				"west": {"uv": [4.5, 4.5, 6, 6], "texture": "#1"},
				"up": {"uv": [5, 7.5, 4.5, 6], "texture": "#1"},
				"down": {"uv": [5.5, 6, 5, 7.5], "texture": "#1"}
			}
		},
		{
			"name": "shield",
			"from": [1.98, 3.23, 11.98],
			"to": [11.02, 12.27, 13.02],
			"rotation": {"angle": 45, "axis": "z", "origin": [8, 9.25, 12.5]},
			"faces": {
				"north": {"uv": [3, 0, 5.25, 2.25], "texture": "#1"},
				"east": {"uv": [5.75, 6, 6, 8.25], "texture": "#1"},
				"south": {"uv": [3, 2.25, 5.25, 4.5], "texture": "#1"},
				"west": {"uv": [6.25, 0.5, 6.5, 2.75], "texture": "#1"},
				"up": {"uv": [8.5, 3, 6.25, 2.75], "texture": "#1"},
				"down": {"uv": [8.5, 3, 6.25, 3.25], "texture": "#1"}
			}
		},
		{
			"name": "shield",
			"from": [2, 7, 12],
			"to": [14, 19, 13],
			"rotation": {"angle": 0, "axis": "y", "origin": [8, 13, 12.5]},
			"faces": {
				"north": {"uv": [0, 0, 3, 3], "texture": "#1"},
				"east": {"uv": [5.5, 6, 5.75, 9], "texture": "#1"},
				"south": {"uv": [0, 3, 3, 6], "texture": "#1"},
				"west": {"uv": [6, 5.5, 6.25, 8.5], "texture": "#1"},
				"up": {"uv": [9.25, 0.25, 6.25, 0], "texture": "#1"},
				"down": {"uv": [9.25, 0.25, 6.25, 0.5], "texture": "#1"}
			}
		},
		{
			"name": "shield",
			"from": [0.20066, 13.8577, 11.99],
			"to": [3.22066, 15.8777, 13.01],
			"rotation": {"angle": -45, "axis": "z", "origin": [2.71066, 14.8677, 12.51]},
			"faces": {
				"north": {"uv": [5.25, 4, 6, 4.5], "texture": "#1"},
				"east": {"uv": [7.25, 5.5, 7.5, 6], "texture": "#1"},
				"south": {"uv": [6.5, 1.25, 7.25, 1.75], "texture": "#1"},
				"west": {"uv": [7.25, 6, 7.5, 6.5], "texture": "#1"},
				"up": {"uv": [7.75, 5, 7, 4.75], "texture": "#1"},
				"down": {"uv": [7.25, 7, 6.5, 7.25], "texture": "#1"}
			}
		},
		{
			"name": "shield",
			"from": [0.99, 11.99, 11.99],
			"to": [2.01, 14.01, 13.01],
			"rotation": {"angle": 0, "axis": "y", "origin": [3.5, 13, 12.5]},
			"faces": {
				"north": {"uv": [6.5, 7.25, 6.75, 7.75], "texture": "#1"},
				"east": {"uv": [6.75, 7.25, 7, 7.75], "texture": "#1"},
				"south": {"uv": [7, 7.25, 7.25, 7.75], "texture": "#1"},
				"west": {"uv": [7.25, 7, 7.5, 7.5], "texture": "#1"},
				"up": {"uv": [7.75, 3.75, 7.5, 3.5], "texture": "#1"},
				"down": {"uv": [4.25, 7.5, 4, 7.75], "texture": "#1"}
			}
		},
		{
			"name": "shield",
			"from": [13.99, 11.99, 11.99],
			"to": [15.01, 14.01, 13.01],
			"rotation": {"angle": 0, "axis": "y", "origin": [12.5, 13, 12.5]},
			"faces": {
				"north": {"uv": [7.5, 0.5, 7.75, 1], "texture": "#1"},
				"east": {"uv": [1.25, 7.5, 1.5, 8], "texture": "#1"},
				"south": {"uv": [1.5, 7.5, 1.75, 8], "texture": "#1"},
				"west": {"uv": [7.5, 1.5, 7.75, 2], "texture": "#1"},
				"up": {"uv": [4.5, 7.75, 4.25, 7.5], "texture": "#1"},
				"down": {"uv": [4.75, 7.5, 4.5, 7.75], "texture": "#1"}
			}
		},
		{
			"name": "shield",
			"from": [12.77934, 13.8577, 11.99],
			"to": [15.79934, 15.8777, 13.01],
			"rotation": {"angle": 45, "axis": "z", "origin": [13.28934, 14.8677, 12.51]},
			"faces": {
				"north": {"uv": [6.5, 1.75, 7.25, 2.25], "texture": "#1"},
				"east": {"uv": [1.75, 7.5, 2, 8], "texture": "#1"},
				"south": {"uv": [6.5, 2.25, 7.25, 2.75], "texture": "#1"},
				"west": {"uv": [2.25, 7.5, 2.5, 8], "texture": "#1"},
				"up": {"uv": [7.75, 6.75, 7, 6.5], "texture": "#1"},
				"down": {"uv": [7.75, 6.75, 7, 7], "texture": "#1"}
			}
		},
		{
			"from": [6.999, 8.249, 10.999],
			"to": [9.001, 10.251, 12.001],
			"rotation": {"angle": 45, "axis": "z", "origin": [8, 9.25, 12.5]},
			"faces": {
				"north": {"uv": [6.5, 4, 7, 4.5], "texture": "#1"},
				"east": {"uv": [2.5, 7.5, 2.75, 8], "texture": "#1"},
				"south": {"uv": [6.5, 4.5, 7, 5], "texture": "#1"},
				"west": {"uv": [2.75, 7.5, 3, 8], "texture": "#1"},
				"up": {"uv": [7.75, 2.75, 7.25, 2.5], "texture": "#1"},
				"down": {"uv": [8, 1, 7.5, 1.25], "texture": "#1"}
			}
		},
		{
			"from": [6, 7.25, 11.5],
			"to": [10, 11.25, 12.5],
			"rotation": {"angle": 0, "axis": "y", "origin": [8, 9.25, 13]},
			"faces": {
				"north": {"uv": [5.25, 0, 6.25, 1], "texture": "#1"},
				"east": {"uv": [0, 7, 0.25, 8], "texture": "#1"},
				"south": {"uv": [5.25, 1, 6.25, 2], "texture": "#1"},
				"west": {"uv": [0.25, 7, 0.5, 8], "texture": "#1"},
				"up": {"uv": [7.5, 5.25, 6.5, 5], "texture": "#1"},
				"down": {"uv": [7.5, 5.25, 6.5, 5.5], "texture": "#1"}
			}
		},
		{
			"from": [5.999, 7.249, 11.499],
			"to": [10.001, 11.251, 12.501],
			"rotation": {"angle": 45, "axis": "z", "origin": [8, 9.25, 13]},
			"faces": {
				"north": {"uv": [5.25, 2, 6.25, 3], "texture": "#1"},
				"east": {"uv": [0.5, 7, 0.75, 8], "texture": "#1"},
				"south": {"uv": [5.25, 3, 6.25, 4], "texture": "#1"},
				"west": {"uv": [0.75, 7, 1, 8], "texture": "#1"},
				"up": {"uv": [2, 7.25, 1, 7], "texture": "#1"},
				"down": {"uv": [3, 7, 2, 7.25], "texture": "#1"}
			}
		},
		{
			"from": [6.999, 17.649, 10.999],
			"to": [9.001, 19.651, 12.001],
			"rotation": {"angle": 45, "axis": "z", "origin": [8, 18.65, 12.5]},
			"faces": {
				"north": {"uv": [3, 7, 3.5, 7.5], "texture": "#1"},
				"east": {"uv": [3, 7.5, 3.25, 8], "texture": "#1"},
				"south": {"uv": [7, 3.25, 7.5, 3.75], "texture": "#1"},
				"west": {"uv": [3.25, 7.5, 3.5, 8], "texture": "#1"},
				"up": {"uv": [8, 2.25, 7.5, 2], "texture": "#1"},
				"down": {"uv": [8, 3.25, 7.5, 3.5], "texture": "#1"}
			}
		},
		{
			"from": [6, 16.65, 11.5],
			"to": [10, 20.65, 12.5],
			"rotation": {"angle": 0, "axis": "y", "origin": [8, 18.65, 13]},
			"faces": {
				"north": {"uv": [0, 6, 1, 7], "texture": "#1"},
				"east": {"uv": [3.5, 7, 3.75, 8], "texture": "#1"},
				"south": {"uv": [1, 6, 2, 7], "texture": "#1"},
				"west": {"uv": [3.75, 7, 4, 8], "texture": "#1"},
				"up": {"uv": [8, 4, 7, 3.75], "texture": "#1"},
				"down": {"uv": [8, 4, 7, 4.25], "texture": "#1"}
			}
		},
		{
			"from": [5.999, 16.649, 11.499],
			"to": [10.001, 20.651, 12.501],
			"rotation": {"angle": 45, "axis": "z", "origin": [8, 18.65, 13]},
			"faces": {
				"north": {"uv": [2, 6, 3, 7], "texture": "#1"},
				"east": {"uv": [7, 5.5, 7.25, 6.5], "texture": "#1"},
				"south": {"uv": [3, 6, 4, 7], "texture": "#1"},
				"west": {"uv": [6.25, 7, 6.5, 8], "texture": "#1"},
				"up": {"uv": [8, 4.5, 7, 4.25], "texture": "#1"},
				"down": {"uv": [8, 4.5, 7, 4.75], "texture": "#1"}
			}
		},
		{
			"from": [2.62173, 17.499, 11.999],
			"to": [5.62373, 20.501, 13.001],
			"rotation": {"angle": 45, "axis": "z", "origin": [4.12273, 19, 13.001]},
			"faces": {
				"north": {"uv": [6.25, 3.25, 7, 4], "texture": "#1"},
				"east": {"uv": [7.25, 0.5, 7.5, 1.25], "texture": "#1"},
				"south": {"uv": [6.25, 5.5, 7, 6.25], "texture": "#1"},
				"west": {"uv": [1, 7.25, 1.25, 8], "texture": "#1"},
				"up": {"uv": [2, 7.5, 1.25, 7.25], "texture": "#1"},
				"down": {"uv": [8, 1.25, 7.25, 1.5], "texture": "#1"}
			}
		},
		{
			"from": [10.37627, 17.499, 11.999],
			"to": [13.37827, 20.501, 13.001],
			"rotation": {"angle": -45, "axis": "z", "origin": [11.87727, 19, 13.002]},
			"faces": {
				"north": {"uv": [6.25, 6.25, 7, 7], "texture": "#1"},
				"east": {"uv": [7.25, 1.5, 7.5, 2.25], "texture": "#1"},
				"south": {"uv": [6.5, 0.5, 7.25, 1.25], "texture": "#1"},
				"west": {"uv": [2, 7.25, 2.25, 8], "texture": "#1"},
				"up": {"uv": [3, 7.5, 2.25, 7.25], "texture": "#1"},
				"down": {"uv": [8, 2.25, 7.25, 2.5], "texture": "#1"}
			}
		}
	],
	"display": {
		"thirdperson_righthand": {
			"rotation": [90, -90, 90],
			"translation": [8, -5, 3]
		},
		"thirdperson_lefthand": {
			"rotation": [90, -90, 90],
			"translation": [8, -5, 3]
		},
		"firstperson_righthand": {
			"rotation": [-180, -180, -170],
			"translation": [-3.5, -4.75, -1]
		},
		"firstperson_lefthand": {
			"rotation": [-180, -180, -170],
			"translation": [-3.5, -4.75, -1]
		},
		"ground": {
			"rotation": [45, 0, 0],
			"translation": [0, 5.75, -1.5],
			"scale": [0.5, 0.5, 0.5]
		},
		"gui": {
			"rotation": [-22.25, 152.25, 30.5],
			"translation": [-3, -1.25, 0],
			"scale": [0.8, 0.8, 0.8]
		},
		"head": {
			"rotation": [90, 0, 0],
			"translation": [0, 11.75, -3]
		},
		"fixed": {
			"translation": [0, -2.25, -3.5],
			"scale": [0.9, 0.9, 0.9]
		}
	},
	"groups": [
		{
			"name": "shield",
			"origin": [0, 11, 1],
			"color": 0,
			"children": [
				0,
				1,
				2,
				3,
				4,
				5,
				6,
				{
					"name": "gems",
					"origin": [0, 11, 1],
					"color": 0,
					"children": [
						{
							"name": "gem1",
							"origin": [8, 8, 8],
							"color": 0,
							"children": [7, 8, 9]
						},
						{
							"name": "gem1",
							"origin": [8, 8, 8],
							"color": 0,
							"children": [10, 11, 12]
						}
					]
				},
				{
					"name": "spark",
					"origin": [0, 11, 1],
					"color": 0,
					"children": []
				},
				13,
				14
			]
		}
	]
}