{"textures":{"0":"modelengine:entity/pigling_mech"},"elements":[{"from":[1.0,7.0,12.0],"to":[14.0,14.0,17.0],"faces":{"east":{"uv":[12.0625,2.625,11.90625,2.84375],"tintindex":0,"rotation":0,"texture":"#0"},"south":{"uv":[11.78125,4.6875,11.375,4.90625],"tintindex":0,"rotation":0,"texture":"#0"},"north":{"uv":[9.21875,11.375,8.8125,11.59375],"tintindex":0,"rotation":0,"texture":"#0"},"west":{"uv":[2.90625,11.90625,2.75,12.125],"tintindex":0,"rotation":0,"texture":"#0"},"up":{"uv":[8.4375,2.6875,8.03125,2.84375],"tintindex":0,"rotation":0,"texture":"#0"},"down":{"uv":[11.9375,10.96875,11.53125,10.8125],"tintindex":0,"rotation":0,"texture":"#0"}}},{"from":[2.0,7.0,17.0],"to":[13.0,12.0,29.0],"faces":{"east":{"uv":[11.96875,7.5625,11.59375,7.71875],"tintindex":0,"rotation":0,"texture":"#0"},"south":{"uv":[12.0,9.3125,11.65625,9.46875],"tintindex":0,"rotation":0,"texture":"#0"},"north":{"uv":[12.03125,5.125,11.6875,5.28125],"tintindex":0,"rotation":0,"texture":"#0"},"west":{"uv":[12.0,8.40625,11.625,8.5625],"tintindex":0,"rotation":0,"texture":"#0"},"up":{"uv":[11.4375,3.34375,11.09375,3.71875],"tintindex":0,"rotation":0,"texture":"#0"},"down":{"uv":[4.34375,11.46875,4.0,11.09375],"tintindex":0,"rotation":0,"texture":"#0"}}},{"from":[5.0,7.0,8.0],"to":[10.0,12.0,12.0],"faces":{"east":{"uv":[12.0625,7.03125,11.9375,7.1875],"tintindex":0,"rotation":0,"texture":"#0"},"south":{"uv":[12.0625,10.96875,11.90625,11.125],"tintindex":0,"rotation":0,"texture":"#0"},"north":{"uv":[12.09375,2.0,11.9375,2.15625],"tintindex":0,"rotation":0,"texture":"#0"},"west":{"uv":[12.0625,7.71875,11.9375,7.875],"tintindex":0,"rotation":0,"texture":"#0"},"up":{"uv":[7.0625,2.28125,6.90625,2.40625],"tintindex":0,"rotation":0,"texture":"#0"},"down":{"uv":[10.09375,0.90625,9.9375,0.78125],"tintindex":0,"rotation":0,"texture":"#0"}}}],"display":{"gui":{"rotation":[30,225,0]}}}