{"textures":{"0":"modelengine:entity/pigling_mech"},"elements":[{"from":[7.0,8.0,6.9999995],"to":[9.0,17.0,9.0],"faces":{"east":{"uv":[9.65625,0.9375,9.59375,1.21875],"tintindex":0,"rotation":0,"texture":"#0"},"south":{"uv":[1.65625,9.1875,1.59375,9.46875],"tintindex":0,"rotation":0,"texture":"#0"},"north":{"uv":[7.0625,8.4375,7.0,8.71875],"tintindex":0,"rotation":0,"texture":"#0"},"west":{"uv":[8.5625,0.9375,8.5,1.21875],"tintindex":0,"rotation":0,"texture":"#0"},"up":{"uv":[3.09375,6.03125,3.15625,5.96875],"tintindex":0,"rotation":0,"texture":"#0"},"down":{"uv":[2.625,7.78125,2.6875,7.84375],"tintindex":0,"rotation":0,"texture":"#0"}}}],"display":{"gui":{"rotation":[30,225,0]}}}