{"textures":{"0":"modelengine:entity/piglin_mech_parts"},"elements":[{"from":[-8.0,4.8174057,4.0999985],"to":[24.0,11.182594,11.099998],"faces":{"east":{"uv":[8.53125,2.8125,8.75,3.0],"tintindex":0,"rotation":0,"texture":"#0"},"south":{"uv":[7.21875,1.4375,8.21875,1.625],"tintindex":0,"rotation":0,"texture":"#0"},"north":{"uv":[7.125,2.90625,8.125,3.09375],"tintindex":0,"rotation":0,"texture":"#0"},"west":{"uv":[8.53125,3.0,8.75,3.1875],"tintindex":0,"rotation":0,"texture":"#0"},"up":{"uv":[7.96875,5.84375,6.96875,5.625],"tintindex":0,"rotation":0,"texture":"#0"},"down":{"uv":[8.0,0.0,7.0,0.21875],"tintindex":0,"rotation":0,"texture":"#0"}},"rotation":{"origin":[8.0,8.0,9.099998],"angle":45.0,"axis":"z"}},{"from":[4.817402,-11.0,4.0999985],"to":[11.182598,27.0,11.099998],"faces":{"east":{"uv":[1.03125,6.28125,1.25,7.46875],"tintindex":0,"rotation":0,"texture":"#0"},"south":{"uv":[5.53125,6.84375,5.71875,8.03125],"tintindex":0,"rotation":0,"texture":"#0"},"north":{"uv":[5.34375,6.84375,5.53125,8.03125],"tintindex":0,"rotation":0,"texture":"#0"},"west":{"uv":[1.25,6.28125,1.46875,7.46875],"tintindex":0,"rotation":0,"texture":"#0"},"up":{"uv":[8.71875,5.28125,8.53125,5.0625],"tintindex":0,"rotation":0,"texture":"#0"},"down":{"uv":[6.84375,8.53125,6.65625,8.75],"tintindex":0,"rotation":0,"texture":"#0"}},"rotation":{"origin":[8.0,8.0,9.099998],"angle":22.5,"axis":"z"}},{"from":[-8.182598,-8.0,11.199997],"to":[24.182598,24.0,11.199997],"faces":{"south":{"uv":[2.625,3.25,3.625,4.25],"tintindex":0,"rotation":0,"texture":"#0"},"north":{"uv":[2.8125,1.0,3.8125,2.0],"tintindex":0,"rotation":0,"texture":"#0"}}},{"from":[-11.0,4.8174057,4.0999985],"to":[27.0,11.182594,11.099998],"faces":{"east":{"uv":[8.53125,0.40625,8.75,0.59375],"tintindex":0,"rotation":0,"texture":"#0"},"south":{"uv":[6.75,4.5625,7.9375,4.75],"tintindex":0,"rotation":0,"texture":"#0"},"north":{"uv":[6.75,4.375,7.9375,4.5625],"tintindex":0,"rotation":0,"texture":"#0"},"west":{"uv":[1.4375,8.53125,1.65625,8.71875],"tintindex":0,"rotation":0,"texture":"#0"},"up":{"uv":[5.40625,6.40625,4.21875,6.1875],"tintindex":0,"rotation":0,"texture":"#0"},"down":{"uv":[6.59375,6.21875,5.40625,6.4375],"tintindex":0,"rotation":0,"texture":"#0"}},"rotation":{"origin":[8.0,8.0,9.099998],"angle":22.5,"axis":"z"}},{"from":[4.817402,-11.0,4.0999985],"to":[11.182598,27.0,11.099998],"faces":{"east":{"uv":[3.375,6.15625,3.59375,7.34375],"tintindex":0,"rotation":0,"texture":"#0"},"south":{"uv":[5.15625,6.84375,5.34375,8.03125],"tintindex":0,"rotation":0,"texture":"#0"},"north":{"uv":[3.96875,6.65625,4.15625,7.84375],"tintindex":0,"rotation":0,"texture":"#0"},"west":{"uv":[0.8125,6.28125,1.03125,7.46875],"tintindex":0,"rotation":0,"texture":"#0"},"up":{"uv":[8.71875,3.40625,8.53125,3.1875],"tintindex":0,"rotation":0,"texture":"#0"},"down":{"uv":[4.34375,8.53125,4.15625,8.75],"tintindex":0,"rotation":0,"texture":"#0"}},"rotation":{"origin":[8.0,8.0,9.099998],"angle":-22.5,"axis":"z"}},{"from":[-8.0,4.8174057,4.0999985],"to":[24.0,11.182594,11.099998],"faces":{"east":{"uv":[8.40625,7.1875,8.625,7.375],"tintindex":0,"rotation":0,"texture":"#0"},"south":{"uv":[7.125,1.0,8.125,1.1875],"tintindex":0,"rotation":0,"texture":"#0"},"north":{"uv":[7.125,0.8125,8.125,1.0],"tintindex":0,"rotation":0,"texture":"#0"},"west":{"uv":[8.4375,2.625,8.65625,2.8125],"tintindex":0,"rotation":0,"texture":"#0"},"up":{"uv":[7.90625,2.3125,6.90625,2.09375],"tintindex":0,"rotation":0,"texture":"#0"},"down":{"uv":[7.90625,2.3125,6.90625,2.53125],"tintindex":0,"rotation":0,"texture":"#0"}},"rotation":{"origin":[8.0,8.0,9.099998],"angle":-45.0,"axis":"z"}},{"from":[-11.0,4.8174057,4.0999985],"to":[27.0,11.182594,11.099998],"faces":{"east":{"uv":[8.46875,0.21875,8.6875,0.40625],"tintindex":0,"rotation":0,"texture":"#0"},"south":{"uv":[6.75,4.1875,7.9375,4.375],"tintindex":0,"rotation":0,"texture":"#0"},"north":{"uv":[6.75,4.0,7.9375,4.1875],"tintindex":0,"rotation":0,"texture":"#0"},"west":{"uv":[8.46875,4.125,8.6875,4.3125],"tintindex":0,"rotation":0,"texture":"#0"},"up":{"uv":[7.21875,1.65625,6.03125,1.4375],"tintindex":0,"rotation":0,"texture":"#0"},"down":{"uv":[7.21875,1.65625,6.03125,1.875],"tintindex":0,"rotation":0,"texture":"#0"}},"rotation":{"origin":[8.0,8.0,9.099998],"angle":-22.5,"axis":"z"}},{"from":[-8.0,4.8174057,4.0999985],"to":[24.0,11.182594,11.099998],"faces":{"east":{"uv":[8.5,7.375,8.71875,7.5625],"tintindex":0,"rotation":0,"texture":"#0"},"south":{"uv":[7.125,2.71875,8.125,2.90625],"tintindex":0,"rotation":0,"texture":"#0"},"north":{"uv":[7.125,2.53125,8.125,2.71875],"tintindex":0,"rotation":0,"texture":"#0"},"west":{"uv":[8.5,8.125,8.71875,8.3125],"tintindex":0,"rotation":0,"texture":"#0"},"up":{"uv":[7.96875,5.40625,6.96875,5.1875],"tintindex":0,"rotation":0,"texture":"#0"},"down":{"uv":[7.96875,5.40625,6.96875,5.625],"tintindex":0,"rotation":0,"texture":"#0"}}},{"from":[4.817402,-8.0,4.0999985],"to":[11.182598,24.0,11.099998],"faces":{"east":{"uv":[5.71875,6.84375,5.9375,7.84375],"tintindex":0,"rotation":0,"texture":"#0"},"south":{"uv":[0.375,7.21875,0.5625,8.21875],"tintindex":0,"rotation":0,"texture":"#0"},"north":{"uv":[1.78125,7.1875,1.96875,8.1875],"tintindex":0,"rotation":0,"texture":"#0"},"west":{"uv":[5.9375,6.84375,6.15625,7.84375],"tintindex":0,"rotation":0,"texture":"#0"},"up":{"uv":[4.53125,8.75,4.34375,8.53125],"tintindex":0,"rotation":0,"texture":"#0"},"down":{"uv":[4.9375,8.53125,4.75,8.75],"tintindex":0,"rotation":0,"texture":"#0"}}}],"display":{"gui":{"rotation":[30,225,0]}}}