{"textures":{"0":"modelengine:entity/piglin_mech_parts"},"elements":[{"from":[1.6666665,-1.666667,6.6666665],"to":[2.6666665,1.0,9.333333],"faces":{"east":{"uv":[4.15625,8.28125,4.40625,8.53125],"tintindex":0,"rotation":0,"texture":"#0"},"south":{"uv":[0.8125,6.03125,0.90625,6.28125],"tintindex":0,"rotation":0,"texture":"#0"},"north":{"uv":[2.34375,4.6875,2.4375,4.9375],"tintindex":0,"rotation":0,"texture":"#0"},"west":{"uv":[4.40625,8.28125,4.65625,8.53125],"tintindex":0,"rotation":0,"texture":"#0"},"up":{"uv":[6.65625,8.84375,6.5625,8.59375],"tintindex":0,"rotation":0,"texture":"#0"},"down":{"uv":[0.34375,8.625,0.25,8.875],"tintindex":0,"rotation":0,"texture":"#0"}}},{"from":[3.0,-1.666667,14.0],"to":[5.6666665,1.0,15.0],"faces":{"east":{"uv":[0.8125,6.03125,0.90625,6.28125],"tintindex":0,"rotation":0,"texture":"#0"},"south":{"uv":[4.40625,8.28125,4.65625,8.53125],"tintindex":0,"rotation":0,"texture":"#0"},"north":{"uv":[4.15625,8.28125,4.40625,8.53125],"tintindex":0,"rotation":0,"texture":"#0"},"west":{"uv":[2.34375,4.6875,2.4375,4.9375],"tintindex":0,"rotation":0,"texture":"#0"},"up":{"uv":[7.90625,1.875,7.65625,1.78125],"tintindex":0,"rotation":0,"texture":"#0"},"down":{"uv":[8.46875,2.125,8.21875,2.21875],"tintindex":0,"rotation":0,"texture":"#0"}}},{"from":[11.0,-13.0,5.6666665],"to":[14.666667,-5.0,11.0],"faces":{"east":{"uv":[1.0625,2.375,1.5625,3.125],"tintindex":0,"rotation":0,"texture":"#0"},"south":{"uv":[1.46875,6.28125,1.8125,7.03125],"tintindex":0,"rotation":0,"texture":"#0"},"north":{"uv":[6.25,5.1875,6.59375,5.9375],"tintindex":0,"rotation":0,"texture":"#0"},"west":{"uv":[0.0,5.125,0.5,5.875],"tintindex":0,"rotation":0,"texture":"#0"},"up":{"uv":[7.78125,6.65625,7.4375,6.15625],"tintindex":0,"rotation":0,"texture":"#0"},"down":{"uv":[7.90625,7.40625,7.5625,7.90625],"tintindex":0,"rotation":0,"texture":"#0"}}},{"from":[14.0,-1.666667,6.6666665],"to":[15.0,1.0,9.333333],"faces":{"east":{"uv":[4.40625,8.28125,4.65625,8.53125],"tintindex":0,"rotation":0,"texture":"#0"},"south":{"uv":[2.34375,4.6875,2.4375,4.9375],"tintindex":0,"rotation":0,"texture":"#0"},"north":{"uv":[0.8125,6.03125,0.90625,6.28125],"tintindex":0,"rotation":0,"texture":"#0"},"west":{"uv":[4.15625,8.28125,4.40625,8.53125],"tintindex":0,"rotation":0,"texture":"#0"},"up":{"uv":[6.65625,8.84375,6.5625,8.59375],"tintindex":0,"rotation":0,"texture":"#0"},"down":{"uv":[0.34375,8.625,0.25,8.875],"tintindex":0,"rotation":0,"texture":"#0"}}},{"from":[14.0,-1.666667,10.666667],"to":[15.0,1.0,13.333334],"faces":{"east":{"uv":[4.40625,8.28125,4.65625,8.53125],"tintindex":0,"rotation":0,"texture":"#0"},"south":{"uv":[2.34375,4.6875,2.4375,4.9375],"tintindex":0,"rotation":0,"texture":"#0"},"north":{"uv":[0.8125,6.03125,0.90625,6.28125],"tintindex":0,"rotation":0,"texture":"#0"},"west":{"uv":[4.15625,8.28125,4.40625,8.53125],"tintindex":0,"rotation":0,"texture":"#0"},"up":{"uv":[6.65625,8.84375,6.5625,8.59375],"tintindex":0,"rotation":0,"texture":"#0"},"down":{"uv":[0.34375,8.625,0.25,8.875],"tintindex":0,"rotation":0,"texture":"#0"}}},{"from":[1.6666665,-1.666667,2.6666665],"to":[2.6666665,1.0,5.333333],"faces":{"east":{"uv":[4.15625,8.28125,4.40625,8.53125],"tintindex":0,"rotation":0,"texture":"#0"},"south":{"uv":[0.8125,6.03125,0.90625,6.28125],"tintindex":0,"rotation":0,"texture":"#0"},"north":{"uv":[2.34375,4.6875,2.4375,4.9375],"tintindex":0,"rotation":0,"texture":"#0"},"west":{"uv":[4.40625,8.28125,4.65625,8.53125],"tintindex":0,"rotation":0,"texture":"#0"},"up":{"uv":[6.65625,8.84375,6.5625,8.59375],"tintindex":0,"rotation":0,"texture":"#0"},"down":{"uv":[0.34375,8.625,0.25,8.875],"tintindex":0,"rotation":0,"texture":"#0"}}},{"from":[11.0,-1.666667,14.0],"to":[13.666667,1.0,15.0],"faces":{"east":{"uv":[0.8125,6.03125,0.90625,6.28125],"tintindex":0,"rotation":0,"texture":"#0"},"south":{"uv":[4.40625,8.28125,4.65625,8.53125],"tintindex":0,"rotation":0,"texture":"#0"},"north":{"uv":[4.15625,8.28125,4.40625,8.53125],"tintindex":0,"rotation":0,"texture":"#0"},"west":{"uv":[2.34375,4.6875,2.4375,4.9375],"tintindex":0,"rotation":0,"texture":"#0"},"up":{"uv":[7.90625,1.875,7.65625,1.78125],"tintindex":0,"rotation":0,"texture":"#0"},"down":{"uv":[8.46875,2.125,8.21875,2.21875],"tintindex":0,"rotation":0,"texture":"#0"}}},{"from":[7.0,-1.666667,14.0],"to":[9.666667,1.0,15.0],"faces":{"east":{"uv":[0.8125,6.03125,0.90625,6.28125],"tintindex":0,"rotation":0,"texture":"#0"},"south":{"uv":[4.40625,8.28125,4.65625,8.53125],"tintindex":0,"rotation":0,"texture":"#0"},"north":{"uv":[4.15625,8.28125,4.40625,8.53125],"tintindex":0,"rotation":0,"texture":"#0"},"west":{"uv":[2.34375,4.6875,2.4375,4.9375],"tintindex":0,"rotation":0,"texture":"#0"},"up":{"uv":[7.90625,1.875,7.65625,1.78125],"tintindex":0,"rotation":0,"texture":"#0"},"down":{"uv":[8.46875,2.125,8.21875,2.21875],"tintindex":0,"rotation":0,"texture":"#0"}}},{"from":[1.6666665,-1.666667,10.666667],"to":[2.6666665,1.0,13.333334],"faces":{"east":{"uv":[4.15625,8.28125,4.40625,8.53125],"tintindex":0,"rotation":0,"texture":"#0"},"south":{"uv":[0.8125,6.03125,0.90625,6.28125],"tintindex":0,"rotation":0,"texture":"#0"},"north":{"uv":[2.34375,4.6875,2.4375,4.9375],"tintindex":0,"rotation":0,"texture":"#0"},"west":{"uv":[4.40625,8.28125,4.65625,8.53125],"tintindex":0,"rotation":0,"texture":"#0"},"up":{"uv":[6.65625,8.84375,6.5625,8.59375],"tintindex":0,"rotation":0,"texture":"#0"},"down":{"uv":[0.34375,8.625,0.25,8.875],"tintindex":0,"rotation":0,"texture":"#0"}}},{"from":[11.0,-1.666667,1.0],"to":[13.666667,1.0,2.0],"faces":{"east":{"uv":[8.65625,5.4375,8.75,5.6875],"tintindex":0,"rotation":0,"texture":"#0"},"south":{"uv":[8.28125,7.65625,8.53125,7.90625],"tintindex":0,"rotation":0,"texture":"#0"},"north":{"uv":[7.5625,8.28125,7.8125,8.53125],"tintindex":0,"rotation":0,"texture":"#0"},"west":{"uv":[8.65625,5.6875,8.75,5.9375],"tintindex":0,"rotation":0,"texture":"#0"},"up":{"uv":[8.8125,5.0625,8.5625,4.96875],"tintindex":0,"rotation":0,"texture":"#0"},"down":{"uv":[8.875,6.71875,8.625,6.8125],"tintindex":0,"rotation":0,"texture":"#0"}}},{"from":[1.6666665,-1.666667,2.6666665],"to":[2.6666665,1.0,5.333333],"faces":{"east":{"uv":[4.15625,8.28125,4.40625,8.53125],"tintindex":0,"rotation":0,"texture":"#0"},"south":{"uv":[0.8125,6.03125,0.90625,6.28125],"tintindex":0,"rotation":0,"texture":"#0"},"north":{"uv":[2.34375,4.6875,2.4375,4.9375],"tintindex":0,"rotation":0,"texture":"#0"},"west":{"uv":[4.40625,8.28125,4.65625,8.53125],"tintindex":0,"rotation":0,"texture":"#0"},"up":{"uv":[6.65625,8.84375,6.5625,8.59375],"tintindex":0,"rotation":0,"texture":"#0"},"down":{"uv":[0.34375,8.625,0.25,8.875],"tintindex":0,"rotation":0,"texture":"#0"}}},{"from":[14.0,-1.666667,2.6666665],"to":[15.0,1.0,5.333333],"faces":{"east":{"uv":[4.40625,8.28125,4.65625,8.53125],"tintindex":0,"rotation":0,"texture":"#0"},"south":{"uv":[2.34375,4.6875,2.4375,4.9375],"tintindex":0,"rotation":0,"texture":"#0"},"north":{"uv":[0.8125,6.03125,0.90625,6.28125],"tintindex":0,"rotation":0,"texture":"#0"},"west":{"uv":[4.15625,8.28125,4.40625,8.53125],"tintindex":0,"rotation":0,"texture":"#0"},"up":{"uv":[6.65625,8.84375,6.5625,8.59375],"tintindex":0,"rotation":0,"texture":"#0"},"down":{"uv":[0.34375,8.625,0.25,8.875],"tintindex":0,"rotation":0,"texture":"#0"}}},{"from":[6.333333,2.0,6.0],"to":[10.333334,8.0,9.666667],"faces":{"east":{"uv":[7.0625,6.84375,7.40625,7.40625],"tintindex":0,"rotation":0,"texture":"#0"},"south":{"uv":[7.0625,6.125,7.4375,6.6875],"tintindex":0,"rotation":0,"texture":"#0"},"north":{"uv":[4.78125,7.03125,5.15625,7.59375],"tintindex":0,"rotation":0,"texture":"#0"},"west":{"uv":[7.0625,6.84375,7.40625,7.40625],"tintindex":0,"rotation":0,"texture":"#0"},"up":{"uv":[8.28125,8.125,7.90625,7.78125],"tintindex":0,"rotation":0,"texture":"#0"},"down":{"uv":[8.3125,4.0,7.9375,4.34375],"tintindex":0,"rotation":0,"texture":"#0"}}},{"from":[2.0,-13.0,5.6666665],"to":[5.6666665,-5.0,11.0],"faces":{"east":{"uv":[2.375,5.15625,2.875,5.90625],"tintindex":0,"rotation":0,"texture":"#0"},"south":{"uv":[6.25,5.1875,6.59375,5.9375],"tintindex":0,"rotation":0,"texture":"#0"},"north":{"uv":[1.46875,6.28125,1.8125,7.03125],"tintindex":0,"rotation":0,"texture":"#0"},"west":{"uv":[2.875,5.15625,3.375,5.90625],"tintindex":0,"rotation":0,"texture":"#0"},"up":{"uv":[5.0625,8.09375,4.71875,7.59375],"tintindex":0,"rotation":0,"texture":"#0"},"down":{"uv":[7.96875,3.09375,7.625,3.59375],"tintindex":0,"rotation":0,"texture":"#0"}}},{"from":[2.6666665,-8.666668,2.0],"to":[14.0,2.0,14.0],"faces":{"east":{"uv":[2.625,2.25,3.75,3.25],"tintindex":0,"rotation":0,"texture":"#0"},"south":{"uv":[2.8125,0.0,3.875,1.0],"tintindex":0,"rotation":0,"texture":"#0"},"north":{"uv":[2.8125,0.0,3.875,1.0],"tintindex":0,"rotation":0,"texture":"#0"},"west":{"uv":[2.625,2.25,3.75,3.25],"tintindex":0,"rotation":0,"texture":"#0"},"up":{"uv":[2.625,3.375,1.5625,2.25],"tintindex":0,"rotation":0,"texture":"#0"},"down":{"uv":[1.0625,2.375,0.0,3.5],"tintindex":0,"rotation":0,"texture":"#0"}}},{"from":[7.0,-1.666667,1.0],"to":[9.666667,1.0,2.0],"faces":{"east":{"uv":[8.65625,5.4375,8.75,5.6875],"tintindex":0,"rotation":0,"texture":"#0"},"south":{"uv":[8.28125,7.65625,8.53125,7.90625],"tintindex":0,"rotation":0,"texture":"#0"},"north":{"uv":[7.5625,8.28125,7.8125,8.53125],"tintindex":0,"rotation":0,"texture":"#0"},"west":{"uv":[8.65625,5.6875,8.75,5.9375],"tintindex":0,"rotation":0,"texture":"#0"},"up":{"uv":[8.8125,5.0625,8.5625,4.96875],"tintindex":0,"rotation":0,"texture":"#0"},"down":{"uv":[8.875,6.71875,8.625,6.8125],"tintindex":0,"rotation":0,"texture":"#0"}}},{"from":[3.0,-1.666667,1.0],"to":[5.6666665,1.0,2.0],"faces":{"east":{"uv":[8.65625,5.4375,8.75,5.6875],"tintindex":0,"rotation":0,"texture":"#0"},"south":{"uv":[8.28125,7.65625,8.53125,7.90625],"tintindex":0,"rotation":0,"texture":"#0"},"north":{"uv":[7.5625,8.28125,7.8125,8.53125],"tintindex":0,"rotation":0,"texture":"#0"},"west":{"uv":[8.65625,5.6875,8.75,5.9375],"tintindex":0,"rotation":0,"texture":"#0"},"up":{"uv":[8.8125,5.0625,8.5625,4.96875],"tintindex":0,"rotation":0,"texture":"#0"},"down":{"uv":[8.875,6.71875,8.625,6.8125],"tintindex":0,"rotation":0,"texture":"#0"}}},{"from":[1.6666665,-1.666667,6.6666665],"to":[2.6666665,1.0,9.333333],"faces":{"east":{"uv":[4.15625,8.28125,4.40625,8.53125],"tintindex":0,"rotation":0,"texture":"#0"},"south":{"uv":[0.8125,6.03125,0.90625,6.28125],"tintindex":0,"rotation":0,"texture":"#0"},"north":{"uv":[2.34375,4.6875,2.4375,4.9375],"tintindex":0,"rotation":0,"texture":"#0"},"west":{"uv":[4.40625,8.28125,4.65625,8.53125],"tintindex":0,"rotation":0,"texture":"#0"},"up":{"uv":[6.65625,8.84375,6.5625,8.59375],"tintindex":0,"rotation":0,"texture":"#0"},"down":{"uv":[0.34375,8.625,0.25,8.875],"tintindex":0,"rotation":0,"texture":"#0"}}},{"from":[1.6666665,-1.666667,10.666667],"to":[2.6666665,1.0,13.333334],"faces":{"east":{"uv":[4.15625,8.28125,4.40625,8.53125],"tintindex":0,"rotation":0,"texture":"#0"},"south":{"uv":[0.8125,6.03125,0.90625,6.28125],"tintindex":0,"rotation":0,"texture":"#0"},"north":{"uv":[2.34375,4.6875,2.4375,4.9375],"tintindex":0,"rotation":0,"texture":"#0"},"west":{"uv":[4.40625,8.28125,4.65625,8.53125],"tintindex":0,"rotation":0,"texture":"#0"},"up":{"uv":[6.65625,8.84375,6.5625,8.59375],"tintindex":0,"rotation":0,"texture":"#0"},"down":{"uv":[0.34375,8.625,0.25,8.875],"tintindex":0,"rotation":0,"texture":"#0"}}}],"display":{"gui":{"rotation":[30,225,0]}}}