{"textures":{"0":"modelengine:entity/piglin_mech_parts"},"elements":[{"from":[4.0,-1.0,6.0],"to":[8.0,10.0,10.0],"faces":{"east":{"uv":[8.34375,8.46875,8.46875,8.8125],"tintindex":0,"rotation":0,"texture":"#0"},"south":{"uv":[8.46875,8.46875,8.59375,8.8125],"tintindex":0,"rotation":0,"texture":"#0"},"north":{"uv":[8.46875,6.15625,8.59375,6.5],"tintindex":0,"rotation":0,"texture":"#0"},"west":{"uv":[8.5,6.5,8.625,6.84375],"tintindex":0,"rotation":0,"texture":"#0"},"up":{"uv":[8.8125,6.3125,8.6875,6.1875],"tintindex":0,"rotation":0,"texture":"#0"},"down":{"uv":[0.125,8.71875,0.0,8.84375],"tintindex":0,"rotation":0,"texture":"#0"}}}],"display":{"gui":{"rotation":[30,225,0]}}}