{"textures":{"0":"modelengine:entity/piglin_mech_parts"},"elements":[{"from":[10.25,11.3125,9.8125],"to":[13.5,18.5625,12.0625],"faces":{"east":{"uv":[1.8125,6.28125,2.09375,7.1875],"tintindex":0,"rotation":0,"texture":"#0"},"south":{"uv":[3.375,5.25,3.78125,6.15625],"tintindex":0,"rotation":0,"texture":"#0"},"north":{"uv":[0.5,5.125,0.90625,6.03125],"tintindex":0,"rotation":0,"texture":"#0"},"west":{"uv":[6.34375,0.0,6.625,0.90625],"tintindex":0,"rotation":0,"texture":"#0"},"up":{"uv":[2.34375,4.96875,1.9375,4.6875],"tintindex":0,"rotation":0,"texture":"#0"},"down":{"uv":[8.375,3.09375,7.96875,3.375],"tintindex":0,"rotation":0,"texture":"#0"}}},{"from":[8.0,17.0625,12.0625],"to":[11.0,20.0625,13.3125],"faces":{"east":{"uv":[8.3125,3.9375,8.46875,4.3125],"tintindex":0,"rotation":0,"texture":"#0"},"south":{"uv":[2.65625,7.875,3.03125,8.25],"tintindex":0,"rotation":0,"texture":"#0"},"north":{"uv":[2.28125,7.875,2.65625,8.25],"tintindex":0,"rotation":0,"texture":"#0"},"west":{"uv":[0.46875,8.34375,0.625,8.71875],"tintindex":0,"rotation":0,"texture":"#0"},"up":{"uv":[5.1875,1.5625,4.8125,1.40625],"tintindex":0,"rotation":0,"texture":"#0"},"down":{"uv":[0.9375,4.96875,0.5625,5.125],"tintindex":0,"rotation":0,"texture":"#0"}}},{"from":[9.0,26.0625,7.5625],"to":[10.0,27.0625,10.5625],"faces":{"east":{"uv":[5.96875,0.78125,6.34375,0.90625],"tintindex":0,"rotation":0,"texture":"#0"},"south":{"uv":[6.15625,6.84375,6.28125,6.96875],"tintindex":0,"rotation":0,"texture":"#0"},"north":{"uv":[0.375,5.875,0.5,6.0],"tintindex":0,"rotation":0,"texture":"#0"},"west":{"uv":[8.15625,0.46875,8.53125,0.59375],"tintindex":0,"rotation":0,"texture":"#0"},"up":{"uv":[5.4375,8.75,5.3125,8.375],"tintindex":0,"rotation":0,"texture":"#0"},"down":{"uv":[5.5625,8.375,5.4375,8.75],"tintindex":0,"rotation":0,"texture":"#0"}}},{"from":[1.75,11.3125,9.0625],"to":[4.25,12.0625,12.8125],"faces":{"east":{"uv":[5.75,5.1875,6.21875,5.28125],"tintindex":0,"rotation":0,"texture":"#0"},"south":{"uv":[7.625,3.59375,7.9375,3.6875],"tintindex":0,"rotation":0,"texture":"#0"},"north":{"uv":[6.6875,7.3125,7.0,7.40625],"tintindex":0,"rotation":0,"texture":"#0"},"west":{"uv":[6.4375,2.4375,6.90625,2.53125],"tintindex":0,"rotation":0,"texture":"#0"},"up":{"uv":[6.03125,8.3125,5.71875,7.84375],"tintindex":0,"rotation":0,"texture":"#0"},"down":{"uv":[2.28125,7.875,1.96875,8.34375],"tintindex":0,"rotation":0,"texture":"#0"}}},{"from":[4.5,21.93122,6.909772],"to":[5.0,23.18122,8.159772],"faces":{"east":{"uv":[8.03125,8.625,8.1875,8.78125],"tintindex":0,"rotation":0,"texture":"#0"},"south":{"uv":[4.15625,7.09375,4.21875,7.25],"tintindex":0,"rotation":0,"texture":"#0"},"north":{"uv":[0.75,7.0625,0.8125,7.21875],"tintindex":0,"rotation":0,"texture":"#0"},"west":{"uv":[8.65625,1.59375,8.8125,1.75],"tintindex":0,"rotation":0,"texture":"#0"},"up":{"uv":[0.375,7.40625,0.3125,7.25],"tintindex":0,"rotation":0,"texture":"#0"},"down":{"uv":[3.96875,7.25,3.90625,7.40625],"tintindex":0,"rotation":0,"texture":"#0"}}},{"from":[2.75,18.5625,3.0625],"to":[12.75,19.8125,12.0625],"faces":{"east":{"uv":[7.21875,1.625,8.34375,1.78125],"tintindex":0,"rotation":0,"texture":"#0"},"south":{"uv":[7.0625,6.6875,8.3125,6.84375],"tintindex":0,"rotation":0,"texture":"#0"},"north":{"uv":[6.375,3.15625,7.625,3.3125],"tintindex":0,"rotation":0,"texture":"#0"},"west":{"uv":[7.3125,4.96875,8.4375,5.125],"tintindex":0,"rotation":0,"texture":"#0"},"up":{"uv":[2.8125,1.125,1.5625,0.0],"tintindex":0,"rotation":0,"texture":"#0"},"down":{"uv":[2.8125,1.125,1.5625,2.25],"tintindex":0,"rotation":0,"texture":"#0"}}},{"from":[6.75,6.3125,2.5],"to":[9.75,11.3125,2.5],"faces":{"south":{"uv":[4.78125,6.40625,5.15625,7.03125],"tintindex":0,"rotation":0,"texture":"#0"},"north":{"uv":[6.375,4.0,6.75,4.625],"tintindex":0,"rotation":0,"texture":"#0"}}},{"from":[7.5,15.8125,12.0625],"to":[8.5,19.8125,12.8125],"faces":{"east":{"uv":[4.0625,8.34375,4.15625,8.84375],"tintindex":0,"rotation":0,"texture":"#0"},"south":{"uv":[7.4375,8.25,7.5625,8.75],"tintindex":0,"rotation":0,"texture":"#0"},"north":{"uv":[7.3125,8.25,7.4375,8.75],"tintindex":0,"rotation":0,"texture":"#0"},"west":{"uv":[8.375,6.15625,8.46875,6.65625],"tintindex":0,"rotation":0,"texture":"#0"},"up":{"uv":[2.5625,4.25,2.4375,4.15625],"tintindex":0,"rotation":0,"texture":"#0"},"down":{"uv":[3.5,5.15625,3.375,5.25],"tintindex":0,"rotation":0,"texture":"#0"}}},{"from":[5.0,19.8125,3.5625],"to":[6.0,23.5625,8.5625],"faces":{"east":{"uv":[2.125,5.90625,2.75,6.375],"tintindex":0,"rotation":0,"texture":"#0"},"south":{"uv":[5.84375,8.3125,5.96875,8.78125],"tintindex":0,"rotation":0,"texture":"#0"},"north":{"uv":[5.71875,8.3125,5.84375,8.78125],"tintindex":0,"rotation":0,"texture":"#0"},"west":{"uv":[2.75,5.90625,3.375,6.375],"tintindex":0,"rotation":0,"texture":"#0"},"up":{"uv":[7.125,8.71875,7.0,8.09375],"tintindex":0,"rotation":0,"texture":"#0"},"down":{"uv":[8.03125,8.125,7.90625,8.75],"tintindex":0,"rotation":0,"texture":"#0"}}},{"from":[11.0,21.93122,3.909772],"to":[11.5,23.18122,5.159772],"faces":{"east":{"uv":[5.1875,1.40625,5.34375,1.5625],"tintindex":0,"rotation":0,"texture":"#0"},"south":{"uv":[2.5625,4.0,2.625,4.15625],"tintindex":0,"rotation":0,"texture":"#0"},"north":{"uv":[3.6875,2.0,3.75,2.15625],"tintindex":0,"rotation":0,"texture":"#0"},"west":{"uv":[8.625,6.40625,8.78125,6.5625],"tintindex":0,"rotation":0,"texture":"#0"},"up":{"uv":[4.625,0.9375,4.5625,0.78125],"tintindex":0,"rotation":0,"texture":"#0"},"down":{"uv":[2.4375,4.9375,2.375,5.09375],"tintindex":0,"rotation":0,"texture":"#0"}},"rotation":{"origin":[11.5,22.55622,4.534772],"angle":45.0,"axis":"x"}},{"from":[4.25,11.3125,12.0625],"to":[5.25,14.5625,12.8125],"faces":{"east":{"uv":[3.8125,8.5625,3.90625,8.96875],"tintindex":0,"rotation":0,"texture":"#0"},"south":{"uv":[1.3125,8.375,1.4375,8.78125],"tintindex":0,"rotation":0,"texture":"#0"},"north":{"uv":[1.1875,8.375,1.3125,8.78125],"tintindex":0,"rotation":0,"texture":"#0"},"west":{"uv":[3.90625,8.5625,4.0,8.96875],"tintindex":0,"rotation":0,"texture":"#0"},"up":{"uv":[7.0625,8.8125,6.9375,8.71875],"tintindex":0,"rotation":0,"texture":"#0"},"down":{"uv":[8.84375,6.96875,8.71875,7.0625],"tintindex":0,"rotation":0,"texture":"#0"}}},{"from":[5.0,19.3125,1.5625],"to":[6.0,20.3125,2.0625],"faces":{"east":{"uv":[0.3125,7.71875,0.375,7.84375],"tintindex":0,"rotation":0,"texture":"#0"},"south":{"uv":[8.6875,3.65625,8.8125,3.78125],"tintindex":0,"rotation":0,"texture":"#0"},"north":{"uv":[8.6875,3.53125,8.8125,3.65625],"tintindex":0,"rotation":0,"texture":"#0"},"west":{"uv":[4.65625,7.75,4.71875,7.875],"tintindex":0,"rotation":0,"texture":"#0"},"up":{"uv":[6.71875,5.84375,6.59375,5.78125],"tintindex":0,"rotation":0,"texture":"#0"},"down":{"uv":[6.84375,5.78125,6.71875,5.84375],"tintindex":0,"rotation":0,"texture":"#0"}},"rotation":{"origin":[5.5,19.8125,1.8125],"angle":45.0,"axis":"z"}},{"from":[10.25,16.5625,5.0625],"to":[12.75,18.5625,9.8125],"faces":{"east":{"uv":[7.5625,1.1875,8.15625,1.4375],"tintindex":0,"rotation":0,"texture":"#0"},"south":{"uv":[8.03125,8.125,8.34375,8.375],"tintindex":0,"rotation":0,"texture":"#0"},"north":{"uv":[8.125,2.625,8.4375,2.875],"tintindex":0,"rotation":0,"texture":"#0"},"west":{"uv":[7.78125,6.15625,8.375,6.40625],"tintindex":0,"rotation":0,"texture":"#0"},"up":{"uv":[2.28125,7.875,1.96875,7.28125],"tintindex":0,"rotation":0,"texture":"#0"},"down":{"uv":[2.59375,7.28125,2.28125,7.875],"tintindex":0,"rotation":0,"texture":"#0"}}},{"from":[10.0,19.3125,1.5625],"to":[11.0,20.3125,2.0625],"faces":{"east":{"uv":[4.71875,7.46875,4.78125,7.59375],"tintindex":0,"rotation":0,"texture":"#0"},"south":{"uv":[8.6875,3.40625,8.8125,3.53125],"tintindex":0,"rotation":0,"texture":"#0"},"north":{"uv":[8.6875,2.0,8.8125,2.125],"tintindex":0,"rotation":0,"texture":"#0"},"west":{"uv":[4.65625,7.625,4.71875,7.75],"tintindex":0,"rotation":0,"texture":"#0"},"up":{"uv":[4.6875,2.0,4.5625,1.9375],"tintindex":0,"rotation":0,"texture":"#0"},"down":{"uv":[4.8125,1.9375,4.6875,2.0],"tintindex":0,"rotation":0,"texture":"#0"}},"rotation":{"origin":[10.5,19.8125,1.8125],"angle":-45.0,"axis":"z"}},{"from":[2.5,5.0625,2.5],"to":[5.5,11.3125,2.5],"faces":{"south":{"uv":[6.0,2.53125,6.375,3.3125],"tintindex":0,"rotation":0,"texture":"#0"},"north":{"uv":[5.96875,0.0,6.34375,0.78125],"tintindex":0,"rotation":0,"texture":"#0"}}},{"from":[9.25,19.8125,12.0625],"to":[12.5,24.3125,12.0625],"faces":{"south":{"uv":[6.5,1.875,6.90625,2.4375],"tintindex":0,"rotation":0,"texture":"#0"},"north":{"uv":[6.28125,6.4375,6.6875,7.0],"tintindex":0,"rotation":0,"texture":"#0"}}},{"from":[10.25,11.3125,3.0625],"to":[13.5,18.5625,5.3125],"faces":{"east":{"uv":[4.21875,6.40625,4.5,7.3125],"tintindex":0,"rotation":0,"texture":"#0"},"south":{"uv":[5.5625,0.0,5.96875,0.90625],"tintindex":0,"rotation":0,"texture":"#0"},"north":{"uv":[1.71875,5.375,2.125,6.28125],"tintindex":0,"rotation":0,"texture":"#0"},"west":{"uv":[4.5,6.40625,4.78125,7.3125],"tintindex":0,"rotation":0,"texture":"#0"},"up":{"uv":[8.40625,3.9375,8.0,3.65625],"tintindex":0,"rotation":0,"texture":"#0"},"down":{"uv":[8.40625,5.6875,8.0,5.96875],"tintindex":0,"rotation":0,"texture":"#0"}}},{"from":[12.5,19.8125,3.0625],"to":[12.5,24.3125,12.0625],"faces":{"east":{"uv":[3.625,3.25,4.75,3.8125],"tintindex":0,"rotation":0,"texture":"#0"},"west":{"uv":[3.75,2.0,4.875,2.5625],"tintindex":0,"rotation":0,"texture":"#0"}}},{"from":[7.75,8.8125,11.3125],"to":[8.5,13.5625,14.3125],"faces":{"east":{"uv":[6.59375,5.1875,6.96875,5.78125],"tintindex":0,"rotation":0,"texture":"#0"},"south":{"uv":[7.8125,8.28125,7.90625,8.875],"tintindex":0,"rotation":0,"texture":"#0"},"north":{"uv":[3.46875,8.25,3.5625,8.84375],"tintindex":0,"rotation":0,"texture":"#0"},"west":{"uv":[6.625,0.0,7.0,0.59375],"tintindex":0,"rotation":0,"texture":"#0"},"up":{"uv":[7.625,3.6875,7.53125,3.3125],"tintindex":0,"rotation":0,"texture":"#0"},"down":{"uv":[5.15625,8.5625,5.0625,8.9375],"tintindex":0,"rotation":0,"texture":"#0"}}},{"from":[11.0,20.0625,5.0625],"to":[11.25,21.0625,7.3125],"faces":{"east":{"uv":[5.75,1.25,6.03125,1.375],"tintindex":0,"rotation":0,"texture":"#0"},"south":{"uv":[3.5625,7.625,3.59375,7.75],"tintindex":0,"rotation":0,"texture":"#0"},"north":{"uv":[3.9375,7.5625,3.96875,7.6875],"tintindex":0,"rotation":0,"texture":"#0"},"west":{"uv":[8.46875,1.46875,8.75,1.59375],"tintindex":0,"rotation":0,"texture":"#0"},"up":{"uv":[4.75,5.84375,4.71875,5.5625],"tintindex":0,"rotation":0,"texture":"#0"},"down":{"uv":[4.75,5.84375,4.71875,6.125],"tintindex":0,"rotation":0,"texture":"#0"}}},{"from":[5.25,15.3125,1.5625],"to":[10.75,18.8125,3.0625],"faces":{"east":{"uv":[4.75,8.09375,4.9375,8.53125],"tintindex":0,"rotation":0,"texture":"#0"},"south":{"uv":[5.8125,1.90625,6.5,2.34375],"tintindex":0,"rotation":0,"texture":"#0"},"north":{"uv":[5.5625,5.78125,6.25,6.21875],"tintindex":0,"rotation":0,"texture":"#0"},"west":{"uv":[6.6875,8.09375,6.875,8.53125],"tintindex":0,"rotation":0,"texture":"#0"},"up":{"uv":[4.5625,0.96875,3.875,0.78125],"tintindex":0,"rotation":0,"texture":"#0"},"down":{"uv":[8.40625,7.21875,7.71875,7.40625],"tintindex":0,"rotation":0,"texture":"#0"}}},{"from":[10.0,19.8125,3.5625],"to":[11.0,23.5625,8.5625],"faces":{"east":{"uv":[2.125,5.90625,2.75,6.375],"tintindex":0,"rotation":0,"texture":"#0"},"south":{"uv":[3.15625,8.3125,3.28125,8.78125],"tintindex":0,"rotation":0,"texture":"#0"},"north":{"uv":[3.03125,8.3125,3.15625,8.78125],"tintindex":0,"rotation":0,"texture":"#0"},"west":{"uv":[2.75,5.90625,3.375,6.375],"tintindex":0,"rotation":0,"texture":"#0"},"up":{"uv":[5.0625,8.71875,4.9375,8.09375],"tintindex":0,"rotation":0,"texture":"#0"},"down":{"uv":[7.0,8.09375,6.875,8.71875],"tintindex":0,"rotation":0,"texture":"#0"}}},{"from":[4.0,16.5625,2.0625],"to":[12.0,21.3125,3.0625],"faces":{"east":{"uv":[6.125,8.15625,6.25,8.75],"tintindex":0,"rotation":0,"texture":"#0"},"south":{"uv":[3.8125,1.0,4.8125,1.59375],"tintindex":0,"rotation":0,"texture":"#0"},"north":{"uv":[3.75,2.5625,4.75,3.15625],"tintindex":0,"rotation":0,"texture":"#0"},"west":{"uv":[6.25,8.15625,6.375,8.75],"tintindex":0,"rotation":0,"texture":"#0"},"up":{"uv":[7.0,3.8125,6.0,3.6875],"tintindex":0,"rotation":0,"texture":"#0"},"down":{"uv":[8.90625,2.40625,7.90625,2.53125],"tintindex":0,"rotation":0,"texture":"#0"}}},{"from":[11.0,19.8125,5.0625],"to":[12.25,20.0625,7.3125],"faces":{"east":{"uv":[2.8125,2.21875,3.09375,2.25],"tintindex":0,"rotation":0,"texture":"#0"},"south":{"uv":[4.3125,0.96875,4.46875,1.0],"tintindex":0,"rotation":0,"texture":"#0"},"north":{"uv":[4.15625,0.96875,4.3125,1.0],"tintindex":0,"rotation":0,"texture":"#0"},"west":{"uv":[3.09375,2.21875,3.375,2.25],"tintindex":0,"rotation":0,"texture":"#0"},"up":{"uv":[8.5625,2.09375,8.40625,1.8125],"tintindex":0,"rotation":0,"texture":"#0"},"down":{"uv":[8.5625,3.5,8.40625,3.78125],"tintindex":0,"rotation":0,"texture":"#0"}}},{"from":[5.75,15.3125,3.0625],"to":[10.25,18.5625,10.5625],"faces":{"east":{"uv":[4.8125,1.0,5.75,1.40625],"tintindex":0,"rotation":0,"texture":"#0"},"south":{"uv":[5.71875,6.4375,6.28125,6.84375],"tintindex":0,"rotation":0,"texture":"#0"},"north":{"uv":[5.15625,6.4375,5.71875,6.84375],"tintindex":0,"rotation":0,"texture":"#0"},"west":{"uv":[4.875,1.9375,5.8125,2.34375],"tintindex":0,"rotation":0,"texture":"#0"},"up":{"uv":[1.9375,5.0,1.375,4.0625],"tintindex":0,"rotation":0,"texture":"#0"},"down":{"uv":[0.5625,4.1875,0.0,5.125],"tintindex":0,"rotation":0,"texture":"#0"}}},{"from":[2.5,11.3125,3.0625],"to":[5.75,18.5625,5.3125],"faces":{"east":{"uv":[2.65625,6.375,2.9375,7.28125],"tintindex":0,"rotation":0,"texture":"#0"},"south":{"uv":[1.3125,5.375,1.71875,6.28125],"tintindex":0,"rotation":0,"texture":"#0"},"north":{"uv":[0.90625,5.375,1.3125,6.28125],"tintindex":0,"rotation":0,"texture":"#0"},"west":{"uv":[2.9375,6.375,3.21875,7.28125],"tintindex":0,"rotation":0,"texture":"#0"},"up":{"uv":[8.375,5.6875,7.96875,5.40625],"tintindex":0,"rotation":0,"texture":"#0"},"down":{"uv":[7.53125,7.96875,7.125,8.25],"tintindex":0,"rotation":0,"texture":"#0"}}},{"from":[9.0,8.8125,11.3125],"to":[9.75,13.5625,14.3125],"faces":{"east":{"uv":[3.59375,6.65625,3.96875,7.25],"tintindex":0,"rotation":0,"texture":"#0"},"south":{"uv":[0.90625,8.34375,1.0,8.9375],"tintindex":0,"rotation":0,"texture":"#0"},"north":{"uv":[0.8125,8.34375,0.90625,8.9375],"tintindex":0,"rotation":0,"texture":"#0"},"west":{"uv":[6.6875,6.125,7.0625,6.71875],"tintindex":0,"rotation":0,"texture":"#0"},"up":{"uv":[8.65625,6.03125,8.5625,5.65625],"tintindex":0,"rotation":0,"texture":"#0"},"down":{"uv":[8.6875,3.71875,8.59375,4.09375],"tintindex":0,"rotation":0,"texture":"#0"}}},{"from":[4.5,21.93122,3.909772],"to":[5.0,23.18122,5.159772],"faces":{"east":{"uv":[8.65625,2.625,8.8125,2.78125],"tintindex":0,"rotation":0,"texture":"#0"},"south":{"uv":[0.3125,7.40625,0.375,7.5625],"tintindex":0,"rotation":0,"texture":"#0"},"north":{"uv":[4.71875,7.3125,4.78125,7.46875],"tintindex":0,"rotation":0,"texture":"#0"},"west":{"uv":[8.65625,5.28125,8.8125,5.4375],"tintindex":0,"rotation":0,"texture":"#0"},"up":{"uv":[3.96875,7.5625,3.90625,7.40625],"tintindex":0,"rotation":0,"texture":"#0"},"down":{"uv":[0.375,7.5625,0.3125,7.71875],"tintindex":0,"rotation":0,"texture":"#0"}},"rotation":{"origin":[4.5,22.55622,4.534772],"angle":45.0,"axis":"x"}},{"from":[10.25,8.8125,11.3125],"to":[11.0,13.5625,14.3125],"faces":{"east":{"uv":[6.6875,6.71875,7.0625,7.3125],"tintindex":0,"rotation":0,"texture":"#0"},"south":{"uv":[1.09375,8.34375,1.1875,8.9375],"tintindex":0,"rotation":0,"texture":"#0"},"north":{"uv":[1.0,8.34375,1.09375,8.9375],"tintindex":0,"rotation":0,"texture":"#0"},"west":{"uv":[6.75,0.59375,7.125,1.1875],"tintindex":0,"rotation":0,"texture":"#0"},"up":{"uv":[8.6875,6.40625,8.59375,6.03125],"tintindex":0,"rotation":0,"texture":"#0"},"down":{"uv":[6.5625,8.59375,6.46875,8.96875],"tintindex":0,"rotation":0,"texture":"#0"}}},{"from":[4.0637226,14.72164,5.3125],"to":[6.5637226,17.22164,9.8125],"faces":{"east":{"uv":[7.4375,3.6875,8.0,4.0],"tintindex":0,"rotation":0,"texture":"#0"},"south":{"uv":[5.0625,8.03125,5.375,8.34375],"tintindex":0,"rotation":0,"texture":"#0"},"north":{"uv":[0.875,8.03125,1.1875,8.34375],"tintindex":0,"rotation":0,"texture":"#0"},"west":{"uv":[7.4375,5.84375,8.0,6.15625],"tintindex":0,"rotation":0,"texture":"#0"},"up":{"uv":[0.875,8.03125,0.5625,7.46875],"tintindex":0,"rotation":0,"texture":"#0"},"down":{"uv":[1.1875,7.46875,0.875,8.03125],"tintindex":0,"rotation":0,"texture":"#0"}},"rotation":{"origin":[5.3137226,14.84664,7.5625],"angle":22.5,"axis":"z"}},{"from":[9.0,21.8125,7.5625],"to":[10.0,26.0625,8.5625],"faces":{"east":{"uv":[2.78125,8.25,2.90625,8.78125],"tintindex":0,"rotation":0,"texture":"#0"},"south":{"uv":[2.90625,8.25,3.03125,8.78125],"tintindex":0,"rotation":0,"texture":"#0"},"north":{"uv":[2.65625,8.25,2.78125,8.78125],"tintindex":0,"rotation":0,"texture":"#0"},"west":{"uv":[3.34375,8.25,3.46875,8.78125],"tintindex":0,"rotation":0,"texture":"#0"},"up":{"uv":[8.78125,7.6875,8.65625,7.5625],"tintindex":0,"rotation":0,"texture":"#0"},"down":{"uv":[8.78125,7.6875,8.65625,7.8125],"tintindex":0,"rotation":0,"texture":"#0"}}},{"from":[4.75,20.0625,5.0625],"to":[5.0,21.0625,7.3125],"faces":{"east":{"uv":[8.5,6.84375,8.78125,6.96875],"tintindex":0,"rotation":0,"texture":"#0"},"south":{"uv":[6.125,7.84375,6.15625,7.96875],"tintindex":0,"rotation":0,"texture":"#0"},"north":{"uv":[3.9375,7.6875,3.96875,7.8125],"tintindex":0,"rotation":0,"texture":"#0"},"west":{"uv":[8.5,8.3125,8.78125,8.4375],"tintindex":0,"rotation":0,"texture":"#0"},"up":{"uv":[3.59375,7.625,3.5625,7.34375],"tintindex":0,"rotation":0,"texture":"#0"},"down":{"uv":[3.9375,7.5625,3.90625,7.84375],"tintindex":0,"rotation":0,"texture":"#0"}}},{"from":[1.75,9.8125,2.5625],"to":[14.25,11.3125,12.0625],"faces":{"east":{"uv":[6.25,5.9375,7.4375,6.125],"tintindex":0,"rotation":0,"texture":"#0"},"south":{"uv":[5.75,5.0,7.3125,5.1875],"tintindex":0,"rotation":0,"texture":"#0"},"north":{"uv":[4.875,2.34375,6.4375,2.53125],"tintindex":0,"rotation":0,"texture":"#0"},"west":{"uv":[6.25,5.9375,7.4375,6.125],"tintindex":0,"rotation":0,"texture":"#0"},"up":{"uv":[1.5625,1.1875,0.0,0.0],"tintindex":0,"rotation":0,"texture":"#0"},"down":{"uv":[1.5625,1.1875,0.0,2.375],"tintindex":0,"rotation":0,"texture":"#0"}}},{"from":[4.0,13.3125,1.3125],"to":[12.0,14.0625,2.0625],"faces":{"east":{"uv":[8.71875,8.1875,8.8125,8.28125],"tintindex":0,"rotation":0,"texture":"#0"},"south":{"uv":[8.0,0.125,9.0,0.21875],"tintindex":0,"rotation":0,"texture":"#0"},"north":{"uv":[3.75,3.15625,4.75,3.25],"tintindex":0,"rotation":0,"texture":"#0"},"west":{"uv":[8.71875,8.4375,8.8125,8.53125],"tintindex":0,"rotation":0,"texture":"#0"},"up":{"uv":[9.125,1.125,8.125,1.03125],"tintindex":0,"rotation":0,"texture":"#0"},"down":{"uv":[9.125,2.53125,8.125,2.625],"tintindex":0,"rotation":0,"texture":"#0"}}},{"from":[9.0,21.5625,10.5625],"to":[10.0,22.5625,12.5625],"faces":{"east":{"uv":[8.5625,4.84375,8.8125,4.96875],"tintindex":0,"rotation":0,"texture":"#0"},"south":{"uv":[8.6875,1.875,8.8125,2.0],"tintindex":0,"rotation":0,"texture":"#0"},"north":{"uv":[8.6875,1.75,8.8125,1.875],"tintindex":0,"rotation":0,"texture":"#0"},"west":{"uv":[8.59375,1.125,8.84375,1.25],"tintindex":0,"rotation":0,"texture":"#0"},"up":{"uv":[7.25,7.96875,7.125,7.71875],"tintindex":0,"rotation":0,"texture":"#0"},"down":{"uv":[8.71875,2.125,8.59375,2.375],"tintindex":0,"rotation":0,"texture":"#0"}}},{"from":[9.436277,14.72164,5.3125],"to":[11.936277,17.22164,9.8125],"faces":{"east":{"uv":[4.15625,7.3125,4.71875,7.625],"tintindex":0,"rotation":0,"texture":"#0"},"south":{"uv":[0.5625,8.03125,0.875,8.34375],"tintindex":0,"rotation":0,"texture":"#0"},"north":{"uv":[3.78125,5.25,4.09375,5.5625],"tintindex":0,"rotation":0,"texture":"#0"},"west":{"uv":[6.6875,7.40625,7.25,7.71875],"tintindex":0,"rotation":0,"texture":"#0"},"up":{"uv":[7.71875,7.40625,7.40625,6.84375],"tintindex":0,"rotation":0,"texture":"#0"},"down":{"uv":[7.5625,7.40625,7.25,7.96875],"tintindex":0,"rotation":0,"texture":"#0"}},"rotation":{"origin":[10.686277,14.84664,7.5625],"angle":-22.5,"axis":"z"}},{"from":[7.25,9.8125,12.0625],"to":[12.75,13.8125,13.5625],"faces":{"east":{"uv":[2.125,5.375,2.3125,5.875],"tintindex":0,"rotation":0,"texture":"#0"},"south":{"uv":[5.6875,4.15625,6.375,4.65625],"tintindex":0,"rotation":0,"texture":"#0"},"north":{"uv":[5.5625,5.28125,6.25,5.78125],"tintindex":0,"rotation":0,"texture":"#0"},"west":{"uv":[3.59375,6.15625,3.78125,6.65625],"tintindex":0,"rotation":0,"texture":"#0"},"up":{"uv":[8.4375,4.9375,7.75,4.75],"tintindex":0,"rotation":0,"texture":"#0"},"down":{"uv":[8.59375,2.21875,7.90625,2.40625],"tintindex":0,"rotation":0,"texture":"#0"}}},{"from":[9.0,21.5625,9.5625],"to":[10.0,26.0625,10.5625],"faces":{"east":{"uv":[2.28125,8.25,2.40625,8.8125],"tintindex":0,"rotation":0,"texture":"#0"},"south":{"uv":[2.40625,8.25,2.53125,8.8125],"tintindex":0,"rotation":0,"texture":"#0"},"north":{"uv":[0.9375,3.5,1.0625,4.0625],"tintindex":0,"rotation":0,"texture":"#0"},"west":{"uv":[2.53125,8.25,2.65625,8.8125],"tintindex":0,"rotation":0,"texture":"#0"},"up":{"uv":[8.71875,8.78125,8.59375,8.65625],"tintindex":0,"rotation":0,"texture":"#0"},"down":{"uv":[8.8125,0.21875,8.6875,0.34375],"tintindex":0,"rotation":0,"texture":"#0"}}},{"from":[4.0,21.054552,1.7657123],"to":[12.0,22.804552,2.7657123],"faces":{"east":{"uv":[7.125,8.59375,7.25,8.8125],"tintindex":0,"rotation":0,"texture":"#0"},"south":{"uv":[6.90625,1.875,7.90625,2.09375],"tintindex":0,"rotation":0,"texture":"#0"},"north":{"uv":[6.75,4.75,7.75,4.96875],"tintindex":0,"rotation":0,"texture":"#0"},"west":{"uv":[8.59375,8.4375,8.71875,8.65625],"tintindex":0,"rotation":0,"texture":"#0"},"up":{"uv":[8.9375,4.46875,7.9375,4.34375],"tintindex":0,"rotation":0,"texture":"#0"},"down":{"uv":[8.9375,4.46875,7.9375,4.59375],"tintindex":0,"rotation":0,"texture":"#0"}},"rotation":{"origin":[8.0,21.929552,2.2657123],"angle":-22.5,"axis":"x"}},{"from":[11.25,13.3125,2.0625],"to":[12.0,14.0625,3.0625],"faces":{"east":{"uv":[8.6875,6.3125,8.8125,6.40625],"tintindex":0,"rotation":0,"texture":"#0"},"south":{"uv":[8.71875,8.0,8.8125,8.09375],"tintindex":0,"rotation":0,"texture":"#0"},"north":{"uv":[8.71875,7.90625,8.8125,8.0],"tintindex":0,"rotation":0,"texture":"#0"},"west":{"uv":[8.71875,1.375,8.84375,1.46875],"tintindex":0,"rotation":0,"texture":"#0"},"up":{"uv":[5.03125,8.84375,4.9375,8.71875],"tintindex":0,"rotation":0,"texture":"#0"},"down":{"uv":[8.8125,5.0625,8.71875,5.1875],"tintindex":0,"rotation":0,"texture":"#0"}}},{"from":[4.5,21.0625,3.0625],"to":[11.5,22.8125,4.0625],"faces":{"east":{"uv":[8.59375,1.25,8.71875,1.46875],"tintindex":0,"rotation":0,"texture":"#0"},"south":{"uv":[7.125,0.59375,8.0,0.8125],"tintindex":0,"rotation":0,"texture":"#0"},"north":{"uv":[2.8125,2.0,3.6875,2.21875],"tintindex":0,"rotation":0,"texture":"#0"},"west":{"uv":[8.59375,6.96875,8.71875,7.1875],"tintindex":0,"rotation":0,"texture":"#0"},"up":{"uv":[8.8125,4.71875,7.9375,4.59375],"tintindex":0,"rotation":0,"texture":"#0"},"down":{"uv":[8.875,0.0,8.0,0.125],"tintindex":0,"rotation":0,"texture":"#0"}},"rotation":{"origin":[8.0,21.9375,3.5625],"angle":-45.0,"axis":"x"}},{"from":[11.0,12.3125,12.0625],"to":[12.0,15.8125,12.8125],"faces":{"east":{"uv":[5.0625,7.59375,5.15625,8.03125],"tintindex":0,"rotation":0,"texture":"#0"},"south":{"uv":[2.09375,8.34375,2.21875,8.78125],"tintindex":0,"rotation":0,"texture":"#0"},"north":{"uv":[1.96875,8.34375,2.09375,8.78125],"tintindex":0,"rotation":0,"texture":"#0"},"west":{"uv":[0.15625,8.4375,0.25,8.875],"tintindex":0,"rotation":0,"texture":"#0"},"up":{"uv":[5.6875,1.0,5.5625,0.90625],"tintindex":0,"rotation":0,"texture":"#0"},"down":{"uv":[2.09375,7.1875,1.96875,7.28125],"tintindex":0,"rotation":0,"texture":"#0"}}},{"from":[5.0,19.8125,8.5625],"to":[11.0,26.0625,9.5625],"faces":{"east":{"uv":[2.4375,3.375,2.5625,4.15625],"tintindex":0,"rotation":0,"texture":"#0"},"south":{"uv":[3.875,0.0,4.625,0.78125],"tintindex":0,"rotation":0,"texture":"#0"},"north":{"uv":[3.625,3.8125,4.375,4.59375],"tintindex":0,"rotation":0,"texture":"#0"},"west":{"uv":[0.25,7.84375,0.375,8.625],"tintindex":0,"rotation":0,"texture":"#0"},"up":{"uv":[8.875,0.90625,8.125,0.78125],"tintindex":0,"rotation":0,"texture":"#0"},"down":{"uv":[8.875,0.90625,8.125,1.03125],"tintindex":0,"rotation":0,"texture":"#0"}}},{"from":[12.75,18.0625,2.5625],"to":[14.0,20.5625,12.5625],"faces":{"east":{"uv":[4.75,2.5625,6.0,2.875],"tintindex":0,"rotation":0,"texture":"#0"},"south":{"uv":[8.375,2.875,8.53125,3.1875],"tintindex":0,"rotation":0,"texture":"#0"},"north":{"uv":[4.15625,4.59375,4.3125,4.90625],"tintindex":0,"rotation":0,"texture":"#0"},"west":{"uv":[4.75,2.875,6.0,3.1875],"tintindex":0,"rotation":0,"texture":"#0"},"up":{"uv":[3.375,7.625,3.21875,6.375],"tintindex":0,"rotation":0,"texture":"#0"},"down":{"uv":[6.6875,7.0,6.53125,8.25],"tintindex":0,"rotation":0,"texture":"#0"}}},{"from":[8.5,15.8125,12.0625],"to":[12.0,16.8125,12.8125],"faces":{"east":{"uv":[8.71875,2.25,8.8125,2.375],"tintindex":0,"rotation":0,"texture":"#0"},"south":{"uv":[7.0,3.6875,7.4375,3.8125],"tintindex":0,"rotation":0,"texture":"#0"},"north":{"uv":[5.90625,4.0,6.34375,4.125],"tintindex":0,"rotation":0,"texture":"#0"},"west":{"uv":[8.71875,3.1875,8.8125,3.3125],"tintindex":0,"rotation":0,"texture":"#0"},"up":{"uv":[6.6875,6.21875,6.25,6.125],"tintindex":0,"rotation":0,"texture":"#0"},"down":{"uv":[7.65625,1.78125,7.21875,1.875],"tintindex":0,"rotation":0,"texture":"#0"}}},{"from":[5.75,11.3125,10.5625],"to":[10.25,18.5625,12.0625],"faces":{"east":{"uv":[3.375,7.34375,3.5625,8.25],"tintindex":0,"rotation":0,"texture":"#0"},"south":{"uv":[3.0,4.25,3.5625,5.15625],"tintindex":0,"rotation":0,"texture":"#0"},"north":{"uv":[2.4375,4.25,3.0,5.15625],"tintindex":0,"rotation":0,"texture":"#0"},"west":{"uv":[1.1875,7.46875,1.375,8.375],"tintindex":0,"rotation":0,"texture":"#0"},"up":{"uv":[8.5625,0.78125,8.0,0.59375],"tintindex":0,"rotation":0,"texture":"#0"},"down":{"uv":[8.5625,5.96875,8.0,6.15625],"tintindex":0,"rotation":0,"texture":"#0"}}},{"from":[4.0,13.3125,2.0625],"to":[4.75,14.0625,3.0625],"faces":{"east":{"uv":[8.71875,3.3125,8.84375,3.40625],"tintindex":0,"rotation":0,"texture":"#0"},"south":{"uv":[8.1875,8.71875,8.28125,8.8125],"tintindex":0,"rotation":0,"texture":"#0"},"north":{"uv":[8.71875,8.09375,8.8125,8.1875],"tintindex":0,"rotation":0,"texture":"#0"},"west":{"uv":[8.71875,5.1875,8.84375,5.28125],"tintindex":0,"rotation":0,"texture":"#0"},"up":{"uv":[6.0625,8.84375,5.96875,8.71875],"tintindex":0,"rotation":0,"texture":"#0"},"down":{"uv":[6.9375,8.71875,6.84375,8.84375],"tintindex":0,"rotation":0,"texture":"#0"}}},{"from":[11.0,21.93122,6.909772],"to":[11.5,23.18122,8.159772],"faces":{"east":{"uv":[8.625,6.5625,8.78125,6.71875],"tintindex":0,"rotation":0,"texture":"#0"},"south":{"uv":[5.6875,4.65625,5.75,4.8125],"tintindex":0,"rotation":0,"texture":"#0"},"north":{"uv":[2.3125,5.65625,2.375,5.8125],"tintindex":0,"rotation":0,"texture":"#0"},"west":{"uv":[8.625,7.1875,8.78125,7.34375],"tintindex":0,"rotation":0,"texture":"#0"},"up":{"uv":[0.8125,7.0625,0.75,6.90625],"tintindex":0,"rotation":0,"texture":"#0"},"down":{"uv":[4.21875,6.9375,4.15625,7.09375],"tintindex":0,"rotation":0,"texture":"#0"}}},{"from":[2.0,18.0625,2.5625],"to":[3.25,20.5625,12.5625],"faces":{"east":{"uv":[4.75,3.1875,6.0,3.5],"tintindex":0,"rotation":0,"texture":"#0"},"south":{"uv":[8.375,5.125,8.53125,5.4375],"tintindex":0,"rotation":0,"texture":"#0"},"north":{"uv":[8.375,3.1875,8.53125,3.5],"tintindex":0,"rotation":0,"texture":"#0"},"west":{"uv":[4.75,3.5,6.0,3.8125],"tintindex":0,"rotation":0,"texture":"#0"},"up":{"uv":[1.625,8.28125,1.46875,7.03125],"tintindex":0,"rotation":0,"texture":"#0"},"down":{"uv":[1.78125,7.03125,1.625,8.28125],"tintindex":0,"rotation":0,"texture":"#0"}}},{"from":[4.25,11.3125,5.0625],"to":[11.75,15.3125,10.5625],"faces":{"east":{"uv":[5.34375,1.40625,6.03125,1.90625],"tintindex":0,"rotation":0,"texture":"#0"},"south":{"uv":[4.625,0.5,5.5625,1.0],"tintindex":0,"rotation":0,"texture":"#0"},"north":{"uv":[4.625,0.0,5.5625,0.5],"tintindex":0,"rotation":0,"texture":"#0"},"west":{"uv":[3.78125,5.5625,4.46875,6.0625],"tintindex":0,"rotation":0,"texture":"#0"},"up":{"uv":[2.0,4.0625,1.0625,3.375],"tintindex":0,"rotation":0,"texture":"#0"},"down":{"uv":[0.9375,3.5,0.0,4.1875],"tintindex":0,"rotation":0,"texture":"#0"}}},{"from":[11.5,8.8125,11.3125],"to":[12.25,13.5625,14.3125],"faces":{"east":{"uv":[0.375,6.625,0.75,7.21875],"tintindex":0,"rotation":0,"texture":"#0"},"south":{"uv":[0.71875,8.34375,0.8125,8.9375],"tintindex":0,"rotation":0,"texture":"#0"},"north":{"uv":[0.625,8.34375,0.71875,8.9375],"tintindex":0,"rotation":0,"texture":"#0"},"west":{"uv":[0.0,6.65625,0.375,7.25],"tintindex":0,"rotation":0,"texture":"#0"},"up":{"uv":[5.25,8.9375,5.15625,8.5625],"tintindex":0,"rotation":0,"texture":"#0"},"down":{"uv":[8.65625,5.28125,8.5625,5.65625],"tintindex":0,"rotation":0,"texture":"#0"}}},{"from":[10.5,5.0625,2.5],"to":[13.5,11.3125,2.5],"faces":{"south":{"uv":[0.0,5.875,0.375,6.65625],"tintindex":0,"rotation":0,"texture":"#0"},"north":{"uv":[0.5625,4.1875,0.9375,4.96875],"tintindex":0,"rotation":0,"texture":"#0"}}},{"from":[3.75,12.8125,12.0625],"to":[5.75,14.8125,13.5625],"faces":{"east":{"uv":[8.375,5.4375,8.5625,5.6875],"tintindex":0,"rotation":0,"texture":"#0"},"south":{"uv":[8.21875,1.375,8.46875,1.625],"tintindex":0,"rotation":0,"texture":"#0"},"north":{"uv":[0.5625,7.21875,0.8125,7.46875],"tintindex":0,"rotation":0,"texture":"#0"},"west":{"uv":[8.03125,8.375,8.21875,8.625],"tintindex":0,"rotation":0,"texture":"#0"},"up":{"uv":[8.59375,7.1875,8.34375,7.0],"tintindex":0,"rotation":0,"texture":"#0"},"down":{"uv":[8.65625,1.625,8.40625,1.8125],"tintindex":0,"rotation":0,"texture":"#0"}}},{"from":[3.75,19.8125,5.0625],"to":[5.0,20.0625,7.3125],"faces":{"east":{"uv":[3.375,2.21875,3.65625,2.25],"tintindex":0,"rotation":0,"texture":"#0"},"south":{"uv":[4.8125,1.5625,4.96875,1.59375],"tintindex":0,"rotation":0,"texture":"#0"},"north":{"uv":[4.46875,0.96875,4.625,1.0],"tintindex":0,"rotation":0,"texture":"#0"},"west":{"uv":[3.875,0.96875,4.15625,1.0],"tintindex":0,"rotation":0,"texture":"#0"},"up":{"uv":[8.5625,5.96875,8.40625,5.6875],"tintindex":0,"rotation":0,"texture":"#0"},"down":{"uv":[0.15625,8.4375,0.0,8.71875],"tintindex":0,"rotation":0,"texture":"#0"}}},{"from":[2.5,11.3125,9.8125],"to":[5.75,18.5625,12.0625],"faces":{"east":{"uv":[2.09375,6.375,2.375,7.28125],"tintindex":0,"rotation":0,"texture":"#0"},"south":{"uv":[5.15625,5.28125,5.5625,6.1875],"tintindex":0,"rotation":0,"texture":"#0"},"north":{"uv":[4.75,5.28125,5.15625,6.1875],"tintindex":0,"rotation":0,"texture":"#0"},"west":{"uv":[2.375,6.375,2.65625,7.28125],"tintindex":0,"rotation":0,"texture":"#0"},"up":{"uv":[8.375,3.65625,7.96875,3.375],"tintindex":0,"rotation":0,"texture":"#0"},"down":{"uv":[8.375,5.125,7.96875,5.40625],"tintindex":0,"rotation":0,"texture":"#0"}}},{"from":[5.0,19.8125,3.0625],"to":[11.0,22.3125,3.5625],"faces":{"east":{"uv":[2.5625,3.375,2.625,3.6875],"tintindex":0,"rotation":0,"texture":"#0"},"south":{"uv":[6.375,2.84375,7.125,3.15625],"tintindex":0,"rotation":0,"texture":"#0"},"north":{"uv":[6.375,2.53125,7.125,2.84375],"tintindex":0,"rotation":0,"texture":"#0"},"west":{"uv":[2.5625,3.6875,2.625,4.0],"tintindex":0,"rotation":0,"texture":"#0"},"up":{"uv":[4.5625,2.0,3.8125,1.9375],"tintindex":0,"rotation":0,"texture":"#0"},"down":{"uv":[7.34375,5.84375,6.59375,5.90625],"tintindex":0,"rotation":0,"texture":"#0"}}},{"from":[3.25,16.5625,5.0625],"to":[5.75,18.5625,9.8125],"faces":{"east":{"uv":[7.78125,6.40625,8.375,6.65625],"tintindex":0,"rotation":0,"texture":"#0"},"south":{"uv":[8.15625,1.125,8.46875,1.375],"tintindex":0,"rotation":0,"texture":"#0"},"north":{"uv":[8.15625,0.21875,8.46875,0.46875],"tintindex":0,"rotation":0,"texture":"#0"},"west":{"uv":[3.5625,7.84375,4.15625,8.09375],"tintindex":0,"rotation":0,"texture":"#0"},"up":{"uv":[2.90625,7.875,2.59375,7.28125],"tintindex":0,"rotation":0,"texture":"#0"},"down":{"uv":[3.21875,7.28125,2.90625,7.875],"tintindex":0,"rotation":0,"texture":"#0"}}}],"display":{"gui":{"rotation":[30,225,0]}}}