{
    "custom.testrex": {
        "category": "master",
        "sounds": [
                "custom/testrex"
                ]
    },
    "custom.knock": {
        "category": "master",
        "sounds": [
                "custom/knock"
                ]
    },
    "custom.stock1": {
        "category": "master",
        "sounds": [
                "custom/stock1"
                ]
    },
    "custom.stock2": {
        "category": "master",
        "sounds": [
                "custom/stock2"
                ]
    }, 
    "custom.stock3": {
        "category": "master",
        "sounds": [
                "custom/stock3"
                ]
    }, 
    "custom.stock4": {
        "category": "master",
        "sounds": [
                "custom/stock4"
                ]
    }
}