{
	"texture_size": [64, 64],
	"textures": {
		"1": "netherite_axe/vortex_axe"
	},
	"elements": [
		{
			"from": [7, -8.2, 7],
			"to": [9, 7.8, 9],
			"rotation": {"angle": 0, "axis": "y", "origin": [0, 21.8, 0]},
			"faces": {
				"north": {"uv": [2.5, 0, 3, 4], "texture": "#1"},
				"east": {"uv": [3, 0, 3.5, 4], "texture": "#1"},
				"south": {"uv": [3.5, 0, 4, 4], "texture": "#1"},
				"west": {"uv": [0, 4, 0.5, 8], "texture": "#1"},
				"up": {"uv": [9, 8.5, 8.5, 8], "texture": "#1"},
				"down": {"uv": [9, 8.5, 8.5, 9], "texture": "#1"}
			}
		},
		{
			"from": [6.5, -10.45, 6.5],
			"to": [9.5, -7.45, 9.5],
			"rotation": {"angle": 45, "axis": "z", "origin": [8, -8.95, 8]},
			"faces": {
				"north": {"uv": [6, 7.25, 6.75, 8], "texture": "#1"},
				"east": {"uv": [3, 7.5, 3.75, 8.25], "texture": "#1"},
				"south": {"uv": [3.75, 7.5, 4.5, 8.25], "texture": "#1"},
				"west": {"uv": [4.5, 7.5, 5.25, 8.25], "texture": "#1"},
				"up": {"uv": [8.25, 5.75, 7.5, 5], "texture": "#1"},
				"down": {"uv": [6, 7.5, 5.25, 8.25], "texture": "#1"}
			}
		},
		{
			"from": [6.501, -6.199, 6.501],
			"to": [9.499, 2.799, 9.499],
			"rotation": {"angle": 0, "axis": "y", "origin": [0, 20.8, 0]},
			"faces": {
				"north": {"uv": [4, 0, 4.75, 2.25], "texture": "#1"},
				"east": {"uv": [0.5, 4, 1.25, 6.25], "texture": "#1"},
				"south": {"uv": [1.25, 4, 2, 6.25], "texture": "#1"},
				"west": {"uv": [2, 4, 2.75, 6.25], "texture": "#1"},
				"up": {"uv": [8.5, 0.75, 7.75, 0], "texture": "#1"},
				"down": {"uv": [8.5, 1.75, 7.75, 2.5], "texture": "#1"}
			}
		},
		{
			"from": [6, 10.75, 6.5],
			"to": [10, 14.75, 9.5],
			"rotation": {"angle": 0, "axis": "y", "origin": [8, 12.75, 8]},
			"faces": {
				"north": {"uv": [4, 3.5, 5, 4.5], "texture": "#1"},
				"east": {"uv": [4.5, 6.5, 5.25, 7.5], "texture": "#1"},
				"south": {"uv": [4, 4.5, 5, 5.5], "texture": "#1"},
				"west": {"uv": [5.25, 6.5, 6, 7.5], "texture": "#1"},
				"up": {"uv": [7, 7.25, 6, 6.5], "texture": "#1"},
				"down": {"uv": [7.75, 0, 6.75, 0.75], "texture": "#1"}
			}
		},
		{
			"from": [4.98, 8.73, 6.98],
			"to": [10.02, 13.77, 9.02],
			"rotation": {"angle": -45, "axis": "z", "origin": [8, 10.75, 8]},
			"faces": {
				"north": {"uv": [4, 2.25, 5.25, 3.5], "texture": "#1"},
				"east": {"uv": [7.25, 1.75, 7.75, 3], "texture": "#1"},
				"south": {"uv": [2.75, 4, 4, 5.25], "texture": "#1"},
				"west": {"uv": [2.5, 7.25, 3, 8.5], "texture": "#1"},
				"up": {"uv": [8.75, 1.25, 7.5, 0.75], "texture": "#1"},
				"down": {"uv": [8.75, 1.25, 7.5, 1.75], "texture": "#1"}
			}
		},
		{
			"from": [3.46447, 10.69289, 7],
			"to": [6.46447, 14.69289, 9],
			"rotation": {"angle": -22.5, "axis": "z", "origin": [5.46447, 12.69289, 8]},
			"faces": {
				"north": {"uv": [6.75, 0.75, 7.5, 1.75], "texture": "#1"},
				"east": {"uv": [7.75, 5.75, 8.25, 6.75], "texture": "#1"},
				"south": {"uv": [6.75, 5, 7.5, 6], "texture": "#1"},
				"west": {"uv": [7.75, 6.75, 8.25, 7.75], "texture": "#1"},
				"up": {"uv": [6, 3.5, 5.25, 3], "texture": "#1"},
				"down": {"uv": [6.75, 5, 6, 5.5], "texture": "#1"}
			}
		},
		{
			"from": [-0.81973, 8.89099, 7.5],
			"to": [4.18027, 16.89099, 8.5],
			"rotation": {"angle": 0, "axis": "y", "origin": [2.35074, 12.89099, 8]},
			"faces": {
				"north": {"uv": [0, 0, 1.25, 2], "texture": "#1"},
				"east": {"uv": [6.75, 7.25, 7, 9.25], "texture": "#1"},
				"south": {"uv": [1.25, 0, 2.5, 2], "texture": "#1"},
				"west": {"uv": [7.75, 2.5, 8, 4.5], "texture": "#1"},
				"up": {"uv": [9.5, 7.5, 8.25, 7.25], "texture": "#1"},
				"down": {"uv": [9.5, 7.5, 8.25, 7.75], "texture": "#1"}
			}
		},
		{
			"from": [-0.2248, 7.62339, 7.48],
			"to": [3.8152, 11.66339, 8.52],
			"rotation": {"angle": 22.5, "axis": "z", "origin": [2.40731, 12.89099, 8.04]},
			"faces": {
				"north": {"uv": [4.75, 0, 5.75, 1], "texture": "#1"},
				"east": {"uv": [6.5, 8, 6.75, 9], "texture": "#1"},
				"south": {"uv": [4.75, 1, 5.75, 2], "texture": "#1"},
				"west": {"uv": [7.5, 8, 7.75, 9], "texture": "#1"},
				"up": {"uv": [9.75, 1, 8.75, 0.75], "texture": "#1"},
				"down": {"uv": [9.75, 1, 8.75, 1.25], "texture": "#1"}
			}
		},
		{
			"from": [-2.70298, 8.26442, 7.46],
			"to": [1.37702, 12.34442, 8.54],
			"rotation": {"angle": 45, "axis": "z", "origin": [2.40731, 12.89099, 8.04]},
			"faces": {
				"north": {"uv": [5, 3.5, 6, 4.5], "texture": "#1"},
				"east": {"uv": [5.75, 8.25, 6, 9.25], "texture": "#1"},
				"south": {"uv": [5, 4.5, 6, 5.5], "texture": "#1"},
				"west": {"uv": [2.75, 8.5, 3, 9.5], "texture": "#1"},
				"up": {"uv": [9.75, 1.5, 8.75, 1.25], "texture": "#1"},
				"down": {"uv": [9.75, 1.5, 8.75, 1.75], "texture": "#1"}
			}
		},
		{
			"from": [-2.70298, 13.43755, 7.46],
			"to": [1.37702, 17.51755, 8.54],
			"rotation": {"angle": -45, "axis": "z", "origin": [2.40731, 12.89099, 8.04]},
			"faces": {
				"north": {"uv": [5.25, 2, 6.25, 3], "texture": "#1"},
				"east": {"uv": [3.5, 8.75, 3.75, 9.75], "texture": "#1"},
				"south": {"uv": [2.75, 5.25, 3.75, 6.25], "texture": "#1"},
				"west": {"uv": [3.75, 8.75, 4, 9.75], "texture": "#1"},
				"up": {"uv": [9.75, 5.25, 8.75, 5], "texture": "#1"},
				"down": {"uv": [9.75, 5.25, 8.75, 5.5], "texture": "#1"}
			}
		},
		{
			"from": [-0.2248, 14.11858, 7.48],
			"to": [3.8152, 18.15858, 8.52],
			"rotation": {"angle": -22.5, "axis": "z", "origin": [2.40731, 12.89099, 8.04]},
			"faces": {
				"north": {"uv": [3.75, 5.5, 4.75, 6.5], "texture": "#1"},
				"east": {"uv": [4, 8.75, 4.25, 9.75], "texture": "#1"},
				"south": {"uv": [4.75, 5.5, 5.75, 6.5], "texture": "#1"},
				"west": {"uv": [8.75, 5.5, 9, 6.5], "texture": "#1"},
				"up": {"uv": [9.75, 6.75, 8.75, 6.5], "texture": "#1"},
				"down": {"uv": [9.75, 6.75, 8.75, 7], "texture": "#1"}
			}
		},
		{
			"from": [12.1848, 14.11858, 7.48],
			"to": [16.2248, 18.15858, 8.52],
			"rotation": {"angle": 22.5, "axis": "z", "origin": [13.59269, 12.89099, 8.04]},
			"faces": {
				"north": {"uv": [5.75, 0, 6.75, 1], "texture": "#1"},
				"east": {"uv": [8, 8.75, 8.25, 9.75], "texture": "#1"},
				"south": {"uv": [5.75, 1, 6.75, 2], "texture": "#1"},
				"west": {"uv": [8.25, 8.75, 8.5, 9.75], "texture": "#1"},
				"up": {"uv": [9.75, 7.25, 8.75, 7], "texture": "#1"},
				"down": {"uv": [10, 0, 9, 0.25], "texture": "#1"}
			}
		},
		{
			"from": [14.62298, 13.43755, 7.46],
			"to": [18.70298, 17.51755, 8.54],
			"rotation": {"angle": 45, "axis": "z", "origin": [13.59269, 12.89099, 8.04]},
			"faces": {
				"north": {"uv": [5.75, 5.5, 6.75, 6.5], "texture": "#1"},
				"east": {"uv": [0.25, 9, 0.5, 10], "texture": "#1"},
				"south": {"uv": [6, 3, 7, 4], "texture": "#1"},
				"west": {"uv": [0.5, 9, 0.75, 10], "texture": "#1"},
				"up": {"uv": [10, 0.5, 9, 0.25], "texture": "#1"},
				"down": {"uv": [10, 0.5, 9, 0.75], "texture": "#1"}
			}
		},
		{
			"from": [14.62298, 8.26442, 7.46],
			"to": [18.70298, 12.34442, 8.54],
			"rotation": {"angle": -45, "axis": "z", "origin": [13.59269, 12.89099, 8.04]},
			"faces": {
				"north": {"uv": [6, 4, 7, 5], "texture": "#1"},
				"east": {"uv": [0.75, 9, 1, 10], "texture": "#1"},
				"south": {"uv": [0.5, 6.25, 1.5, 7.25], "texture": "#1"},
				"west": {"uv": [1, 9, 1.25, 10], "texture": "#1"},
				"up": {"uv": [2.25, 9.25, 1.25, 9], "texture": "#1"},
				"down": {"uv": [10, 1.75, 9, 2], "texture": "#1"}
			}
		},
		{
			"from": [12.1848, 7.62339, 7.48],
			"to": [16.2248, 11.66339, 8.52],
			"rotation": {"angle": -22.5, "axis": "z", "origin": [13.59269, 12.89099, 8.04]},
			"faces": {
				"north": {"uv": [1.5, 6.25, 2.5, 7.25], "texture": "#1"},
				"east": {"uv": [9, 2, 9.25, 3], "texture": "#1"},
				"south": {"uv": [6.25, 2, 7.25, 3], "texture": "#1"},
				"west": {"uv": [9, 3, 9.25, 4], "texture": "#1"},
				"up": {"uv": [10, 4.25, 9, 4], "texture": "#1"},
				"down": {"uv": [5.25, 9, 4.25, 9.25], "texture": "#1"}
			}
		},
		{
			"from": [11.81973, 8.89099, 7.5],
			"to": [16.81973, 16.89099, 8.5],
			"rotation": {"angle": 0, "axis": "y", "origin": [13.64926, 12.89099, 8]},
			"faces": {
				"north": {"uv": [0, 2, 1.25, 4], "texture": "#1"},
				"east": {"uv": [7.75, 7.75, 8, 9.75], "texture": "#1"},
				"south": {"uv": [1.25, 2, 2.5, 4], "texture": "#1"},
				"west": {"uv": [0, 8, 0.25, 10], "texture": "#1"},
				"up": {"uv": [9.75, 5, 8.5, 4.75], "texture": "#1"},
				"down": {"uv": [9.75, 7.75, 8.5, 8], "texture": "#1"}
			}
		},
		{
			"from": [9.53553, 10.69289, 7],
			"to": [12.53553, 14.69289, 9],
			"rotation": {"angle": 22.5, "axis": "z", "origin": [10.53553, 12.69289, 8]},
			"faces": {
				"north": {"uv": [7, 3, 7.75, 4], "texture": "#1"},
				"east": {"uv": [0.25, 8, 0.75, 9], "texture": "#1"},
				"south": {"uv": [7, 4, 7.75, 5], "texture": "#1"},
				"west": {"uv": [0.75, 8, 1.25, 9], "texture": "#1"},
				"up": {"uv": [8.5, 5, 7.75, 4.5], "texture": "#1"},
				"down": {"uv": [4.25, 8.25, 3.5, 8.75], "texture": "#1"}
			}
		},
		{
			"from": [7.67016, 13.91421, 6.999],
			"to": [9.67016, 16.91421, 8.999],
			"rotation": {"angle": 22.5, "axis": "z", "origin": [8.67016, 14.91421, 7.999]},
			"faces": {
				"north": {"uv": [4.25, 8.25, 4.75, 9], "texture": "#1"},
				"east": {"uv": [4.75, 8.25, 5.25, 9], "texture": "#1"},
				"south": {"uv": [8.25, 5, 8.75, 5.75], "texture": "#1"},
				"west": {"uv": [5.25, 8.25, 5.75, 9], "texture": "#1"},
				"up": {"uv": [9.5, 4.75, 9, 4.25], "texture": "#1"},
				"down": {"uv": [5.75, 9, 5.25, 9.5], "texture": "#1"}
			}
		},
		{
			"from": [6.30984, 13.89421, 6.979],
			"to": [8.34984, 16.93421, 9.019],
			"rotation": {"angle": -22.5, "axis": "z", "origin": [7.32984, 14.91421, 7.999]},
			"faces": {
				"north": {"uv": [8.25, 5.75, 8.75, 6.5], "texture": "#1"},
				"east": {"uv": [8.25, 6.5, 8.75, 7.25], "texture": "#1"},
				"south": {"uv": [8.5, 0, 9, 0.75], "texture": "#1"},
				"west": {"uv": [8.5, 1.75, 9, 2.5], "texture": "#1"},
				"up": {"uv": [9.5, 6, 9, 5.5], "texture": "#1"},
				"down": {"uv": [6.5, 9, 6, 9.5], "texture": "#1"}
			}
		},
		{
			"from": [7, 4.65389, 8.22546],
			"to": [9.04, 7.69389, 9.26546],
			"rotation": {"angle": -22.5, "axis": "x", "origin": [7.95, 6.67389, 8.24546]},
			"faces": {
				"north": {"uv": [2.25, 8.5, 2.75, 9.25], "texture": "#1"},
				"east": {"uv": [6.5, 9, 6.75, 9.75], "texture": "#1"},
				"south": {"uv": [8.5, 2.5, 9, 3.25], "texture": "#1"},
				"west": {"uv": [7.5, 9, 7.75, 9.75], "texture": "#1"},
				"up": {"uv": [5.25, 2.25, 4.75, 2], "texture": "#1"},
				"down": {"uv": [7.25, 1.75, 6.75, 2], "texture": "#1"}
			}
		},
		{
			"from": [7, 4.65389, 6.73454],
			"to": [9.04, 7.69389, 7.77454],
			"rotation": {"angle": 22.5, "axis": "x", "origin": [7.95, 6.67389, 7.75454]},
			"faces": {
				"north": {"uv": [8.5, 3.25, 9, 4], "texture": "#1"},
				"east": {"uv": [9, 8.5, 9.25, 9.25], "texture": "#1"},
				"south": {"uv": [8.5, 4, 9, 4.75], "texture": "#1"},
				"west": {"uv": [1.25, 9.25, 1.5, 10], "texture": "#1"},
				"up": {"uv": [3.5, 7.5, 3, 7.25], "texture": "#1"},
				"down": {"uv": [2, 9.25, 1.5, 9.5], "texture": "#1"}
			}
		},
		{
			"from": [8.56814, 4.69001, 6.94],
			"to": [10.68814, 8.81001, 9.06],
			"rotation": {"angle": 22.5, "axis": "z", "origin": [8.62814, 5.75001, 8.07]},
			"faces": {
				"north": {"uv": [1.25, 8, 1.75, 9], "texture": "#1"},
				"east": {"uv": [1.75, 8, 2.25, 9], "texture": "#1"},
				"south": {"uv": [8, 2.5, 8.5, 3.5], "texture": "#1"},
				"west": {"uv": [8, 3.5, 8.5, 4.5], "texture": "#1"},
				"up": {"uv": [9.5, 6.5, 9, 6], "texture": "#1"},
				"down": {"uv": [7.5, 9, 7, 9.5], "texture": "#1"}
			}
		},
		{
			"from": [5.33186, 4.71001, 6.96],
			"to": [7.41186, 8.79001, 9.04],
			"rotation": {"angle": -22.5, "axis": "z", "origin": [7.37186, 5.75001, 8.07]},
			"faces": {
				"north": {"uv": [6, 8, 6.5, 9], "texture": "#1"},
				"east": {"uv": [7, 8, 7.5, 9], "texture": "#1"},
				"south": {"uv": [8, 7.75, 8.5, 8.75], "texture": "#1"},
				"west": {"uv": [3, 8.25, 3.5, 9.25], "texture": "#1"},
				"up": {"uv": [9.5, 8.5, 9, 8], "texture": "#1"},
				"down": {"uv": [9, 9, 8.5, 9.5], "texture": "#1"}
			}
		},
		{
			"from": [5.999, 10.749, 6.499],
			"to": [10.001, 14.751, 9.501],
			"rotation": {"angle": 45, "axis": "z", "origin": [8, 12.75, 8]},
			"faces": {
				"north": {"uv": [2.5, 6.25, 3.5, 7.25], "texture": "#1"},
				"east": {"uv": [7, 6, 7.75, 7], "texture": "#1"},
				"south": {"uv": [3.5, 6.5, 4.5, 7.5], "texture": "#1"},
				"west": {"uv": [7, 7, 7.75, 8], "texture": "#1"},
				"up": {"uv": [1.5, 8, 0.5, 7.25], "texture": "#1"},
				"down": {"uv": [2.5, 7.25, 1.5, 8], "texture": "#1"}
			}
		}
	],
	"gui_light": "front",
	"display": {
		"thirdperson_righthand": {
			"rotation": [-10, -90, 0],
			"translation": [0, 4, 0.25],
			"scale": [0.6, 0.6, 0.6]
		},
		"thirdperson_lefthand": {
			"rotation": [-10, 90, 0],
			"translation": [0, 4, 0.25],
			"scale": [0.6, 0.6, 0.6]
		},
		"firstperson_righthand": {
			"rotation": [20, -90, 0],
			"translation": [3, 2.75, 0.25],
			"scale": [0.6, 0.6, 0.6]
		},
		"firstperson_lefthand": {
			"rotation": [20, 90, 0],
			"translation": [3, 2.75, 0.25],
			"scale": [0.6, 0.6, 0.6]
		},
		"ground": {
			"rotation": [0, 0, -45],
			"translation": [2.5, 3.5, 0],
			"scale": [0.3, 0.3, 0.3]
		},
		"gui": {
			"rotation": [0, 0, -45],
			"translation": [0.25, 0.25, -0.75],
			"scale": [0.6, 0.6, 0.6]
		},
		"head": {
			"rotation": [0, 0, 45],
			"translation": [9.75, 7.5, 0.75],
			"scale": [0.6, 0.6, 0.6]
		},
		"fixed": {
			"rotation": [0, -180, -45],
			"translation": [-0.5, 0.5, 0.75],
			"scale": [0.55, 0.55, 0.55]
		}
	},
	"groups": [
		{
			"name": "pickaxe",
			"origin": [8, 8, 8],
			"color": 0,
			"children": [
				{
					"name": "pommel",
					"origin": [8, 8, 8],
					"color": 0,
					"children": []
				},
				{
					"name": "grip",
					"origin": [8, 8, 8],
					"color": 0,
					"children": [
						0,
						1,
						{
							"name": "handle",
							"origin": [8, 8, 8],
							"color": 0,
							"children": [2]
						}
					]
				},
				{
					"name": "guard",
					"origin": [8, 8, 8],
					"color": 0,
					"children": [
						{
							"name": "cross-guard",
							"origin": [8, 8, 8],
							"color": 0,
							"children": [
								{
									"name": "gem",
									"origin": [8, 8, 8],
									"color": 0,
									"children": [3, 4, 5, 6, 7, 8, 9, 10, 11, 12, 13, 14, 15, 16, 17, 18, 19, 20, 21, 22, 23]
								},
								{
									"name": "blade",
									"origin": [8, 8, 8],
									"color": 0,
									"children": []
								}
							]
						}
					]
				}
			]
		}
	]
}