{"textures":{"0":"modelengine:entity/ghastling_2","particle":"#0"},"elements":[{"from":[-1.5,3.5,-4.0],"to":[22.5,18.5,-4.0],"faces":{"south":{"uv":[2.0,4.0,4.0,5.25],"tintindex":0,"rotation":0,"texture":"#0"},"north":{"uv":[4.0,1.25,6.0,2.5],"tintindex":0,"rotation":0,"texture":"#0"}}},{"from":[-1.5,3.5,-4.0],"to":[22.5,11.0,20.0],"faces":{"east":{"uv":[9.875,6.5,11.875,7.125],"tintindex":0,"rotation":0,"texture":"#0"},"south":{"uv":[11.75,1.25,13.75,1.875],"tintindex":0,"rotation":0,"texture":"#0"},"north":{"uv":[8.875,4.0,10.875,4.625],"tintindex":0,"rotation":0,"texture":"#0"},"west":{"uv":[10.75,2.5,12.75,3.125],"tintindex":0,"rotation":0,"texture":"#0"},"up":{"uv":[2.0,2.0,0.0,0.0],"tintindex":0,"rotation":0,"texture":"#0"},"down":{"uv":[2.0,2.0,0.0,4.0],"tintindex":0,"rotation":0,"texture":"#0"}}},{"from":[22.5,3.5,-4.0],"to":[22.5,18.5,20.0],"faces":{"east":{"uv":[4.0,2.5,6.0,3.75],"tintindex":0,"rotation":0,"texture":"#0"},"west":{"uv":[4.0,3.75,6.0,5.0],"tintindex":0,"rotation":0,"texture":"#0"}}},{"from":[-1.5,3.5,20.0],"to":[22.5,18.5,20.0],"faces":{"south":{"uv":[0.0,5.25,2.0,6.5],"tintindex":0,"rotation":0,"texture":"#0"},"north":{"uv":[4.0,5.0,6.0,6.25],"tintindex":0,"rotation":0,"texture":"#0"}}},{"from":[-1.5,3.5,-4.0],"to":[-1.5,18.5,20.0],"faces":{"east":{"uv":[0.0,4.0,2.0,5.25],"tintindex":0,"rotation":0,"texture":"#0"},"west":{"uv":[4.0,0.0,6.0,1.25],"tintindex":0,"rotation":0,"texture":"#0"}}}],"display":{"head":{"rotation":[0.0,0.0,0.0]},"firstperson_righthand":{"rotation":[0.0,0.0,0.0]},"thirdperson_lefthand":{"rotation":[0.0,-0.0,-0.0]},"firstperson_lefthand":{"rotation":[0.0,-0.0,-0.0]},"fixed":{"rotation":[0.0,0.0,0.0]},"ground":{"rotation":[0.0,0.0,0.0]},"thirdperson_righthand":{"rotation":[0.0,0.0,0.0]},"gui":{"rotation":[-150.0,-45.0,180.0]}}}