{
	"credit": "Made by Geode",
	"texture_size": [32, 32],
	"textures": {
		"5": "netherite_hoe/nebula_hoe",
		"6": "netherite_hoe/nebula_jets_3",
		"particle": "netherite_hoe/nebula_hoe"
	},
	"elements": [
		{
			"from": [6.99975, 0.83108, 7.14157],
			"to": [8.99975, 12.83108, 9.14157],
			"rotation": {"angle": 0, "axis": "y", "origin": [8, 10.35734, 8.14157]},
			"faces": {
				"north": {"uv": [0, 0, 1, 6], "texture": "#5"},
				"east": {"uv": [1, 0, 2, 6], "texture": "#5"},
				"south": {"uv": [2, 0, 3, 6], "texture": "#5"},
				"west": {"uv": [3, 0, 4, 6], "texture": "#5"},
				"up": {"uv": [4, 7, 3, 6], "texture": "#5"},
				"down": {"uv": [11, 4.5, 10, 5.5], "texture": "#5"}
			}
		},
		{
			"from": [7.99975, 14.73108, 3.44157],
			"to": [7.99975, 22.73108, 11.44157],
			"rotation": {"angle": 0, "axis": "y", "origin": [8, 10.35734, 8.14157]},
			"faces": {
				"north": {"uv": [0, 0, 0, 4], "texture": "#missing"},
				"east": {"uv": [0, 0, 16, 16], "texture": "#6"},
				"south": {"uv": [0, 0, 0, 4], "texture": "#missing"},
				"west": {"uv": [16, 0, 0, 16], "texture": "#6"},
				"up": {"uv": [0, 4, 0, 0], "texture": "#missing"},
				"down": {"uv": [0, 0, 0, 4], "texture": "#missing"}
			}
		},
		{
			"from": [6.74975, 3.64656, 13.8423],
			"to": [9.24975, 4.64656, 14.8423],
			"rotation": {"angle": 45, "axis": "x", "origin": [8, 10.35734, 8.14157]},
			"faces": {
				"north": {"uv": [4.5, 11.5, 6, 12], "texture": "#5"},
				"east": {"uv": [5, 10.5, 5.5, 11], "texture": "#5"},
				"south": {"uv": [11.5, 8, 13, 8.5], "texture": "#5"},
				"west": {"uv": [11.5, 12, 12, 12.5], "texture": "#5"},
				"up": {"uv": [10, 12, 8.5, 11.5], "texture": "#5"},
				"down": {"uv": [13, 8.5, 11.5, 9], "texture": "#5"}
			}
		},
		{
			"from": [7.99975, -1.55994, 3.73632],
			"to": [7.99975, 2.44006, 6.73632],
			"rotation": {"angle": -22.5, "axis": "x", "origin": [8, 10.35734, 8.14157]},
			"faces": {
				"north": {"uv": [0, 0, 0, 2], "texture": "#5"},
				"east": {"uv": [5.5, 3, 7, 5], "texture": "#5"},
				"south": {"uv": [0, 0, 0, 2], "texture": "#5"},
				"west": {"uv": [5.5, 5, 7, 7], "texture": "#5"},
				"up": {"uv": [0, 1.5, 0, 0], "texture": "#5"},
				"down": {"uv": [0, 0, 0, 1.5], "texture": "#5"}
			}
		},
		{
			"from": [7.99975, -1.55994, 9.54683],
			"to": [7.99975, 2.44006, 12.54683],
			"rotation": {"angle": 22.5, "axis": "x", "origin": [8, 10.35734, 8.14157]},
			"faces": {
				"north": {"uv": [0, 0, 0, 2], "texture": "#5"},
				"east": {"uv": [3, 7, 4.5, 9], "texture": "#5"},
				"south": {"uv": [0, 0, 0, 2], "texture": "#5"},
				"west": {"uv": [7, 4, 8.5, 6], "texture": "#5"},
				"up": {"uv": [0, 1.5, 0, 0], "texture": "#5"},
				"down": {"uv": [0, 0, 0, 1.5], "texture": "#5"}
			}
		},
		{
			"from": [6.49975, 2.64656, 13.8423],
			"to": [9.49975, 3.64656, 14.8423],
			"rotation": {"angle": 45, "axis": "x", "origin": [8, 10.35734, 8.14157]},
			"faces": {
				"north": {"uv": [11.5, 1.5, 13, 2], "texture": "#5"},
				"east": {"uv": [4, 9, 4.5, 9.5], "texture": "#5"},
				"south": {"uv": [3, 11.5, 4.5, 12], "texture": "#5"},
				"west": {"uv": [9.5, 1, 10, 1.5], "texture": "#5"},
				"up": {"uv": [13, 4, 11.5, 3.5], "texture": "#5"},
				"down": {"uv": [13, 4, 11.5, 4.5], "texture": "#5"}
			}
		},
		{
			"from": [6.49975, 2.64656, 12.8423],
			"to": [9.49975, 5.64656, 13.8423],
			"rotation": {"angle": 45, "axis": "x", "origin": [8, 10.35734, 8.14157]},
			"faces": {
				"north": {"uv": [0, 8, 1.5, 9.5], "texture": "#5"},
				"east": {"uv": [8, 11, 8.5, 12.5], "texture": "#5"},
				"south": {"uv": [8, 0, 9.5, 1.5], "texture": "#5"},
				"west": {"uv": [11, 8, 11.5, 9.5], "texture": "#5"},
				"up": {"uv": [10, 11.5, 8.5, 11], "texture": "#5"},
				"down": {"uv": [12.5, 9.5, 11, 10], "texture": "#5"}
			}
		},
		{
			"from": [6.49975, 4.64656, 13.8423],
			"to": [9.49975, 5.64656, 14.8423],
			"rotation": {"angle": 45, "axis": "x", "origin": [8, 10.35734, 8.14157]},
			"faces": {
				"north": {"uv": [10, 11, 11.5, 11.5], "texture": "#5"},
				"east": {"uv": [6.5, 7, 7, 7.5], "texture": "#5"},
				"south": {"uv": [11, 10, 12.5, 10.5], "texture": "#5"},
				"west": {"uv": [8, 1.5, 8.5, 2], "texture": "#5"},
				"up": {"uv": [13, 1.5, 11.5, 1], "texture": "#5"},
				"down": {"uv": [3, 11.5, 1.5, 12], "texture": "#5"}
			}
		},
		{
			"from": [6.49975, 2.64656, 14.8423],
			"to": [9.49975, 5.64656, 15.8423],
			"rotation": {"angle": 45, "axis": "x", "origin": [8, 10.35734, 8.14157]},
			"faces": {
				"north": {"uv": [7, 6, 8.5, 7.5], "texture": "#5"},
				"east": {"uv": [7.5, 10, 8, 11.5], "texture": "#5"},
				"south": {"uv": [6.5, 7.5, 8, 9], "texture": "#5"},
				"west": {"uv": [1, 10.5, 1.5, 12], "texture": "#5"},
				"up": {"uv": [10.5, 11, 9, 10.5], "texture": "#5"},
				"down": {"uv": [12, 10.5, 10.5, 11], "texture": "#5"}
			}
		},
		{
			"from": [6.49975, 12.13184, 3.35702],
			"to": [9.49975, 14.13184, 4.35702],
			"rotation": {"angle": 45, "axis": "x", "origin": [8, 10.35734, 8.14157]},
			"faces": {
				"north": {"uv": [8.5, 3.5, 10, 4.5], "texture": "#5"},
				"east": {"uv": [6, 11.5, 6.5, 12.5], "texture": "#5"},
				"south": {"uv": [8.5, 4.5, 10, 5.5], "texture": "#5"},
				"west": {"uv": [7.5, 11.5, 8, 12.5], "texture": "#5"},
				"up": {"uv": [12.5, 5, 11, 4.5], "texture": "#5"},
				"down": {"uv": [6.5, 11, 5, 11.5], "texture": "#5"}
			}
		},
		{
			"from": [6.49975, 11.13184, 3.35702],
			"to": [9.49975, 12.13184, 7.35702],
			"rotation": {"angle": 45, "axis": "x", "origin": [8, 10.35734, 8.14157]},
			"faces": {
				"north": {"uv": [11, 2, 12.5, 2.5], "texture": "#5"},
				"east": {"uv": [10, 6.5, 12, 7], "texture": "#5"},
				"south": {"uv": [2.5, 11, 4, 11.5], "texture": "#5"},
				"west": {"uv": [10, 7, 12, 7.5], "texture": "#5"},
				"up": {"uv": [1.5, 8, 0, 6], "texture": "#5"},
				"down": {"uv": [3, 6, 1.5, 8], "texture": "#5"}
			}
		},
		{
			"from": [6.74975, 12.13184, 4.35702],
			"to": [9.24975, 14.13184, 6.35702],
			"rotation": {"angle": 45, "axis": "x", "origin": [8, 10.35734, 8.14157]},
			"faces": {
				"north": {"uv": [8.5, 5.5, 10, 6.5], "texture": "#5"},
				"east": {"uv": [6.5, 10, 7.5, 11], "texture": "#5"},
				"south": {"uv": [8.5, 6.5, 10, 7.5], "texture": "#5"},
				"west": {"uv": [10, 7.5, 11, 8.5], "texture": "#5"},
				"up": {"uv": [4, 10, 2.5, 9], "texture": "#5"},
				"down": {"uv": [8, 9, 6.5, 10], "texture": "#5"}
			}
		},
		{
			"from": [6.49975, 12.13184, 6.35702],
			"to": [9.49975, 14.13184, 7.35702],
			"rotation": {"angle": 45, "axis": "x", "origin": [8, 10.35734, 8.14157]},
			"faces": {
				"north": {"uv": [8.5, 1.5, 10, 2.5], "texture": "#5"},
				"east": {"uv": [6.5, 2, 7, 3], "texture": "#5"},
				"south": {"uv": [8.5, 2.5, 10, 3.5], "texture": "#5"},
				"west": {"uv": [2.5, 8, 3, 9], "texture": "#5"},
				"up": {"uv": [12.5, 3, 11, 2.5], "texture": "#5"},
				"down": {"uv": [12.5, 3, 11, 3.5], "texture": "#5"}
			}
		},
		{
			"from": [6.49975, 14.13184, 3.35702],
			"to": [9.49975, 15.13184, 7.35702],
			"rotation": {"angle": 45, "axis": "x", "origin": [8, 10.35734, 8.14157]},
			"faces": {
				"north": {"uv": [11, 0, 12.5, 0.5], "texture": "#5"},
				"east": {"uv": [10, 5.5, 12, 6], "texture": "#5"},
				"south": {"uv": [11, 0.5, 12.5, 1], "texture": "#5"},
				"west": {"uv": [10, 6, 12, 6.5], "texture": "#5"},
				"up": {"uv": [5.5, 5, 4, 3], "texture": "#5"},
				"down": {"uv": [5.5, 5, 4, 7], "texture": "#5"}
			}
		},
		{
			"from": [6.99925, 12.72636, 3.6196],
			"to": [8.99925, 15.72636, 8.6196],
			"rotation": {"angle": 0, "axis": "y", "origin": [8, 11.9315, 3.39718]},
			"faces": {
				"north": {"uv": [9, 7.5, 10, 9], "texture": "#5"},
				"east": {"uv": [4, 0, 6.5, 1.5], "texture": "#5"},
				"south": {"uv": [9, 9, 10, 10.5], "texture": "#5"},
				"west": {"uv": [4, 1.5, 6.5, 3], "texture": "#5"},
				"up": {"uv": [5.5, 9.5, 4.5, 7], "texture": "#5"},
				"down": {"uv": [6.5, 7, 5.5, 9.5], "texture": "#5"}
			}
		},
		{
			"from": [6.49925, 10.77411, 4.22544],
			"to": [9.49925, 14.77411, 6.22544],
			"rotation": {"angle": -45, "axis": "x", "origin": [8, 11.9315, 3.39718]},
			"faces": {
				"north": {"uv": [6.5, 0, 8, 2], "texture": "#5"},
				"east": {"uv": [1.5, 8, 2.5, 10], "texture": "#5"},
				"south": {"uv": [7, 2, 8.5, 4], "texture": "#5"},
				"west": {"uv": [8, 7.5, 9, 9.5], "texture": "#5"},
				"up": {"uv": [1.5, 10.5, 0, 9.5], "texture": "#5"},
				"down": {"uv": [11, 0, 9.5, 1], "texture": "#5"}
			}
		},
		{
			"from": [7.50025, 11.09573, 1.66863],
			"to": [8.50025, 14.09573, 3.66863],
			"rotation": {"angle": 45, "axis": "x", "origin": [8.00025, 12.59573, 2.66863]},
			"faces": {
				"north": {"uv": [7.5, 11, 7, 12.5], "rotation": 180, "texture": "#5"},
				"east": {"uv": [4, 9.5, 5.5, 10.5], "rotation": 270, "texture": "#5"},
				"south": {"uv": [7, 12.5, 6.5, 11], "texture": "#5"},
				"west": {"uv": [10, 1, 11.5, 2], "rotation": 90, "texture": "#5"},
				"up": {"uv": [11.5, 11, 12, 12], "rotation": 180, "texture": "#5"},
				"down": {"uv": [1, 12, 1.5, 13], "texture": "#5"}
			}
		},
		{
			"from": [7.00025, 10.33683, 0.39188],
			"to": [9.00025, 11.33683, 3.39188],
			"rotation": {"angle": 22.5, "axis": "x", "origin": [8, 11.7815, 3.24718]},
			"faces": {
				"north": {"uv": [1.5, 12, 2.5, 12.5], "texture": "#5"},
				"east": {"uv": [11, 5, 12.5, 5.5], "texture": "#5"},
				"south": {"uv": [2.5, 12, 3.5, 12.5], "texture": "#5"},
				"west": {"uv": [11, 7.5, 12.5, 8], "texture": "#5"},
				"up": {"uv": [6.5, 11, 5.5, 9.5], "texture": "#5"},
				"down": {"uv": [9, 9.5, 8, 11], "texture": "#5"}
			}
		},
		{
			"from": [7.50075, 14.82994, 11.61863],
			"to": [8.50075, 16.82994, 13.61863],
			"rotation": {"angle": -45, "axis": "x", "origin": [8.0005, 15.82944, 13.11863]},
			"faces": {
				"north": {"uv": [3.5, 12, 4, 13], "texture": "#5"},
				"east": {"uv": [10, 8.5, 11, 9.5], "texture": "#5"},
				"south": {"uv": [4, 12, 4.5, 13], "texture": "#5"},
				"west": {"uv": [10, 9.5, 11, 10.5], "texture": "#5"},
				"up": {"uv": [5, 13, 4.5, 12], "texture": "#5"},
				"down": {"uv": [5.5, 12, 5, 13], "texture": "#5"}
			}
		},
		{
			"from": [7.50275, 15.47907, 12.76755],
			"to": [8.49875, 16.88763, 14.17611],
			"rotation": {"angle": 0, "axis": "y", "origin": [8.0005, 15.82944, 13.11863]},
			"faces": {
				"north": {"uv": [12, 11.5, 12.5, 12], "texture": "#5"},
				"east": {"uv": [12, 12, 12.5, 12.5], "texture": "#5"},
				"south": {"uv": [12.5, 0, 13, 0.5], "texture": "#5"},
				"west": {"uv": [12.5, 0.5, 13, 1], "texture": "#5"},
				"up": {"uv": [2, 13, 1.5, 12.5], "texture": "#5"},
				"down": {"uv": [2.5, 12.5, 2, 13], "texture": "#5"}
			}
		},
		{
			"from": [7.50125, 13.12393, 9.24423],
			"to": [8.49925, 15.11993, 12.23823],
			"rotation": {"angle": 0, "axis": "y", "origin": [8.00025, 14.12193, 10.74123]},
			"faces": {
				"north": {"uv": [12, 10.5, 12.5, 11.5], "texture": "#5"},
				"east": {"uv": [2.5, 10, 4, 11], "texture": "#5"},
				"south": {"uv": [11, 12, 11.5, 13], "texture": "#5"},
				"west": {"uv": [10, 3.5, 11.5, 4.5], "texture": "#5"},
				"up": {"uv": [0.5, 13, 0, 11.5], "texture": "#5"},
				"down": {"uv": [1, 11.5, 0.5, 13], "texture": "#5"}
			}
		},
		{
			"from": [7.00025, 13.85679, 10.82378],
			"to": [9.00025, 14.85679, 13.82378],
			"rotation": {"angle": 45, "axis": "x", "origin": [8.00025, 15.1616, 12.09891]},
			"faces": {
				"north": {"uv": [9, 12, 10, 12.5], "texture": "#5"},
				"east": {"uv": [11.5, 9, 13, 9.5], "texture": "#5"},
				"south": {"uv": [10, 12, 11, 12.5], "texture": "#5"},
				"west": {"uv": [10, 11.5, 11.5, 12], "texture": "#5"},
				"up": {"uv": [2.5, 11.5, 1.5, 10], "texture": "#5"},
				"down": {"uv": [11, 2, 10, 3.5], "texture": "#5"}
			}
		},
		{
			"from": [7.50025, 9.27098, -0.09377],
			"to": [8.50025, 11.27098, 1.90623],
			"rotation": {"angle": 22.5, "axis": "x", "origin": [8.00025, 9.77098, 0.90623]},
			"faces": {
				"north": {"uv": [5.5, 12, 6, 13], "texture": "#5"},
				"east": {"uv": [0, 10.5, 1, 11.5], "texture": "#5"},
				"south": {"uv": [12, 5.5, 12.5, 6.5], "texture": "#5"},
				"west": {"uv": [4, 10.5, 5, 11.5], "texture": "#5"},
				"up": {"uv": [12.5, 7.5, 12, 6.5], "texture": "#5"},
				"down": {"uv": [9, 12, 8.5, 13], "texture": "#5"}
			}
		},
		{
			"from": [7.50075, 8.60699, 0.00762],
			"to": [8.49576, 10.01414, 1.41477],
			"rotation": {"angle": -22.5, "axis": "x", "origin": [7.99825, 9.31056, 0.71119]},
			"faces": {
				"north": {"uv": [12.5, 2, 13, 2.5], "texture": "#5"},
				"east": {"uv": [2.5, 12.5, 3, 13], "texture": "#5"},
				"south": {"uv": [12.5, 2.5, 13, 3], "texture": "#5"},
				"west": {"uv": [3, 12.5, 3.5, 13], "texture": "#5"},
				"up": {"uv": [13, 3.5, 12.5, 3], "texture": "#5"},
				"down": {"uv": [13, 4.5, 12.5, 5], "texture": "#5"}
			}
		}
	],
	"display": {
		"thirdperson_righthand": {
			"translation": [0, 1.5, 2]
		},
		"thirdperson_lefthand": {
			"translation": [0, 1.5, 2]
		},
		"firstperson_righthand": {
			"rotation": [10, 0, 0],
			"translation": [1.25, 4.25, 0],
			"scale": [0.8, 0.8, 0.8]
		},
		"firstperson_lefthand": {
			"rotation": [10, 0, 0],
			"translation": [1.25, 4.25, 0],
			"scale": [0.8, 0.8, 0.8]
		},
		"ground": {
			"translation": [0, 1.75, 0],
			"scale": [0.8, 0.8, 0.8]
		},
		"gui": {
			"rotation": [-90, -45, -90],
			"translation": [-1.25, -1, -0.5],
			"scale": [0.8, 0.8, 0.8]
		},
		"fixed": {
			"rotation": [-90, 45, 90],
			"translation": [1, -1, -0.5],
			"scale": [0.9, 0.9, 0.9]
		}
	},
	"groups": [
		{
			"name": "Handle",
			"origin": [-0.18301, 12.1995, -0.0005],
			"color": 0,
			"children": [
				0,
				1,
				{
					"name": "Pommel",
					"origin": [8.00025, 16.5, 8],
					"color": 0,
					"children": [2, 3, 4, 5, 6, 7, 8]
				},
				9,
				10,
				11,
				12,
				13
			]
		},
		{
			"name": "LeftGuard",
			"origin": [7.81674, 12.1995, 11.05184],
			"color": 0,
			"children": [14, 15, 16, 17, 18, 19, 20, 21, 22, 23]
		},
		{
			"name": "LeftGuard",
			"origin": [7.81674, 12.1995, 11.05184],
			"color": 0,
			"children": []
		}
	]
}