{
	"credit": "Made with Blockbench",
	"ambientocclusion": false,
	"texture_size": [64, 64],
	"textures": {
		"0": "netherite_hoe/toffy_halloween_hoe",
		"particle": "netherite_hoe/toffy_halloween_hoe"
	},
	"elements": [
		{
			"from": [7, -4, 7.75],
			"to": [9, 14, 9.75],
			"rotation": {"angle": 45, "axis": "y", "origin": [8, 5, 8.75]},
			"faces": {
				"north": {"uv": [1.5, 6, 2, 10.5], "texture": "#0"},
				"east": {"uv": [2.25, 6, 2.75, 10.5], "texture": "#0"},
				"south": {"uv": [3, 6, 3.5, 10.5], "texture": "#0"},
				"west": {"uv": [3.75, 6, 4.25, 10.5], "texture": "#0"},
				"up": {"uv": [10.25, 7.5, 9.75, 7], "texture": "#0"},
				"down": {"uv": [8.25, 9.75, 7.75, 10.25], "texture": "#0"}
			}
		},
		{
			"from": [7, 5, 9],
			"to": [9, 28, 11],
			"faces": {
				"north": {"uv": [4.5, 4.25, 5, 10], "texture": "#0"},
				"east": {"uv": [5.25, 4.25, 5.75, 10], "texture": "#0"},
				"south": {"uv": [0, 6, 0.5, 11.75], "texture": "#0"},
				"west": {"uv": [0.75, 6, 1.25, 11.75], "texture": "#0"},
				"up": {"uv": [10.25, 8.25, 9.75, 7.75], "texture": "#0"},
				"down": {"uv": [9, 9.75, 8.5, 10.25], "texture": "#0"}
			}
		},
		{
			"from": [6.5, -6, 7.25],
			"to": [9.5, -3, 10.25],
			"rotation": {"angle": -45, "axis": "x", "origin": [8, -4.5, 8.75]},
			"faces": {
				"north": {"uv": [8.5, 0, 9.25, 0.75], "texture": "#0"},
				"east": {"uv": [8.5, 1, 9.25, 1.75], "texture": "#0"},
				"south": {"uv": [8.5, 2, 9.25, 2.75], "texture": "#0"},
				"west": {"uv": [8.5, 3, 9.25, 3.75], "texture": "#0"},
				"up": {"uv": [9.5, 4.75, 8.75, 4], "texture": "#0"},
				"down": {"uv": [9.5, 5, 8.75, 5.75], "texture": "#0"}
			}
		},
		{
			"from": [6, 9, 7],
			"to": [10, 11, 8],
			"rotation": {"angle": 0, "axis": "y", "origin": [-1, 0, -4]},
			"faces": {
				"north": {"uv": [8, 9, 9, 9.5], "texture": "#0"},
				"east": {"uv": [9, 11, 9.25, 11.5], "texture": "#0"},
				"south": {"uv": [6, 9.25, 7, 9.75], "texture": "#0"},
				"west": {"uv": [11, 9, 11.25, 9.5], "texture": "#0"},
				"up": {"uv": [11.5, 8, 10.5, 7.75], "texture": "#0"},
				"down": {"uv": [9.5, 10.5, 8.5, 10.75], "texture": "#0"}
			}
		},
		{
			"from": [4, 3.5, 6],
			"to": [12, 9.5, 6],
			"rotation": {"angle": 22.5, "axis": "x", "origin": [8, 7, 6]},
			"faces": {
				"north": {"uv": [0, 4.25, 2, 5.75], "texture": "#0"},
				"east": {"uv": [6.25, 11.25, 6.25, 12.75], "texture": "#0"},
				"south": {"uv": [2.25, 4.25, 4.25, 5.75], "texture": "#0"},
				"west": {"uv": [6.5, 11.25, 6.5, 12.75], "texture": "#0"},
				"up": {"uv": [13, 10.5, 11, 10.5], "texture": "#0"},
				"down": {"uv": [13.25, 7.25, 11.25, 7.25], "texture": "#0"}
			}
		},
		{
			"from": [7, 9, 6],
			"to": [9, 11, 7],
			"rotation": {"angle": 0, "axis": "y", "origin": [0, 0, -4]},
			"faces": {
				"north": {"uv": [1.5, 10.75, 2, 11.25], "texture": "#0"},
				"east": {"uv": [9.5, 11, 9.75, 11.5], "texture": "#0"},
				"south": {"uv": [2.25, 10.75, 2.75, 11.25], "texture": "#0"},
				"west": {"uv": [11, 9.75, 11.25, 10.25], "texture": "#0"},
				"up": {"uv": [11.75, 1.75, 11.25, 1.5], "texture": "#0"},
				"down": {"uv": [11.75, 2, 11.25, 2.25], "texture": "#0"}
			}
		},
		{
			"from": [3.5, 8.25, 5.5],
			"to": [6.5, 11.25, 7.5],
			"rotation": {"angle": 22.5, "axis": "z", "origin": [5, 10.25, 6.5]},
			"faces": {
				"north": {"uv": [8, 7, 8.75, 7.75], "texture": "#0"},
				"east": {"uv": [9.5, 0, 10, 0.75], "texture": "#0"},
				"south": {"uv": [8, 8, 8.75, 8.75], "texture": "#0"},
				"west": {"uv": [9.5, 1, 10, 1.75], "texture": "#0"},
				"up": {"uv": [10.25, 2.5, 9.5, 2], "texture": "#0"},
				"down": {"uv": [10.25, 2.75, 9.5, 3.25], "texture": "#0"}
			}
		},
		{
			"from": [9.5, 8.25, 5.5],
			"to": [12.5, 11.25, 7.5],
			"rotation": {"angle": -22.5, "axis": "z", "origin": [11, 10.25, 6.5]},
			"faces": {
				"north": {"uv": [6, 8.25, 6.75, 9], "texture": "#0"},
				"east": {"uv": [9.75, 3.5, 10.25, 4.25], "texture": "#0"},
				"south": {"uv": [7, 8.25, 7.75, 9], "texture": "#0"},
				"west": {"uv": [9.75, 4.5, 10.25, 5.25], "texture": "#0"},
				"up": {"uv": [10.5, 6, 9.75, 5.5], "texture": "#0"},
				"down": {"uv": [10.5, 6.25, 9.75, 6.75], "texture": "#0"}
			}
		},
		{
			"from": [8, 16, 11],
			"to": [8, 32, 25],
			"rotation": {"angle": 0, "axis": "y", "origin": [0, 0, 2]},
			"faces": {
				"north": {"uv": [5.75, 11, 5.75, 15], "texture": "#0"},
				"east": {"uv": [0, 0, 3.5, 4], "texture": "#0"},
				"south": {"uv": [10, 11, 10, 15], "texture": "#0"},
				"west": {"uv": [3.75, 0, 7.25, 4], "texture": "#0"},
				"up": {"uv": [11.25, 7, 11.25, 3.5], "texture": "#0"},
				"down": {"uv": [6, 11.25, 6, 14.75], "texture": "#0"}
			}
		},
		{
			"from": [7.5, 23, 3],
			"to": [8.5, 27, 9],
			"faces": {
				"north": {"uv": [9.75, 8.5, 10, 9.5], "texture": "#0"},
				"east": {"uv": [6, 4.25, 7.5, 5.25], "texture": "#0"},
				"south": {"uv": [9.75, 9.75, 10, 10.75], "texture": "#0"},
				"west": {"uv": [6, 5.5, 7.5, 6.5], "texture": "#0"},
				"up": {"uv": [7.5, 10.75, 7.25, 9.25], "texture": "#0"},
				"down": {"uv": [9.5, 8.5, 9.25, 10], "texture": "#0"}
			}
		},
		{
			"from": [7.525, 21.62151, 2.06985],
			"to": [8.475, 25.62151, 4.06985],
			"rotation": {"angle": -22.5, "axis": "x", "origin": [8, 23.62151, 0.06985]},
			"faces": {
				"north": {"uv": [6, 10, 6.25, 11], "texture": "#0"},
				"east": {"uv": [9, 6, 9.5, 7], "texture": "#0"},
				"south": {"uv": [6.5, 10, 6.75, 11], "texture": "#0"},
				"west": {"uv": [9, 7.25, 9.5, 8.25], "texture": "#0"},
				"up": {"uv": [11, 6.75, 10.75, 6.25], "texture": "#0"},
				"down": {"uv": [10.5, 10.75, 10.25, 11.25], "texture": "#0"}
			}
		},
		{
			"from": [7.525, 22.12151, -0.93015],
			"to": [8.475, 25.12151, 2.06985],
			"rotation": {"angle": -22.5, "axis": "x", "origin": [8, 23.62151, 0.06985]},
			"faces": {
				"north": {"uv": [3, 10.75, 3.25, 11.5], "texture": "#0"},
				"east": {"uv": [7.75, 5, 8.5, 5.75], "texture": "#0"},
				"south": {"uv": [3.5, 10.75, 3.75, 11.5], "texture": "#0"},
				"west": {"uv": [8, 6, 8.75, 6.75], "texture": "#0"},
				"up": {"uv": [4.25, 11.5, 4, 10.75], "texture": "#0"},
				"down": {"uv": [11, 5.25, 10.75, 6], "texture": "#0"}
			}
		},
		{
			"from": [7.525, 21.87151, -2.93015],
			"to": [8.475, 23.87151, -0.93015],
			"rotation": {"angle": -22.5, "axis": "x", "origin": [8, 23.62151, 0.06985]},
			"faces": {
				"north": {"uv": [10.75, 10.75, 11, 11.25], "texture": "#0"},
				"east": {"uv": [10.25, 0, 10.75, 0.5], "texture": "#0"},
				"south": {"uv": [11, 0, 11.25, 0.5], "texture": "#0"},
				"west": {"uv": [10.25, 0.75, 10.75, 1.25], "texture": "#0"},
				"up": {"uv": [11.25, 1.25, 11, 0.75], "texture": "#0"},
				"down": {"uv": [4.75, 11, 4.5, 11.5], "texture": "#0"}
			}
		},
		{
			"from": [7.525, 21.62151, -4.93015],
			"to": [8.475, 22.62151, -2.93015],
			"rotation": {"angle": -22.5, "axis": "x", "origin": [8, 23.62151, 0.06985]},
			"faces": {
				"north": {"uv": [11.25, 2.5, 11.5, 2.75], "texture": "#0"},
				"east": {"uv": [5, 11, 5.5, 11.25], "texture": "#0"},
				"south": {"uv": [11.25, 3, 11.5, 3.25], "texture": "#0"},
				"west": {"uv": [7, 11, 7.5, 11.25], "texture": "#0"},
				"up": {"uv": [11.25, 8.75, 11, 8.25], "texture": "#0"},
				"down": {"uv": [8.75, 11, 8.5, 11.5], "texture": "#0"}
			}
		},
		{
			"from": [6.5, 22.5, 8.5],
			"to": [9.5, 27.5, 11.5],
			"faces": {
				"north": {"uv": [6, 6.75, 6.75, 8], "texture": "#0"},
				"east": {"uv": [7, 6.75, 7.75, 8], "texture": "#0"},
				"south": {"uv": [7.5, 0, 8.25, 1.25], "texture": "#0"},
				"west": {"uv": [7.5, 1.5, 8.25, 2.75], "texture": "#0"},
				"up": {"uv": [8.25, 3.75, 7.5, 3], "texture": "#0"},
				"down": {"uv": [8.5, 4, 7.75, 4.75], "texture": "#0"}
			}
		},
		{
			"from": [7, 21.5, 13],
			"to": [9, 23.5, 15],
			"rotation": {"angle": 45, "axis": "x", "origin": [8, 22.5, 14]},
			"faces": {
				"north": {"uv": [4.5, 10.25, 5, 10.75], "texture": "#0"},
				"east": {"uv": [5.25, 10.25, 5.75, 10.75], "texture": "#0"},
				"south": {"uv": [10.25, 8.5, 10.75, 9], "texture": "#0"},
				"west": {"uv": [10.25, 9.25, 10.75, 9.75], "texture": "#0"},
				"up": {"uv": [10.75, 10.5, 10.25, 10], "texture": "#0"},
				"down": {"uv": [11, 1.5, 10.5, 2], "texture": "#0"}
			}
		},
		{
			"from": [7, 25, 12.5],
			"to": [9, 27, 14.5],
			"rotation": {"angle": 22.5, "axis": "x", "origin": [8, 26, 13.5]},
			"faces": {
				"north": {"uv": [10.5, 2.25, 11, 2.75], "texture": "#0"},
				"east": {"uv": [10.5, 3, 11, 3.5], "texture": "#0"},
				"south": {"uv": [10.5, 3.75, 11, 4.25], "texture": "#0"},
				"west": {"uv": [10.5, 4.5, 11, 5], "texture": "#0"},
				"up": {"uv": [11, 7.5, 10.5, 7], "texture": "#0"},
				"down": {"uv": [8.25, 10.5, 7.75, 11], "texture": "#0"}
			}
		}
	],
	"gui_light": "front",
	"display": {
		"thirdperson_righthand": {
			"translation": [0, 0.25, 0.75],
			"scale": [0.65, 0.65, 0.65]
		},
		"thirdperson_lefthand": {
			"translation": [0, 0.25, 0.75],
			"scale": [0.65, 0.65, 0.65]
		},
		"firstperson_righthand": {
			"scale": [0.45, 0.45, 0.45]
		},
		"firstperson_lefthand": {
			"scale": [0.45, 0.45, 0.45]
		},
		"ground": {
			"rotation": [45, 0, 0],
			"scale": [0.2, 0.2, 0.2]
		},
		"gui": {
			"rotation": [35, 45, 132],
			"translation": [-1.75, -1.25, 0],
			"scale": [0.45, -0.45, 0.45]
		},
		"head": {
			"translation": [0, -8.75, 0]
		},
		"fixed": {
			"rotation": [90, -45, 90],
			"translation": [2.5, -2, -0.75],
			"scale": [0.5, 0.5, 0.5]
		}
	}
}