{
    "sources": [
        {
            "type": "directory",
            "source": "netherite_sword",
            "prefix": "netherite_sword/"
        },
        {
            "type": "directory",
            "source": "netherite_axe",
            "prefix": "netherite_axe/"
        },   
        {
            "type": "directory",
            "source": "netherite_shovel",
            "prefix": "netherite_shovel/"
        },   
        {
            "type": "directory",
            "source": "netherite_pickaxe",
            "prefix": "netherite_pickaxe/"
        },           
        {
            "type": "directory",
            "source": "netherite_hoe",
            "prefix": "netherite_hoe/"
        },                        
        {
            "type": "directory",
            "source": "fishing_rod",
            "prefix": "fishing_rod/"
        },
        {
            "type": "directory",
            "source": "bow",
            "prefix": "bow/"
        },
        {
            "type": "directory",
            "source": "crossbow",
            "prefix": "crossbow/"
        },        
        {
            "type": "directory",
            "source": "shield",
            "prefix": "shield/"
        },        
        {
            "type": "directory",
            "source": "emerald",
            "prefix": "emerald/"
        },
        {
            "type": "directory",
            "source": "paper",
            "prefix": "paper/"
        },
        {
            "type": "directory",
            "source": "cod",
            "prefix": "cod/"
        }, 
        {
            "type": "directory",
            "source": "salmon",
            "prefix": "salmon/"
        }, 
        {
            "type": "directory",
            "source": "pufferfish",
            "prefix": "pufferfish/"
        },   
        {
            "type": "directory",
            "source": "tropical_fish",
            "prefix": "tropical_fish/"
        },                                         
        {
            "type": "directory",
            "source": "entity",
            "prefix": "entity/"
        },
        {
            "type": "directory",
            "source": "dolls",
            "prefix": "dolls/"
        },
        {
            "type": "directory",
            "source": "candy",
            "prefix": "candy/"
        },
        {
            "type": "directory",
            "source": "valentine_set",
            "prefix": "valentine_set/"
        },
        {
            "type": "directory",
            "source": "carnivoret_set",
            "prefix": "carnivoret_set/"
        },                        
        {
            "type": "directory",
            "source": "extras",
            "prefix": "extras/"
        },
        {
            "type": "paletted_permutations",
            "textures": [
                "trims/models/armor/patch"
            ],
            "palette_key": "trims/color_palettes/trim_palette_new",
            "permutations": {
                "new": "trims/color_palettes/new"
            }
        }        
    ]
}