{
    "sources": [
        {
            "type": "directory",
            "source": "netherite_sword",
            "prefix": "netherite_sword/"
        },
        {
            "type": "directory",
            "source": "netherite_axe",
            "prefix": "netherite_axe/"
        },   
        {
            "type": "directory",
            "source": "netherite_shovel",
            "prefix": "netherite_shovel/"
        },   
        {
            "type": "directory",
            "source": "netherite_pickaxe",
            "prefix": "netherite_pickaxe/"
        },           
        {
            "type": "directory",
            "source": "netherite_hoe",
            "prefix": "netherite_hoe/"
        },                        
        {
            "type": "directory",
            "source": "fishing_rod",
            "prefix": "fishing_rod/"
        },
        {
            "type": "directory",
            "source": "bow",
            "prefix": "bow/"
        },
        {
            "type": "directory",
            "source": "shield",
            "prefix": "shield/"
        },        
        {
            "type": "directory",
            "source": "emerald",
            "prefix": "emerald/"
        },
        {
            "type": "directory",
            "source": "paper",
            "prefix": "paper/"
        },
        {
            "type": "directory",
            "source": "entity",
            "prefix": "entity/"
        },
        {
            "type": "directory",
            "source": "dolls",
            "prefix": "dolls/"
        },
        {
            "type": "directory",
            "source": "candy",
            "prefix": "candy/"
        },
        {
            "type": "directory",
            "source": "extras",
            "prefix": "extras/"
        }
    ]
}