{
	"credit": "Made with Blockbench",
	"texture_size": [128, 128],
	"textures": {
		"0": "modelengine:entity/frankenstein"
	},
	"elements": [
		{
			"from": [4.5, 8, 4],
			"to": [11.5, 15, 12],
			"rotation": {"angle": 0, "axis": "y", "origin": [7.5, -29, 13]},
			"faces": {
				"north": {"uv": [8, 3, 8.875, 3.875], "texture": "#0"},
				"east": {"uv": [7.875, 4.125, 8.875, 5], "texture": "#0"},
				"south": {"uv": [5.5, 8.125, 6.375, 9], "texture": "#0"},
				"west": {"uv": [7.875, 5, 8.875, 5.875], "texture": "#0"},
				"up": {"uv": [8.75, 6.875, 7.875, 5.875], "texture": "#0"},
				"down": {"uv": [8.75, 6.875, 7.875, 7.875], "texture": "#0"}
			}
		},
		{
			"from": [4, 3, 2],
			"to": [12, 8, 9],
			"rotation": {"angle": 0, "axis": "y", "origin": [7.5, -29, 13]},
			"faces": {
				"north": {"uv": [8.75, 6.375, 9.75, 7], "texture": "#0"},
				"east": {"uv": [6.375, 8.875, 7.25, 9.5], "texture": "#0"},
				"south": {"uv": [8.75, 7, 9.75, 7.625], "texture": "#0"},
				"west": {"uv": [0, 9, 0.875, 9.625], "texture": "#0"},
				"up": {"uv": [6.5, 8.125, 5.5, 7.25], "texture": "#0"},
				"down": {"uv": [8.625, 1.5, 7.625, 2.375], "texture": "#0"}
			}
		},
		{
			"from": [4, 8, 6],
			"to": [12, 10, 9],
			"rotation": {"angle": 0, "axis": "y", "origin": [7.5, -29, 13]},
			"faces": {
				"north": {"uv": [9.625, 8.5, 10.625, 8.75], "texture": "#0"},
				"east": {"uv": [3.875, 3.5, 4.25, 3.75], "texture": "#0"},
				"south": {"uv": [9.625, 8.75, 10.625, 9], "texture": "#0"},
				"west": {"uv": [5.25, 3.25, 5.625, 3.5], "texture": "#0"},
				"up": {"uv": [1, 4.875, 0, 4.5], "texture": "#0"},
				"down": {"uv": [10.25, 8.125, 9.25, 8.5], "texture": "#0"}
			}
		},
		{
			"from": [7, 8.5021, 2.50314],
			"to": [9, 11.5021, 4.50314],
			"rotation": {"angle": 22.5, "axis": "x", "origin": [11.5, 9.5021, 4.00314]},
			"faces": {
				"north": {"uv": [1, 4.5, 1.25, 4.875], "texture": "#0"},
				"east": {"uv": [5.625, 6, 5.875, 6.375], "texture": "#0"},
				"south": {"uv": [1.125, 6.125, 1.375, 6.5], "texture": "#0"},
				"west": {"uv": [5.625, 6.375, 5.875, 6.75], "texture": "#0"},
				"up": {"uv": [4.5, 3.75, 4.25, 3.5], "texture": "#0"},
				"down": {"uv": [5.875, 3.25, 5.625, 3.5], "texture": "#0"}
			}
		},
		{
			"from": [4.5, 11, 3],
			"to": [11.5, 15, 4],
			"rotation": {"angle": 0, "axis": "y", "origin": [7.5, -29, 13]},
			"faces": {
				"north": {"uv": [3.875, 9.25, 4.75, 9.75], "texture": "#0"},
				"east": {"uv": [2.5, 3, 2.625, 3.5], "texture": "#0"},
				"south": {"uv": [9.25, 7.625, 10.125, 8.125], "texture": "#0"},
				"west": {"uv": [4.375, 4.875, 4.5, 5.375], "texture": "#0"},
				"up": {"uv": [8.875, 4, 8, 3.875], "texture": "#0"},
				"down": {"uv": [8.875, 4, 8, 4.125], "texture": "#0"}
			}
		}
	],
	"display": {
		"thirdperson_righthand": {
			"rotation": [59, 0, 0],
			"translation": [0, -1, 0]
		},
		"thirdperson_lefthand": {
			"rotation": [59, 0, 0],
			"translation": [0, -1, 0]
		},
		"firstperson_righthand": {
			"rotation": [-23, 120, 0],
			"translation": [0, 1.25, 0]
		},
		"firstperson_lefthand": {
			"rotation": [-23, 120, 0],
			"translation": [0, 1.25, 0]
		},
		"ground": {
			"rotation": [35, 0, 0],
			"translation": [0, 1.5, 0]
		},
		"gui": {
			"rotation": [10, 167, 0],
			"translation": [0, -1, 0]
		},
		"head": {
			"translation": [0, -2.25, -0.25],
			"scale": [1.9, 1.9, 1.9]
		},
		"fixed": {
			"rotation": [-35, 0, 0],
			"translation": [0, 0, -4.5],
			"scale": [2, 2, 2]
		}
	}
}