{
    "gargoyle.swing": {
        "sounds": [
            "littleroom_gargoyle:swing_1",
            "littleroom_gargoyle:swing_2"
        ]
    },
    "gargoyle.leap": {
        "sounds": [
            "littleroom_gargoyle:leap"
        ]
    },
    "gargoyle.awaken": {
        "sounds": [
            "littleroom_gargoyle:awaken"
        ]
    },
    "gargoyle.grunt": {
        "sounds": [
            "littleroom_gargoyle:grunt_1",
            "littleroom_gargoyle:grunt_2",
            "littleroom_gargoyle:grunt_3"
        ]
    },
    "gargoyle.death": {
        "sounds": [
            "littleroom_gargoyle:death"
        ]
    },
    "gargoyle.body_fall": {
        "sounds": [
            "littleroom_gargoyle:body_fall"
        ]
    },
    "gargoyle.growl": {
        "sounds": [
            "littleroom_gargoyle:growl_1",
            "littleroom_gargoyle:growl_2",
            "littleroom_gargoyle:growl_3",
            "littleroom_gargoyle:growl_4"
        ]
    }
}