{
	"credit": "Made with Blockbench",
	"texture_size": [32, 32],
	"textures": {
		"0": "littleroom_halloween2:dolls/frankenstein_doll"
	},
	"elements": [
		{
			"from": [5, 9, 6],
			"to": [9, 12, 10],
			"rotation": {"angle": 0, "axis": "y", "origin": [6, 1, 6]},
			"faces": {
				"north": {"uv": [11.5, 0, 13.5, 1.5], "texture": "#0"},
				"east": {"uv": [11, 11.5, 13, 13], "texture": "#0"},
				"south": {"uv": [12, 1.5, 14, 3], "texture": "#0"},
				"west": {"uv": [3.5, 12, 5.5, 13.5], "texture": "#0"},
				"up": {"uv": [6.5, 10.5, 4.5, 8.5], "texture": "#0"},
				"down": {"uv": [8.5, 8.5, 6.5, 10.5], "texture": "#0"}
			}
		},
		{
			"from": [5, 6, 5],
			"to": [9, 9, 10],
			"rotation": {"angle": 0, "axis": "y", "origin": [6, 1, 6]},
			"faces": {
				"north": {"uv": [12, 5, 14, 6.5], "texture": "#0"},
				"east": {"uv": [9.5, 2, 12, 3.5], "texture": "#0"},
				"south": {"uv": [5.5, 12, 7.5, 13.5], "texture": "#0"},
				"west": {"uv": [9.5, 6, 12, 7.5], "texture": "#0"},
				"up": {"uv": [8, 6.5, 6, 4], "texture": "#0"},
				"down": {"uv": [4.5, 6.5, 2.5, 9], "texture": "#0"}
			}
		},
		{
			"from": [4.5, 6, 6],
			"to": [9.5, 9, 11],
			"rotation": {"angle": -22.5, "axis": "x", "origin": [7, 7.5, 8.5]},
			"faces": {
				"north": {"uv": [10.5, 3.5, 13, 5], "texture": "#0"},
				"east": {"uv": [4.5, 10.5, 7, 12], "texture": "#0"},
				"south": {"uv": [7, 10.5, 9.5, 12], "texture": "#0"},
				"west": {"uv": [10.5, 7.5, 13, 9], "texture": "#0"},
				"up": {"uv": [6, 6.5, 3.5, 4], "texture": "#0"},
				"down": {"uv": [2.5, 5, 0, 7.5], "texture": "#0"}
			}
		},
		{
			"from": [3.5, 4, 7],
			"to": [10.5, 8, 12],
			"rotation": {"angle": 0, "axis": "x", "origin": [7, 7.5, 8.5]},
			"faces": {
				"north": {"uv": [3.5, 0, 7, 2], "texture": "#0"},
				"east": {"uv": [4.5, 6.5, 7, 8.5], "texture": "#0"},
				"south": {"uv": [3.5, 2, 7, 4], "texture": "#0"},
				"west": {"uv": [7, 0, 9.5, 2], "texture": "#0"},
				"up": {"uv": [3.5, 2.5, 0, 0], "texture": "#0"},
				"down": {"uv": [3.5, 2.5, 0, 5], "texture": "#0"}
			}
		},
		{
			"from": [10.5, 5, 8],
			"to": [13.5, 9, 12],
			"rotation": {"angle": 0, "axis": "x", "origin": [7, 6.5, 8.5]},
			"faces": {
				"north": {"uv": [13, 3, 14.5, 5], "texture": "#0"},
				"east": {"uv": [0, 9.5, 2, 11.5], "texture": "#0"},
				"south": {"uv": [13, 10, 14.5, 12], "texture": "#0"},
				"west": {"uv": [9.5, 0, 11.5, 2], "texture": "#0"},
				"up": {"uv": [12.5, 15, 11, 13], "texture": "#0"},
				"down": {"uv": [14.5, 12, 13, 14], "texture": "#0"}
			}
		},
		{
			"from": [10.5, 0, 8.5],
			"to": [13.5, 5, 11.5],
			"rotation": {"angle": 0, "axis": "x", "origin": [7, 6.5, 8.5]},
			"faces": {
				"north": {"uv": [10.5, 9, 12, 11.5], "texture": "#0"},
				"east": {"uv": [2, 11, 3.5, 13.5], "texture": "#0"},
				"south": {"uv": [0, 11.5, 1.5, 14], "texture": "#0"},
				"west": {"uv": [9.5, 11.5, 11, 14], "texture": "#0"},
				"up": {"uv": [1.5, 15.5, 0, 14], "texture": "#0"},
				"down": {"uv": [15.5, 1.5, 14, 3], "texture": "#0"}
			}
		},
		{
			"from": [4.5, 0, 8],
			"to": [9.5, 4, 12],
			"rotation": {"angle": 0, "axis": "x", "origin": [7, 6.5, 8.5]},
			"faces": {
				"north": {"uv": [7, 2, 9.5, 4], "texture": "#0"},
				"east": {"uv": [8.5, 8.5, 10.5, 10.5], "texture": "#0"},
				"south": {"uv": [7, 6.5, 9.5, 8.5], "texture": "#0"},
				"west": {"uv": [2.5, 9, 4.5, 11], "texture": "#0"},
				"up": {"uv": [2.5, 9.5, 0, 7.5], "texture": "#0"},
				"down": {"uv": [10.5, 4, 8, 6], "texture": "#0"}
			}
		},
		{
			"from": [8.5, 0, 4],
			"to": [10.5, 2, 10],
			"rotation": {"angle": 0, "axis": "x", "origin": [9.5, 2, 9]},
			"faces": {
				"north": {"uv": [2.5, 5, 3.5, 6], "texture": "#0"},
				"east": {"uv": [12, 6.5, 15, 7.5], "texture": "#0"},
				"south": {"uv": [9.5, 7.5, 10.5, 8.5], "texture": "#0"},
				"west": {"uv": [12, 9, 15, 10], "texture": "#0"},
				"up": {"uv": [8.5, 15, 7.5, 12], "texture": "#0"},
				"down": {"uv": [9.5, 12, 8.5, 15], "texture": "#0"}
			}
		},
		{
			"from": [8, 0, 3],
			"to": [11, 3, 6],
			"rotation": {"angle": 0, "axis": "x", "origin": [9.5, 2, 9]},
			"faces": {
				"north": {"uv": [13, 7.5, 14.5, 9], "texture": "#0"},
				"east": {"uv": [13.5, 0, 15, 1.5], "texture": "#0"},
				"south": {"uv": [1.5, 13.5, 3, 15], "texture": "#0"},
				"west": {"uv": [3, 13.5, 4.5, 15], "texture": "#0"},
				"up": {"uv": [6, 15, 4.5, 13.5], "texture": "#0"},
				"down": {"uv": [7.5, 13.5, 6, 15], "texture": "#0"}
			}
		},
		{
			"from": [8, 3, 3],
			"to": [11, 4, 4],
			"rotation": {"angle": 0, "axis": "x", "origin": [9.5, 2, 9]},
			"faces": {
				"north": {"uv": [8, 6, 9.5, 6.5], "texture": "#0"},
				"east": {"uv": [2.5, 6, 3, 6.5], "texture": "#0"},
				"south": {"uv": [10.5, 5, 12, 5.5], "texture": "#0"},
				"west": {"uv": [3, 6, 3.5, 6.5], "texture": "#0"},
				"up": {"uv": [12, 6, 10.5, 5.5], "texture": "#0"},
				"down": {"uv": [15.5, 5, 14, 5.5], "texture": "#0"}
			}
		},
		{
			"from": [0.5, 5, 8],
			"to": [3.5, 9, 12],
			"rotation": {"angle": 0, "axis": "x", "origin": [5, 6.5, 8.5]},
			"faces": {
				"north": {"uv": [14.5, 3, 13, 5], "texture": "#0"},
				"east": {"uv": [11.5, 0, 9.5, 2], "texture": "#0"},
				"south": {"uv": [14.5, 10, 13, 12], "texture": "#0"},
				"west": {"uv": [2, 9.5, 0, 11.5], "texture": "#0"},
				"up": {"uv": [11, 15, 12.5, 13], "texture": "#0"},
				"down": {"uv": [13, 12, 14.5, 14], "texture": "#0"}
			}
		},
		{
			"from": [0.5, 0, 8.5],
			"to": [3.5, 5, 11.5],
			"rotation": {"angle": 0, "axis": "x", "origin": [5, 6.5, 8.5]},
			"faces": {
				"north": {"uv": [12, 9, 10.5, 11.5], "texture": "#0"},
				"east": {"uv": [11, 11.5, 9.5, 14], "texture": "#0"},
				"south": {"uv": [1.5, 11.5, 0, 14], "texture": "#0"},
				"west": {"uv": [3.5, 11, 2, 13.5], "texture": "#0"},
				"up": {"uv": [0, 15.5, 1.5, 14], "texture": "#0"},
				"down": {"uv": [14, 1.5, 15.5, 3], "texture": "#0"}
			}
		},
		{
			"from": [3, 0, 3],
			"to": [6, 3, 6],
			"rotation": {"angle": 0, "axis": "x", "origin": [2.5, 2, 9]},
			"faces": {
				"north": {"uv": [14.5, 7.5, 13, 9], "texture": "#0"},
				"east": {"uv": [4.5, 13.5, 3, 15], "texture": "#0"},
				"south": {"uv": [3, 13.5, 1.5, 15], "texture": "#0"},
				"west": {"uv": [15, 0, 13.5, 1.5], "texture": "#0"},
				"up": {"uv": [4.5, 15, 6, 13.5], "texture": "#0"},
				"down": {"uv": [6, 13.5, 7.5, 15], "texture": "#0"}
			}
		},
		{
			"from": [3.5, 0, 4],
			"to": [5.5, 2, 10],
			"rotation": {"angle": 0, "axis": "x", "origin": [2.5, 2, 9]},
			"faces": {
				"north": {"uv": [3.5, 5, 2.5, 6], "texture": "#0"},
				"east": {"uv": [15, 9, 12, 10], "texture": "#0"},
				"south": {"uv": [10.5, 7.5, 9.5, 8.5], "texture": "#0"},
				"west": {"uv": [15, 6.5, 12, 7.5], "texture": "#0"},
				"up": {"uv": [7.5, 15, 8.5, 12], "texture": "#0"},
				"down": {"uv": [8.5, 12, 9.5, 15], "texture": "#0"}
			}
		},
		{
			"from": [3, 3, 3],
			"to": [6, 4, 4],
			"rotation": {"angle": 0, "axis": "x", "origin": [2.5, 2, 9]},
			"faces": {
				"north": {"uv": [9.5, 6, 8, 6.5], "texture": "#0"},
				"east": {"uv": [3.5, 6, 3, 6.5], "texture": "#0"},
				"south": {"uv": [12, 5, 10.5, 5.5], "texture": "#0"},
				"west": {"uv": [3, 6, 2.5, 6.5], "texture": "#0"},
				"up": {"uv": [10.5, 6, 12, 5.5], "texture": "#0"},
				"down": {"uv": [14, 5, 15.5, 5.5], "texture": "#0"}
			}
		}
	],
	"display": {
		"thirdperson_righthand": {
			"rotation": [54, 0, 0],
			"translation": [0, 4.5, 2.5]
		},
		"thirdperson_lefthand": {
			"rotation": [54, 0, 0],
			"translation": [0, 4.5, 2.5]
		},
		"firstperson_righthand": {
			"rotation": [1, 109, 0],
			"translation": [0, 4.5, -4]
		},
		"firstperson_lefthand": {
			"rotation": [1, 109, 0],
			"translation": [0, 4.5, -4]
		},
		"ground": {
			"translation": [0, 7.75, 0]
		},
		"gui": {
			"rotation": [22, 146, 0],
			"translation": [-1.25, 2.75, 0]
		},
		"head": {
			"translation": [0, 14.5, 0]
		},
		"fixed": {
			"rotation": [-90, 0, 0],
			"translation": [1.5, 0, -12],
			"scale": [1.5, 1.5, 1.5]
		}
	}
}