{
	"credit": "Made with Blockbench",
	"texture_size": [64, 64],
	"textures": {
		"0": "littleroom_halloween2:dolls/pumpkin_doll",
		"particle": "littleroom_halloween2:dolls/pumpkin_doll"
	},
	"elements": [
		{
			"from": [3, 10, 0],
			"to": [13, 15, 10],
			"rotation": {"angle": 22.5, "axis": "x", "origin": [8, 6.59375, 4.40625]},
			"faces": {
				"north": {"uv": [0, 5, 2.5, 6.25], "texture": "#0"},
				"east": {"uv": [5, 0, 7.5, 1.25], "texture": "#0"},
				"south": {"uv": [5, 1.25, 7.5, 2.5], "texture": "#0"},
				"west": {"uv": [2.5, 5, 5, 6.25], "texture": "#0"},
				"up": {"uv": [2.5, 2.5, 0, 0], "texture": "#0"},
				"down": {"uv": [2.5, 2.5, 0, 5], "texture": "#0"}
			}
		},
		{
			"from": [6.5, 15, 5],
			"to": [9.5, 18, 8],
			"rotation": {"angle": 22.5, "axis": "x", "origin": [8, 6.59375, 4.40625]},
			"faces": {
				"north": {"uv": [1.25, 7.75, 2, 8.5], "texture": "#0"},
				"east": {"uv": [7.75, 6, 8.5, 6.75], "texture": "#0"},
				"south": {"uv": [8, 7.5, 8.75, 8.25], "texture": "#0"},
				"west": {"uv": [0, 8.25, 0.75, 9], "texture": "#0"},
				"up": {"uv": [8.75, 9, 8, 8.25], "texture": "#0"},
				"down": {"uv": [1.5, 8.5, 0.75, 9.25], "texture": "#0"}
			}
		},
		{
			"from": [3, 5, 9],
			"to": [13, 8, 11],
			"rotation": {"angle": 0, "axis": "x", "origin": [8, 6.59375, 4.40625]},
			"faces": {
				"north": {"uv": [5, 5.5, 7.5, 6.25], "texture": "#0"},
				"east": {"uv": [2, 7.75, 2.5, 8.5], "texture": "#0"},
				"south": {"uv": [0, 6.25, 2.5, 7], "texture": "#0"},
				"west": {"uv": [9, 1.25, 9.5, 2], "texture": "#0"},
				"up": {"uv": [9.5, 7.5, 7, 7], "texture": "#0"},
				"down": {"uv": [10, 0, 7.5, 0.5], "texture": "#0"}
			}
		},
		{
			"from": [11, 8, 0],
			"to": [13, 10, 1],
			"rotation": {"angle": 22.5, "axis": "x", "origin": [8, 6.59375, 4.40625]},
			"faces": {
				"north": {"uv": [9, 3, 9.5, 3.5], "texture": "#0"},
				"east": {"uv": [2.25, 7, 2.5, 7.5], "texture": "#0"},
				"south": {"uv": [8, 9, 8.5, 9.5], "texture": "#0"},
				"west": {"uv": [5.25, 8.75, 5.5, 9.25], "texture": "#0"},
				"up": {"uv": [8.25, 7, 7.75, 6.75], "texture": "#0"},
				"down": {"uv": [1.25, 8.25, 0.75, 8.5], "texture": "#0"}
			}
		},
		{
			"from": [7, 8, 0],
			"to": [9, 10, 1],
			"rotation": {"angle": 22.5, "axis": "x", "origin": [8, 6.59375, 4.40625]},
			"faces": {
				"north": {"uv": [8.5, 9, 9, 9.5], "texture": "#0"},
				"east": {"uv": [9.5, 5.25, 9.75, 5.75], "texture": "#0"},
				"south": {"uv": [9, 9, 9.5, 9.5], "texture": "#0"},
				"west": {"uv": [7, 9.5, 7.25, 10], "texture": "#0"},
				"up": {"uv": [8.75, 7, 8.25, 6.75], "texture": "#0"},
				"down": {"uv": [9.25, 6.75, 8.75, 7], "texture": "#0"}
			}
		},
		{
			"from": [12, 8, 1],
			"to": [13, 10, 2],
			"rotation": {"angle": 22.5, "axis": "x", "origin": [8, 6.59375, 4.40625]},
			"faces": {
				"north": {"uv": [6.75, 9.25, 7, 9.75], "texture": "#0"},
				"east": {"uv": [4.75, 9.5, 5, 10], "texture": "#0"},
				"south": {"uv": [9.5, 4.75, 9.75, 5.25], "texture": "#0"},
				"west": {"uv": [5, 9.5, 5.25, 10], "texture": "#0"},
				"up": {"uv": [2.5, 7.75, 2.25, 7.5], "texture": "#0"},
				"down": {"uv": [7.75, 6, 7.5, 6.25], "texture": "#0"}
			}
		},
		{
			"from": [12, 8, 4],
			"to": [13, 10, 6],
			"rotation": {"angle": 22.5, "axis": "x", "origin": [8, 6.59375, 4.40625]},
			"faces": {
				"north": {"uv": [8.5, 9.5, 8.75, 10], "texture": "#0"},
				"east": {"uv": [1.75, 9.25, 2.25, 9.75], "texture": "#0"},
				"south": {"uv": [9.5, 8.5, 9.75, 9], "texture": "#0"},
				"west": {"uv": [5.25, 9.25, 5.75, 9.75], "texture": "#0"},
				"up": {"uv": [9, 10, 8.75, 9.5], "texture": "#0"},
				"down": {"uv": [9.25, 9.5, 9, 10], "texture": "#0"}
			}
		},
		{
			"from": [3, 8, 4],
			"to": [4, 10, 6],
			"rotation": {"angle": 22.5, "axis": "x", "origin": [8, 6.59375, 4.40625]},
			"faces": {
				"north": {"uv": [9.5, 9, 9.75, 9.5], "texture": "#0"},
				"east": {"uv": [5.75, 9.25, 6.25, 9.75], "texture": "#0"},
				"south": {"uv": [9.25, 9.5, 9.5, 10], "texture": "#0"},
				"west": {"uv": [9.25, 6, 9.75, 6.5], "texture": "#0"},
				"up": {"uv": [9.75, 10, 9.5, 9.5], "texture": "#0"},
				"down": {"uv": [0.25, 9.75, 0, 10.25], "texture": "#0"}
			}
		},
		{
			"from": [3, 8, 1],
			"to": [4, 10, 2],
			"rotation": {"angle": 22.5, "axis": "x", "origin": [8, 6.59375, 4.40625]},
			"faces": {
				"north": {"uv": [9.5, 7.5, 9.75, 8], "texture": "#0"},
				"east": {"uv": [8, 9.5, 8.25, 10], "texture": "#0"},
				"south": {"uv": [9.5, 8, 9.75, 8.5], "texture": "#0"},
				"west": {"uv": [8.25, 9.5, 8.5, 10], "texture": "#0"},
				"up": {"uv": [2.5, 8.75, 2.25, 8.5], "texture": "#0"},
				"down": {"uv": [10, 5.5, 9.75, 5.75], "texture": "#0"}
			}
		},
		{
			"from": [3, 8, 0],
			"to": [5, 10, 1],
			"rotation": {"angle": 22.5, "axis": "x", "origin": [8, 6.59375, 4.40625]},
			"faces": {
				"north": {"uv": [0.75, 9.25, 1.25, 9.75], "texture": "#0"},
				"east": {"uv": [9.5, 7, 9.75, 7.5], "texture": "#0"},
				"south": {"uv": [1.25, 9.25, 1.75, 9.75], "texture": "#0"},
				"west": {"uv": [7.25, 9.5, 7.5, 10], "texture": "#0"},
				"up": {"uv": [10, 6, 9.5, 5.75], "texture": "#0"},
				"down": {"uv": [8, 9.5, 7.5, 9.75], "texture": "#0"}
			}
		},
		{
			"from": [3, 5, 3],
			"to": [4, 7, 5],
			"rotation": {"angle": 0, "axis": "x", "origin": [8, 6.59375, 4.40625]},
			"faces": {
				"north": {"uv": [5.75, 9.75, 6, 10.25], "texture": "#0"},
				"east": {"uv": [2.75, 9.5, 3.25, 10], "texture": "#0"},
				"south": {"uv": [6, 9.75, 6.25, 10.25], "texture": "#0"},
				"west": {"uv": [9.5, 2.75, 10, 3.25], "texture": "#0"},
				"up": {"uv": [10, 6.5, 9.75, 6], "texture": "#0"},
				"down": {"uv": [6.5, 9.75, 6.25, 10.25], "texture": "#0"}
			}
		},
		{
			"from": [3, 5, 7],
			"to": [4, 7, 9],
			"rotation": {"angle": 0, "axis": "x", "origin": [8, 6.59375, 4.40625]},
			"faces": {
				"north": {"uv": [7.5, 9.75, 7.75, 10.25], "texture": "#0"},
				"east": {"uv": [3.75, 9.5, 4.25, 10], "texture": "#0"},
				"south": {"uv": [9.75, 7.5, 10, 8], "texture": "#0"},
				"west": {"uv": [9.5, 3.75, 10, 4.25], "texture": "#0"},
				"up": {"uv": [8, 10.25, 7.75, 9.75], "texture": "#0"},
				"down": {"uv": [10, 8, 9.75, 8.5], "texture": "#0"}
			}
		},
		{
			"from": [3, 2, 1],
			"to": [13, 5, 11],
			"rotation": {"angle": 0, "axis": "x", "origin": [8, 6.59375, 4.40625]},
			"faces": {
				"north": {"uv": [5, 2.5, 7.5, 3.25], "texture": "#0"},
				"east": {"uv": [5, 3.25, 7.5, 4], "texture": "#0"},
				"south": {"uv": [5, 4, 7.5, 4.75], "texture": "#0"},
				"west": {"uv": [5, 4.75, 7.5, 5.5], "texture": "#0"},
				"up": {"uv": [5, 2.5, 2.5, 0], "texture": "#0"},
				"down": {"uv": [5, 2.5, 2.5, 5], "texture": "#0"}
			}
		},
		{
			"from": [9, 7, 11],
			"to": [12, 10, 14],
			"rotation": {"angle": 0, "axis": "x", "origin": [8, 6.59375, 4.40625]},
			"faces": {
				"north": {"uv": [1.5, 8.5, 2.25, 9.25], "texture": "#0"},
				"east": {"uv": [8.5, 6, 9.25, 6.75], "texture": "#0"},
				"south": {"uv": [2.25, 8.75, 3, 9.5], "texture": "#0"},
				"west": {"uv": [3, 8.75, 3.75, 9.5], "texture": "#0"},
				"up": {"uv": [4.5, 9.5, 3.75, 8.75], "texture": "#0"},
				"down": {"uv": [5.25, 8.75, 4.5, 9.5], "texture": "#0"}
			}
		},
		{
			"from": [9, 0, 14],
			"to": [12, 10, 17],
			"rotation": {"angle": 0, "axis": "x", "origin": [8, 6.59375, 4.40625]},
			"faces": {
				"north": {"uv": [2.5, 6.25, 3.25, 8.75], "texture": "#0"},
				"east": {"uv": [3.25, 6.25, 4, 8.75], "texture": "#0"},
				"south": {"uv": [4, 6.25, 4.75, 8.75], "texture": "#0"},
				"west": {"uv": [4.75, 6.25, 5.5, 8.75], "texture": "#0"},
				"up": {"uv": [9.5, 5.25, 8.75, 4.5], "texture": "#0"},
				"down": {"uv": [9.5, 5.25, 8.75, 6], "texture": "#0"}
			}
		},
		{
			"from": [12, 0, 14],
			"to": [18, 3, 17],
			"rotation": {"angle": 0, "axis": "x", "origin": [8, 6.59375, 4.40625]},
			"faces": {
				"north": {"uv": [7.5, 0.5, 9, 1.25], "texture": "#0"},
				"east": {"uv": [8.75, 7.5, 9.5, 8.25], "texture": "#0"},
				"south": {"uv": [7.5, 1.25, 9, 2], "texture": "#0"},
				"west": {"uv": [8.75, 8.25, 9.5, 9], "texture": "#0"},
				"up": {"uv": [9, 2.75, 7.5, 2], "texture": "#0"},
				"down": {"uv": [9, 2.75, 7.5, 3.5], "texture": "#0"}
			}
		},
		{
			"from": [15, 0, 5],
			"to": [18, 3, 14],
			"rotation": {"angle": 0, "axis": "x", "origin": [8, 6.59375, 4.40625]},
			"faces": {
				"north": {"uv": [0, 9, 0.75, 9.75], "texture": "#0"},
				"east": {"uv": [5.5, 6.25, 7.75, 7], "texture": "#0"},
				"south": {"uv": [9, 0.5, 9.75, 1.25], "texture": "#0"},
				"west": {"uv": [0, 7, 2.25, 7.75], "texture": "#0"},
				"up": {"uv": [6.25, 9.25, 5.5, 7], "texture": "#0"},
				"down": {"uv": [7, 7, 6.25, 9.25], "texture": "#0"}
			}
		},
		{
			"from": [18, 0, 5],
			"to": [23, 2, 7],
			"rotation": {"angle": 0, "axis": "x", "origin": [8, 6.59375, 4.40625]},
			"faces": {
				"north": {"uv": [7.5, 4.5, 8.75, 5], "texture": "#0"},
				"east": {"uv": [9, 2, 9.5, 2.5], "texture": "#0"},
				"south": {"uv": [7.5, 5, 8.75, 5.5], "texture": "#0"},
				"west": {"uv": [9, 2.5, 9.5, 3], "texture": "#0"},
				"up": {"uv": [8.75, 6, 7.5, 5.5], "texture": "#0"},
				"down": {"uv": [1.25, 7.75, 0, 8.25], "texture": "#0"}
			}
		},
		{
			"from": [11, 0, -1],
			"to": [13, 2, 7],
			"rotation": {"angle": -22.5, "axis": "y", "origin": [10, 1, 4]},
			"faces": {
				"north": {"uv": [4.25, 9.5, 4.75, 10], "texture": "#0"},
				"east": {"uv": [7.5, 3.5, 9.5, 4], "texture": "#0"},
				"south": {"uv": [9.5, 4.25, 10, 4.75], "texture": "#0"},
				"west": {"uv": [7.5, 4, 9.5, 4.5], "texture": "#0"},
				"up": {"uv": [7.5, 9.5, 7, 7.5], "texture": "#0"},
				"down": {"uv": [8, 7.5, 7.5, 9.5], "texture": "#0"}
			}
		},
		{
			"from": [4, 7, 11],
			"to": [7, 10, 14],
			"rotation": {"angle": 0, "axis": "x", "origin": [8, 6.59375, 4.40625]},
			"faces": {
				"north": {"uv": [2.25, 8.5, 1.5, 9.25], "texture": "#0"},
				"east": {"uv": [3.75, 8.75, 3, 9.5], "texture": "#0"},
				"south": {"uv": [3, 8.75, 2.25, 9.5], "texture": "#0"},
				"west": {"uv": [9.25, 6, 8.5, 6.75], "texture": "#0"},
				"up": {"uv": [3.75, 9.5, 4.5, 8.75], "texture": "#0"},
				"down": {"uv": [4.5, 8.75, 5.25, 9.5], "texture": "#0"}
			}
		},
		{
			"from": [4, 0, 14],
			"to": [7, 10, 17],
			"rotation": {"angle": 0, "axis": "x", "origin": [8, 6.59375, 4.40625]},
			"faces": {
				"north": {"uv": [3.25, 6.25, 2.5, 8.75], "texture": "#0"},
				"east": {"uv": [5.5, 6.25, 4.75, 8.75], "texture": "#0"},
				"south": {"uv": [4.75, 6.25, 4, 8.75], "texture": "#0"},
				"west": {"uv": [4, 6.25, 3.25, 8.75], "texture": "#0"},
				"up": {"uv": [8.75, 5.25, 9.5, 4.5], "texture": "#0"},
				"down": {"uv": [8.75, 5.25, 9.5, 6], "texture": "#0"}
			}
		},
		{
			"from": [-2, 0, 14],
			"to": [4, 3, 17],
			"rotation": {"angle": 0, "axis": "x", "origin": [8, 6.59375, 4.40625]},
			"faces": {
				"north": {"uv": [9, 0.5, 7.5, 1.25], "texture": "#0"},
				"east": {"uv": [9.5, 8.25, 8.75, 9], "texture": "#0"},
				"south": {"uv": [9, 1.25, 7.5, 2], "texture": "#0"},
				"west": {"uv": [9.5, 7.5, 8.75, 8.25], "texture": "#0"},
				"up": {"uv": [7.5, 2.75, 9, 2], "texture": "#0"},
				"down": {"uv": [7.5, 2.75, 9, 3.5], "texture": "#0"}
			}
		},
		{
			"from": [-2, 0, 5],
			"to": [1, 3, 14],
			"rotation": {"angle": 0, "axis": "x", "origin": [8, 6.59375, 4.40625]},
			"faces": {
				"north": {"uv": [0.75, 9, 0, 9.75], "texture": "#0"},
				"east": {"uv": [2.25, 7, 0, 7.75], "texture": "#0"},
				"south": {"uv": [9.75, 0.5, 9, 1.25], "texture": "#0"},
				"west": {"uv": [7.75, 6.25, 5.5, 7], "texture": "#0"},
				"up": {"uv": [5.5, 9.25, 6.25, 7], "texture": "#0"},
				"down": {"uv": [6.25, 7, 7, 9.25], "texture": "#0"}
			}
		},
		{
			"from": [-7, 0, 5],
			"to": [-2, 2, 7],
			"rotation": {"angle": 0, "axis": "x", "origin": [8, 6.59375, 4.40625]},
			"faces": {
				"north": {"uv": [8.75, 4.5, 7.5, 5], "texture": "#0"},
				"east": {"uv": [9.5, 2.5, 9, 3], "texture": "#0"},
				"south": {"uv": [8.75, 5, 7.5, 5.5], "texture": "#0"},
				"west": {"uv": [9.5, 2, 9, 2.5], "texture": "#0"},
				"up": {"uv": [7.5, 6, 8.75, 5.5], "texture": "#0"},
				"down": {"uv": [0, 7.75, 1.25, 8.25], "texture": "#0"}
			}
		},
		{
			"from": [3, 0, -1],
			"to": [5, 2, 7],
			"rotation": {"angle": 22.5, "axis": "y", "origin": [6, 1, 4]},
			"faces": {
				"north": {"uv": [4.75, 9.5, 4.25, 10], "texture": "#0"},
				"east": {"uv": [9.5, 4, 7.5, 4.5], "texture": "#0"},
				"south": {"uv": [10, 4.25, 9.5, 4.75], "texture": "#0"},
				"west": {"uv": [9.5, 3.5, 7.5, 4], "texture": "#0"},
				"up": {"uv": [7, 9.5, 7.5, 7.5], "texture": "#0"},
				"down": {"uv": [7.5, 7.5, 8, 9.5], "texture": "#0"}
			}
		},
		{
			"from": [9, 5, 1],
			"to": [11, 7, 2],
			"rotation": {"angle": 0, "axis": "x", "origin": [8, 6.59375, 4.40625]},
			"faces": {
				"north": {"uv": [2.25, 9.5, 2.75, 10], "texture": "#0"},
				"east": {"uv": [2, 9.75, 2.25, 10.25], "texture": "#0"},
				"south": {"uv": [9.5, 2.25, 10, 2.75], "texture": "#0"},
				"west": {"uv": [9.75, 4.75, 10, 5.25], "texture": "#0"},
				"up": {"uv": [5.75, 10, 5.25, 9.75], "texture": "#0"},
				"down": {"uv": [10.25, 5.25, 9.75, 5.5], "texture": "#0"}
			}
		},
		{
			"from": [5, 5, 1],
			"to": [7, 7, 2],
			"rotation": {"angle": 0, "axis": "x", "origin": [8, 6.59375, 4.40625]},
			"faces": {
				"north": {"uv": [9.5, 1.25, 10, 1.75], "texture": "#0"},
				"east": {"uv": [1, 9.75, 1.25, 10.25], "texture": "#0"},
				"south": {"uv": [9.5, 1.75, 10, 2.25], "texture": "#0"},
				"west": {"uv": [1.25, 9.75, 1.5, 10.25], "texture": "#0"},
				"up": {"uv": [10.25, 1.25, 9.75, 1], "texture": "#0"},
				"down": {"uv": [2, 9.75, 1.5, 10], "texture": "#0"}
			}
		},
		{
			"from": [12, 5, 3],
			"to": [13, 7, 5],
			"rotation": {"angle": 0, "axis": "x", "origin": [8, 6.59375, 4.40625]},
			"faces": {
				"north": {"uv": [0.25, 9.75, 0.5, 10.25], "texture": "#0"},
				"east": {"uv": [6.25, 9.25, 6.75, 9.75], "texture": "#0"},
				"south": {"uv": [0.5, 9.75, 0.75, 10.25], "texture": "#0"},
				"west": {"uv": [9.25, 6.5, 9.75, 7], "texture": "#0"},
				"up": {"uv": [10, 1, 9.75, 0.5], "texture": "#0"},
				"down": {"uv": [1, 9.75, 0.75, 10.25], "texture": "#0"}
			}
		},
		{
			"from": [12, 5, 7],
			"to": [13, 7, 9],
			"rotation": {"angle": 0, "axis": "x", "origin": [8, 6.59375, 4.40625]},
			"faces": {
				"north": {"uv": [6.5, 9.75, 6.75, 10.25], "texture": "#0"},
				"east": {"uv": [3.25, 9.5, 3.75, 10], "texture": "#0"},
				"south": {"uv": [9.75, 6.5, 10, 7], "texture": "#0"},
				"west": {"uv": [9.5, 3.25, 10, 3.75], "texture": "#0"},
				"up": {"uv": [7, 10.25, 6.75, 9.75], "texture": "#0"},
				"down": {"uv": [10, 7, 9.75, 7.5], "texture": "#0"}
			}
		}
	],
	"display": {
		"thirdperson_righthand": {
			"rotation": [26, 36, 0],
			"translation": [0, 1.5, -1],
			"scale": [0.5, 0.5, 0.5]
		},
		"thirdperson_lefthand": {
			"rotation": [26, 36, 0],
			"translation": [0, 1.5, -1],
			"scale": [0.5, 0.5, 0.5]
		},
		"firstperson_righthand": {
			"rotation": [0, 125, 0],
			"translation": [2.5, 3, -1],
			"scale": [0.5, 0.5, 0.5]
		},
		"firstperson_lefthand": {
			"rotation": [0, 125, 0],
			"translation": [2.5, 3, -1],
			"scale": [0.5, 0.5, 0.5]
		},
		"ground": {
			"translation": [0, 3.75, 0],
			"scale": [0.6, 0.6, 0.6]
		},
		"gui": {
			"rotation": [17, 130, 0],
			"translation": [0, 0.5, 0],
			"scale": [0.6, 0.6, 0.6]
		},
		"head": {
			"translation": [0, 11, -0.5],
			"scale": [0.6, 0.6, 0.6]
		},
		"fixed": {
			"rotation": [-90, 0, 0],
			"translation": [0, 0, -7]
		}
	}
}