{
	"credit": "Made with Blockbench",
	"texture_size": [64, 64],
	"textures": {
		"1": "littleroom_halloween2:dolls/scarecrow_doll"
	},
	"elements": [
		{
			"from": [5, 9, 10],
			"to": [8, 13, 13],
			"rotation": {"angle": -45, "axis": "y", "origin": [8.5, 5, 12.5]},
			"faces": {
				"north": {"uv": [5.25, 0, 6, 1], "texture": "#1"},
				"east": {"uv": [0.5, 5.25, 1.25, 6.25], "texture": "#1"},
				"south": {"uv": [5.25, 1, 6, 2], "texture": "#1"},
				"west": {"uv": [1.25, 5.25, 2, 6.25], "texture": "#1"},
				"up": {"uv": [5.75, 7, 5, 6.25], "texture": "#1"},
				"down": {"uv": [6.5, 6.25, 5.75, 7], "texture": "#1"}
			}
		},
		{
			"from": [3.5, 13, 6.5],
			"to": [11.5, 14, 14.5],
			"rotation": {"angle": 0, "axis": "y", "origin": [8.5, 5, 12.5]},
			"faces": {
				"north": {"uv": [5, 4.75, 7, 5], "texture": "#1"},
				"east": {"uv": [7, 4.75, 9, 5], "texture": "#1"},
				"south": {"uv": [7.25, 0, 9.25, 0.25], "texture": "#1"},
				"west": {"uv": [7.25, 0.25, 9.25, 0.5], "texture": "#1"},
				"up": {"uv": [2, 2, 0, 0], "texture": "#1"},
				"down": {"uv": [2, 2, 0, 4], "texture": "#1"}
			}
		},
		{
			"from": [5.75, 14, 8.5],
			"to": [9.75, 15, 12.5],
			"rotation": {"angle": 0, "axis": "y", "origin": [8.5, 5, 12.5]},
			"faces": {
				"north": {"uv": [5.25, 2.75, 6.25, 3], "texture": "#1"},
				"east": {"uv": [7.75, 6.25, 8.75, 6.5], "texture": "#1"},
				"south": {"uv": [7.75, 6.5, 8.75, 6.75], "texture": "#1"},
				"west": {"uv": [7.75, 6.75, 8.75, 7], "texture": "#1"},
				"up": {"uv": [5, 4, 4, 3], "texture": "#1"},
				"down": {"uv": [5, 4, 4, 5], "texture": "#1"}
			}
		},
		{
			"from": [9.75, 9, 9],
			"to": [11.75, 12, 13],
			"rotation": {"angle": 0, "axis": "y", "origin": [0, 1, 0]},
			"faces": {
				"north": {"uv": [7.25, 1.25, 7.75, 2], "texture": "#1"},
				"east": {"uv": [2, 5.25, 3, 6], "texture": "#1"},
				"south": {"uv": [7.25, 2, 7.75, 2.75], "texture": "#1"},
				"west": {"uv": [5.25, 2, 6.25, 2.75], "texture": "#1"},
				"up": {"uv": [3, 8, 2.5, 7], "texture": "#1"},
				"down": {"uv": [3.5, 7, 3, 8], "texture": "#1"}
			}
		},
		{
			"from": [5.75, 9, 12],
			"to": [9.75, 12, 13],
			"rotation": {"angle": 0, "axis": "y", "origin": [0, 1, 0]},
			"faces": {
				"north": {"uv": [3, 5.25, 4, 6], "texture": "#1"},
				"east": {"uv": [1.75, 7.75, 2, 8.5], "texture": "#1"},
				"south": {"uv": [4, 5.25, 5, 6], "texture": "#1"},
				"west": {"uv": [7.5, 8, 7.75, 8.75], "texture": "#1"},
				"up": {"uv": [8.75, 7.25, 7.75, 7], "texture": "#1"},
				"down": {"uv": [8.75, 7.25, 7.75, 7.5], "texture": "#1"}
			}
		},
		{
			"from": [3.75, 3, 9],
			"to": [11.75, 9, 14],
			"rotation": {"angle": 0, "axis": "y", "origin": [0, 1, 0]},
			"faces": {
				"north": {"uv": [2, 0, 4, 1.5], "texture": "#1"},
				"east": {"uv": [4, 0, 5.25, 1.5], "texture": "#1"},
				"south": {"uv": [2, 1.5, 4, 3], "texture": "#1"},
				"west": {"uv": [4, 1.5, 5.25, 3], "texture": "#1"},
				"up": {"uv": [4, 4.25, 2, 3], "texture": "#1"},
				"down": {"uv": [2, 4, 0, 5.25], "texture": "#1"}
			}
		},
		{
			"from": [4.75, 0, 6],
			"to": [6.75, 2, 12],
			"rotation": {"angle": 0, "axis": "y", "origin": [16, 1, 0]},
			"faces": {
				"north": {"uv": [7.75, 7.5, 8.25, 8], "texture": "#1"},
				"east": {"uv": [5, 5.25, 6.5, 5.75], "texture": "#1"},
				"south": {"uv": [2.5, 8, 3, 8.5], "texture": "#1"},
				"west": {"uv": [5, 5.75, 6.5, 6.25], "texture": "#1"},
				"up": {"uv": [6.5, 1.5, 6, 0], "texture": "#1"},
				"down": {"uv": [2.5, 6, 2, 7.5], "texture": "#1"}
			}
		},
		{
			"from": [4.25, 0, 3],
			"to": [7.25, 3, 6],
			"rotation": {"angle": 0, "axis": "y", "origin": [16, 1, 0]},
			"faces": {
				"north": {"uv": [6.5, 0, 7.25, 0.75], "texture": "#1"},
				"east": {"uv": [6.5, 0.75, 7.25, 1.5], "texture": "#1"},
				"south": {"uv": [6.5, 5.25, 7.25, 6], "texture": "#1"},
				"west": {"uv": [6.5, 6, 7.25, 6.75], "texture": "#1"},
				"up": {"uv": [4.75, 7.5, 4, 6.75], "texture": "#1"},
				"down": {"uv": [7.25, 6.75, 6.5, 7.5], "texture": "#1"}
			}
		},
		{
			"from": [4.25, 3, 3],
			"to": [7.25, 4, 4],
			"rotation": {"angle": 0, "axis": "y", "origin": [16, 1, 0]},
			"faces": {
				"north": {"uv": [7.75, 8, 8.5, 8.25], "texture": "#1"},
				"east": {"uv": [4.75, 6.75, 5, 7], "texture": "#1"},
				"south": {"uv": [0.5, 8.25, 1.25, 8.5], "texture": "#1"},
				"west": {"uv": [6.25, 8.25, 6.5, 8.5], "texture": "#1"},
				"up": {"uv": [9, 0.75, 8.25, 0.5], "texture": "#1"},
				"down": {"uv": [9, 0.75, 8.25, 1], "texture": "#1"}
			}
		},
		{
			"from": [8.75, 0, 6],
			"to": [10.75, 2, 12],
			"rotation": {"angle": 0, "axis": "y", "origin": [0, 1, 0]},
			"faces": {
				"north": {"uv": [8.25, 7.5, 7.75, 8], "texture": "#1"},
				"east": {"uv": [6.5, 5.75, 5, 6.25], "texture": "#1"},
				"south": {"uv": [3, 8, 2.5, 8.5], "texture": "#1"},
				"west": {"uv": [6.5, 5.25, 5, 5.75], "texture": "#1"},
				"up": {"uv": [6, 1.5, 6.5, 0], "texture": "#1"},
				"down": {"uv": [2, 6, 2.5, 7.5], "texture": "#1"}
			}
		},
		{
			"from": [8.25, 0, 3],
			"to": [11.25, 3, 6],
			"rotation": {"angle": 0, "axis": "y", "origin": [0, 1, 0]},
			"faces": {
				"north": {"uv": [7.25, 0, 6.5, 0.75], "texture": "#1"},
				"east": {"uv": [7.25, 6, 6.5, 6.75], "texture": "#1"},
				"south": {"uv": [7.25, 5.25, 6.5, 6], "texture": "#1"},
				"west": {"uv": [7.25, 0.75, 6.5, 1.5], "texture": "#1"},
				"up": {"uv": [4, 7.5, 4.75, 6.75], "texture": "#1"},
				"down": {"uv": [6.5, 6.75, 7.25, 7.5], "texture": "#1"}
			}
		},
		{
			"from": [8.25, 3, 3],
			"to": [11.25, 4, 4],
			"rotation": {"angle": 0, "axis": "y", "origin": [0, 1, 0]},
			"faces": {
				"north": {"uv": [8.5, 8, 7.75, 8.25], "texture": "#1"},
				"east": {"uv": [6.5, 8.25, 6.25, 8.5], "texture": "#1"},
				"south": {"uv": [1.25, 8.25, 0.5, 8.5], "texture": "#1"},
				"west": {"uv": [5, 6.75, 4.75, 7], "texture": "#1"},
				"up": {"uv": [8.25, 0.75, 9, 0.5], "texture": "#1"},
				"down": {"uv": [8.25, 0.75, 9, 1], "texture": "#1"}
			}
		},
		{
			"from": [1.75, 0, 10],
			"to": [3.75, 3, 13],
			"rotation": {"angle": 0, "axis": "y", "origin": [16, 1, 0]},
			"faces": {
				"north": {"uv": [7.25, 2.75, 7.75, 3.5], "texture": "#1"},
				"east": {"uv": [0.5, 7, 1.25, 7.75], "texture": "#1"},
				"south": {"uv": [7.25, 3.5, 7.75, 4.25], "texture": "#1"},
				"west": {"uv": [1.25, 7, 2, 7.75], "texture": "#1"},
				"up": {"uv": [7.75, 6, 7.25, 5.25], "texture": "#1"},
				"down": {"uv": [7.75, 6, 7.25, 6.75], "texture": "#1"}
			}
		},
		{
			"from": [12.25, 0, 2],
			"to": [13.25, 1, 16],
			"rotation": {"angle": 0, "axis": "y", "origin": [0, 1, 0]},
			"faces": {
				"north": {"uv": [7.25, 8.25, 7, 8.5], "texture": "#1"},
				"east": {"uv": [8.5, 4.5, 5, 4.75], "texture": "#1"},
				"south": {"uv": [7.5, 8.25, 7.25, 8.5], "texture": "#1"},
				"west": {"uv": [7.5, 5, 4, 5.25], "texture": "#1"},
				"up": {"uv": [0, 8.75, 0.25, 5.25], "texture": "#1"},
				"down": {"uv": [0.25, 5.25, 0.5, 8.75], "texture": "#1"}
			}
		},
		{
			"from": [13.25, 0, 2],
			"to": [18.25, 1, 5],
			"rotation": {"angle": 0, "axis": "y", "origin": [0, 1, 0]},
			"faces": {
				"north": {"uv": [8.5, 4.25, 7.25, 4.5], "texture": "#1"},
				"east": {"uv": [9, 1.25, 8.25, 1.5], "texture": "#1"},
				"south": {"uv": [8.75, 5, 7.5, 5.25], "texture": "#1"},
				"west": {"uv": [9, 1, 8.25, 1.25], "texture": "#1"},
				"up": {"uv": [5, 3.75, 6.25, 3], "texture": "#1"},
				"down": {"uv": [5, 3.75, 6.25, 4.5], "texture": "#1"}
			}
		},
		{
			"from": [18.25, 0, 3],
			"to": [20.25, 1, 6],
			"rotation": {"angle": 0, "axis": "y", "origin": [0, 1, 0]},
			"faces": {
				"north": {"uv": [8.75, 1.5, 8.25, 1.75], "texture": "#1"},
				"east": {"uv": [7.5, 8, 6.75, 8.25], "texture": "#1"},
				"south": {"uv": [8.75, 1.75, 8.25, 2], "texture": "#1"},
				"west": {"uv": [6.75, 8, 6, 8.25], "texture": "#1"},
				"up": {"uv": [1.5, 7, 2, 6.25], "texture": "#1"},
				"down": {"uv": [7.25, 0.5, 7.75, 1.25], "texture": "#1"}
			}
		},
		{
			"from": [19.25, 0, 5],
			"to": [21.25, 1, 7],
			"rotation": {"angle": 0, "axis": "y", "origin": [0, 1, 0]},
			"faces": {
				"north": {"uv": [2.5, 8.25, 2, 8.5], "texture": "#1"},
				"east": {"uv": [8.75, 2.5, 8.25, 2.75], "texture": "#1"},
				"south": {"uv": [8.75, 2.25, 8.25, 2.5], "texture": "#1"},
				"west": {"uv": [8.75, 2, 8.25, 2.25], "texture": "#1"},
				"up": {"uv": [7.75, 5.75, 8.25, 5.25], "texture": "#1"},
				"down": {"uv": [7.75, 5.75, 8.25, 6.25], "texture": "#1"}
			}
		},
		{
			"from": [2.25, 3, 11],
			"to": [3.25, 5, 12],
			"rotation": {"angle": 0, "axis": "y", "origin": [16, 1, 0]},
			"faces": {
				"north": {"uv": [6, 1.5, 6.25, 2], "texture": "#1"},
				"east": {"uv": [6.25, 7, 6.5, 7.5], "texture": "#1"},
				"south": {"uv": [8.25, 2.75, 8.5, 3.25], "texture": "#1"},
				"west": {"uv": [8.25, 3.25, 8.5, 3.75], "texture": "#1"},
				"up": {"uv": [6.75, 8.5, 6.5, 8.25], "texture": "#1"},
				"down": {"uv": [7, 8.25, 6.75, 8.5], "texture": "#1"}
			}
		},
		{
			"from": [1.75, 5, 10],
			"to": [3.75, 9, 13],
			"rotation": {"angle": 0, "axis": "y", "origin": [16, 1, 0]},
			"faces": {
				"north": {"uv": [3.5, 7, 4, 8], "texture": "#1"},
				"east": {"uv": [2.5, 6, 3.25, 7], "texture": "#1"},
				"south": {"uv": [4.75, 7, 5.25, 8], "texture": "#1"},
				"west": {"uv": [3.25, 6, 4, 7], "texture": "#1"},
				"up": {"uv": [7.75, 7.5, 7.25, 6.75], "texture": "#1"},
				"down": {"uv": [2.5, 7.5, 2, 8.25], "texture": "#1"}
			}
		},
		{
			"from": [0.75, 7.75, 10.75],
			"to": [3.75, 9.75, 12.75],
			"rotation": {"angle": 0, "axis": "y", "origin": [16, 1, 0]},
			"faces": {
				"north": {"uv": [4, 7.5, 4.75, 8], "texture": "#1"},
				"east": {"uv": [3, 8, 3.5, 8.5], "texture": "#1"},
				"south": {"uv": [6.25, 7.5, 7, 8], "texture": "#1"},
				"west": {"uv": [3.5, 8, 4, 8.5], "texture": "#1"},
				"up": {"uv": [7.75, 8, 7, 7.5], "texture": "#1"},
				"down": {"uv": [1.25, 7.75, 0.5, 8.25], "texture": "#1"}
			}
		},
		{
			"from": [11.75, 7.75, 10.75],
			"to": [14.75, 9.75, 12.75],
			"rotation": {"angle": 0, "axis": "y", "origin": [0, 1, 0]},
			"faces": {
				"north": {"uv": [4.75, 7.5, 4, 8], "texture": "#1"},
				"east": {"uv": [4, 8, 3.5, 8.5], "texture": "#1"},
				"south": {"uv": [7, 7.5, 6.25, 8], "texture": "#1"},
				"west": {"uv": [3.5, 8, 3, 8.5], "texture": "#1"},
				"up": {"uv": [7, 8, 7.75, 7.5], "texture": "#1"},
				"down": {"uv": [0.5, 7.75, 1.25, 8.25], "texture": "#1"}
			}
		},
		{
			"from": [11.75, 5, 10],
			"to": [13.75, 9, 13],
			"rotation": {"angle": 0, "axis": "y", "origin": [0, 1, 0]},
			"faces": {
				"north": {"uv": [4, 7, 3.5, 8], "texture": "#1"},
				"east": {"uv": [4, 6, 3.25, 7], "texture": "#1"},
				"south": {"uv": [5.25, 7, 4.75, 8], "texture": "#1"},
				"west": {"uv": [3.25, 6, 2.5, 7], "texture": "#1"},
				"up": {"uv": [7.25, 7.5, 7.75, 6.75], "texture": "#1"},
				"down": {"uv": [2, 7.5, 2.5, 8.25], "texture": "#1"}
			}
		},
		{
			"from": [12.25, 3, 11],
			"to": [13.25, 5, 12],
			"rotation": {"angle": 0, "axis": "y", "origin": [0, 1, 0]},
			"faces": {
				"north": {"uv": [6.25, 1.5, 6, 2], "texture": "#1"},
				"east": {"uv": [8.5, 3.25, 8.25, 3.75], "texture": "#1"},
				"south": {"uv": [8.5, 2.75, 8.25, 3.25], "texture": "#1"},
				"west": {"uv": [6.5, 7, 6.25, 7.5], "texture": "#1"},
				"up": {"uv": [6.5, 8.5, 6.75, 8.25], "texture": "#1"},
				"down": {"uv": [6.75, 8.25, 7, 8.5], "texture": "#1"}
			}
		},
		{
			"from": [11.75, 0, 10],
			"to": [13.75, 3, 13],
			"rotation": {"angle": 0, "axis": "y", "origin": [0, 1, 0]},
			"faces": {
				"north": {"uv": [7.75, 2.75, 7.25, 3.5], "texture": "#1"},
				"east": {"uv": [2, 7, 1.25, 7.75], "texture": "#1"},
				"south": {"uv": [7.75, 3.5, 7.25, 4.25], "texture": "#1"},
				"west": {"uv": [1.25, 7, 0.5, 7.75], "texture": "#1"},
				"up": {"uv": [7.25, 6, 7.75, 5.25], "texture": "#1"},
				"down": {"uv": [7.25, 6, 7.75, 6.75], "texture": "#1"}
			}
		},
		{
			"from": [1, 9.75, 9.75],
			"to": [3, 12.75, 11.75],
			"rotation": {"angle": -22.5, "axis": "x", "origin": [1.75, 11.25, 11.75]},
			"faces": {
				"north": {"uv": [7.75, 1.25, 8.25, 2], "texture": "#1"},
				"east": {"uv": [7.75, 2, 8.25, 2.75], "texture": "#1"},
				"south": {"uv": [7.75, 2.75, 8.25, 3.5], "texture": "#1"},
				"west": {"uv": [7.75, 3.5, 8.25, 4.25], "texture": "#1"},
				"up": {"uv": [4.5, 8.5, 4, 8], "texture": "#1"},
				"down": {"uv": [5, 8, 4.5, 8.5], "texture": "#1"}
			}
		},
		{
			"from": [1.5, 10.75, 8.75],
			"to": [2.5, 12.75, 10.75],
			"rotation": {"angle": 0, "axis": "x", "origin": [1.75, 11.25, 11.75]},
			"faces": {
				"north": {"uv": [8.25, 3.75, 8.5, 4.25], "texture": "#1"},
				"east": {"uv": [5, 8, 5.5, 8.5], "texture": "#1"},
				"south": {"uv": [8.25, 5.25, 8.5, 5.75], "texture": "#1"},
				"west": {"uv": [5.5, 8, 6, 8.5], "texture": "#1"},
				"up": {"uv": [8.5, 6.25, 8.25, 5.75], "texture": "#1"},
				"down": {"uv": [6.25, 8.25, 6, 8.75], "texture": "#1"}
			}
		},
		{
			"from": [5.75, 0, 9],
			"to": [9.75, 3, 13],
			"rotation": {"angle": 0, "axis": "y", "origin": [0, 1, 0]},
			"faces": {
				"north": {"uv": [4, 6, 5, 6.75], "texture": "#1"},
				"east": {"uv": [0.5, 6.25, 1.5, 7], "texture": "#1"},
				"south": {"uv": [6.25, 1.5, 7.25, 2.25], "texture": "#1"},
				"west": {"uv": [6.25, 2.25, 7.25, 3], "texture": "#1"},
				"up": {"uv": [3, 5.25, 2, 4.25], "texture": "#1"},
				"down": {"uv": [4, 4.25, 3, 5.25], "texture": "#1"}
			}
		},
		{
			"from": [3.75, 9, 9],
			"to": [5.75, 12, 13],
			"rotation": {"angle": 0, "axis": "y", "origin": [0, 1, 0]},
			"faces": {
				"north": {"uv": [7.75, 0.5, 8.25, 1.25], "texture": "#1"},
				"east": {"uv": [6.25, 3, 7.25, 3.75], "texture": "#1"},
				"south": {"uv": [1.25, 7.75, 1.75, 8.5], "texture": "#1"},
				"west": {"uv": [6.25, 3.75, 7.25, 4.5], "texture": "#1"},
				"up": {"uv": [5.75, 8, 5.25, 7], "texture": "#1"},
				"down": {"uv": [6.25, 7, 5.75, 8], "texture": "#1"}
			}
		}
	],
	"display": {
		"thirdperson_righthand": {
			"rotation": [44, 0, 0],
			"translation": [0, 3.5, 0],
			"scale": [0.7, 0.7, 0.7]
		},
		"thirdperson_lefthand": {
			"rotation": [44, 0, 0],
			"translation": [0, 3.5, 0],
			"scale": [0.7, 0.7, 0.7]
		},
		"firstperson_righthand": {
			"rotation": [-1, 133, -6],
			"translation": [-2, 3.5, 0.25],
			"scale": [0.7, 0.7, 0.7]
		},
		"firstperson_lefthand": {
			"rotation": [-1, 133, -6],
			"translation": [-2, 3.5, 0.25],
			"scale": [0.7, 0.7, 0.7]
		},
		"ground": {
			"translation": [0, 4.75, 0],
			"scale": [0.8, 0.8, 0.8]
		},
		"gui": {
			"rotation": [17, 122, 0],
			"translation": [1, 0, 0],
			"scale": [0.8, 0.8, 0.8]
		},
		"head": {
			"translation": [0, 14.5, -1]
		},
		"fixed": {
			"rotation": [-90, 0, 0],
			"translation": [0, 0, -7]
		}
	}
}