{
	"credit": "Made with Blockbench",
	"texture_size": [64, 64],
	"textures": {
		"0": "littleroom_halloween2:dolls/witch_doll",
		"particle": "littleroom_halloween2:dolls/witch_doll"
	},
	"elements": [
		{
			"from": [8, 0, 0],
			"to": [9, 1, 13],
			"faces": {
				"north": {"uv": [3.75, 5.5, 4, 5.75], "texture": "#0"},
				"east": {"uv": [6.5, 5.75, 9.75, 6], "texture": "#0"},
				"south": {"uv": [5.5, 5.75, 5.75, 6], "texture": "#0"},
				"west": {"uv": [7.25, 5.25, 10.5, 5.5], "texture": "#0"},
				"up": {"uv": [2.25, 10.75, 2, 7.5], "texture": "#0"},
				"down": {"uv": [2.5, 7.5, 2.25, 10.75], "texture": "#0"}
			}
		},
		{
			"from": [7, 0, 13],
			"to": [9, 2, 16],
			"faces": {
				"north": {"uv": [0, 8.5, 0.5, 9], "texture": "#0"},
				"east": {"uv": [8.25, 2.5, 9, 3], "texture": "#0"},
				"south": {"uv": [1.25, 8.5, 1.75, 9], "texture": "#0"},
				"west": {"uv": [8.25, 3, 9, 3.5], "texture": "#0"},
				"up": {"uv": [5.5, 9, 5, 8.25], "texture": "#0"},
				"down": {"uv": [6.75, 8.25, 6.25, 9], "texture": "#0"}
			}
		},
		{
			"from": [6.5, 0, 16],
			"to": [9.5, 3, 21],
			"faces": {
				"north": {"uv": [0, 7.75, 0.75, 8.5], "texture": "#0"},
				"east": {"uv": [6.25, 6, 7.5, 6.75], "texture": "#0"},
				"south": {"uv": [7.75, 7, 8.5, 7.75], "texture": "#0"},
				"west": {"uv": [3.75, 6.5, 5, 7.25], "texture": "#0"},
				"up": {"uv": [7.25, 5.75, 6.5, 4.5], "texture": "#0"},
				"down": {"uv": [2, 6.75, 1.25, 8], "texture": "#0"}
			}
		},
		{
			"from": [5, 0, 5],
			"to": [12, 6, 12],
			"faces": {
				"north": {"uv": [2.25, 3.5, 4, 5], "texture": "#0"},
				"east": {"uv": [4, 0, 5.75, 1.5], "texture": "#0"},
				"south": {"uv": [4, 1.5, 5.75, 3], "texture": "#0"},
				"west": {"uv": [4, 3, 5.75, 4.5], "texture": "#0"},
				"up": {"uv": [4, 1.75, 2.25, 0], "texture": "#0"},
				"down": {"uv": [4, 1.75, 2.25, 3.5], "texture": "#0"}
			}
		},
		{
			"from": [0, 0, 5],
			"to": [6, 2, 7],
			"rotation": {"angle": -22.5, "axis": "y", "origin": [2.75, 1.75, 6]},
			"faces": {
				"north": {"uv": [7.5, 3.75, 9, 4.25], "texture": "#0"},
				"east": {"uv": [2.5, 8.5, 3, 9], "texture": "#0"},
				"south": {"uv": [7.5, 6, 9, 6.5], "texture": "#0"},
				"west": {"uv": [3, 8.5, 3.5, 9], "texture": "#0"},
				"up": {"uv": [7.75, 8, 6.25, 7.5], "texture": "#0"},
				"down": {"uv": [9, 6.5, 7.5, 7], "texture": "#0"}
			}
		},
		{
			"from": [0, 2, 5],
			"to": [1, 3, 7],
			"rotation": {"angle": -22.5, "axis": "y", "origin": [2.75, 1.75, 6]},
			"faces": {
				"north": {"uv": [8.5, 7, 8.75, 7.25], "texture": "#0"},
				"east": {"uv": [8.5, 4.5, 9, 4.75], "texture": "#0"},
				"south": {"uv": [8.5, 7.25, 8.75, 7.5], "texture": "#0"},
				"west": {"uv": [8.5, 4.75, 9, 5], "texture": "#0"},
				"up": {"uv": [5.75, 9, 5.5, 8.5], "texture": "#0"},
				"down": {"uv": [6, 8.5, 5.75, 9], "texture": "#0"}
			}
		},
		{
			"from": [5, 6, 7],
			"to": [12, 9, 12],
			"faces": {
				"north": {"uv": [3.75, 5.75, 5.5, 6.5], "texture": "#0"},
				"east": {"uv": [2, 6.75, 3.25, 7.5], "texture": "#0"},
				"south": {"uv": [5.75, 3.75, 7.5, 4.5], "texture": "#0"},
				"west": {"uv": [6.25, 6.75, 7.5, 7.5], "texture": "#0"},
				"up": {"uv": [1.75, 5.75, 0, 4.5], "texture": "#0"},
				"down": {"uv": [5.75, 4.5, 4, 5.75], "texture": "#0"}
			}
		},
		{
			"from": [5, 3, 12],
			"to": [8, 9, 13],
			"faces": {
				"north": {"uv": [5.75, 4.5, 6.5, 6], "texture": "#0"},
				"east": {"uv": [4.25, 8, 4.5, 9.5], "texture": "#0"},
				"south": {"uv": [5.5, 6, 6.25, 7.5], "texture": "#0"},
				"west": {"uv": [8.25, 8.25, 8.5, 9.75], "texture": "#0"},
				"up": {"uv": [9, 3.75, 8.25, 3.5], "texture": "#0"},
				"down": {"uv": [4.25, 8.5, 3.5, 8.75], "texture": "#0"}
			}
		},
		{
			"from": [3, 2, 8],
			"to": [5, 9, 12],
			"faces": {
				"north": {"uv": [5, 6.5, 5.5, 8.25], "texture": "#0"},
				"east": {"uv": [1.75, 5, 2.75, 6.75], "texture": "#0"},
				"south": {"uv": [4.5, 7.25, 5, 9], "texture": "#0"},
				"west": {"uv": [2.75, 5, 3.75, 6.75], "texture": "#0"},
				"up": {"uv": [1.75, 6.75, 1.25, 5.75], "texture": "#0"},
				"down": {"uv": [1.25, 7.75, 0.75, 8.75], "texture": "#0"}
			}
		},
		{
			"from": [3, 0, 9],
			"to": [5, 2, 12],
			"faces": {
				"north": {"uv": [1.75, 4.5, 2.25, 5], "texture": "#0"},
				"east": {"uv": [1.25, 8, 2, 8.5], "texture": "#0"},
				"south": {"uv": [3.25, 6.75, 3.75, 7.25], "texture": "#0"},
				"west": {"uv": [8.25, 0.5, 9, 1], "texture": "#0"},
				"up": {"uv": [8.75, 1.75, 8.25, 1], "texture": "#0"},
				"down": {"uv": [8.75, 1.75, 8.25, 2.5], "texture": "#0"}
			}
		},
		{
			"from": [11, 0, 5],
			"to": [17, 2, 7],
			"rotation": {"angle": 22.5, "axis": "y", "origin": [14.25, 1.75, 6]},
			"faces": {
				"north": {"uv": [9, 3.75, 7.5, 4.25], "texture": "#0"},
				"east": {"uv": [3.5, 8.5, 3, 9], "texture": "#0"},
				"south": {"uv": [9, 6, 7.5, 6.5], "texture": "#0"},
				"west": {"uv": [3, 8.5, 2.5, 9], "texture": "#0"},
				"up": {"uv": [6.25, 8, 7.75, 7.5], "texture": "#0"},
				"down": {"uv": [7.5, 6.5, 9, 7], "texture": "#0"}
			}
		},
		{
			"from": [16, 2, 5],
			"to": [17, 3, 7],
			"rotation": {"angle": 22.5, "axis": "y", "origin": [14.25, 1.75, 6]},
			"faces": {
				"north": {"uv": [8.75, 7, 8.5, 7.25], "texture": "#0"},
				"east": {"uv": [9, 4.75, 8.5, 5], "texture": "#0"},
				"south": {"uv": [8.75, 7.25, 8.5, 7.5], "texture": "#0"},
				"west": {"uv": [9, 4.5, 8.5, 4.75], "texture": "#0"},
				"up": {"uv": [5.5, 9, 5.75, 8.5], "texture": "#0"},
				"down": {"uv": [5.75, 8.5, 6, 9], "texture": "#0"}
			}
		},
		{
			"from": [12, 2, 8],
			"to": [14, 9, 12],
			"rotation": {"angle": 0, "axis": "y", "origin": [17, 0, 0]},
			"faces": {
				"north": {"uv": [5.5, 6.5, 5, 8.25], "texture": "#0"},
				"east": {"uv": [3.75, 5, 2.75, 6.75], "texture": "#0"},
				"south": {"uv": [5, 7.25, 4.5, 9], "texture": "#0"},
				"west": {"uv": [2.75, 5, 1.75, 6.75], "texture": "#0"},
				"up": {"uv": [1.25, 6.75, 1.75, 5.75], "texture": "#0"},
				"down": {"uv": [0.75, 7.75, 1.25, 8.75], "texture": "#0"}
			}
		},
		{
			"from": [12, 0, 9],
			"to": [14, 2, 12],
			"rotation": {"angle": 0, "axis": "y", "origin": [16, 0, 0]},
			"faces": {
				"north": {"uv": [2.25, 4.5, 1.75, 5], "texture": "#0"},
				"east": {"uv": [9, 0.5, 8.25, 1], "texture": "#0"},
				"south": {"uv": [3.75, 6.75, 3.25, 7.25], "texture": "#0"},
				"west": {"uv": [2, 8, 1.25, 8.5], "texture": "#0"},
				"up": {"uv": [8.25, 1.75, 8.75, 1], "texture": "#0"},
				"down": {"uv": [8.25, 1.75, 8.75, 2.5], "texture": "#0"}
			}
		},
		{
			"from": [4, 12, 5],
			"to": [13, 13, 14],
			"faces": {
				"north": {"uv": [7.25, 5.5, 9.5, 5.75], "texture": "#0"},
				"east": {"uv": [7.5, 4.25, 9.75, 4.5], "texture": "#0"},
				"south": {"uv": [7.75, 7.75, 10, 8], "texture": "#0"},
				"west": {"uv": [6.25, 8, 8.5, 8.25], "texture": "#0"},
				"up": {"uv": [2.25, 2.25, 0, 0], "texture": "#0"},
				"down": {"uv": [2.25, 2.25, 0, 4.5], "texture": "#0"}
			}
		},
		{
			"from": [6, 13, 7],
			"to": [11, 16, 12],
			"faces": {
				"north": {"uv": [0, 7, 1.25, 7.75], "texture": "#0"},
				"east": {"uv": [7, 0, 8.25, 0.75], "texture": "#0"},
				"south": {"uv": [7, 0.75, 8.25, 1.5], "texture": "#0"},
				"west": {"uv": [7, 1.5, 8.25, 2.25], "texture": "#0"},
				"up": {"uv": [1.25, 7, 0, 5.75], "texture": "#0"},
				"down": {"uv": [7, 0, 5.75, 1.25], "texture": "#0"}
			}
		},
		{
			"from": [6, 9, 7],
			"to": [11, 12, 12],
			"faces": {
				"north": {"uv": [7, 2.25, 8.25, 3], "texture": "#0"},
				"east": {"uv": [7, 3, 8.25, 3.75], "texture": "#0"},
				"south": {"uv": [3.25, 7.25, 4.5, 8], "texture": "#0"},
				"west": {"uv": [7.25, 4.5, 8.5, 5.25], "texture": "#0"},
				"up": {"uv": [7, 2.5, 5.75, 1.25], "texture": "#0"},
				"down": {"uv": [7, 2.5, 5.75, 3.75], "texture": "#0"}
			}
		},
		{
			"from": [8, 10, 6],
			"to": [9, 12, 7],
			"faces": {
				"north": {"uv": [3.75, 5, 4, 5.5], "texture": "#0"},
				"east": {"uv": [7.5, 7, 7.75, 7.5], "texture": "#0"},
				"south": {"uv": [0.5, 8.5, 0.75, 9], "texture": "#0"},
				"west": {"uv": [1.75, 8.5, 2, 9], "texture": "#0"},
				"up": {"uv": [8.75, 5.25, 8.5, 5], "texture": "#0"},
				"down": {"uv": [6.25, 8.5, 6, 8.75], "texture": "#0"}
			}
		},
		{
			"from": [7, 15, 9],
			"to": [10, 17, 13],
			"faces": {
				"north": {"uv": [6.75, 8.25, 7.5, 8.75], "texture": "#0"},
				"east": {"uv": [3.25, 8, 4.25, 8.5], "texture": "#0"},
				"south": {"uv": [7.5, 8.25, 8.25, 8.75], "texture": "#0"},
				"west": {"uv": [8.25, 0, 9.25, 0.5], "texture": "#0"},
				"up": {"uv": [3.25, 8.5, 2.5, 7.5], "texture": "#0"},
				"down": {"uv": [6.25, 7.5, 5.5, 8.5], "texture": "#0"}
			}
		}
	],
	"display": {
		"thirdperson_righthand": {
			"rotation": [66, 30, -17],
			"translation": [-0.5, 1.25, 1],
			"scale": [0.6, 0.6, 0.6]
		},
		"thirdperson_lefthand": {
			"rotation": [66, 30, -17],
			"translation": [-0.5, 1.25, 1],
			"scale": [0.6, 0.6, 0.6]
		},
		"firstperson_righthand": {
			"rotation": [-15, 113, 6],
			"translation": [-0.5, 4, 1],
			"scale": [0.6, 0.6, 0.6]
		},
		"firstperson_lefthand": {
			"rotation": [-15, 113, 6],
			"translation": [-0.5, 4, 1],
			"scale": [0.6, 0.6, 0.6]
		},
		"ground": {
			"translation": [0, 5, 0],
			"scale": [0.6, 0.6, 0.6]
		},
		"gui": {
			"rotation": [10, 135, 0],
			"translation": [0, -0.25, 0],
			"scale": [0.7, 0.7, 0.7]
		},
		"head": {
			"translation": [0, 14.5, -1.25]
		},
		"fixed": {
			"rotation": [-90, 0, 0],
			"translation": [0, -2.5, -7]
		}
	}
}