{
	"credit": "Made with Blockbench",
	"ambientocclusion": false,
	"texture_size": [128, 128],
	"textures": {
		"0": "bow/toffy_halloween_bow",
		"particle": "bow/toffy_halloween_bow"
	},
	"elements": [
		{
			"from": [7, 5, 7],
			"to": [9, 8, 9],
			"rotation": {"angle": 0, "axis": "y", "origin": [0, -1, 0]},
			"faces": {
				"north": {"uv": [2.25, 6.125, 2.5, 6.5], "texture": "#0"},
				"east": {"uv": [2.625, 6.125, 2.875, 6.5], "texture": "#0"},
				"south": {"uv": [3, 6.125, 3.25, 6.5], "texture": "#0"},
				"west": {"uv": [6.125, 3, 6.375, 3.375], "texture": "#0"},
				"up": {"uv": [6.75, 5, 6.5, 4.75], "texture": "#0"},
				"down": {"uv": [6.75, 5.125, 6.5, 5.375], "texture": "#0"}
			}
		},
		{
			"from": [7.025, 6.56066, 5.52513],
			"to": [8.975, 9.56066, 7.52513],
			"rotation": {"angle": -45, "axis": "x", "origin": [8.5, 9.06066, 6.52513]},
			"faces": {
				"north": {"uv": [3.375, 6.125, 3.625, 6.5], "texture": "#0"},
				"east": {"uv": [6.125, 3.5, 6.375, 3.875], "texture": "#0"},
				"south": {"uv": [6.125, 4, 6.375, 4.375], "texture": "#0"},
				"west": {"uv": [6.125, 4.5, 6.375, 4.875], "texture": "#0"},
				"up": {"uv": [6.75, 5.75, 6.5, 5.5], "texture": "#0"},
				"down": {"uv": [6.625, 6.5, 6.375, 6.75], "texture": "#0"}
			}
		},
		{
			"from": [7.05, 8.12132, 4.87868],
			"to": [8.95, 10.12132, 6.87868],
			"rotation": {"angle": 0, "axis": "y", "origin": [8, 9.12132, 4.37868]},
			"faces": {
				"north": {"uv": [0, 6.625, 0.25, 6.875], "texture": "#0"},
				"east": {"uv": [6.625, 0, 6.875, 0.25], "texture": "#0"},
				"south": {"uv": [6.625, 0.375, 6.875, 0.625], "texture": "#0"},
				"west": {"uv": [6.625, 0.75, 6.875, 1], "texture": "#0"},
				"up": {"uv": [6.875, 1.375, 6.625, 1.125], "texture": "#0"},
				"down": {"uv": [2.5, 6.625, 2.25, 6.875], "texture": "#0"}
			}
		},
		{
			"from": [7.525, 7.14645, 2.31802],
			"to": [8.475, 8.14645, 5.31802],
			"rotation": {"angle": -45, "axis": "x", "origin": [8, 7.64645, 2.81802]},
			"faces": {
				"north": {"uv": [7.5, 7.125, 7.625, 7.25], "texture": "#0"},
				"east": {"uv": [0.375, 7.25, 0.75, 7.375], "texture": "#0"},
				"south": {"uv": [7.625, 7.375, 7.75, 7.5], "texture": "#0"},
				"west": {"uv": [7.25, 0.375, 7.625, 0.5], "texture": "#0"},
				"up": {"uv": [7.375, 1, 7.25, 0.625], "texture": "#0"},
				"down": {"uv": [1, 7.25, 0.875, 7.625], "texture": "#0"}
			}
		},
		{
			"from": [7.025, 3.43934, 5.52513],
			"to": [8.975, 6.43934, 7.52513],
			"rotation": {"angle": 45, "axis": "x", "origin": [8.5, 3.93934, 6.52513]},
			"faces": {
				"north": {"uv": [6.125, 5, 6.375, 5.375], "texture": "#0"},
				"east": {"uv": [6.125, 5.5, 6.375, 5.875], "texture": "#0"},
				"south": {"uv": [5.625, 6.125, 5.875, 6.5], "texture": "#0"},
				"west": {"uv": [6, 6.125, 6.25, 6.5], "texture": "#0"},
				"up": {"uv": [7, 2.125, 6.75, 1.875], "texture": "#0"},
				"down": {"uv": [7, 2.25, 6.75, 2.5], "texture": "#0"}
			}
		},
		{
			"from": [7.05, 2.87868, 4.87868],
			"to": [8.95, 4.87868, 6.87868],
			"rotation": {"angle": 0, "axis": "y", "origin": [8, 3.87868, 4.37868]},
			"faces": {
				"north": {"uv": [2.625, 6.625, 2.875, 6.875], "texture": "#0"},
				"east": {"uv": [3, 6.625, 3.25, 6.875], "texture": "#0"},
				"south": {"uv": [3.375, 6.625, 3.625, 6.875], "texture": "#0"},
				"west": {"uv": [5.625, 6.625, 5.875, 6.875], "texture": "#0"},
				"up": {"uv": [6.25, 6.875, 6, 6.625], "texture": "#0"},
				"down": {"uv": [7, 1.5, 6.75, 1.75], "texture": "#0"}
			}
		},
		{
			"from": [7.5, 2.87868, 3.87868],
			"to": [8.5, 4.87868, 4.87868],
			"rotation": {"angle": 0, "axis": "y", "origin": [8, 3.87868, 4.37868]},
			"faces": {
				"north": {"uv": [7.125, 7.375, 7.25, 7.625], "texture": "#0"},
				"east": {"uv": [7.375, 7.375, 7.5, 7.625], "texture": "#0"},
				"south": {"uv": [0.25, 7.5, 0.375, 7.75], "texture": "#0"},
				"west": {"uv": [0.5, 7.5, 0.625, 7.75], "texture": "#0"},
				"up": {"uv": [1.875, 7.875, 1.75, 7.75], "texture": "#0"},
				"down": {"uv": [2.125, 7.75, 2, 7.875], "texture": "#0"}
			}
		},
		{
			"from": [7.5, 8.12132, 3.87868],
			"to": [8.5, 10.12132, 4.87868],
			"rotation": {"angle": 0, "axis": "y", "origin": [8, 9.12132, 4.37868]},
			"faces": {
				"north": {"uv": [5.875, 7.375, 6, 7.625], "texture": "#0"},
				"east": {"uv": [6.125, 7.375, 6.25, 7.625], "texture": "#0"},
				"south": {"uv": [6.625, 7.375, 6.75, 7.625], "texture": "#0"},
				"west": {"uv": [6.875, 7.375, 7, 7.625], "texture": "#0"},
				"up": {"uv": [1.375, 7.875, 1.25, 7.75], "texture": "#0"},
				"down": {"uv": [1.625, 7.75, 1.5, 7.875], "texture": "#0"}
			}
		},
		{
			"from": [7.525, 4.85355, 2.31802],
			"to": [8.475, 5.85355, 5.31802],
			"rotation": {"angle": 45, "axis": "x", "origin": [8, 5.35355, 2.81802]},
			"faces": {
				"north": {"uv": [7.625, 7.625, 7.75, 7.75], "texture": "#0"},
				"east": {"uv": [7.25, 2.875, 7.625, 3], "texture": "#0"},
				"south": {"uv": [7.75, 0.375, 7.875, 0.5], "texture": "#0"},
				"west": {"uv": [7.25, 3.125, 7.625, 3.25], "texture": "#0"},
				"up": {"uv": [7.375, 4.5, 7.25, 4.125], "texture": "#0"},
				"down": {"uv": [4.625, 7.25, 4.5, 7.625], "texture": "#0"}
			}
		},
		{
			"from": [7.525, 8.03861, 5.6642],
			"to": [8.475, 16.03861, 7.6642],
			"rotation": {"angle": 0, "axis": "y", "origin": [8, 10.11909, 6.5772]},
			"faces": {
				"north": {"uv": [5.125, 5.625, 5.25, 6.625], "texture": "#0"},
				"east": {"uv": [4.25, 2.75, 4.5, 3.75], "texture": "#0"},
				"south": {"uv": [0.5, 6.125, 0.625, 7.125], "texture": "#0"},
				"west": {"uv": [4.25, 3.875, 4.5, 4.875], "texture": "#0"},
				"up": {"uv": [3.625, 7.625, 3.5, 7.375], "texture": "#0"},
				"down": {"uv": [5.75, 7.375, 5.625, 7.625], "texture": "#0"}
			}
		},
		{
			"from": [7, 12.03861, 7.6642],
			"to": [9, 15.03861, 10.6642],
			"rotation": {"angle": 0, "axis": "y", "origin": [8, 10.11909, 6.5772]},
			"faces": {
				"north": {"uv": [6.25, 0, 6.5, 0.375], "texture": "#0"},
				"east": {"uv": [5.75, 0, 6.125, 0.375], "texture": "#0"},
				"south": {"uv": [6.25, 0.5, 6.5, 0.875], "texture": "#0"},
				"west": {"uv": [5.75, 0.5, 6.125, 0.875], "texture": "#0"},
				"up": {"uv": [6.5, 1.375, 6.25, 1], "texture": "#0"},
				"down": {"uv": [6.625, 1.5, 6.375, 1.875], "texture": "#0"}
			}
		},
		{
			"from": [7.5, 14.36634, 6.10985],
			"to": [8.5, 24.36634, 8.10985],
			"rotation": {"angle": 45, "axis": "x", "origin": [8, 10.11909, 6.5772]},
			"faces": {
				"north": {"uv": [5.375, 5.5, 5.5, 6.75], "texture": "#0"},
				"east": {"uv": [4.25, 0, 4.5, 1.25], "texture": "#0"},
				"south": {"uv": [5.625, 1.75, 5.75, 3], "texture": "#0"},
				"west": {"uv": [4.25, 1.375, 4.5, 2.625], "texture": "#0"},
				"up": {"uv": [7.625, 0.875, 7.5, 0.625], "texture": "#0"},
				"down": {"uv": [7.625, 2.375, 7.5, 2.625], "texture": "#0"}
			}
		},
		{
			"from": [7.525, 19.10968, 15.73527],
			"to": [8.475, 21.10968, 17.73527],
			"rotation": {"angle": 0, "axis": "y", "origin": [8, 10.11909, 6.5772]},
			"faces": {
				"north": {"uv": [7.5, 4.125, 7.625, 4.375], "texture": "#0"},
				"east": {"uv": [6.375, 6.875, 6.625, 7.125], "texture": "#0"},
				"south": {"uv": [4.25, 7.5, 4.375, 7.75], "texture": "#0"},
				"west": {"uv": [0, 7, 0.25, 7.25], "texture": "#0"},
				"up": {"uv": [7.625, 4.75, 7.5, 4.5], "texture": "#0"},
				"down": {"uv": [7.625, 4.875, 7.5, 5.125], "texture": "#0"}
			}
		},
		{
			"from": [7.525, 21.10968, 16.48527],
			"to": [8.475, 25.10968, 17.48527],
			"rotation": {"angle": 0, "axis": "y", "origin": [8, 10.11909, 6.5772]},
			"faces": {
				"north": {"uv": [5.375, 6.875, 5.5, 7.375], "texture": "#0"},
				"east": {"uv": [7, 0, 7.125, 0.5], "texture": "#0"},
				"south": {"uv": [7, 0.625, 7.125, 1.125], "texture": "#0"},
				"west": {"uv": [2.25, 7, 2.375, 7.5], "texture": "#0"},
				"up": {"uv": [7.875, 2.5, 7.75, 2.375], "texture": "#0"},
				"down": {"uv": [7.875, 2.625, 7.75, 2.75], "texture": "#0"}
			}
		},
		{
			"from": [7.55, 27.4322, -1.30957],
			"to": [8.45, 28.4322, 3.69043],
			"rotation": {"angle": 45, "axis": "x", "origin": [8, 10.11909, 6.5772]},
			"faces": {
				"north": {"uv": [7.75, 2.875, 7.875, 3], "texture": "#0"},
				"east": {"uv": [6.5, 4.25, 7.125, 4.375], "texture": "#0"},
				"south": {"uv": [7.75, 3.125, 7.875, 3.25], "texture": "#0"},
				"west": {"uv": [6.5, 4.5, 7.125, 4.625], "texture": "#0"},
				"up": {"uv": [4.625, 7.125, 4.5, 6.5], "texture": "#0"},
				"down": {"uv": [4.875, 6.5, 4.75, 7.125], "texture": "#0"}
			}
		},
		{
			"from": [7.575, 24.03096, 19.55429],
			"to": [8.425, 26.03096, 20.55429],
			"rotation": {"angle": -22.5, "axis": "x", "origin": [8, 10.11909, 6.5772]},
			"faces": {
				"north": {"uv": [7.625, 6.375, 7.5, 6.625], "rotation": 180, "texture": "#0"},
				"east": {"uv": [5.25, 7.5, 5.5, 7.625], "rotation": 270, "texture": "#0"},
				"south": {"uv": [7.625, 6.25, 7.5, 6], "texture": "#0"},
				"west": {"uv": [7.5, 5.75, 7.75, 5.875], "rotation": 90, "texture": "#0"},
				"up": {"uv": [3.5, 7.75, 3.625, 7.875], "rotation": 180, "texture": "#0"},
				"down": {"uv": [7.75, 4.125, 7.875, 4.25], "texture": "#0"}
			}
		},
		{
			"from": [7.5, 14.07344, 1.74588],
			"to": [8.5, 15.07344, 5.74588],
			"rotation": {"angle": 45, "axis": "x", "origin": [8, 10.11909, 6.5772]},
			"faces": {
				"north": {"uv": [7.75, 0.875, 7.875, 1], "texture": "#0"},
				"east": {"uv": [6.875, 4.75, 7.375, 4.875], "texture": "#0"},
				"south": {"uv": [1, 7.75, 1.125, 7.875], "texture": "#0"},
				"west": {"uv": [6.875, 5, 7.375, 5.125], "texture": "#0"},
				"up": {"uv": [4.375, 7.375, 4.25, 6.875], "texture": "#0"},
				"down": {"uv": [7, 5.25, 6.875, 5.75], "texture": "#0"}
			}
		},
		{
			"from": [7, 13.34755, 0.16532],
			"to": [9, 15.34755, 2.16532],
			"rotation": {"angle": 45, "axis": "x", "origin": [8, 10.11909, 6.5772]},
			"faces": {
				"north": {"uv": [6.75, 2.625, 7, 2.875], "texture": "#0"},
				"east": {"uv": [5, 6.75, 5.25, 7], "texture": "#0"},
				"south": {"uv": [6.75, 5.875, 7, 6.125], "texture": "#0"},
				"west": {"uv": [6.75, 6.25, 7, 6.5], "texture": "#0"},
				"up": {"uv": [7, 6.875, 6.75, 6.625], "texture": "#0"},
				"down": {"uv": [7.125, 3, 6.875, 3.25], "texture": "#0"}
			}
		},
		{
			"from": [7.5, 11.53861, 3.1642],
			"to": [8.5, 12.53861, 6.1642],
			"rotation": {"angle": 0, "axis": "y", "origin": [8, 10.11909, 6.5772]},
			"faces": {
				"north": {"uv": [7.75, 0.625, 7.875, 0.75], "texture": "#0"},
				"east": {"uv": [7.375, 1.125, 7.75, 1.25], "texture": "#0"},
				"south": {"uv": [0.75, 7.75, 0.875, 7.875], "texture": "#0"},
				"west": {"uv": [7.375, 1.375, 7.75, 1.5], "texture": "#0"},
				"up": {"uv": [4.875, 7.625, 4.75, 7.25], "texture": "#0"},
				"down": {"uv": [6.5, 7.25, 6.375, 7.625], "texture": "#0"}
			}
		},
		{
			"from": [6.5, 9.8827, 5.63241],
			"to": [9.5, 12.8827, 8.63241],
			"rotation": {"angle": -22.5, "axis": "x", "origin": [8, 10.11909, 6.5772]},
			"faces": {
				"north": {"uv": [5.625, 3.125, 6, 3.5], "texture": "#0"},
				"east": {"uv": [5.625, 3.625, 6, 4], "texture": "#0"},
				"south": {"uv": [5.625, 4.125, 6, 4.5], "texture": "#0"},
				"west": {"uv": [5.625, 4.625, 6, 5], "texture": "#0"},
				"up": {"uv": [6, 5.5, 5.625, 5.125], "texture": "#0"},
				"down": {"uv": [6, 5.625, 5.625, 6], "texture": "#0"}
			}
		},
		{
			"from": [7.5, 15.10968, 18.73527],
			"to": [8.5, 19.10968, 19.73527],
			"rotation": {"angle": -22.5, "axis": "x", "origin": [8, 16.77634, 18.23527]},
			"faces": {
				"north": {"uv": [1.25, 7.125, 1.375, 7.625], "texture": "#0"},
				"east": {"uv": [7.125, 1.25, 7.25, 1.75], "texture": "#0"},
				"south": {"uv": [1.5, 7.125, 1.625, 7.625], "texture": "#0"},
				"west": {"uv": [1.75, 7.125, 1.875, 7.625], "texture": "#0"},
				"up": {"uv": [7.875, 4.75, 7.75, 4.625], "texture": "#0"},
				"down": {"uv": [4.875, 7.75, 4.75, 7.875], "texture": "#0"}
			}
		},
		{
			"from": [6.5, 15.60968, 17.73527],
			"to": [9.5, 16.60968, 20.73527],
			"rotation": {"angle": -22.5, "axis": "x", "origin": [8, 16.77634, 18.23527]},
			"faces": {
				"north": {"uv": [7.375, 2.125, 7.75, 2.25], "texture": "#0"},
				"east": {"uv": [2.5, 7.375, 2.875, 7.5], "texture": "#0"},
				"south": {"uv": [3, 7.375, 3.375, 7.5], "texture": "#0"},
				"west": {"uv": [7.375, 3.375, 7.75, 3.5], "texture": "#0"},
				"up": {"uv": [6.25, 2.375, 5.875, 2], "texture": "#0"},
				"down": {"uv": [6.25, 2.5, 5.875, 2.875], "texture": "#0"}
			}
		},
		{
			"from": [7, 16.10968, 18.23527],
			"to": [9, 18.10968, 20.23527],
			"rotation": {"angle": -22.5, "axis": "x", "origin": [8, 16.77634, 18.23527]},
			"faces": {
				"north": {"uv": [3.25, 7, 3.5, 7.25], "texture": "#0"},
				"east": {"uv": [7, 3.375, 7.25, 3.625], "texture": "#0"},
				"south": {"uv": [7, 3.75, 7.25, 4], "texture": "#0"},
				"west": {"uv": [5.625, 7, 5.875, 7.25], "texture": "#0"},
				"up": {"uv": [6.25, 7.25, 6, 7], "texture": "#0"},
				"down": {"uv": [7, 7, 6.75, 7.25], "texture": "#0"}
			}
		},
		{
			"from": [8, 17.4586, -2.89016],
			"to": [8, 32, 11.10984],
			"rotation": {"angle": 45, "axis": "x", "origin": [8, 10.11909, 6.5772]},
			"faces": {
				"north": {"uv": [7.5, 7.75, 7.5, 9.625], "texture": "#0"},
				"east": {"uv": [0, 4.125, 1.75, 6], "texture": "#0"},
				"south": {"uv": [0, 7.875, 0, 9.75], "texture": "#0"},
				"west": {"uv": [1.875, 4.125, 3.625, 6], "texture": "#0"},
				"up": {"uv": [0.125, 9.625, 0.125, 7.875], "texture": "#0"},
				"down": {"uv": [0.25, 7.875, 0.25, 9.625], "texture": "#0"}
			}
		},
		{
			"from": [8, 13.75182, 4.87257],
			"to": [8, 26.75182, 5.12257],
			"rotation": {"angle": 45, "axis": "x", "origin": [8, 10.11909, 6.5772]},
			"faces": {
				"north": {"uv": [6, 7.75, 6, 9.375], "texture": "#0"},
				"east": {"uv": [5.375, 3.75, 5.5, 5.375], "texture": "#0"},
				"south": {"uv": [6.125, 7.75, 6.125, 9.375], "texture": "#0"},
				"west": {"uv": [5.5, 0, 5.625, 1.625], "texture": "#0"},
				"up": {"uv": [4.5, 5.375, 4.5, 5.25], "texture": "#0"},
				"down": {"uv": [4.5, 5.5, 4.5, 5.625], "texture": "#0"}
			}
		},
		{
			"from": [8, 14.00182, 4.12257],
			"to": [8, 27.00182, 4.37257],
			"rotation": {"angle": 45, "axis": "x", "origin": [8, 10.11909, 6.5772]},
			"faces": {
				"north": {"uv": [6, 7.75, 6, 9.375], "texture": "#0"},
				"east": {"uv": [5.375, 3.75, 5.5, 5.375], "texture": "#0"},
				"south": {"uv": [6.125, 7.75, 6.125, 9.375], "texture": "#0"},
				"west": {"uv": [5.5, 0, 5.625, 1.625], "texture": "#0"},
				"up": {"uv": [4.5, 5.375, 4.5, 5.25], "texture": "#0"},
				"down": {"uv": [4.5, 5.5, 4.5, 5.625], "texture": "#0"}
			}
		},
		{
			"from": [8, 14.50182, 2.62257],
			"to": [8, 27.50182, 2.87257],
			"rotation": {"angle": 45, "axis": "x", "origin": [8, 10.11909, 6.5772]},
			"faces": {
				"north": {"uv": [6, 7.75, 6, 9.375], "texture": "#0"},
				"east": {"uv": [5.375, 3.75, 5.5, 5.375], "texture": "#0"},
				"south": {"uv": [6.125, 7.75, 6.125, 9.375], "texture": "#0"},
				"west": {"uv": [5.5, 0, 5.625, 1.625], "texture": "#0"},
				"up": {"uv": [4.5, 5.375, 4.5, 5.25], "texture": "#0"},
				"down": {"uv": [4.5, 5.5, 4.5, 5.625], "texture": "#0"}
			}
		},
		{
			"from": [8, 14.25182, 3.37257],
			"to": [8, 27.25182, 3.62257],
			"rotation": {"angle": 45, "axis": "x", "origin": [8, 10.11909, 6.5772]},
			"faces": {
				"north": {"uv": [6, 7.75, 6, 9.375], "texture": "#0"},
				"east": {"uv": [5.375, 3.75, 5.5, 5.375], "texture": "#0"},
				"south": {"uv": [6.125, 7.75, 6.125, 9.375], "texture": "#0"},
				"west": {"uv": [5.5, 0, 5.625, 1.625], "texture": "#0"},
				"up": {"uv": [4.5, 5.375, 4.5, 5.25], "texture": "#0"},
				"down": {"uv": [4.5, 5.5, 4.5, 5.625], "texture": "#0"}
			}
		},
		{
			"from": [8, 15.25182, 1.12257],
			"to": [8, 28.25182, 1.37257],
			"rotation": {"angle": 45, "axis": "x", "origin": [8, 10.11909, 6.5772]},
			"faces": {
				"north": {"uv": [6, 7.75, 6, 9.375], "texture": "#0"},
				"east": {"uv": [5.375, 3.75, 5.5, 5.375], "texture": "#0"},
				"south": {"uv": [6.125, 7.75, 6.125, 9.375], "texture": "#0"},
				"west": {"uv": [5.5, 0, 5.625, 1.625], "texture": "#0"},
				"up": {"uv": [4.5, 5.375, 4.5, 5.25], "texture": "#0"},
				"down": {"uv": [4.5, 5.5, 4.5, 5.625], "texture": "#0"}
			}
		},
		{
			"from": [8, 14.75182, 1.87257],
			"to": [8, 27.75182, 2.12257],
			"rotation": {"angle": 45, "axis": "x", "origin": [8, 10.11909, 6.5772]},
			"faces": {
				"north": {"uv": [6, 7.75, 6, 9.375], "texture": "#0"},
				"east": {"uv": [5.375, 3.75, 5.5, 5.375], "texture": "#0"},
				"south": {"uv": [6.125, 7.75, 6.125, 9.375], "texture": "#0"},
				"west": {"uv": [5.5, 0, 5.625, 1.625], "texture": "#0"},
				"up": {"uv": [4.5, 5.375, 4.5, 5.25], "texture": "#0"},
				"down": {"uv": [4.5, 5.5, 4.5, 5.625], "texture": "#0"}
			}
		},
		{
			"from": [8, -8, 17.75],
			"to": [8, 6.875, 18],
			"rotation": {"angle": 22.5, "axis": "x", "origin": [8, -8.5, 19.125]},
			"faces": {
				"north": {"uv": [5.75, 7.75, 5.75, 12.125], "texture": "#0"},
				"east": {"uv": [3.75, 4.125, 3.875, 8.5], "texture": "#0"},
				"south": {"uv": [5.875, 7.75, 5.875, 12.125], "texture": "#0"},
				"west": {"uv": [4, 4.125, 4.125, 8.5], "texture": "#0"},
				"up": {"uv": [5, 2, 5, 1.875], "texture": "#0"},
				"down": {"uv": [4.5, 5, 4.5, 5.125], "texture": "#0"}
			}
		},
		{
			"from": [8, 4.55, 18.075],
			"to": [8, 20.55, 18.325],
			"rotation": {"angle": -22.5, "axis": "x", "origin": [8, 19.5, 17.125]},
			"faces": {
				"north": {"uv": [5.75, 7.75, 5.75, 12.125], "texture": "#0"},
				"east": {"uv": [3.75, 4.125, 3.875, 8.5], "texture": "#0"},
				"south": {"uv": [5.875, 7.75, 5.875, 12.125], "texture": "#0"},
				"west": {"uv": [4, 4.125, 4.125, 8.5], "texture": "#0"},
				"up": {"uv": [5, 2, 5, 1.875], "texture": "#0"},
				"down": {"uv": [4.5, 5, 4.5, 5.125], "texture": "#0"}
			}
		},
		{
			"from": [7.5, -0.92458, 6.37037],
			"to": [8.5, 2.07542, 8.37037],
			"rotation": {"angle": 22.5, "axis": "x", "origin": [8, -1.15534, 9.66839]},
			"faces": {
				"north": {"uv": [0.125, 7.75, 0, 7.375], "rotation": 180, "texture": "#0"},
				"east": {"uv": [6.5, 3.5, 6.875, 3.75], "rotation": 90, "texture": "#0"},
				"south": {"uv": [7.5, 1.625, 7.375, 2], "texture": "#0"},
				"west": {"uv": [6.5, 3.875, 6.875, 4.125], "rotation": 270, "texture": "#0"},
				"up": {"uv": [2.25, 7.625, 2.375, 7.875], "texture": "#0"},
				"down": {"uv": [7.625, 1.625, 7.75, 1.875], "rotation": 180, "texture": "#0"}
			}
		},
		{
			"from": [7.5, 0.07542, 4.37037],
			"to": [8.5, 2.07542, 6.37037],
			"rotation": {"angle": 22.5, "axis": "x", "origin": [8, -1.15534, 9.66839]},
			"faces": {
				"north": {"uv": [3.125, 7.875, 3, 7.625], "rotation": 180, "texture": "#0"},
				"east": {"uv": [2.5, 7, 2.75, 7.25], "rotation": 90, "texture": "#0"},
				"south": {"uv": [3.375, 7.625, 3.25, 7.875], "texture": "#0"},
				"west": {"uv": [2.875, 7, 3.125, 7.25], "rotation": 270, "texture": "#0"},
				"up": {"uv": [2.75, 7.625, 2.875, 7.875], "texture": "#0"},
				"down": {"uv": [2.5, 7.625, 2.625, 7.875], "rotation": 180, "texture": "#0"}
			}
		},
		{
			"from": [7, -2.60492, 5.97222],
			"to": [9, 0.39508, 8.97222],
			"rotation": {"angle": 0, "axis": "y", "origin": [8, -1.15534, 9.66839]},
			"faces": {
				"north": {"uv": [6.375, 2, 6.625, 2.375], "texture": "#0"},
				"east": {"uv": [5.75, 1, 6.125, 1.375], "texture": "#0"},
				"south": {"uv": [6.375, 2.5, 6.625, 2.875], "texture": "#0"},
				"west": {"uv": [5.875, 1.5, 6.25, 1.875], "texture": "#0"},
				"up": {"uv": [6.625, 6.375, 6.375, 6], "texture": "#0"},
				"down": {"uv": [6.75, 3, 6.5, 3.375], "texture": "#0"}
			}
		},
		{
			"from": [7.5, -7.56676, 8.27244],
			"to": [8.5, 0.43324, 10.27244],
			"rotation": {"angle": -45, "axis": "x", "origin": [8, -1.15534, 9.66839]},
			"faces": {
				"north": {"uv": [0.75, 6.125, 0.875, 7.125], "texture": "#0"},
				"east": {"uv": [4.625, 0, 4.875, 1], "texture": "#0"},
				"south": {"uv": [1, 6.125, 1.125, 7.125], "texture": "#0"},
				"west": {"uv": [4.625, 1.125, 4.875, 2.125], "texture": "#0"},
				"up": {"uv": [7.625, 7, 7.5, 6.75], "texture": "#0"},
				"down": {"uv": [7.75, 0, 7.625, 0.25], "texture": "#0"}
			}
		},
		{
			"from": [7.525, -4.64857, 15.05756],
			"to": [8.475, -3.64857, 21.87979],
			"rotation": {"angle": 22.5, "axis": "x", "origin": [8, -1.15534, 9.66839]},
			"faces": {
				"north": {"uv": [7.875, 4.5, 7.75, 4.375], "rotation": 180, "texture": "#0"},
				"east": {"uv": [1.5, 6.125, 1.625, 7], "rotation": 90, "texture": "#0"},
				"south": {"uv": [4.625, 7.75, 4.5, 7.875], "texture": "#0"},
				"west": {"uv": [2, 6.125, 2.125, 7], "rotation": 270, "texture": "#0"},
				"up": {"uv": [1.75, 6.125, 1.875, 7], "texture": "#0"},
				"down": {"uv": [1.25, 6.125, 1.375, 7], "rotation": 180, "texture": "#0"}
			}
		},
		{
			"from": [8, -8.04115, -8.33461],
			"to": [8, 7.95885, 23.20679],
			"rotation": {"angle": 22.5, "axis": "x", "origin": [8, -1.15534, 9.66839]},
			"faces": {
				"north": {"uv": [5.5, 9.75, 5.5, 7.75], "rotation": 180, "texture": "#0"},
				"east": {"uv": [0, 0, 2, 4], "rotation": 90, "texture": "#0"},
				"south": {"uv": [5.625, 7.75, 5.625, 9.75], "texture": "#0"},
				"west": {"uv": [2.125, 0, 4.125, 4], "rotation": 270, "texture": "#0"},
				"up": {"uv": [5.375, 7.75, 5.375, 11.75], "texture": "#0"},
				"down": {"uv": [5.25, 7.75, 5.25, 11.75], "rotation": 180, "texture": "#0"}
			}
		},
		{
			"from": [7.5, -13.93573, 21.80023],
			"to": [8.5, -9.93573, 22.80023],
			"rotation": {"angle": -22.5, "axis": "x", "origin": [8, -14.26906, 15.30023]},
			"faces": {
				"north": {"uv": [1.25, 7.125, 1.375, 7.625], "texture": "#0"},
				"east": {"uv": [7.125, 1.25, 7.25, 1.75], "texture": "#0"},
				"south": {"uv": [1.5, 7.125, 1.625, 7.625], "texture": "#0"},
				"west": {"uv": [1.75, 7.125, 1.875, 7.625], "texture": "#0"},
				"up": {"uv": [7.875, 4.75, 7.75, 4.625], "texture": "#0"},
				"down": {"uv": [4.875, 7.75, 4.75, 7.875], "texture": "#0"}
			}
		},
		{
			"from": [6.5, -13.43573, 20.80023],
			"to": [9.5, -12.43573, 23.80023],
			"rotation": {"angle": -22.5, "axis": "x", "origin": [8, -14.26906, 15.30023]},
			"faces": {
				"north": {"uv": [7.375, 2.125, 7.75, 2.25], "texture": "#0"},
				"east": {"uv": [2.5, 7.375, 2.875, 7.5], "texture": "#0"},
				"south": {"uv": [3, 7.375, 3.375, 7.5], "texture": "#0"},
				"west": {"uv": [7.375, 3.375, 7.75, 3.5], "texture": "#0"},
				"up": {"uv": [6.25, 2.375, 5.875, 2], "texture": "#0"},
				"down": {"uv": [6.25, 2.5, 5.875, 2.875], "texture": "#0"}
			}
		},
		{
			"from": [7, -12.93573, 21.30023],
			"to": [9, -10.93573, 23.30023],
			"rotation": {"angle": -22.5, "axis": "x", "origin": [8, -14.26906, 15.30023]},
			"faces": {
				"north": {"uv": [3.25, 7, 3.5, 7.25], "texture": "#0"},
				"east": {"uv": [7, 3.375, 7.25, 3.625], "texture": "#0"},
				"south": {"uv": [7, 3.75, 7.25, 4], "texture": "#0"},
				"west": {"uv": [5.625, 7, 5.875, 7.25], "texture": "#0"},
				"up": {"uv": [6.25, 7.25, 6, 7], "texture": "#0"},
				"down": {"uv": [7, 7, 6.75, 7.25], "texture": "#0"}
			}
		},
		{
			"from": [8.025, 5, -7.45],
			"to": [8.025, 8, 24.55],
			"rotation": {"angle": 0, "axis": "y", "origin": [0, 1.5, 16]},
			"faces": {
				"north": {"uv": [8.5, 0.375, 8.5, 0.75], "texture": "#0"},
				"east": {"uv": [9.375, 0.75, 13.375, 1.125], "texture": "#0"},
				"south": {"uv": [8.75, 0.375, 8.75, 0.75], "texture": "#0"},
				"west": {"uv": [9.375, 0.25, 13.375, 0.625], "texture": "#0"},
				"up": {"uv": [9, 0.375, 9, 4.375], "texture": "#0"},
				"down": {"uv": [9.125, 0.375, 9.125, 4.375], "texture": "#0"}
			}
		},
		{
			"from": [6.525, 6.5, -7.45],
			"to": [9.525, 6.5, 24.55],
			"rotation": {"angle": 0, "axis": "y", "origin": [0, 1.5, 16]},
			"faces": {
				"north": {"uv": [8.5, 0.375, 8.5, 0.75], "rotation": 270, "texture": "#0"},
				"east": {"uv": [9, 0.375, 9, 4.375], "rotation": 90, "texture": "#0"},
				"south": {"uv": [8.75, 0.375, 8.75, 0.75], "rotation": 90, "texture": "#0"},
				"west": {"uv": [9.125, 0.375, 9.125, 4.375], "rotation": 90, "texture": "#0"},
				"up": {"uv": [9.375, 0.25, 13.375, 0.625], "rotation": 90, "texture": "#0"},
				"down": {"uv": [9.375, 0.75, 13.375, 1.125], "rotation": 90, "texture": "#0"}
			}
		}
	],
	"gui_light": "front",
	"display": {
		"thirdperson_righthand": {
			"translation": [0, 3.75, 2.5],
			"scale": [0.7, 0.7, 0.7]
		},
		"thirdperson_lefthand": {
			"translation": [0, 3.75, 2.5],
			"scale": [0.7, 0.7, 0.7]
		},
		"firstperson_righthand": {
			"rotation": [16, 0, 0],
			"translation": [0, 2, 0],
			"scale": [0.55, 0.55, 0.55]
		},
		"firstperson_lefthand": {
			"rotation": [16, 0, 0],
			"translation": [0, 2, 0],
			"scale": [0.55, 0.55, 0.55]
		},
		"ground": {
			"rotation": [45, 0, 0],
			"scale": [0.2, 0.2, 0.2]
		},
		"gui": {
			"rotation": [64, 36, 108],
			"translation": [-1, 1, 0],
			"scale": [0.385, -0.385, 0.385]
		},
		"head": {
			"translation": [0, 0, -7.5]
		},
		"fixed": {
			"rotation": [90, -45, 90],
			"translation": [0.5, 1, -0.5],
			"scale": [-0.45, 0.45, 0.45]
		}
	},
	"groups": [
		0,
		1,
		2,
		3,
		4,
		5,
		6,
		7,
		8,
		{
			"name": "bell",
			"origin": [8, 26.93203, 10.60807],
			"color": 0,
			"children": []
		},
		{
			"name": "flats",
			"origin": [8, 23.16958, 10.39463],
			"color": 0,
			"children": []
		},
		{
			"name": "strings",
			"origin": [8, 22.5, 5.125],
			"color": 0,
			"children": [
				{
					"name": "group",
					"origin": [8, 22.5, 5.125],
					"color": 0,
					"children": [9, 10, 11, 12, 13, 14, 15, 16, 17, 18, 19, 20, 21, 22, 23, 24, 25, 26, 27, 28, 29]
				}
			]
		},
		{
			"name": "bell",
			"origin": [8, 26.93203, 10.60807],
			"color": 0,
			"children": [
				{
					"name": "group",
					"origin": [8, -14.26906, 15.30023],
					"color": 0,
					"children": [
						30,
						31,
						{
							"name": "group",
							"origin": [8, -14.26906, 15.30023],
							"color": 0,
							"children": [32, 33, 34, 35, 36, 37]
						}
					]
				}
			]
		},
		{
			"name": "group",
			"origin": [8, -14.26906, 15.30023],
			"color": 0,
			"children": [38, 39, 40]
		},
		{
			"name": "arrow",
			"origin": [0, 0, 0],
			"color": 0,
			"children": [41, 42]
		}
	]
}