{"textures":{"0":"modelengine:entity/nocsy_chibi_jackospoon","particle":"#0"},"elements":[{"from":[3.0,3.3000002,3.0001998],"to":[3.0,7.3,13.0002],"faces":{"east":{"uv":[1.75,7.0,4.25,8.0],"tintindex":0,"rotation":0,"texture":"#0"},"west":{"uv":[7.0,6.0,9.5,7.0],"tintindex":0,"rotation":0,"texture":"#0"}}},{"from":[3.0,3.3000002,12.9992],"to":[13.0,7.3,12.9992],"faces":{"south":{"uv":[7.75,2.5,10.25,3.5],"tintindex":0,"rotation":0,"texture":"#0"},"north":{"uv":[7.75,1.25,10.25,2.25],"tintindex":0,"rotation":0,"texture":"#0"}}},{"from":[3.0,7.3,3.0001998],"to":[13.0,10.3,13.0002],"faces":{"east":{"uv":[7.75,4.75,10.25,5.5],"tintindex":0,"rotation":0,"texture":"#0"},"south":{"uv":[0.0,8.25,2.5,9.0],"tintindex":0,"rotation":0,"texture":"#0"},"north":{"uv":[7.75,3.75,10.25,4.5],"tintindex":0,"rotation":0,"texture":"#0"},"west":{"uv":[2.75,8.25,5.25,9.0],"tintindex":0,"rotation":0,"texture":"#0"},"up":{"uv":[2.5,2.5,0.0,0.0],"tintindex":0,"rotation":0,"texture":"#0"},"down":{"uv":[2.5,2.75,0.0,5.25],"tintindex":0,"rotation":0,"texture":"#0"}}},{"from":[3.0,3.3000002,3.0001998],"to":[13.0,7.3,3.0001998],"faces":{"south":{"uv":[7.75,0.0,10.25,1.0],"tintindex":0,"rotation":0,"texture":"#0"},"north":{"uv":[7.0,7.25,9.5,8.25],"tintindex":0,"rotation":0,"texture":"#0"}}},{"from":[13.0,3.3000002,3.0001998],"to":[13.0,7.3,13.0002],"faces":{"east":{"uv":[1.75,7.0,4.25,8.0],"tintindex":0,"rotation":0,"texture":"#0"},"west":{"uv":[7.0,6.0,9.5,7.0],"tintindex":0,"rotation":0,"texture":"#0"}}}],"display":{"head":{"rotation":[0.0,0.0,0.0]},"firstperson_righthand":{"rotation":[0.0,0.0,0.0]},"thirdperson_lefthand":{"rotation":[0.0,-0.0,-0.0]},"firstperson_lefthand":{"rotation":[0.0,-0.0,-0.0]},"fixed":{"rotation":[0.0,0.0,0.0]},"ground":{"rotation":[0.0,0.0,0.0]},"thirdperson_righthand":{"rotation":[0.0,0.0,0.0]},"gui":{"rotation":[-150.0,-45.0,180.0]}}}