{"textures":{"0":"modelengine:entity/nocsy_chibi_jackospoon","particle":"#0"},"elements":[{"from":[6.366995,11.131124,6.6160254],"to":[7.366995,12.131124,9.616026],"faces":{"east":{"uv":[4.0,9.25,4.75,9.5],"tintindex":0,"rotation":0,"texture":"#0"},"south":{"uv":[5.0,9.25,5.25,9.5],"tintindex":0,"rotation":0,"texture":"#0"},"north":{"uv":[6.5,8.0,6.75,8.25],"tintindex":0,"rotation":0,"texture":"#0"},"west":{"uv":[11.0,8.5,11.75,8.75],"tintindex":0,"rotation":0,"texture":"#0"},"up":{"uv":[11.25,11.75,11.0,11.0],"tintindex":0,"rotation":0,"texture":"#0"},"down":{"uv":[0.25,11.25,0.0,12.0],"tintindex":0,"rotation":0,"texture":"#0"}},"rotation":{"origin":[7.866995,6.6311226,8.116025],"angle":22.5,"axis":"z"}},{"from":[7.366995,6.1311226,6.6160254],"to":[9.366995,12.131124,9.616026],"faces":{"east":{"uv":[5.5,8.0,6.25,9.5],"tintindex":0,"rotation":0,"texture":"#0"},"south":{"uv":[9.75,5.75,10.25,7.25],"tintindex":0,"rotation":0,"texture":"#0"},"north":{"uv":[5.75,9.75,6.25,11.25],"tintindex":0,"rotation":0,"texture":"#0"},"west":{"uv":[6.5,8.5,7.25,10.0],"tintindex":0,"rotation":0,"texture":"#0"},"up":{"uv":[5.0,7.75,4.5,7.0],"tintindex":0,"rotation":0,"texture":"#0"},"down":{"uv":[5.5,10.5,5.0,11.25],"tintindex":0,"rotation":0,"texture":"#0"}},"rotation":{"origin":[7.866995,6.6311226,8.116025],"angle":22.5,"axis":"z"}}],"display":{"head":{"rotation":[0.0,0.0,0.0]},"firstperson_righthand":{"rotation":[0.0,0.0,0.0]},"thirdperson_lefthand":{"rotation":[0.0,-0.0,-0.0]},"firstperson_lefthand":{"rotation":[0.0,-0.0,-0.0]},"fixed":{"rotation":[0.0,0.0,0.0]},"ground":{"rotation":[0.0,0.0,0.0]},"thirdperson_righthand":{"rotation":[0.0,0.0,0.0]},"gui":{"rotation":[-150.0,-45.0,180.0]}}}