{"textures":{"0":"modelengine:entity/nocsy_chibi_jackospoon","particle":"#0"},"elements":[{"from":[4.0,6.9749994,5.6875],"to":[7.0,9.974999,5.6875],"faces":{"south":{"uv":[10.5,0.0,11.25,0.75],"tintindex":0,"rotation":0,"texture":"#0"},"north":{"uv":[10.0,8.5,10.75,9.25],"tintindex":0,"rotation":0,"texture":"#0"}}},{"from":[5.0,4.7749996,6.8125],"to":[11.0,6.7749996,13.8125],"faces":{"east":{"uv":[0.0,9.25,1.75,9.75],"tintindex":0,"rotation":0,"texture":"#0"},"south":{"uv":[4.0,9.75,5.5,10.25],"tintindex":0,"rotation":0,"texture":"#0"},"north":{"uv":[0.0,7.5,1.5,8.0],"tintindex":0,"rotation":0,"texture":"#0"},"west":{"uv":[2.0,9.25,3.75,9.75],"tintindex":0,"rotation":0,"texture":"#0"},"up":{"uv":[1.5,7.25,0.0,5.5],"tintindex":0,"rotation":0,"texture":"#0"},"down":{"uv":[6.75,6.0,5.25,7.75],"tintindex":0,"rotation":0,"texture":"#0"}}},{"from":[3.5,5.7749996,5.8125],"to":[12.5,12.775,14.8125],"faces":{"east":{"uv":[5.25,0.0,7.5,1.75],"tintindex":0,"rotation":0,"texture":"#0"},"south":{"uv":[5.25,2.0,7.5,3.75],"tintindex":0,"rotation":0,"texture":"#0"},"north":{"uv":[2.75,5.0,5.0,6.75],"tintindex":0,"rotation":0,"texture":"#0"},"west":{"uv":[5.25,4.0,7.5,5.75],"tintindex":0,"rotation":0,"texture":"#0"},"up":{"uv":[5.0,2.25,2.75,0.0],"tintindex":0,"rotation":0,"texture":"#0"},"down":{"uv":[5.0,2.5,2.75,4.75],"tintindex":0,"rotation":0,"texture":"#0"}}},{"from":[9.0,6.9749994,5.6875],"to":[12.0,9.974999,5.6875],"faces":{"south":{"uv":[10.5,2.0,11.25,2.75],"tintindex":0,"rotation":0,"texture":"#0"},"north":{"uv":[10.5,1.0,11.25,1.75],"tintindex":0,"rotation":0,"texture":"#0"}}}],"display":{"head":{"rotation":[0.0,0.0,0.0]},"firstperson_righthand":{"rotation":[0.0,0.0,0.0]},"thirdperson_lefthand":{"rotation":[0.0,-0.0,-0.0]},"firstperson_lefthand":{"rotation":[0.0,-0.0,-0.0]},"fixed":{"rotation":[0.0,0.0,0.0]},"ground":{"rotation":[0.0,0.0,0.0]},"thirdperson_righthand":{"rotation":[0.0,0.0,0.0]},"gui":{"rotation":[-150.0,-45.0,180.0]}}}