{"textures":{"0":"modelengine:entity/nocsy_chibi_jackospoon","particle":"#0"},"elements":[{"from":[6.5,5.0,6.8],"to":[9.5,9.0,9.8],"faces":{"east":{"uv":[7.5,9.75,8.25,10.75],"tintindex":0,"rotation":0,"texture":"#0"},"south":{"uv":[8.5,9.75,9.25,10.75],"tintindex":0,"rotation":0,"texture":"#0"},"north":{"uv":[1.75,5.5,2.5,6.5],"tintindex":0,"rotation":0,"texture":"#0"},"west":{"uv":[9.5,9.75,10.25,10.75],"tintindex":0,"rotation":0,"texture":"#0"},"up":{"uv":[11.25,3.75,10.5,3.0],"tintindex":0,"rotation":0,"texture":"#0"},"down":{"uv":[4.75,10.5,4.0,11.25],"tintindex":0,"rotation":0,"texture":"#0"}}}],"display":{"head":{"rotation":[0.0,0.0,0.0]},"firstperson_righthand":{"rotation":[0.0,0.0,0.0]},"thirdperson_lefthand":{"rotation":[0.0,-0.0,-0.0]},"firstperson_lefthand":{"rotation":[0.0,-0.0,-0.0]},"fixed":{"rotation":[0.0,0.0,0.0]},"ground":{"rotation":[0.0,0.0,0.0]},"thirdperson_righthand":{"rotation":[0.0,0.0,0.0]},"gui":{"rotation":[-150.0,-45.0,180.0]}}}