{"textures":{"0":"modelengine:entity/nocsy_chibi_jackospoon","particle":"#0"},"elements":[{"from":[4.560998,4.9439263,-1.0740658],"to":[5.7609973,9.143927,3.1259336],"faces":{"east":{"uv":[7.5,8.5,8.5,9.5],"tintindex":0,"rotation":0,"texture":"#0"},"south":{"uv":[9.5,11.0,9.75,12.0],"tintindex":0,"rotation":0,"texture":"#0"},"north":{"uv":[9.0,11.0,9.25,12.0],"tintindex":0,"rotation":0,"texture":"#0"},"west":{"uv":[8.75,8.5,9.75,9.5],"tintindex":0,"rotation":0,"texture":"#0"},"up":{"uv":[10.25,12.0,10.0,11.0],"tintindex":0,"rotation":0,"texture":"#0"},"down":{"uv":[10.75,11.0,10.5,12.0],"tintindex":0,"rotation":0,"texture":"#0"}},"rotation":{"origin":[5.1609974,7.5439262,1.0259337],"angle":45.0,"axis":"x"}},{"from":[4.3609977,6.743926,7.0259337],"to":[8.360998,8.743926,9.025933],"faces":{"east":{"uv":[7.5,11.0,8.0,11.5],"tintindex":0,"rotation":0,"texture":"#0"},"south":{"uv":[10.5,6.75,11.5,7.25],"tintindex":0,"rotation":0,"texture":"#0"},"north":{"uv":[10.5,6.0,11.5,6.5],"tintindex":0,"rotation":0,"texture":"#0"},"west":{"uv":[8.25,11.0,8.75,11.5],"tintindex":0,"rotation":0,"texture":"#0"},"up":{"uv":[11.5,10.0,10.5,9.5],"tintindex":0,"rotation":0,"texture":"#0"},"down":{"uv":[11.5,10.25,10.5,10.75],"tintindex":0,"rotation":0,"texture":"#0"}}},{"from":[4.660998,6.5439262,1.0259337],"to":[5.6609974,7.5439262,12.025934],"faces":{"east":{"uv":[9.75,7.5,12.5,7.75],"tintindex":0,"rotation":0,"texture":"#0"},"south":{"uv":[0.5,11.25,0.75,11.5],"tintindex":0,"rotation":0,"texture":"#0"},"north":{"uv":[11.0,9.0,11.25,9.25],"tintindex":0,"rotation":0,"texture":"#0"},"west":{"uv":[9.75,8.0,12.5,8.25],"tintindex":0,"rotation":0,"texture":"#0"},"up":{"uv":[6.75,13.0,6.5,10.25],"tintindex":0,"rotation":0,"texture":"#0"},"down":{"uv":[7.25,10.25,7.0,13.0],"tintindex":0,"rotation":0,"texture":"#0"}}}],"display":{"head":{"rotation":[0.0,0.0,0.0]},"firstperson_righthand":{"rotation":[0.0,0.0,0.0]},"thirdperson_lefthand":{"rotation":[0.0,-0.0,-0.0]},"firstperson_lefthand":{"rotation":[0.0,-0.0,-0.0]},"fixed":{"rotation":[0.0,0.0,0.0]},"ground":{"rotation":[0.0,0.0,0.0]},"thirdperson_righthand":{"rotation":[0.0,0.0,0.0]},"gui":{"rotation":[-150.0,-45.0,180.0]}}}