{
    "model": {
        "type": "range_dispatch",
        "property": "custom_model_data",
        "fallback": {
            "type": "model",
            "model": "minecraft:item/leather_horse_armor"
        },
        "entries": [
            {
                "threshold": 1,
                "model": {
                    "type": "model",
                    "model": "modelengine:frankenstein2/frankenstein"
                }
            },
            {
                "threshold": 2,
                "model": {
                    "type": "model",
                    "model": "modelengine:candycauldron2/cauldron"
                }
            },
            {
                "threshold": 3,
                "model": {
                    "type": "model",
                    "model": "modelengine:frankenstein2/leftforearm3"
                }
            },
            {
                "threshold": 4,
                "model": {
                    "type": "model",
                    "model": "modelengine:pumpkin_monster/right_leg"
                }
            },
            {
                "threshold": 5,
                "model": {
                    "type": "model",
                    "model": "modelengine:murder/crow6"
                }
            },
            {
                "threshold": 6,
                "model": {
                    "type": "model",
                    "model": "modelengine:pumpkin_monster/vine7"
                }
            },
            {
                "threshold": 7,
                "model": {
                    "type": "model",
                    "model": "modelengine:pumpkin_monster/vine2"
                }
            },
            {
                "threshold": 8,
                "model": {
                    "type": "model",
                    "model": "modelengine:pumpkin_monster/jaw"
                }
            },
            {
                "threshold": 9,
                "model": {
                    "type": "model",
                    "model": "modelengine:candycauldron2/handle"
                }
            },
            {
                "threshold": 10,
                "model": {
                    "type": "model",
                    "model": "modelengine:pumpkin_monster/vine15"
                }
            },
            {
                "threshold": 11,
                "model": {
                    "type": "model",
                    "model": "modelengine:pumpkin_monster/vine13"
                }
            },
            {
                "threshold": 12,
                "model": {
                    "type": "model",
                    "model": "modelengine:pumpkin_monster/vine3"
                }
            },
            {
                "threshold": 13,
                "model": {
                    "type": "model",
                    "model": "modelengine:pumpkin_monster/vine6"
                }
            },
            {
                "threshold": 14,
                "model": {
                    "type": "model",
                    "model": "modelengine:murder/crow3"
                }
            },
            {
                "threshold": 15,
                "model": {
                    "type": "model",
                    "model": "modelengine:pumpkin_monster/vine8"
                }
            },
            {
                "threshold": 16,
                "model": {
                    "type": "model",
                    "model": "modelengine:pumpkin_monster/head"
                }
            },
            {
                "threshold": 17,
                "model": {
                    "type": "model",
                    "model": "modelengine:frankenstein2/head"
                }
            },
            {
                "threshold": 18,
                "model": {
                    "type": "model",
                    "model": "modelengine:haunted_armor/head"
                }
            },
            {
                "threshold": 19,
                "model": {
                    "type": "model",
                    "model": "modelengine:haunted_armor/left_arm"
                }
            },
            {
                "threshold": 20,
                "model": {
                    "type": "model",
                    "model": "modelengine:pumpkin_monster/vine9"
                }
            },
            {
                "threshold": 21,
                "model": {
                    "type": "model",
                    "model": "modelengine:haunted_armor/left_leg"
                }
            },
            {
                "threshold": 22,
                "model": {
                    "type": "model",
                    "model": "modelengine:haunted_armor/right_arm"
                }
            },
            {
                "threshold": 23,
                "model": {
                    "type": "model",
                    "model": "modelengine:pumpkin_monster/left_leg"
                }
            },
            {
                "threshold": 24,
                "model": {
                    "type": "model",
                    "model": "modelengine:murder/crow7"
                }
            },
            {
                "threshold": 25,
                "model": {
                    "type": "model",
                    "model": "modelengine:frankenstein2/leftfoot"
                }
            },
            {
                "threshold": 26,
                "model": {
                    "type": "model",
                    "model": "modelengine:pumpkin_monster/vine5"
                }
            },
            {
                "threshold": 27,
                "model": {
                    "type": "model",
                    "model": "modelengine:haunted_armor/base"
                }
            },
            {
                "threshold": 28,
                "model": {
                    "type": "model",
                    "model": "modelengine:frankenstein2/jaw"
                }
            },
            {
                "threshold": 29,
                "model": {
                    "type": "model",
                    "model": "modelengine:frankenstein2/leftarm3"
                }
            },
            {
                "threshold": 30,
                "model": {
                    "type": "model",
                    "model": "modelengine:frankenstein2/rightarm"
                }
            },
            {
                "threshold": 31,
                "model": {
                    "type": "model",
                    "model": "modelengine:murder/crow1"
                }
            },
            {
                "threshold": 32,
                "model": {
                    "type": "model",
                    "model": "modelengine:haunted_armor/right_foot"
                }
            },
            {
                "threshold": 33,
                "model": {
                    "type": "model",
                    "model": "modelengine:murder/crow2"
                }
            },
            {
                "threshold": 34,
                "model": {
                    "type": "model",
                    "model": "modelengine:frankenstein2/lefthand3"
                }
            },
            {
                "threshold": 35,
                "model": {
                    "type": "model",
                    "model": "modelengine:frankenstein2/rightfoot"
                }
            },
            {
                "threshold": 36,
                "model": {
                    "type": "model",
                    "model": "modelengine:frankenstein2/leftleg"
                }
            },
            {
                "threshold": 37,
                "model": {
                    "type": "model",
                    "model": "modelengine:frankenstein_parts/leftarm3"
                }
            },
            {
                "threshold": 38,
                "model": {
                    "type": "model",
                    "model": "modelengine:haunted_armor/knight"
                }
            },
            {
                "threshold": 39,
                "model": {
                    "type": "model",
                    "model": "modelengine:frankenstein_parts/leftleg"
                }
            },
            {
                "threshold": 40,
                "model": {
                    "type": "model",
                    "model": "modelengine:pumpkin_monster/vine4"
                }
            },
            {
                "threshold": 41,
                "model": {
                    "type": "model",
                    "model": "modelengine:frankenstein2/rightshin"
                }
            },
            {
                "threshold": 42,
                "model": {
                    "type": "model",
                    "model": "modelengine:haunted_armor/left_hand"
                }
            },
            {
                "threshold": 43,
                "model": {
                    "type": "model",
                    "model": "modelengine:frankenstein2/rightforearm"
                }
            },
            {
                "threshold": 44,
                "model": {
                    "type": "model",
                    "model": "modelengine:haunted_armor/left_foot"
                }
            },
            {
                "threshold": 45,
                "model": {
                    "type": "model",
                    "model": "modelengine:pumpkin_monster/vine10"
                }
            },
            {
                "threshold": 46,
                "model": {
                    "type": "model",
                    "model": "modelengine:frankenstein2/leftshin"
                }
            },
            {
                "threshold": 47,
                "model": {
                    "type": "model",
                    "model": "modelengine:haunted_armor/right_hand"
                }
            },
            {
                "threshold": 48,
                "model": {
                    "type": "model",
                    "model": "modelengine:pumpkin_monster/vine11"
                }
            },
            {
                "threshold": 49,
                "model": {
                    "type": "model",
                    "model": "modelengine:frankenstein2/righthand"
                }
            },
            {
                "threshold": 50,
                "model": {
                    "type": "model",
                    "model": "modelengine:haunted_armor/right_leg"
                }
            },
            {
                "threshold": 51,
                "model": {
                    "type": "model",
                    "model": "modelengine:pumpkin_monster/vine12"
                }
            },
            {
                "threshold": 52,
                "model": {
                    "type": "model",
                    "model": "modelengine:frankenstein_parts/rightarm"
                }
            },
            {
                "threshold": 53,
                "model": {
                    "type": "model",
                    "model": "modelengine:murder/crow5"
                }
            },
            {
                "threshold": 54,
                "model": {
                    "type": "model",
                    "model": "modelengine:frankenstein2/rightleg"
                }
            },
            {
                "threshold": 55,
                "model": {
                    "type": "model",
                    "model": "modelengine:murder/crow4"
                }
            },
            {
                "threshold": 56,
                "model": {
                    "type": "model",
                    "model": "modelengine:pumpkin_monster/vine14"
                }
            },
            {
                "threshold": 57,
                "model": {
                    "type": "model",
                    "model": "modelengine:pumpkin_vine/vine4"
                }
            },
            {
                "threshold": 58,
                "model": {
                    "type": "model",
                    "model": "modelengine:pumpkin_vine/vine5"
                }
            },
            {
                "threshold": 59,
                "model": {
                    "type": "model",
                    "model": "modelengine:pumpkin_vine/vine6"
                }
            },
            {
                "threshold": 60,
                "model": {
                    "type": "model",
                    "model": "modelengine:pumpkin_vine/vine7"
                }
            },
            {
                "threshold": 61,
                "model": {
                    "type": "model",
                    "model": "modelengine:pumpkin_vine/vine15"
                }
            },
            {
                "threshold": 62,
                "model": {
                    "type": "model",
                    "model": "modelengine:scarecrow/torso"
                }
            },
            {
                "threshold": 63,
                "model": {
                    "type": "model",
                    "model": "modelengine:scarecrow/head"
                }
            },
            {
                "threshold": 64,
                "model": {
                    "type": "model",
                    "model": "modelengine:scarecrow/right_arm"
                }
            },
            {
                "threshold": 65,
                "model": {
                    "type": "model",
                    "model": "modelengine:scarecrow/left_leg"
                }
            },
            {
                "threshold": 66,
                "model": {
                    "type": "model",
                    "model": "modelengine:scarecrow/left_arm"
                }
            },
            {
                "threshold": 67,
                "model": {
                    "type": "model",
                    "model": "modelengine:scarecrow/right_leg"
                }
            },
            {
                "threshold": 68,
                "model": {
                    "type": "model",
                    "model": "modelengine:scarecrow/crow"
                }
            },
            {
                "threshold": 69,
                "model": {
                    "type": "model",
                    "model": "modelengine:scarecrow/right_forearm"
                }
            },
            {
                "threshold": 70,
                "model": {
                    "type": "model",
                    "model": "modelengine:scarecrow/left_shin"
                }
            },
            {
                "threshold": 71,
                "model": {
                    "type": "model",
                    "model": "modelengine:scarecrow/left_forearm"
                }
            },
            {
                "threshold": 72,
                "model": {
                    "type": "model",
                    "model": "modelengine:scarecrow/right_shin"
                }
            },
            {
                "threshold": 73,
                "model": {
                    "type": "model",
                    "model": "modelengine:scarecrow/crowhead"
                }
            },
            {
                "threshold": 74,
                "model": {
                    "type": "model",
                    "model": "modelengine:scarecrow/right_hand"
                }
            },
            {
                "threshold": 75,
                "model": {
                    "type": "model",
                    "model": "modelengine:scarecrow/left_foot"
                }
            },
            {
                "threshold": 76,
                "model": {
                    "type": "model",
                    "model": "modelengine:scarecrow/left_hand"
                }
            },
            {
                "threshold": 77,
                "model": {
                    "type": "model",
                    "model": "modelengine:scarecrow/right_foot"
                }
            },
            {
                "threshold": 78,
                "model": {
                    "type": "model",
                    "model": "modelengine:scarecrow_glow/head"
                }
            },
            {
                "threshold": 79,
                "model": {
                    "type": "model",
                    "model": "modelengine:scarecrow_glow/left_arm"
                }
            },
            {
                "threshold": 80,
                "model": {
                    "type": "model",
                    "model": "modelengine:scarecrow_glow/left_forearm"
                }
            },
            {
                "threshold": 81,
                "model": {
                    "type": "model",
                    "model": "modelengine:scarecrow_glow/left_hand"
                }
            },
            {
                "threshold": 82,
                "model": {
                    "type": "model",
                    "model": "modelengine:spectre/body"
                }
            },
            {
                "threshold": 83,
                "model": {
                    "type": "model",
                    "model": "modelengine:spectre/head"
                }
            },
            {
                "threshold": 84,
                "model": {
                    "type": "model",
                    "model": "modelengine:spectre/rightleg"
                }
            },
            {
                "threshold": 85,
                "model": {
                    "type": "model",
                    "model": "modelengine:spectre/rightarm"
                }
            },
            {
                "threshold": 86,
                "model": {
                    "type": "model",
                    "model": "modelengine:spectre/leftleg"
                }
            },
            {
                "threshold": 87,
                "model": {
                    "type": "model",
                    "model": "modelengine:spectre/leftarm"
                }
            },
            {
                "threshold": 88,
                "model": {
                    "type": "model",
                    "model": "modelengine:spectre/rightfoot"
                }
            },
            {
                "threshold": 89,
                "model": {
                    "type": "model",
                    "model": "modelengine:spectre/righthand"
                }
            },
            {
                "threshold": 90,
                "model": {
                    "type": "model",
                    "model": "modelengine:spectre/leftfoot"
                }
            },
            {
                "threshold": 91,
                "model": {
                    "type": "model",
                    "model": "modelengine:spectre/lefthand"
                }
            },
            {
                "threshold": 92,
                "model": {
                    "type": "model",
                    "model": "modelengine:witch/torso"
                }
            },
            {
                "threshold": 93,
                "model": {
                    "type": "model",
                    "model": "modelengine:witch/broom"
                }
            },
            {
                "threshold": 94,
                "model": {
                    "type": "model",
                    "model": "modelengine:witch/head"
                }
            },
            {
                "threshold": 95,
                "model": {
                    "type": "model",
                    "model": "modelengine:witch/right_arm"
                }
            },
            {
                "threshold": 96,
                "model": {
                    "type": "model",
                    "model": "modelengine:witch/left_leg"
                }
            },
            {
                "threshold": 97,
                "model": {
                    "type": "model",
                    "model": "modelengine:witch/left_arm"
                }
            },
            {
                "threshold": 98,
                "model": {
                    "type": "model",
                    "model": "modelengine:witch/right_leg"
                }
            },
            {
                "threshold": 99,
                "model": {
                    "type": "model",
                    "model": "modelengine:witch/scarf"
                }
            },
            {
                "threshold": 100,
                "model": {
                    "type": "model",
                    "model": "modelengine:witch/hat"
                }
            },
            {
                "threshold": 101,
                "model": {
                    "type": "model",
                    "model": "modelengine:witch/right_forearm"
                }
            },
            {
                "threshold": 102,
                "model": {
                    "type": "model",
                    "model": "modelengine:witch/left_foot"
                }
            },
            {
                "threshold": 103,
                "model": {
                    "type": "model",
                    "model": "modelengine:witch/left_forearm"
                }
            },
            {
                "threshold": 104,
                "model": {
                    "type": "model",
                    "model": "modelengine:witch/right_foot"
                }
            },
            {
                "threshold": 105,
                "model": {
                    "type": "model",
                    "model": "modelengine:witch/scarf2"
                }
            },
            {
                "threshold": 106,
                "model": {
                    "type": "model",
                    "model": "modelengine:witch/right_hand"
                }
            },
            {
                "threshold": 107,
                "model": {
                    "type": "model",
                    "model": "modelengine:witch/left_hand"
                }
            },
            {
                "threshold": 108,
                "model": {
                    "type": "model",
                    "model": "modelengine:witch/scarf3"
                }
            },
            {
                "threshold": 109,
                "model": {
                    "type": "model",
                    "model": "modelengine:witch_falling/torso"
                }
            },
            {
                "threshold": 110,
                "model": {
                    "type": "model",
                    "model": "modelengine:witch_falling/head"
                }
            },
            {
                "threshold": 111,
                "model": {
                    "type": "model",
                    "model": "modelengine:witch_falling/right_arm"
                }
            },
            {
                "threshold": 112,
                "model": {
                    "type": "model",
                    "model": "modelengine:witch_falling/left_leg"
                }
            },
            {
                "threshold": 113,
                "model": {
                    "type": "model",
                    "model": "modelengine:witch_falling/left_arm"
                }
            },
            {
                "threshold": 114,
                "model": {
                    "type": "model",
                    "model": "modelengine:witch_falling/right_leg"
                }
            },
            {
                "threshold": 115,
                "model": {
                    "type": "model",
                    "model": "modelengine:witch_falling/scarf"
                }
            },
            {
                "threshold": 116,
                "model": {
                    "type": "model",
                    "model": "modelengine:witch_falling/hat"
                }
            },
            {
                "threshold": 117,
                "model": {
                    "type": "model",
                    "model": "modelengine:witch_falling/right_forearm"
                }
            },
            {
                "threshold": 118,
                "model": {
                    "type": "model",
                    "model": "modelengine:witch_falling/left_foot"
                }
            },
            {
                "threshold": 119,
                "model": {
                    "type": "model",
                    "model": "modelengine:witch_falling/left_forearm"
                }
            },
            {
                "threshold": 120,
                "model": {
                    "type": "model",
                    "model": "modelengine:witch_falling/right_foot"
                }
            },
            {
                "threshold": 121,
                "model": {
                    "type": "model",
                    "model": "modelengine:witch_falling/scarf2"
                }
            },
            {
                "threshold": 122,
                "model": {
                    "type": "model",
                    "model": "modelengine:witch_falling/right_hand"
                }
            },
            {
                "threshold": 123,
                "model": {
                    "type": "model",
                    "model": "modelengine:witch_falling/left_hand"
                }
            },
            {
                "threshold": 124,
                "model": {
                    "type": "model",
                    "model": "modelengine:witch_falling/scarf3"
                }
            }
        ]
    }
}