{
    "model": {
        "type": "range_dispatch",
        "property": "custom_model_data",
        "fallback": {
            "type": "model",
            "model": "item/netherite_sword"
        },
        "entries": [
            {
                "threshold": 1,
                "model": {
                    "type": "model",
                    "model": "netherite_sword/blaze_rapier"
                }
            },
            {
                "threshold": 2,
                "model": {
                    "type": "model",
                    "model": "netherite_sword/bone_hilt_rapier"
                }
            },
            {
                "threshold": 3,
                "model": {
                    "type": "model",
                    "model": "netherite_sword/creeper_claymore"
                }
            },
            {
                "threshold": 4,
                "model": {
                    "type": "model",
                    "model": "netherite_sword/creeper_cutter"
                }
            },
            {
                "threshold": 5,
                "model": {
                    "type": "model",
                    "model": "netherite_sword/cutlass_of_the_kraken"
                }
            },
            {
                "threshold": 6,
                "model": {
                    "type": "model",
                    "model": "netherite_sword/dragon_greatsword"
                }
            },
            {
                "threshold": 7,
                "model": {
                    "type": "model",
                    "model": "netherite_sword/ender_blade"
                }
            },
            {
                "threshold": 8,
                "model": {
                    "type": "model",
                    "model": "netherite_sword/ender_scimitar"
                }
            },
            {
                "threshold": 9,
                "model": {
                    "type": "model",
                    "model": "netherite_sword/guardians_glaive"
                }
            },
            {
                "threshold": 10,
                "model": {
                    "type": "model",
                    "model": "netherite_sword/hawkeyes_katana"
                }
            },
            {
                "threshold": 11,
                "model": {
                    "type": "model",
                    "model": "netherite_sword/marooners_machete"
                }
            },
            {
                "threshold": 12,
                "model": {
                    "type": "model",
                    "model": "netherite_sword/mjolnir_blade"
                }
            },
            {
                "threshold": 13,
                "model": {
                    "type": "model",
                    "model": "netherite_sword/skeleton_rapier"
                }
            },
            {
                "threshold": 14,
                "model": {
                    "type": "model",
                    "model": "netherite_sword/spiders_fang"
                }
            },
            {
                "threshold": 15,
                "model": {
                    "type": "model",
                    "model": "netherite_sword/vibranium_edge"
                }
            },
            {
                "threshold": 16,
                "model": {
                    "type": "model",
                    "model": "netherite_sword/widows_sting"
                }
            },
            {
                "threshold": 17,
                "model": {
                    "type": "model",
                    "model": "netherite_sword/withers_bane"
                }
            },
            {
                "threshold": 18,
                "model": {
                    "type": "model",
                    "model": "netherite_sword/zombie_saber"
                }
            },
            {
                "threshold": 19,
                "model": {
                    "type": "model",
                    "model": "netherite_sword/blossom_blade"
                }
            },
            {
                "threshold": 20,
                "model": {
                    "type": "model",
                    "model": "netherite_sword/absolute_zero"
                }
            },
            {
                "threshold": 21,
                "model": {
                    "type": "model",
                    "model": "netherite_sword/ark_of_the_cosmos"
                }
            },
            {
                "threshold": 22,
                "model": {
                    "type": "model",
                    "model": "netherite_sword/bloodsucker"
                }
            },
            {
                "threshold": 23,
                "model": {
                    "type": "model",
                    "model": "netherite_sword/calamity"
                }
            },
            {
                "threshold": 24,
                "model": {
                    "type": "model",
                    "model": "netherite_sword/cobra"
                }
            },
            {
                "threshold": 25,
                "model": {
                    "type": "model",
                    "model": "netherite_sword/daedalus_replica"
                }
            },
            {
                "threshold": 26,
                "model": {
                    "type": "model",
                    "model": "netherite_sword/death_embrace"
                }
            },
            {
                "threshold": 27,
                "model": {
                    "type": "model",
                    "model": "netherite_sword/deathbringer"
                }
            },
            {
                "threshold": 28,
                "model": {
                    "type": "model",
                    "model": "netherite_sword/duskshadow"
                }
            },
            {
                "threshold": 29,
                "model": {
                    "type": "model",
                    "model": "netherite_sword/earthbound"
                }
            },
            {
                "threshold": 30,
                "model": {
                    "type": "model",
                    "model": "netherite_sword/executioner_blade"
                }
            },
            {
                "threshold": 31,
                "model": {
                    "type": "model",
                    "model": "netherite_sword/fearmonger"
                }
            },
            {
                "threshold": 32,
                "model": {
                    "type": "model",
                    "model": "netherite_sword/flesh_flayer"
                }
            },
            {
                "threshold": 33,
                "model": {
                    "type": "model",
                    "model": "netherite_sword/fury_katana"
                }
            },
            {
                "threshold": 34,
                "model": {
                    "type": "model",
                    "model": "netherite_sword/guillotine"
                }
            },
            {
                "threshold": 35,
                "model": {
                    "type": "model",
                    "model": "netherite_sword/harbinger_of_death"
                }
            },
            {
                "threshold": 36,
                "model": {
                    "type": "model",
                    "model": "netherite_sword/hemophobia"
                }
            },
            {
                "threshold": 37,
                "model": {
                    "type": "model",
                    "model": "netherite_sword/immolus"
                }
            },
            {
                "threshold": 38,
                "model": {
                    "type": "model",
                    "model": "netherite_sword/justice"
                }
            },
            {
                "threshold": 39,
                "model": {
                    "type": "model",
                    "model": "netherite_sword/last_breath"
                }
            },
            {
                "threshold": 40,
                "model": {
                    "type": "model",
                    "model": "netherite_sword/mythril_greatsword"
                }
            },
            {
                "threshold": 41,
                "model": {
                    "type": "model",
                    "model": "netherite_sword/orichalcum_sword"
                }
            },
            {
                "threshold": 42,
                "model": {
                    "type": "model",
                    "model": "netherite_sword/protego"
                }
            },
            {
                "threshold": 43,
                "model": {
                    "type": "model",
                    "model": "netherite_sword/rememberence"
                }
            },
            {
                "threshold": 44,
                "model": {
                    "type": "model",
                    "model": "netherite_sword/securus"
                }
            },
            {
                "threshold": 45,
                "model": {
                    "type": "model",
                    "model": "netherite_sword/shadow"
                }
            },
            {
                "threshold": 46,
                "model": {
                    "type": "model",
                    "model": "netherite_sword/silverlight"
                }
            },
            {
                "threshold": 47,
                "model": {
                    "type": "model",
                    "model": "netherite_sword/sub_zero"
                }
            },
            {
                "threshold": 48,
                "model": {
                    "type": "model",
                    "model": "netherite_sword/the_trickster"
                }
            },
            {
                "threshold": 49,
                "model": {
                    "type": "model",
                    "model": "netherite_sword/titanium_blade"
                }
            },
            {
                "threshold": 50,
                "model": {
                    "type": "model",
                    "model": "netherite_sword/withered"
                }
            },
            {
                "threshold": 51,
                "model": {
                    "type": "model",
                    "model": "netherite_sword/discord_nitro_sword"
                }
            },
            {
                "threshold": 52,
                "model": {
                    "type": "model",
                    "model": "netherite_sword/toffy_halloween_sword"
                }
            },
            {
                "threshold": 53,
                "model": {
                    "type": "model",
                    "model": "netherite_sword/vortex_sword_golden"
                }
            },
            {
                "threshold": 54,
                "model": {
                    "type": "model",
                    "model": "netherite_sword/blue_dragon_sword"
                }
            },
            {
                "threshold": 55,
                "model": {
                    "type": "model",
                    "model": "netherite_sword/purple_dragon_sword"
                }
            },
            {
                "threshold": 56,
                "model": {
                    "type": "model",
                    "model": "netherite_sword/blue_cyber_sword"
                }
            },
            {
                "threshold": 57,
                "model": {
                    "type": "model",
                    "model": "netherite_sword/nebula_sword"
                }
            },
            {
                "threshold": 58,
                "model": {
                    "type": "model",
                    "model": "netherite_sword/sword_cold_blood"
                }
            },
            {
                "threshold": 59,
                "model": {
                    "type": "model",
                    "model": "netherite_sword/valentine_sword"
                }
            },
            {
                "threshold": 60,
                "model": {
                    "type": "model",
                    "model": "netherite_sword/carnivoret_sword"
                }
            },
            {
                "threshold": 61,
                "model": {
                    "type": "model",
                    "model": "netherite_sword/sweetheart_sword"
                }
            }
        ]
    }
}