{
    "model": {
        "type": "range_dispatch",
        "property": "custom_model_data",
        "fallback": {
            "type": "model",
            "model": "item/netherite_shovel"
        },
        "entries": [
            {
                "threshold": 1,
                "model": {
                    "type": "model",
                    "model": "netherite_shovel/blaze_digger"
                }
            },
            {
                "threshold": 2,
                "model": {
                    "type": "model",
                    "model": "netherite_shovel/creep_trowel"
                }
            },
            {
                "threshold": 3,
                "model": {
                    "type": "model",
                    "model": "netherite_shovel/ender_excavator"
                }
            },
            {
                "threshold": 4,
                "model": {
                    "type": "model",
                    "model": "netherite_shovel/spawner_spade"
                }
            },
            {
                "threshold": 5,
                "model": {
                    "type": "model",
                    "model": "netherite_shovel/squid_scoop"
                }
            },
            {
                "threshold": 6,
                "model": {
                    "type": "model",
                    "model": "netherite_shovel/flora_shovel"
                }
            },
            {
                "threshold": 7,
                "model": {
                    "type": "model",
                    "model": "netherite_shovel/discord_nitro_shovel"
                }
            },
            {
                "threshold": 8,
                "model": {
                    "type": "model",
                    "model": "netherite_shovel/toffy_halloween_shovel"
                }
            },
            {
                "threshold": 9,
                "model": {
                    "type": "model",
                    "model": "netherite_shovel/vortex_shovel_golden"
                }
            },
            {
                "threshold": 10,
                "model": {
                    "type": "model",
                    "model": "netherite_shovel/blue_dragon_shovel"
                }
            },
            {
                "threshold": 11,
                "model": {
                    "type": "model",
                    "model": "netherite_shovel/purple_dragon_shovel"
                }
            },
            {
                "threshold": 12,
                "model": {
                    "type": "model",
                    "model": "netherite_shovel/blue_cyber_shovel"
                }
            },
            {
                "threshold": 13,
                "model": {
                    "type": "model",
                    "model": "netherite_shovel/nebula_shovel"
                }
            },
            {
                "threshold": 14,
                "model": {
                    "type": "model",
                    "model": "netherite_shovel/valentine_shovel"
                }
            },
            {
                "threshold": 15,
                "model": {
                    "type": "model",
                    "model": "netherite_shovel/carnivoret_shovel"
                }
            },
            {
                "threshold": 16,
                "model": {
                    "type": "model",
                    "model": "netherite_shovel/sweetheart_shovel"
                }
            },
            {
                "threshold": 17,
                "model": {
                    "type": "model",
                    "model": "netherite_shovel/x17"
                }
            },
            {
                "threshold": 18,
                "model": {
                    "type": "model",
                    "model": "netherite_shovel/x18"
                }
            },
            {
                "threshold": 19,
                "model": {
                    "type": "model",
                    "model": "netherite_shovel/x19"
                }
            },
            {
                "threshold": 20,
                "model": {
                    "type": "model",
                    "model": "netherite_shovel/x20"
                }
            }
        ]
    }
}