{
    "model": {
        "type": "range_dispatch",
        "property": "custom_model_data",
        "fallback": {
            "type": "model",
            "model": "item/pufferfish"
        },
        "entries": [
            {
                "threshold": 1,
                "model": {
                    "type": "model",
                    "model": "pufferfish/1"
                }
            },
            {
                "threshold": 2,
                "model": {
                    "type": "model",
                    "model": "pufferfish/2"
                }
            },
            {
                "threshold": 3,
                "model": {
                    "type": "model",
                    "model": "pufferfish/3"
                }
            },
            {
                "threshold": 4,
                "model": {
                    "type": "model",
                    "model": "pufferfish/4"
                }
            },
            {
                "threshold": 5,
                "model": {
                    "type": "model",
                    "model": "pufferfish/5"
                }
            },
            {
                "threshold": 6,
                "model": {
                    "type": "model",
                    "model": "pufferfish/6"
                }
            },
            {
                "threshold": 7,
                "model": {
                    "type": "model",
                    "model": "pufferfish/7"
                }
            },
            {
                "threshold": 8,
                "model": {
                    "type": "model",
                    "model": "pufferfish/8"
                }
            },
            {
                "threshold": 9,
                "model": {
                    "type": "model",
                    "model": "pufferfish/9"
                }
            },
            {
                "threshold": 10,
                "model": {
                    "type": "model",
                    "model": "pufferfish/10"
                }
            },
            {
                "threshold": 11,
                "model": {
                    "type": "model",
                    "model": "pufferfish/11"
                }
            },
            {
                "threshold": 12,
                "model": {
                    "type": "model",
                    "model": "pufferfish/12"
                }
            },
            {
                "threshold": 13,
                "model": {
                    "type": "model",
                    "model": "pufferfish/13"
                }
            },
            {
                "threshold": 14,
                "model": {
                    "type": "model",
                    "model": "pufferfish/14"
                }
            },
            {
                "threshold": 15,
                "model": {
                    "type": "model",
                    "model": "pufferfish/15"
                }
            },
            {
                "threshold": 16,
                "model": {
                    "type": "model",
                    "model": "pufferfish/16"
                }
            },
            {
                "threshold": 17,
                "model": {
                    "type": "model",
                    "model": "pufferfish/17"
                }
            },
            {
                "threshold": 18,
                "model": {
                    "type": "model",
                    "model": "pufferfish/18"
                }
            },
            {
                "threshold": 19,
                "model": {
                    "type": "model",
                    "model": "pufferfish/19"
                }
            },
            {
                "threshold": 20,
                "model": {
                    "type": "model",
                    "model": "pufferfish/20"
                }
            },
            {
                "threshold": 21,
                "model": {
                    "type": "model",
                    "model": "pufferfish/21"
                }
            },
            {
                "threshold": 22,
                "model": {
                    "type": "model",
                    "model": "pufferfish/22"
                }
            },
            {
                "threshold": 23,
                "model": {
                    "type": "model",
                    "model": "pufferfish/23"
                }
            },
            {
                "threshold": 24,
                "model": {
                    "type": "model",
                    "model": "pufferfish/24"
                }
            },
            {
                "threshold": 25,
                "model": {
                    "type": "model",
                    "model": "pufferfish/25"
                }
            },
            {
                "threshold": 26,
                "model": {
                    "type": "model",
                    "model": "pufferfish/26"
                }
            },
            {
                "threshold": 27,
                "model": {
                    "type": "model",
                    "model": "pufferfish/27"
                }
            },
            {
                "threshold": 28,
                "model": {
                    "type": "model",
                    "model": "pufferfish/28"
                }
            },
            {
                "threshold": 29,
                "model": {
                    "type": "model",
                    "model": "pufferfish/29"
                }
            },
            {
                "threshold": 30,
                "model": {
                    "type": "model",
                    "model": "pufferfish/30"
                }
            },
            {
                "threshold": 31,
                "model": {
                    "type": "model",
                    "model": "pufferfish/31"
                }
            },
            {
                "threshold": 32,
                "model": {
                    "type": "model",
                    "model": "pufferfish/32"
                }
            },
            {
                "threshold": 33,
                "model": {
                    "type": "model",
                    "model": "pufferfish/33"
                }
            },
            {
                "threshold": 34,
                "model": {
                    "type": "model",
                    "model": "pufferfish/34"
                }
            },
            {
                "threshold": 35,
                "model": {
                    "type": "model",
                    "model": "pufferfish/35"
                }
            },
            {
                "threshold": 36,
                "model": {
                    "type": "model",
                    "model": "pufferfish/36"
                }
            },
            {
                "threshold": 37,
                "model": {
                    "type": "model",
                    "model": "pufferfish/37"
                }
            },
            {
                "threshold": 38,
                "model": {
                    "type": "model",
                    "model": "pufferfish/38"
                }
            },
            {
                "threshold": 39,
                "model": {
                    "type": "model",
                    "model": "pufferfish/39"
                }
            },
            {
                "threshold": 40,
                "model": {
                    "type": "model",
                    "model": "pufferfish/40"
                }
            },
            {
                "threshold": 41,
                "model": {
                    "type": "model",
                    "model": "pufferfish/41"
                }
            },
            {
                "threshold": 42,
                "model": {
                    "type": "model",
                    "model": "pufferfish/42"
                }
            },
            {
                "threshold": 43,
                "model": {
                    "type": "model",
                    "model": "pufferfish/43"
                }
            },
            {
                "threshold": 44,
                "model": {
                    "type": "model",
                    "model": "pufferfish/44"
                }
            },
            {
                "threshold": 45,
                "model": {
                    "type": "model",
                    "model": "pufferfish/45"
                }
            },
            {
                "threshold": 46,
                "model": {
                    "type": "model",
                    "model": "pufferfish/46"
                }
            },
            {
                "threshold": 47,
                "model": {
                    "type": "model",
                    "model": "pufferfish/47"
                }
            },
            {
                "threshold": 48,
                "model": {
                    "type": "model",
                    "model": "pufferfish/48"
                }
            },
            {
                "threshold": 49,
                "model": {
                    "type": "model",
                    "model": "pufferfish/49"
                }
            },
            {
                "threshold": 50,
                "model": {
                    "type": "model",
                    "model": "pufferfish/50"
                }
            },
            {
                "threshold": 51,
                "model": {
                    "type": "model",
                    "model": "pufferfish/51"
                }
            },
            {
                "threshold": 52,
                "model": {
                    "type": "model",
                    "model": "pufferfish/52"
                }
            }
        ]
    }
}